1 53
2 4
3 37
4 6
5 3
6 11
7 13
8 3
9 36
10 21
11 11
12 15
13 10
14 53
15 39
16 36
17 7
18 11
19 2
20 15
21 16
22 33
23 11
24 50
25 53
26 10
27 11
28 40
29 16
30 15
31 24
32 3
33 6
34 56
35 41
36 10
37 7
38 1
39 36
40 47
41 45
42 11
43 11
44 53
45 2
46 4
47 10
48 9
49 44
50 10
51 52
52 1
53 10
54 26
55 2
56 10
57 33
58 8
59 11
60 8
61 14
62 38
63 10
64 40
65 2
66 2
67 40
68 11
69 9
70 15
71 26
72 55
73 18
74 0
75 11
76 32
77 8
78 2
79 8
80 40
81 32
82 11
83 10
84 11
85 3
86 3
87 0
88 40
89 35
90 10
91 10
92 19
93 11
94 11
95 8
96 38
97 11
98 10
99 25
100 1
101 10
102 24
103 14
104 4
105 11
106 33
107 11
108 1
109 2
110 11
111 8
112 29
113 10
114 1
115 14
116 13
117 2
118 16
119 10
120 1
121 2
122 30
123 6
124 2
125 7
126 11
127 29
128 33
129 11
130 15
131 2
132 11
133 25
134 11
135 24
136 11
137 10
138 6
139 14
140 11
141 11
142 19
143 3
144 9
145 12
146 11
147 26
148 10
149 19
150 9
151 4
152 7
153 19
154 4
155 10
156 14
157 10
158 11
159 11
160 26
161 28
162 4
163 11
164 2
165 8
166 3
167 11
168 11
169 5
170 28
171 14
172 2
173 8
174 14
175 8
176 32
177 32
178 14
179 8
180 13
181 4
182 12
183 2
184 11
185 2
186 18
187 9
188 1
189 1
190 6
191 11
192 11
193 12
194 12
195 20
196 11
197 17
198 35
199 32
200 16
201 32
202 24
203 9
204 27
205 11
206 5
207 12
208 18
209 9
210 32
211 14
212 14
213 6
214 32
215 11
216 2
217 8
218 24
219 1
220 8
221 7
222 2
223 6
224 11
225 16
226 16
227 17
228 23
229 11
230 18
231 35
232 5
233 8
234 0
235 8
236 10
237 11
238 24
239 35
240 12
241 27
242 2
243 11
244 35
245 24
246 8
247 35
248 2
249 10
250 11
251 35
252 24
253 5
254 11
255 15
256 11
257 16
258 10
259 12
260 13
261 23
262 8
263 24
264 5
265 35
266 23
267 18
268 8
269 12
270 17
271 14
272 8
273 24
274 10
275 24
276 24
277 3
278 0
279 8
280 1
281 8
282 17
283 32
284 14
285 16
286 1
287 32
288 8
289 8
290 30
291 33
292 18
293 12
294 16
295 1
296 11
297 35
298 1
299 19
300 11
301 1
302 32
303 6
304 2
305 11
306 10
307 35
308 11
309 2
310 10
311 1
312 35
313 4
314 23
315 18
316 14
317 8
318 29
319 2
320 24
321 11
322 11
323 27
324 15
325 0
326 16
327 8
328 24
329 24
330 18
331 24
332 19
333 12
334 13
335 2
336 10
337 8
338 35
339 6
340 24
341 19
342 7
343 14
344 5
345 35
346 2
347 10
348 5
349 11
350 11
351 17
352 12
353 8
354 20
355 5
356 8
357 8
358 10
359 24
360 8
361 2
362 23
363 31
364 31
365 8
366 18
367 33
368 4
369 10
370 11
371 11
372 11
373 24
374 11
375 11
376 8
377 1
378 28
379 10
380 8
381 8
382 8
383 8
384 35
385 28
386 35
387 8
388 33
389 35
390 8
391 17
392 6
393 11
394 33
395 11
396 35
397 11
398 5
399 10
400 2
401 14
402 10
403 19
404 6
405 5
406 35
407 17
408 11
409 8
410 6
411 21
412 19
413 35
414 2
415 1
416 8
417 8
418 5
419 35
420 35
421 24
422 24
423 6
424 14
425 6
426 8
427 8
428 8
429 10
430 1
431 8
432 5
433 2
434 8
435 8
436 1
437 10
438 8
439 10
440 2
441 28
442 8
443 16
444 6
445 6
446 35
447 11
448 2
449 24
450 11
451 1
452 24
453 35
454 1
455 5
456 18
457 1
458 11
459 27
460 14
461 1
462 10
463 9
464 19
465 10
466 2
467 35
468 24
469 8
470 12
471 24
472 24
473 12
474 8
475 1
476 0
477 14
478 27
479 11
480 2
481 14
482 1
483 8
484 8
485 16
486 13
487 11
488 11
489 35
490 32
491 1
492 35
493 8
494 8
495 2
496 17
497 29
498 6
499 1
500 11
501 1
502 12
503 19
504 35
505 8
506 10
507 29
508 10
509 1
510 23
511 10
512 6
513 14
514 18
515 17
516 1
517 10
518 8
519 35
520 18
521 6
522 9
523 8
524 3
525 8
526 8
527 19
528 11
529 8
530 24
531 35
532 18
533 24
534 16
535 14
536 10
537 31
538 1
539 8
540 1
541 11
542 35
543 16
544 5
545 8
546 14
547 2
548 35
549 8
550 35
551 28
552 11
553 17
554 15
555 35
556 8
557 11
558 10
559 11
560 6
561 8
562 24
563 20
564 5
565 8
566 8
567 8
568 5
569 35
570 17
571 24
572 8
573 35
574 30
575 2
576 14
577 35
578 8
579 2
580 11
581 10
582 8
583 35
584 16
585 8
586 16
587 1
588 18
589 14
590 10
591 18
592 11
593 5
594 18
595 3
596 10
597 8
598 25
599 19
600 8
601 35
602 35
603 24
604 8
605 16
606 35
607 24
608 2
609 28
610 28
611 28
612 18
613 10
614 11
615 1
616 8
617 8
618 28
619 8
620 8
621 10
622 35
623 8
624 5
625 11
626 8
627 8
628 35
629 35
630 34
631 24
632 8
633 16
634 9
635 8
636 33
637 35
638 11
639 24
640 11
641 18
642 16
643 8
644 11
645 24
646 16
647 17
648 11
649 8
650 8
651 16
652 11
653 24
654 8
655 8
656 8
657 11
658 6
659 34
660 3
661 14
662 8
663 35
664 11
665 16
666 6
667 8
668 18
669 8
670 24
671 11
672 14
673 19
674 8
675 8
676 12
677 35
678 1
679 14
680 24
681 35
682 8
683 2
684 35
685 24
686 35
687 19
688 8
689 18
690 8
691 11
692 2
693 35
694 5
695 10
696 1
697 8
698 32
699 18
700 18
701 16
702 8
703 12
704 11
705 35
706 18
707 8
708 2
709 5
710 18
711 8
712 14
713 11
714 12
715 4
716 8
717 20
718 8
719 8
720 24
721 13
722 2
723 35
724 5
725 14
726 24
727 33
728 11
729 35
730 8
731 35
732 1
733 1
734 18
735 5
736 2
737 18
738 17
739 8
740 35
741 2
742 11
743 1
744 10
745 16
746 33
747 1
748 35
749 8
750 35
751 14
752 8
753 19
754 16
755 5
756 13
757 24
758 35
759 14
760 8
761 11
762 8
763 19
764 19
765 8
766 24
767 17
768 8
769 8
770 24
771 12
772 2
773 8
774 24
775 17
776 12
777 3
778 25
779 17
780 8
781 12
782 24
783 11
784 23
785 3
786 27
787 11
788 24
789 10
790 10
791 2
792 11
793 21
794 11
795 11
796 29
797 20
798 1
799 8
800 9
801 19
802 6
803 32
804 8
805 3
806 11
807 2
808 35
809 11
810 35
811 11
812 1
813 2
814 9
815 1
816 11
817 3
818 2
819 8
820 35
821 14
822 35
823 6
824 11
825 5
826 0
827 35
828 8
829 35
830 14
831 11
832 0
833 8
834 35
835 8
836 17
837 19
838 19
839 5
840 17
841 18
842 12
843 2
844 1
845 24
846 2
847 8
848 24
849 16
850 11
851 17
852 3
853 11
854 10
855 2
856 2
857 8
858 8
859 8
860 14
861 2
862 5
863 24
864 14
865 24
866 1
867 19
868 35
869 8
870 17
871 10
872 6
873 11
874 9
875 6
876 19
877 11
878 12
879 12
880 18
881 11
882 14
883 28
884 18
885 26
886 7
887 8
888 8
889 14
890 21
891 8
892 17
893 24
894 32
895 18
896 1
897 25
898 3
899 15
900 3
901 25
902 11
903 24
904 8
905 16
906 12
907 14
908 24
909 11
910 16
911 9
912 5
913 14
914 2
915 8
916 10
917 3
918 19
919 11
920 8
921 8
922 10
923 8
924 10
925 17
926 8
927 35
928 21
929 11
930 35
931 35
932 7
933 8
934 8
935 35
936 11
937 35
938 22
939 8
940 18
941 26
942 10
943 2
944 17
945 8
946 26
947 24
948 17
949 9
950 8
951 10
952 35
953 1
954 10
955 6
956 17
957 10
958 8
959 18
960 1
961 4
962 18
963 35
964 8
965 35
966 18
967 14
968 11
969 35
970 7
971 16
972 35
973 35
974 5
975 8
976 29
977 14
978 10
979 10
980 28
981 24
982 11
983 34
984 2
985 14
986 1
987 2
988 35
989 1
990 9
991 35
992 2
993 25
994 5
995 8
996 35
997 11
998 5
999 34
1000 10
1001 12
1002 1
1003 0
1004 3
1005 1
1006 5
1007 14
1008 35
1009 8
1010 35
1011 35
1012 35
1013 24
1014 32
1015 15
1016 8
1017 18
1018 17
1019 19
1020 8
1021 11
1022 10
1023 33
1024 27
1025 35
1026 35
1027 35
1028 23
1029 15
1030 31
1031 16
1032 12
1033 31
1034 25
1035 2
1036 35
1037 30
1038 14
1039 16
1040 8
1041 28
1042 5
1043 25
1044 11
1045 0
1046 24
1047 11
1048 1
1049 3
1050 22
1051 8
1052 6
1053 24
1054 16
1055 24
1056 10
1057 35
1058 9
1059 14
1060 35
1061 5
1062 13
1063 6
1064 35
1065 8
1066 6
1067 8
1068 21
1069 8
1070 19
1071 7
1072 35
1073 10
1074 16
1075 9
1076 0
1077 11
1078 4
1079 35
1080 24
1081 16
1082 35
1083 8
1084 24
1085 35
1086 8
1087 11
1088 35
1089 16
1090 24
1091 35
1092 29
1093 6
1094 27
1095 35
1096 16
1097 18
1098 14
1099 27
1100 35
1101 2
1102 8
1103 14
1104 35
1105 1
1106 1
1107 8
1108 5
1109 8
1110 16
1111 14
1112 11
1113 32
1114 35
1115 11
1116 5
1117 15
1118 8
1119 2
1120 17
1121 10
1122 10
1123 2
1124 10
1125 10
1126 10
1127 32
1128 26
1129 11
1130 11
1131 28
1132 11
1133 5
1134 35
1135 2
1136 5
1137 6
1138 24
1139 14
1140 32
1141 8
1142 24
1143 35
1144 35
1145 8
1146 24
1147 35
1148 24
1149 5
1150 5
1151 11
1152 11
1153 8
1154 11
1155 19
1156 3
1157 5
1158 24
1159 25
1160 16
1161 8
1162 10
1163 6
1164 11
1165 9
1166 8
1167 35
1168 35
1169 13
1170 10
1171 11
1172 8
1173 19
1174 2
1175 18
1176 8
1177 12
1178 8
1179 19
1180 35
1181 35
1182 8
1183 11
1184 24
1185 14
1186 11
1187 11
1188 14
1189 16
1190 5
1191 10
1192 16
1193 8
1194 8
1195 35
1196 18
1197 12
1198 24
1199 11
1200 11
1201 5
1202 8
1203 34
1204 6
1205 10
1206 17
1207 32
1208 17
1209 8
1210 35
1211 35
1212 8
1213 35
1214 14
1215 8
1216 35
1217 11
1218 7
1219 10
1220 35
1221 8
1222 8
1223 3
1224 8
1225 19
1226 1
1227 8
1228 18
1229 11
1230 10
1231 35
1232 16
1233 35
1234 24
1235 1
1236 8
1237 11
1238 10
1239 10
1240 8
1241 8
1242 26
1243 1
1244 11
1245 11
1246 17
1247 24
1248 24
1249 10
1250 19
1251 35
1252 24
1253 2
1254 1
1255 10
1256 8
1257 5
1258 1
1259 35
1260 35
1261 8
1262 6
1263 11
1264 1
1265 24
1266 8
1267 24
1268 8
1269 24
1270 6
1271 8
1272 8
1273 8
1274 8
1275 24
1276 16
1277 24
1278 3
1279 19
1280 8
1281 17
1282 2
1283 11
1284 35
1285 5
1286 8
1287 24
1288 8
1289 2
1290 35
1291 16
1292 8
1293 8
1294 11
1295 17
1296 8
1297 8
1298 8
1299 11
1300 35
1301 8
1302 8
1303 10
1304 6
1305 35
1306 19
1307 7
1308 33
1309 8
1310 11
1311 24
1312 35
1313 5
1314 18
1315 27
1316 6
1317 8
1318 35
1319 19
1320 18
1321 19
1322 8
1323 0
1324 19
1325 35
1326 24
1327 35
1328 24
1329 11
1330 8
1331 35
1332 18
1333 14
1334 8
1335 28
1336 1
1337 2
1338 14
1339 8
1340 8
1341 18
1342 18
1343 30
1344 18
1345 18
1346 10
1347 8
1348 18
1349 4
1350 18
1351 12
1352 35
1353 1
1354 19
1355 18
1356 5
1357 35
1358 35
1359 10
1360 18
1361 10
1362 8
1363 18
1364 14
1365 10
1366 8
1367 35
1368 9
1369 11
1370 10
1371 8
1372 18
1373 18
1374 11
1375 2
1376 11
1377 8
1378 34
1379 19
1380 8
1381 35
1382 8
1383 8
1384 12
1385 3
1386 18
1387 19
1388 3
1389 11
1390 35
1391 12
1392 35
1393 5
1394 11
1395 11
1396 14
1397 16
1398 2
1399 2
1400 19
1401 11
1402 11
1403 18
1404 2
1405 35
1406 16
1407 8
1408 8
1409 27
1410 35
1411 11
1412 17
1413 10
1414 18
1415 1
1416 18
1417 2
1418 2
1419 35
1420 14
1421 11
1422 5
1423 34
1424 24
1425 11
1426 14
1427 11
1428 10
1429 11
1430 21
1431 14
1432 0
1433 2
1434 18
1435 11
1436 6
1437 2
1438 15
1439 16
1440 35
1441 24
1442 21
1443 27
1444 35
1445 24
1446 8
1447 12
1448 13
1449 13
1450 5
1451 19
1452 18
1453 21
1454 35
1455 30
1456 16
1457 8
1458 8
1459 8
1460 16
1461 1
1462 24
1463 18
1464 34
1465 8
1466 6
1467 32
1468 6
1469 8
1470 8
1471 17
1472 14
1473 4
1474 8
1475 2
1476 18
1477 18
1478 24
1479 24
1480 32
1481 17
1482 3
1483 17
1484 24
1485 10
1486 10
1487 23
1488 14
1489 5
1490 25
1491 16
1492 16
1493 8
1494 2
1495 2
1496 8
1497 8
1498 10
1499 11
1500 1
1501 16
1502 2
1503 11
1504 6
1505 8
1506 18
1507 14
1508 11
1509 6
1510 10
1511 14
1512 5
1513 11
1514 17
1515 35
1516 24
1517 8
1518 34
1519 17
1520 11
1521 22
1522 8
1523 8
1524 6
1525 14
1526 11
1527 18
1528 35
1529 5
1530 10
1531 8
1532 9
1533 18
1534 29
1535 6
1536 10
1537 1
1538 8
1539 8
1540 10
1541 11
1542 8
1543 34
1544 21
1545 9
1546 11
1547 24
1548 35
1549 17
1550 17
1551 2
1552 8
1553 14
1554 8
1555 6
1556 13
1557 21
1558 8
1559 11
1560 3
1561 19
1562 17
1563 35
1564 19
1565 33
1566 35
1567 8
1568 8
1569 16
1570 24
1571 10
1572 8
1573 27
1574 2
1575 14
1576 1
1577 35
1578 8
1579 19
1580 35
1581 8
1582 2
1583 15
1584 14
1585 19
1586 19
1587 11
1588 35
1589 8
1590 2
1591 8
1592 5
1593 7
1594 14
1595 2
1596 19
1597 16
1598 24
1599 0
1600 5
1601 14
1602 17
1603 8
1604 8
1605 11
1606 35
1607 27
1608 16
1609 23
1610 19
1611 16
1612 29
1613 24
1614 35
1615 24
1616 10
1617 19
1618 11
1619 8
1620 8
1621 10
1622 16
1623 5
1624 8
1625 6
1626 5
1627 2
1628 2
1629 8
1630 10
1631 2
1632 10
1633 11
1634 25
1635 10
1636 8
1637 16
1638 16
1639 8
1640 11
1641 8
1642 8
1643 2
1644 1
1645 10
1646 24
1647 10
1648 35
1649 26
1650 9
1651 8
1652 12
1653 8
1654 14
1655 24
1656 8
1657 8
1658 14
1659 8
1660 35
1661 1
1662 8
1663 32
1664 5
1665 11
1666 10
1667 35
1668 5
1669 8
1670 11
1671 25
1672 9
1673 1
1674 14
1675 11
1676 35
1677 35
1678 12
1679 35
1680 18
1681 35
1682 26
1683 13
1684 5
1685 18
1686 10
1687 35
1688 12
1689 10
1690 8
1691 10
1692 20
1693 11
1694 12
1695 35
1696 8
1697 12
1698 12
1699 8
1700 8
1701 10
1702 10
1703 8
1704 35
1705 26
1706 12
1707 35
1708 1
1709 33
1710 11
1711 8
1712 10
1713 8
1714 6
1715 8
1716 8
1717 8
1718 1
1719 10
1720 35
1721 11
1722 18
1723 21
1724 21
1725 11
1726 18
1727 11
1728 13
1729 2
1730 16
1731 18
1732 5
1733 24
1734 2
1735 1
1736 2
1737 18
1738 10
1739 16
1740 10
1741 17
1742 8
1743 8
1744 14
1745 13
1746 34
1747 35
1748 6
1749 8
1750 10
1751 24
1752 1
1753 32
1754 2
1755 16
1756 8
1757 14
1758 4
1759 24
1760 8
1761 18
1762 17
1763 16
1764 18
1765 8
1766 35
1767 14
1768 17
1769 14
1770 8
1771 7
1772 8
1773 19
1774 10
1775 24
1776 11
1777 10
1778 5
1779 2
1780 1
1781 17
1782 7
1783 0
1784 2
1785 1
1786 5
1787 14
1788 1
1789 10
1790 23
1791 16
1792 1
1793 31
1794 27
1795 8
1796 2
1797 24
1798 12
1799 5
1800 24
1801 16
1802 19
1803 1
1804 2
1805 12
1806 6
1807 12
1808 11
1809 1
1810 14
1811 35
1812 32
1813 8
1814 8
1815 15
1816 14
1817 18
1818 6
1819 24
1820 10
1821 11
1822 15
1823 23
1824 32
1825 24
1826 35
1827 19
1828 24
1829 24
1830 14
1831 12
1832 17
1833 1
1834 35
1835 21
1836 5
1837 23
1838 27
1839 10
1840 2
1841 33
1842 35
1843 8
1844 5
1845 2
1846 10
1847 35
1848 8
1849 2
1850 35
1851 34
1852 8
1853 12
1854 8
1855 1
1856 18
1857 3
1858 31
1859 22
1860 8
1861 16
1862 19
1863 35
1864 35
1865 35
1866 19
1867 20
1868 23
1869 4
1870 16
1871 11
1872 8
1873 19
1874 10
1875 14
1876 8
1877 10
1878 8
1879 8
1880 35
1881 13
1882 5
1883 34
1884 6
1885 35
1886 2
1887 35
1888 1
1889 14
1890 8
1891 1
1892 8
1893 16
1894 5
1895 8
1896 10
1897 8
1898 7
1899 24
1900 14
1901 19
1902 8
1903 1
1904 5
1905 10
1906 24
1907 3
1908 10
1909 8
1910 10
1911 15
1912 24
1913 35
1914 24
1915 5
1916 23
1917 0
1918 2
1919 14
1920 8
1921 5
1922 10
1923 2
1924 10
1925 14
1926 6
1927 19
1928 24
1929 11
1930 12
1931 8
1932 14
1933 24
1934 6
1935 8
1936 11
1937 10
1938 24
1939 19
1940 8
1941 30
1942 8
1943 7
1944 14
1945 1
1946 5
1947 35
1948 14
1949 1
1950 5
1951 8
1952 19
1953 24
1954 19
1955 11
1956 18
1957 5
1958 35
1959 5
1960 8
1961 11
1962 33
1963 11
1964 26
1965 27
1966 2
1967 8
1968 11
1969 8
1970 23
1971 6
1972 3
1973 35
1974 4
1975 11
1976 11
1977 9
1978 8
1979 5
1980 20
1981 24
1982 2
1983 2
1984 2
1985 5
1986 11
1987 8
1988 8
1989 2
1990 35
1991 21
1992 24
1993 8
1994 14
1995 18
1996 35
1997 9
1998 15
1999 14
2000 35
2001 0
2002 8
2003 8
2004 11
2005 18
2006 10
2007 10
2008 8
2009 4
2010 32
2011 16
2012 8
2013 8
2014 16
2015 11
2016 8
2017 1
2018 35
2019 8
2020 35
2021 11
2022 24
2023 6
2024 8
2025 17
2026 5
2027 8
2028 8
2029 35
2030 28
2031 11
2032 5
2033 11
2034 19
2035 2
2036 11
2037 24
2038 16
2039 10
2040 33
2041 11
2042 18
2043 11
2044 21
2045 8
2046 19
2047 35
2048 14
2049 10
2050 11
2051 12
2052 2
2053 8
2054 8
2055 8
2056 11
2057 16
2058 24
2059 35
2060 8
2061 1
2062 8
2063 2
2064 32
2065 35
2066 8
2067 18
2068 14
2069 11
2070 32
2071 8
2072 2
2073 2
2074 35
2075 19
2076 35
2077 25
2078 0
2079 10
2080 1
2081 11
2082 27
2083 10
2084 12
2085 8
2086 3
2087 8
2088 8
2089 15
2090 11
2091 4
2092 18
2093 35
2094 24
2095 0
2096 18
2097 1
2098 1
2099 8
2100 28
2101 35
2102 1
2103 18
2104 8
2105 24
2106 18
2107 13
2108 10
2109 14
2110 24
2111 14
2112 21
2113 1
2114 17
2115 8
2116 5
2117 26
2118 18
2119 11
2120 8
2121 35
2122 8
2123 18
2124 8
2125 11
2126 19
2127 11
2128 8
2129 2
2130 1
2131 8
2132 5
2133 5
2134 3
2135 10
2136 11
2137 23
2138 7
2139 32
2140 24
2141 24
2142 24
2143 34
2144 16
2145 11
2146 10
2147 10
2148 10
2149 8
2150 24
2151 19
2152 8
2153 10
2154 10
2155 16
2156 8
2157 8
2158 8
2159 8
2160 24
2161 12
2162 10
2163 14
2164 33
2165 8
2166 1
2167 8
2168 16
2169 35
2170 8
2171 19
2172 35
2173 1
2174 25
2175 19
2176 24
2177 1
2178 2
2179 7
2180 12
2181 8
2182 2
2183 24
2184 11
2185 10
2186 18
2187 8
2188 8
2189 0
2190 2
2191 0
2192 16
2193 1
2194 18
2195 18
2196 14
2197 9
2198 35
2199 24
2200 25
2201 18
2202 11
2203 2
2204 35
2205 3
2206 10
2207 35
2208 29
2209 18
2210 8
2211 35
2212 27
2213 11
2214 16
2215 10
2216 1
2217 1
2218 1
2219 30
2220 12
2221 8
2222 18
2223 10
2224 1
2225 19
2226 10
2227 34
2228 1
2229 0
2230 27
2231 17
2232 2
2233 8
2234 8
2235 1
2236 10
2237 12
2238 14
2239 10
2240 35
2241 10
2242 35
2243 7
2244 18
2245 17
2246 2
2247 8
2248 8
2249 11
2250 8
2251 34
2252 14
2253 24
2254 27
2255 24
2256 5
2257 30
2258 8
2259 19
2260 10
2261 13
2262 10
2263 1
2264 6
2265 9
2266 18
2267 18
2268 8
2269 14
2270 17
2271 17
2272 6
2273 18
2274 12
2275 8
2276 24
2277 35
2278 8
2279 3
2280 14
2281 11
2282 2
2283 13
2284 5
2285 9
2286 35
2287 33
2288 1
2289 8
2290 8
2291 6
2292 24
2293 4
2294 0
2295 19
2296 2
2297 17
2298 5
2299 8
2300 12
2301 33
2302 35
2303 13
2304 8
2305 26
2306 8
2307 19
2308 8
2309 8
2310 8
2311 1
2312 11
2313 11
2314 14
2315 24
2316 6
2317 17
2318 8
2319 24
2320 16
2321 16
2322 8
2323 14
2324 32
2325 3
2326 14
2327 7
2328 35
2329 35
2330 6
2331 0
2332 2
2333 8
2334 11
2335 19
2336 11
2337 8
2338 8
2339 35
2340 22
2341 19
2342 5
2343 10
2344 33
2345 35
2346 6
2347 11
2348 10
2349 11
2350 32
2351 24
2352 16
2353 18
2354 4
2355 16
2356 2
2357 2
2358 23
2359 35
2360 2
2361 4
2362 8
2363 20
2364 8
2365 19
2366 24
2367 5
2368 8
2369 11
2370 13
2371 9
2372 2
2373 10
2374 18
2375 23
2376 1
2377 28
2378 8
2379 48
2380 35
2381 11
2382 8
2383 18
2384 19
2385 20
2386 8
2387 28
2388 8
2389 7
2390 19
2391 35
2392 0
2393 2
2394 15
2395 30
2396 2
2397 35
2398 28
2399 7
2400 8
2401 35
2402 12
2403 2
2404 11
2405 32
2406 11
2407 18
2408 12
2409 8
2410 13
2411 35
2412 32
2413 11
2414 3
2415 14
2416 27
2417 35
2418 8
2419 32
2420 11
2421 8
2422 11
2423 6
2424 18
2425 14
2426 16
2427 35
2428 8
2429 35
2430 2
2431 9
2432 8
2433 14
2434 8
2435 24
2436 1
2437 24
2438 8
2439 35
2440 24
2441 5
2442 7
2443 8
2444 35
2445 11
2446 19
2447 10
2448 10
2449 18
2450 2
2451 28
2452 24
2453 18
2454 25
2455 8
2456 19
2457 18
2458 8
2459 16
2460 6
2461 20
2462 12
2463 6
2464 11
2465 35
2466 34
2467 8
2468 6
2469 8
2470 14
2471 18
2472 11
2473 8
2474 18
2475 8
2476 8
2477 21
2478 24
2479 11
2480 1
2481 2
2482 6
2483 11
2484 5
2485 19
2486 6
2487 24
2488 8
2489 11
2490 8
2491 15
2492 8
2493 24
2494 12
2495 8
2496 8
2497 1
2498 0
2499 11
2500 14
2501 10
2502 24
2503 8
2504 1
2505 11
2506 8
2507 10
2508 6
2509 0
2510 33
2511 18
2512 8
2513 24
2514 9
2515 21
2516 24
2517 8
2518 35
2519 10
2520 8
2521 11
2522 8
2523 11
2524 11
2525 8
2526 8
2527 12
2528 11
2529 1
2530 24
2531 16
2532 19
2533 24
2534 34
2535 35
2536 23
2537 8
2538 8
2539 8
2540 3
2541 2
2542 0
2543 21
2544 24
2545 18
2546 8
2547 34
2548 1
2549 1
2550 19
2551 16
2552 24
2553 35
2554 24
2555 35
2556 8
2557 1
2558 8
2559 35
2560 16
2561 16
2562 3
2563 12
2564 8
2565 35
2566 10
2567 8
2568 8
2569 2
2570 30
2571 8
2572 8
2573 8
2574 35
2575 24
2576 1
2577 35
2578 14
2579 24
2580 1
2581 19
2582 8
2583 8
2584 24
2585 8
2586 16
2587 6
2588 1
2589 8
2590 14
2591 8
2592 9
2593 1
2594 35
2595 5
2596 25
2597 16
2598 8
2599 32
2600 35
2601 10
2602 5
2603 14
2604 8
2605 5
2606 35
2607 24
2608 6
2609 5
2610 35
2611 15
2612 24
2613 1
2614 19
2615 8
2616 6
2617 33
2618 2
2619 8
2620 35
2621 16
2622 18
2623 2
2624 2
2625 7
2626 19
2627 28
2628 10
2629 8
2630 11
2631 14
2632 35
2633 3
2634 14
2635 32
2636 1
2637 10
2638 20
2639 1
2640 6
2641 1
2642 8
2643 8
2644 24
2645 35
2646 10
2647 10
2648 12
2649 18
2650 16
2651 8
2652 18
2653 18
2654 10
2655 0
2656 11
2657 18
2658 18
2659 1
2660 11
2661 12
2662 24
2663 35
2664 19
2665 10
2666 8
2667 8
2668 8
2669 8
2670 10
2671 21
2672 1
2673 14
2674 14
2675 12
2676 35
2677 10
2678 15
2679 35
2680 11
2681 14
2682 16
2683 8
2684 8
2685 8
2686 8
2687 11
2688 11
2689 29
2690 24
2691 24
2692 32
2693 8
2694 19
2695 24
2696 11
2697 8
2698 17
2699 8
2700 24
2701 12
2702 10
2703 14
2704 8
2705 12
2706 21
2707 8
2708 3
2709 26
2710 18
2711 18
2712 12
2713 27
2714 11
2715 35
2716 18
2717 8
2718 11
2719 8
2720 6
2721 8
2722 31
2723 12
2724 0
2725 10
2726 16
2727 16
2728 11
2729 5
2730 8
2731 17
2732 35
2733 24
2734 8
2735 16
2736 26
2737 2
2738 9
2739 33
2740 8
2741 8
2742 12
2743 35
2744 6
2745 14
2746 23
2747 8
2748 1
2749 12
2750 23
2751 8
2752 19
2753 35
2754 32
2755 3
2756 9
2757 11
2758 14
2759 18
2760 35
2761 16
2762 35
2763 30
2764 3
2765 8
2766 24
2767 14
2768 23
2769 0
2770 8
2771 14
2772 8
2773 35
2774 8
2775 11
2776 8
2777 12
2778 8
2779 19
2780 24
2781 11
2782 13
2783 1
2784 1
2785 5
2786 6
2787 3
2788 1
2789 16
2790 11
2791 24
2792 28
2793 11
2794 24
2795 8
2796 10
2797 28
2798 2
2799 35
2800 10
2801 24
2802 14
2803 5
2804 19
2805 13
2806 8
2807 8
2808 19
2809 15
2810 12
2811 16
2812 18
2813 35
2814 18
2815 35
2816 10
2817 35
2818 35
2819 11
2820 21
2821 35
2822 5
2823 11
2824 5
2825 8
2826 27
2827 27
2828 11
2829 3
2830 5
2831 32
2832 5
2833 11
2834 35
2835 35
2836 35
2837 23
2838 17
2839 24
2840 8
2841 16
2842 17
2843 1
2844 35
2845 8
2846 2
2847 14
2848 5
2849 16
2850 8
2851 35
2852 11
2853 8
2854 16
2855 8
2856 10
2857 8
2858 14
2859 8
2860 13
2861 13
2862 8
2863 35
2864 8
2865 5
2866 8
2867 8
2868 35
2869 10
2870 24
2871 35
2872 8
2873 13
2874 35
2875 35
2876 35
2877 35
2878 26
2879 6
2880 3
2881 15
2882 9
2883 35
2884 5
2885 1
2886 9
2887 11
2888 8
2889 14
2890 24
2891 32
2892 35
2893 29
2894 17
2895 8
2896 1
2897 32
2898 8
2899 35
2900 17
2901 8
2902 8
2903 8
2904 35
2905 8
2906 8
2907 14
2908 28
2909 24
2910 30
2911 7
2912 35
2913 16
2914 2
2915 26
2916 5
2917 1
2918 10
2919 17
2920 5
2921 5
2922 16
2923 8
2924 16
2925 35
2926 1
2927 5
2928 1
2929 1
2930 16
2931 32
2932 8
2933 12
2934 8
2935 5
2936 8
2937 14
2938 2
2939 1
2940 24
2941 8
2942 8
2943 8
2944 8
2945 18
2946 8
2947 3
2948 8
2949 8
2950 1
2951 8
2952 16
2953 2
2954 11
2955 24
2956 25
2957 34
2958 24
2959 4
2960 25
2961 10
2962 14
2963 18
2964 6
2965 35
2966 11
2967 11
2968 16
2969 24
2970 8
2971 35
2972 14
2973 35
2974 10
2975 23
2976 8
2977 32
2978 8
2979 10
2980 35
2981 5
2982 19
2983 8
2984 19
2985 10
2986 11
2987 24
2988 8
2989 16
2990 35
2991 15
2992 1
2993 35
2994 24
2995 8
2996 2
2997 24
2998 26
2999 12
3000 19
3001 14
3002 10
3003 10
3004 35
3005 24
3006 35
3007 8
3008 10
3009 9
3010 35
3011 8
3012 10
3013 11
3014 12
3015 8
3016 35
3017 6
3018 6
3019 17
3020 35
3021 24
3022 35
3023 24
3024 14
3025 2
3026 17
3027 16
3028 24
3029 16
3030 35
3031 6
3032 11
3033 6
3034 11
3035 8
3036 28
3037 35
3038 14
3039 35
3040 2
3041 24
3042 35
3043 14
3044 24
3045 24
3046 14
3047 16
3048 35
3049 14
3050 35
3051 8
3052 2
3053 35
3054 12
3055 1
3056 35
3057 8
3058 24
3059 10
3060 28
3061 24
3062 1
3063 13
3064 31
3065 11
3066 10
3067 18
3068 24
3069 24
3070 10
3071 10
3072 12
3073 19
3074 12
3075 18
3076 35
3077 8
3078 11
3079 18
3080 24
3081 11
3082 8
3083 5
3084 3
3085 1
3086 8
3087 35
3088 16
3089 6
3090 5
3091 19
3092 6
3093 8
3094 29
3095 27
3096 1
3097 6
3098 35
3099 35
3100 1
3101 8
3102 8
3103 4
3104 8
3105 10
3106 10
3107 12
3108 2
3109 35
3110 9
3111 8
3112 35
3113 17
3114 19
3115 10
3116 10
3117 11
3118 21
3119 4
3120 17
3121 14
3122 35
3123 35
3124 24
3125 19
3126 16
3127 8
3128 14
3129 1
3130 13
3131 14
3132 35
3133 2
3134 2
3135 18
3136 35
3137 8
3138 9
3139 11
3140 5
3141 8
3142 32
3143 19
3144 35
3145 35
3146 8
3147 19
3148 8
3149 8
3150 11
3151 29
3152 10
3153 15
3154 32
3155 2
3156 24
3157 8
3158 11
3159 2
3160 1
3161 10
3162 24
3163 0
3164 9
3165 21
3166 5
3167 24
3168 35
3169 10
3170 8
3171 35
3172 0
3173 24
3174 20
3175 10
3176 27
3177 35
3178 34
3179 24
3180 5
3181 35
3182 10
3183 14
3184 16
3185 10
3186 33
3187 5
3188 27
3189 30
3190 17
3191 11
3192 11
3193 35
3194 8
3195 3
3196 8
3197 8
3198 35
3199 8
3200 23
3201 11
3202 35
3203 12
3204 11
3205 2
3206 32
3207 14
3208 35
3209 7
3210 10
3211 18
3212 19
3213 35
3214 12
3215 10
3216 24
3217 19
3218 17
3219 0
3220 14
3221 35
3222 2
3223 35
3224 24
3225 35
3226 5
3227 30
3228 8
3229 35
3230 2
3231 24
3232 11
3233 18
3234 5
3235 19
3236 35
3237 8
3238 33
3239 8
3240 24
3241 27
3242 10
3243 5
3244 32
3245 17
3246 2
3247 35
3248 34
3249 12
3250 31
3251 1
3252 35
3253 10
3254 8
3255 35
3256 3
3257 11
3258 35
3259 19
3260 8
3261 1
3262 27
3263 7
3264 2
3265 18
3266 21
3267 0
3268 12
3269 35
3270 9
3271 8
3272 0
3273 15
3274 14
3275 8
3276 3
3277 10
3278 11
3279 35
3280 1
3281 24
3282 8
3283 11
3284 35
3285 6
3286 8
3287 8
3288 21
3289 11
3290 35
3291 34
3292 24
3293 10
3294 10
3295 32
3296 10
3297 14
3298 11
3299 2
3300 25
3301 2
3302 8
3303 10
3304 8
3305 2
3306 20
3307 16
3308 35
3309 35
3310 1
3311 8
3312 35
3313 14
3314 7
3315 35
3316 35
3317 3
3318 10
3319 5
3320 10
3321 8
3322 18
3323 19
3324 10
3325 11
3326 34
3327 12
3328 1
3329 1
3330 35
3331 6
3332 10
3333 24
3334 19
3335 35
3336 8
3337 16
3338 8
3339 8
3340 8
3341 11
3342 35
3343 11
3344 4
3345 35
3346 5
3347 8
3348 2
3349 20
3350 35
3351 10
3352 8
3353 20
3354 1
3355 2
3356 10
3357 35
3358 5
3359 10
3360 24
3361 24
3362 11
3363 35
3364 6
3365 1
3366 35
3367 10
3368 35
3369 9
3370 2
3371 5
3372 8
3373 27
3374 5
3375 24
3376 18
3377 2
3378 35
3379 1
3380 8
3381 2
3382 8
3383 5
3384 18
3385 32
3386 34
3387 9
3388 0
3389 18
3390 32
3391 12
3392 8
3393 8
3394 24
3395 8
3396 0
3397 27
3398 27
3399 12
3400 8
3401 32
3402 2
3403 35
3404 11
3405 24
3406 18
3407 1
3408 35
3409 35
3410 24
3411 2
3412 16
3413 35
3414 27
3415 24
3416 10
3417 17
3418 3
3419 8
3420 8
3421 35
3422 5
3423 11
3424 14
3425 14
3426 35
3427 17
3428 10
3429 24
3430 8
3431 11
3432 17
3433 2
3434 8
3435 13
3436 9
3437 27
3438 20
3439 24
3440 3
3441 14
3442 28
3443 11
3444 8
3445 16
3446 35
3447 12
3448 35
3449 8
3450 33
3451 35
3452 30
3453 12
3454 8
3455 30
3456 11
3457 34
3458 8
3459 16
3460 24
3461 11
3462 35
3463 35
3464 35
3465 11
3466 32
3467 8
3468 35
3469 23
3470 35
3471 2
3472 24
3473 10
3474 23
3475 14
3476 35
3477 5
3478 5
3479 10
3480 10
3481 9
3482 8
3483 35
3484 4
3485 17
3486 2
3487 35
3488 25
3489 19
3490 8
3491 18
3492 11
3493 6
3494 18
3495 11
3496 8
3497 3
3498 10
3499 14
3500 2
3501 11
3502 3
3503 12
3504 8
3505 11
3506 5
3507 24
3508 35
3509 5
3510 24
3511 8
3512 8
3513 8
3514 17
3515 24
3516 11
3517 16
3518 10
3519 27
3520 10
3521 10
3522 35
3523 2
3524 16
3525 14
3526 13
3527 13
3528 8
3529 10
3530 8
3531 35
3532 5
3533 8
3534 27
3535 8
3536 11
3537 16
3538 17
3539 8
3540 1
3541 5
3542 10
3543 1
3544 10
3545 24
3546 24
3547 11
3548 35
3549 24
3550 10
3551 25
3552 35
3553 35
3554 8
3555 23
3556 2
3557 30
3558 3
3559 3
3560 35
3561 11
3562 14
3563 32
3564 5
3565 8
3566 8
3567 35
3568 2
3569 8
3570 35
3571 8
3572 10
3573 8
3574 4
3575 11
3576 5
3577 18
3578 34
3579 17
3580 2
3581 34
3582 10
3583 8
3584 25
3585 8
3586 8
3587 1
3588 35
3589 2
3590 0
3591 2
3592 17
3593 1
3594 19
3595 35
3596 11
3597 33
3598 8
3599 27
3600 11
3601 3
3602 19
3603 35
3604 27
3605 24
3606 2
3607 35
3608 35
3609 14
3610 2
3611 30
3612 8
3613 24
3614 24
3615 8
3616 35
3617 18
3618 24
3619 32
3620 35
3621 2
3622 16
3623 2
3624 35
3625 11
3626 28
3627 35
3628 3
3629 24
3630 8
3631 17
3632 27
3633 35
3634 14
3635 35
3636 32
3637 19
3638 8
3639 3
3640 35
3641 8
3642 8
3643 8
3644 24
3645 10
3646 20
3647 2
3648 19
3649 35
3650 10
3651 35
3652 18
3653 8
3654 10
3655 5
3656 2
3657 2
3658 35
3659 5
3660 1
3661 1
3662 35
3663 11
3664 35
3665 8
3666 10
3667 8
3668 27
3669 27
3670 27
3671 10
3672 18
3673 18
3674 11
3675 30
3676 11
3677 35
3678 8
3679 24
3680 23
3681 11
3682 10
3683 18
3684 8
3685 28
3686 24
3687 23
3688 12
3689 10
3690 1
3691 8
3692 6
3693 5
3694 1
3695 2
3696 14
3697 19
3698 10
3699 35
3700 1
3701 6
3702 18
3703 24
3704 14
3705 8
3706 20
3707 11
3708 8
3709 15
3710 6
3711 24
3712 8
3713 8
3714 23
3715 2
3716 8
3717 35
3718 2
3719 11
3720 7
3721 14
3722 0
3723 28
3724 18
3725 2
3726 8
3727 35
3728 35
3729 18
3730 8
3731 9
3732 15
3733 6
3734 25
3735 35
3736 23
3737 17
3738 8
3739 2
3740 19
3741 24
3742 24
3743 24
3744 10
3745 23
3746 30
3747 8
3748 19
3749 18
3750 35
3751 17
3752 5
3753 2
3754 4
3755 10
3756 8
3757 35
3758 20
3759 24
3760 24
3761 25
3762 1
3763 3
3764 4
3765 24
3766 2
3767 8
3768 31
3769 32
3770 17
3771 26
3772 35
3773 27
3774 11
3775 15
3776 18
3777 5
3778 5
3779 24
3780 11
3781 33
3782 10
3783 5
3784 11
3785 1
3786 35
3787 35
3788 21
3789 10
3790 12
3791 5
3792 17
3793 11
3794 35
3795 27
3796 3
3797 35
3798 24
3799 2
3800 12
3801 11
3802 19
3803 35
3804 8
3805 20
3806 5
3807 10
3808 19
3809 2
3810 21
3811 2
3812 18
3813 10
3814 10
3815 16
3816 2
3817 10
3818 35
3819 35
3820 35
3821 2
3822 16
3823 14
3824 8
3825 11
3826 11
3827 2
3828 20
3829 8
3830 32
3831 2
3832 24
3833 19
3834 8
3835 19
3836 10
3837 2
3838 8
3839 30
3840 10
3841 0
3842 3
3843 1
3844 28
3845 10
3846 8
3847 2
3848 17
3849 8
3850 11
3851 5
3852 5
3853 2
3854 2
3855 24
3856 18
3857 19
3858 8
3859 11
3860 20
3861 24
3862 35
3863 11
3864 8
3865 10
3866 2
3867 35
3868 10
3869 8
3870 8
3871 18
3872 35
3873 8
3874 8
3875 35
3876 8
3877 2
3878 24
3879 9
3880 24
3881 35
3882 11
3883 24
3884 32
3885 11
3886 14
3887 14
3888 20
3889 11
3890 2
3891 8
3892 8
3893 16
3894 8
3895 35
3896 2
3897 8
3898 35
3899 23
3900 31
3901 24
3902 27
3903 8
3904 19
3905 8
3906 35
3907 11
3908 35
3909 2
3910 25
3911 8
3912 35
3913 11
3914 8
3915 4
3916 11
3917 27
3918 8
3919 11
3920 10
3921 2
3922 11
3923 6
3924 8
3925 5
3926 28
3927 2
3928 13
3929 35
3930 10
3931 8
3932 6
3933 19
3934 2
3935 29
3936 11
3937 35
3938 34
3939 1
3940 18
3941 1
3942 20
3943 2
3944 7
3945 8
3946 8
3947 12
3948 35
3949 2
3950 8
3951 35
3952 24
3953 20
3954 12
3955 8
3956 2
3957 35
3958 24
3959 2
3960 8
3961 16
3962 8
3963 2
3964 13
3965 24
3966 8
3967 0
3968 10
3969 8
3970 11
3971 6
3972 8
3973 3
3974 8
3975 17
3976 35
3977 5
3978 8
3979 5
3980 10
3981 24
3982 18
3983 0
3984 24
3985 11
3986 27
3987 8
3988 35
3989 35
3990 18
3991 6
3992 11
3993 35
3994 11
3995 10
3996 16
3997 11
3998 35
3999 10
4000 6
4001 8
4002 1
4003 19
4004 35
4005 1
4006 8
4007 33
4008 24
4009 35
4010 18
4011 8
4012 8
4013 11
4014 10
4015 2
4016 2
4017 17
4018 35
4019 3
4020 10
4021 8
4022 5
4023 17
4024 20
4025 16
4026 32
4027 35
4028 11
4029 6
4030 32
4031 35
4032 35
4033 16
4034 18
4035 11
4036 4
4037 3
4038 10
4039 18
4040 1
4041 2
4042 4
4043 21
4044 35
4045 1
4046 24
4047 12
4048 11
4049 11
4050 12
4051 34
4052 11
4053 11
4054 10
4055 2
4056 7
4057 10
4058 5
4059 2
4060 29
4061 6
4062 12
4063 27
4064 11
4065 32
4066 20
4067 2
4068 15
4069 35
4070 16
4071 16
4072 8
4073 25
4074 24
4075 9
4076 11
4077 8
4078 2
4079 32
4080 10
4081 2
4082 8
4083 2
4084 0
4085 10
4086 8
4087 16
4088 8
4089 8
4090 35
4091 14
4092 24
4093 35
4094 11
4095 27
4096 14
4097 8
4098 35
4099 18
4100 3
4101 10
4102 24
4103 17
4104 35
4105 35
4106 27
4107 29
4108 18
4109 2
4110 12
4111 24
4112 14
4113 5
4114 5
4115 10
4116 5
4117 17
4118 2
4119 18
4120 8
4121 24
4122 35
4123 19
4124 8
4125 2
4126 5
4127 2
4128 35
4129 29
4130 2
4131 6
4132 24
4133 2
4134 11
4135 35
4136 24
4137 8
4138 10
4139 19
4140 3
4141 8
4142 16
4143 11
4144 2
4145 23
4146 0
4147 24
4148 8
4149 11
4150 2
4151 10
4152 10
4153 24
4154 8
4155 11
4156 33
4157 35
4158 10
4159 10
4160 31
4161 17
4162 8
4163 35
4164 8
4165 28
4166 8
4167 8
4168 8
4169 14
4170 35
4171 11
4172 8
4173 24
4174 8
4175 10
4176 11
4177 8
4178 17
4179 28
4180 35
4181 17
4182 21
4183 13
4184 16
4185 10
4186 27
4187 26
4188 10
4189 11
4190 8
4191 24
4192 14
4193 24
4194 10
4195 10
4196 1
4197 3
4198 35
4199 8
4200 17
4201 1
4202 16
4203 7
4204 19
4205 10
4206 12
4207 35
4208 8
4209 35
4210 6
4211 5
4212 8
4213 14
4214 2
4215 16
4216 31
4217 31
4218 11
4219 10
4220 1
4221 35
4222 10
4223 29
4224 23
4225 35
4226 24
4227 33
4228 1
4229 8
4230 3
4231 19
4232 35
4233 8
4234 16
4235 26
4236 35
4237 2
4238 10
4239 11
4240 35
4241 14
4242 35
4243 2
4244 11
4245 10
4246 35
4247 2
4248 35
4249 5
4250 5
4251 35
4252 25
4253 35
4254 23
4255 8
4256 35
4257 0
4258 20
4259 19
4260 24
4261 30
4262 8
4263 18
4264 1
4265 30
4266 24
4267 11
4268 6
4269 10
4270 14
4271 5
4272 35
4273 6
4274 16
4275 2
4276 23
4277 11
4278 2
4279 17
4280 24
4281 24
4282 15
4283 10
4284 17
4285 32
4286 8
4287 16
4288 14
4289 14
4290 26
4291 6
4292 10
4293 8
4294 29
4295 35
4296 31
4297 17
4298 35
4299 35
4300 35
4301 20
4302 10
4303 8
4304 16
4305 2
4306 8
4307 17
4308 35
4309 11
4310 1
4311 17
4312 2
4313 28
4314 35
4315 10
4316 4
4317 8
4318 3
4319 11
4320 10
4321 2
4322 2
4323 11
4324 12
4325 11
4326 14
4327 35
4328 20
4329 8
4330 29
4331 11
4332 11
4333 8
4334 35
4335 17
4336 16
4337 18
4338 24
4339 2
4340 2
4341 18
4342 17
4343 34
4344 2
4345 10
4346 11
4347 16
4348 24
4349 5
4350 11
4351 6
4352 15
4353 8
4354 24
4355 11
4356 35
4357 21
4358 1
4359 8
4360 19
4361 35
4362 24
4363 18
4364 24
4365 11
4366 6
4367 6
4368 3
4369 17
4370 5
4371 14
4372 2
4373 14
4374 31
4375 35
4376 24
4377 10
4378 8
4379 35
4380 35
4381 29
4382 8
4383 16
4384 28
4385 27
4386 2
4387 11
4388 18
4389 11
4390 1
4391 5
4392 4
4393 35
4394 2
4395 24
4396 1
4397 4
4398 35
4399 11
4400 11
4401 3
4402 2
4403 27
4404 19
4405 9
4406 35
4407 1
4408 24
4409 1
4410 18
4411 11
4412 11
4413 14
4414 11
4415 8
4416 21
4417 2
4418 35
4419 10
4420 8
4421 5
4422 35
4423 24
4424 9
4425 18
4426 24
4427 18
4428 3
4429 2
4430 13
4431 8
4432 3
4433 24
4434 11
4435 11
4436 17
4437 10
4438 0
4439 16
4440 8
4441 24
4442 24
4443 1
4444 2
4445 1
4446 8
4447 24
4448 10
4449 14
4450 10
4451 35
4452 35
4453 35
4454 8
4455 18
4456 19
4457 5
4458 35
4459 28
4460 12
4461 18
4462 10
4463 16
4464 18
4465 3
4466 8
4467 35
4468 8
4469 24
4470 3
4471 18
4472 9
4473 27
4474 8
4475 9
4476 5
4477 35
4478 35
4479 32
4480 17
4481 35
4482 8
4483 28
4484 35
4485 18
4486 8
4487 0
4488 10
4489 33
4490 2
4491 10
4492 24
4493 6
4494 5
4495 5
4496 19
4497 1
4498 18
4499 19
4500 2
4501 35
4502 33
4503 30
4504 16
4505 10
4506 35
4507 15
4508 30
4509 0
4510 24
4511 27
4512 35
4513 5
4514 24
4515 2
4516 20
4517 1
4518 10
4519 13
4520 21
4521 9
4522 19
4523 8
4524 10
4525 35
4526 27
4527 8
4528 14
4529 1
4530 34
4531 2
4532 2
4533 35
4534 18
4535 11
4536 10
4537 2
4538 10
4539 1
4540 11
4541 35
4542 3
4543 24
4544 6
4545 35
4546 14
4547 6
4548 9
4549 32
4550 2
4551 18
4552 17
4553 18
4554 10
4555 12
4556 16
4557 5
4558 35
4559 23
4560 10
4561 2
4562 11
4563 2
4564 35
4565 34
4566 9
4567 35
4568 11
4569 10
4570 2
4571 2
4572 35
4573 14
4574 6
4575 8
4576 16
4577 8
4578 35
4579 10
4580 35
4581 1
4582 10
4583 24
4584 9
4585 11
4586 9
4587 29
4588 27
4589 5
4590 6
4591 0
4592 35
4593 35
4594 7
4595 35
4596 19
4597 10
4598 35
4599 1
4600 35
4601 17
4602 8
4603 2
4604 8
4605 12
4606 8
4607 8
4608 15
4609 10
4610 10
4611 11
4612 35
4613 28
4614 6
4615 6
4616 5
4617 15
4618 2
4619 6
4620 35
4621 14
4622 35
4623 11
4624 19
4625 35
4626 15
4627 10
4628 35
4629 30
4630 35
4631 7
4632 5
4633 15
4634 8
4635 10
4636 16
4637 35
4638 14
4639 5
4640 35
4641 20
4642 7
4643 5
4644 25
4645 5
4646 8
4647 35
4648 35
4649 6
4650 0
4651 35
4652 35
4653 22
4654 22
4655 35
4656 18
4657 17
4658 35
4659 11
4660 5
4661 11
4662 21
4663 21
4664 11
4665 27
4666 6
4667 30
4668 11
4669 8
4670 10
4671 24
4672 33
4673 11
4674 35
4675 16
4676 11
4677 11
4678 8
4679 35
4680 11
4681 10
4682 14
4683 14
4684 10
4685 9
4686 11
4687 6
4688 5
4689 11
4690 18
4691 2
4692 24
4693 22
4694 25
4695 35
4696 2
4697 11
4698 10
4699 2
4700 10
4701 2
4702 1
4703 35
4704 35
4705 0
4706 35
4707 35
4708 13
4709 2
4710 10
4711 6
4712 5
4713 2
4714 10
4715 3
4716 11
4717 8
4718 10
4719 26
4720 5
4721 11
4722 4
4723 8
4724 35
4725 16
4726 8
4727 5
4728 8
4729 35
4730 27
4731 24
4732 12
4733 26
4734 16
4735 12
4736 11
4737 8
4738 35
4739 18
4740 11
4741 8
4742 35
4743 35
4744 6
4745 18
4746 18
4747 35
4748 10
4749 12
4750 11
4751 5
4752 22
4753 11
4754 11
4755 35
4756 8
4757 5
4758 42
4759 6
4760 10
4761 2
4762 8
4763 24
4764 12
4765 10
4766 8
4767 2
4768 2
4769 6
4770 1
4771 0
4772 35
4773 6
4774 10
4775 24
4776 8
4777 11
4778 24
4779 8
4780 8
4781 19
4782 1
4783 6
4784 5
4785 35
4786 2
4787 17
4788 24
4789 1
4790 5
4791 33
4792 11
4793 8
4794 6
4795 35
4796 17
4797 35
4798 8
4799 10
4800 27
4801 8
4802 27
4803 35
4804 31
4805 26
4806 17
4807 35
4808 18
4809 2
4810 14
4811 18
4812 1
4813 17
4814 10
4815 1
4816 2
4817 23
4818 2
4819 35
4820 20
4821 11
4822 10
4823 35
4824 1
4825 5
4826 2
4827 35
4828 8
4829 10
4830 18
4831 3
4832 8
4833 18
4834 35
4835 14
4836 8
4837 8
4838 5
4839 1
4840 10
4841 11
4842 8
4843 14
4844 18
4845 0
4846 8
4847 11
4848 11
4849 2
4850 8
4851 35
4852 2
4853 28
4854 10
4855 11
4856 24
4857 8
4858 8
4859 9
4860 17
4861 35
4862 2
4863 24
4864 23
4865 5
4866 16
4867 0
4868 17
4869 32
4870 17
4871 10
4872 14
4873 11
4874 15
4875 2
4876 11
4877 9
4878 10
4879 0
4880 14
4881 35
4882 3
4883 27
4884 16
4885 8
4886 35
4887 6
4888 13
4889 2
4890 35
4891 9
4892 35
4893 18
4894 2
4895 35
4896 2
4897 8
4898 12
4899 11
4900 23
4901 24
4902 35
4903 18
4904 35
4905 2
4906 6
4907 35
4908 18
4909 5
4910 5
4911 8
4912 24
4913 6
4914 35
4915 13
4916 1
4917 17
4918 3
4919 2
4920 12
4921 35
4922 0
4923 18
4924 12
4925 14
4926 0
4927 1
4928 25
4929 5
4930 11
4931 21
4932 11
4933 35
4934 27
4935 27
4936 6
4937 3
4938 24
4939 10
4940 35
4941 8
4942 23
4943 11
4944 35
4945 8
4946 18
4947 11
4948 6
4949 8
4950 35
4951 5
4952 9
4953 35
4954 10
4955 24
4956 16
4957 0
4958 11
4959 15
4960 24
4961 5
4962 5
4963 10
4964 27
4965 12
4966 15
4967 1
4968 35
4969 35
4970 0
4971 30
4972 16
4973 10
4974 35
4975 1
4976 11
4977 3
4978 8
4979 35
4980 8
4981 19
4982 9
4983 16
4984 11
4985 2
4986 8
4987 21
4988 10
4989 24
4990 18
4991 9
4992 35
4993 8
4994 11
4995 8
4996 35
4997 2
4998 24
4999 2
5000 17
5001 20
5002 34
5003 8
5004 18
5005 0
5006 8
5007 8
5008 29
5009 8
5010 35
5011 11
5012 21
5013 2
5014 11
5015 8
5016 24
5017 5
5018 35
5019 2
5020 8
5021 17
5022 11
5023 10
5024 35
5025 11
5026 24
5027 35
5028 35
5029 8
5030 0
5031 35
5032 18
5033 3
5034 8
5035 10
5036 17
5037 11
5038 16
5039 24
5040 8
5041 35
5042 4
5043 35
5044 24
5045 14
5046 10
5047 35
5048 8
5049 8
5050 26
5051 10
5052 24
5053 18
5054 8
5055 5
5056 5
5057 5
5058 10
5059 5
5060 1
5061 19
5062 11
5063 24
5064 35
5065 8
5066 24
5067 11
5068 19
5069 34
5070 8
5071 35
5072 8
5073 35
5074 29
5075 27
5076 35
5077 11
5078 8
5079 5
5080 35
5081 35
5082 11
5083 19
5084 35
5085 5
5086 24
5087 10
5088 10
5089 8
5090 34
5091 16
5092 8
5093 6
5094 35
5095 35
5096 5
5097 3
5098 35
5099 32
5100 12
5101 1
5102 20
5103 33
5104 8
5105 8
5106 18
5107 6
5108 35
5109 35
5110 11
5111 35
5112 35
5113 22
5114 8
5115 0
5116 1
5117 5
5118 10
5119 17
5120 8
5121 1
5122 35
5123 8
5124 10
5125 11
5126 14
5127 18
5128 9
5129 35
5130 2
5131 18
5132 30
5133 17
5134 8
5135 5
5136 24
5137 11
5138 27
5139 18
5140 35
5141 1
5142 2
5143 32
5144 12
5145 2
5146 14
5147 10
5148 17
5149 8
5150 30
5151 10
5152 27
5153 17
5154 10
5155 23
5156 35
5157 16
5158 8
5159 17
5160 35
5161 24
5162 32
5163 24
5164 35
5165 35
5166 11
5167 18
5168 8
5169 8
5170 3
5171 35
5172 22
5173 11
5174 18
5175 18
5176 35
5177 2
5178 19
5179 24
5180 18
5181 12
5182 8
5183 24
5184 24
5185 35
5186 0
5187 6
5188 20
5189 6
5190 8
5191 30
5192 4
5193 29
5194 2
5195 35
5196 15
5197 28
5198 11
5199 35
5200 10
5201 18
5202 8
5203 10
5204 35
5205 14
5206 6
5207 34
5208 32
5209 19
5210 0
5211 9
5212 11
5213 6
5214 32
5215 5
5216 8
5217 16
5218 34
5219 19
5220 27
5221 18
5222 24
5223 33
5224 23
5225 8
5226 2
5227 3
5228 10
5229 14
5230 16
5231 35
5232 9
5233 27
5234 35
5235 9
5236 10
5237 11
5238 35
5239 13
5240 2
5241 32
5242 2
5243 8
5244 6
5245 35
5246 11
5247 34
5248 9
5249 26
5250 2
5251 2
5252 9
5253 2
5254 8
5255 2
5256 33
5257 11
5258 8
5259 16
5260 5
5261 22
5262 35
5263 10
5264 8
5265 8
5266 35
5267 3
5268 11
5269 27
5270 12
5271 11
5272 17
5273 10
5274 35
5275 1
5276 35
5277 6
5278 2
5279 8
5280 8
5281 31
5282 5
5283 5
5284 11
5285 7
5286 11
5287 10
5288 24
5289 18
5290 11
5291 2
5292 8
5293 8
5294 35
5295 35
5296 10
5297 24
5298 2
5299 2
5300 16
5301 6
5302 35
5303 35
5304 35
5305 35
5306 12
5307 35
5308 16
5309 19
5310 5
5311 11
5312 6
5313 30
5314 11
5315 35
5316 8
5317 8
5318 24
5319 35
5320 35
5321 8
5322 3
5323 11
5324 21
5325 18
5326 32
5327 5
5328 35
5329 2
5330 8
5331 14
5332 11
5333 35
5334 21
5335 35
5336 6
5337 5
5338 8
5339 8
5340 11
5341 5
5342 26
5343 24
5344 10
5345 9
5346 14
5347 5
5348 10
5349 8
5350 30
5351 8
5352 16
5353 35
5354 35
5355 13
5356 8
5357 8
5358 16
5359 11
5360 27
5361 8
5362 12
5363 16
5364 12
5365 8
5366 35
5367 8
5368 8
5369 32
5370 20
5371 21
5372 8
5373 35
5374 6
5375 11
5376 14
5377 24
5378 18
5379 7
5380 35
5381 24
5382 8
5383 1
5384 10
5385 2
5386 24
5387 2
5388 35
5389 24
5390 35
5391 1
5392 12
5393 35
5394 19
5395 14
5396 2
5397 2
5398 10
5399 8
5400 18
5401 24
5402 16
5403 5
5404 8
5405 17
5406 11
5407 29
5408 2
5409 35
5410 8
5411 35
5412 8
5413 2
5414 24
5415 9
5416 19
5417 6
5418 24
5419 35
5420 1
5421 8
5422 24
5423 1
5424 17
5425 10
5426 35
5427 11
5428 27
5429 0
5430 35
5431 17
5432 17
5433 0
5434 20
5435 24
5436 6
5437 35
5438 8
5439 8
5440 35
5441 8
5442 1
5443 8
5444 24
5445 27
5446 18
5447 3
5448 1
5449 34
5450 19
5451 18
5452 35
5453 35
5454 8
5455 21
5456 35
5457 11
5458 5
5459 8
5460 12
5461 13
5462 2
5463 11
5464 20
5465 0
5466 8
5467 18
5468 19
5469 2
5470 14
5471 35
5472 23
5473 9
5474 32
5475 8
5476 34
5477 10
5478 2
5479 14
5480 11
5481 2
5482 17
5483 35
5484 13
5485 35
5486 8
5487 10
5488 11
5489 35
5490 2
5491 10
5492 29
5493 14
5494 6
5495 23
5496 35
5497 21
5498 32
5499 11
5500 15
5501 24
5502 18
5503 35
5504 10
5505 35
5506 35
5507 16
5508 10
5509 8
5510 11
5511 14
5512 3
5513 0
5514 35
5515 5
5516 11
5517 28
5518 19
5519 11
5520 19
5521 24
5522 23
5523 35
5524 8
5525 14
5526 24
5527 12
5528 10
5529 35
5530 32
5531 35
5532 2
5533 8
5534 34
5535 23
5536 8
5537 27
5538 10
5539 35
5540 35
5541 8
5542 5
5543 0
5544 5
5545 18
5546 8
5547 5
5548 8
5549 19
5550 35
5551 1
5552 8
5553 5
5554 8
5555 35
5556 35
5557 8
5558 2
5559 33
5560 27
5561 35
5562 29
5563 4
5564 8
5565 8
5566 14
5567 17
5568 2
5569 9
5570 17
5571 0
5572 8
5573 35
5574 35
5575 24
5576 12
5577 15
5578 33
5579 8
5580 35
5581 8
5582 35
5583 11
5584 1
5585 21
5586 11
5587 24
5588 8
5589 2
5590 19
5591 23
5592 16
5593 8
5594 2
5595 35
5596 35
5597 10
5598 35
5599 6
5600 8
5601 5
5602 35
5603 35
5604 17
5605 26
5606 8
5607 13
5608 35
5609 25
5610 35
5611 5
5612 10
5613 6
5614 11
5615 11
5616 1
5617 8
5618 2
5619 10
5620 35
5621 10
5622 11
5623 27
5624 8
5625 35
5626 10
5627 10
5628 8
5629 8
5630 1
5631 10
5632 6
5633 8
5634 1
5635 6
5636 24
5637 10
5638 35
5639 8
5640 21
5641 5
5642 8
5643 11
5644 24
5645 8
5646 8
5647 9
5648 35
5649 14
5650 7
5651 35
5652 11
5653 3
5654 19
5655 11
5656 35
5657 0
5658 17
5659 16
5660 28
5661 35
5662 1
5663 10
5664 19
5665 18
5666 10
5667 27
5668 35
5669 9
5670 16
5671 11
5672 11
5673 8
5674 8
5675 35
5676 10
5677 23
5678 11
5679 8
5680 11
5681 2
5682 35
5683 12
5684 8
5685 1
5686 5
5687 6
5688 19
5689 2
5690 1
5691 35
5692 8
5693 18
5694 8
5695 32
5696 0
5697 10
5698 24
5699 1
5700 17
5701 35
5702 35
5703 35
5704 8
5705 35
5706 28
5707 2
5708 18
5709 5
5710 10
5711 8
5712 35
5713 19
5714 10
5715 10
5716 14
5717 7
5718 11
5719 17
5720 24
5721 19
5722 10
5723 28
5724 2
5725 35
5726 1
5727 5
5728 27
5729 35
5730 18
5731 26
5732 6
5733 17
5734 25
5735 17
5736 6
5737 9
5738 16
5739 10
5740 2
5741 11
5742 35
5743 2
5744 35
5745 17
5746 18
5747 10
5748 24
5749 5
5750 6
5751 13
5752 5
5753 6
5754 10
5755 25
5756 3
5757 8
5758 11
5759 35
5760 16
5761 5
5762 35
5763 2
5764 5
5765 16
5766 35
5767 14
5768 35
5769 35
5770 10
5771 3
5772 35
5773 7
5774 14
5775 5
5776 35
5777 8
5778 35
5779 2
5780 1
5781 2
5782 1
5783 35
5784 18
5785 16
5786 0
5787 35
5788 35
5789 0
5790 18
5791 15
5792 8
5793 12
5794 6
5795 9
5796 14
5797 11
5798 2
5799 24
5800 1
5801 25
5802 2
5803 21
5804 2
5805 1
5806 11
5807 8
5808 32
5809 8
5810 2
5811 3
5812 13
5813 11
5814 8
5815 8
5816 8
5817 8
5818 27
5819 27
5820 35
5821 24
5822 8
5823 13
5824 5
5825 2
5826 10
5827 27
5828 2
5829 12
5830 24
5831 6
5832 5
5833 8
5834 27
5835 2
5836 1
5837 8
5838 8
5839 19
5840 24
5841 6
5842 8
5843 2
5844 5
5845 11
5846 35
5847 35
5848 21
5849 27
5850 30
5851 6
5852 19
5853 35
5854 11
5855 35
5856 10
5857 10
5858 20
5859 8
5860 29
5861 10
5862 2
5863 22
5864 5
5865 24
5866 1
5867 17
5868 7
5869 16
5870 8
5871 35
5872 18
5873 14
5874 17
5875 10
5876 12
5877 2
5878 35
5879 14
5880 24
5881 8
5882 35
5883 19
5884 21
5885 21
5886 24
5887 28
5888 1
5889 24
5890 11
5891 23
5892 21
5893 1
5894 8
5895 35
5896 5
5897 35
5898 12
5899 35
5900 23
5901 30
5902 3
5903 18
5904 1
5905 2
5906 35
5907 2
5908 8
5909 35
5910 3
5911 17
5912 10
5913 12
5914 2
5915 8
5916 1
5917 18
5918 27
5919 35
5920 2
5921 6
5922 4
5923 18
5924 8
5925 21
5926 14
5927 19
5928 21
5929 5
5930 21
5931 7
5932 1
5933 13
5934 29
5935 11
5936 27
5937 8
5938 35
5939 7
5940 32
5941 19
5942 24
5943 24
5944 10
5945 10
5946 24
5947 11
5948 8
5949 32
5950 24
5951 12
5952 2
5953 35
5954 1
5955 35
5956 11
5957 3
5958 3
5959 8
5960 18
5961 27
5962 35
5963 18
5964 35
5965 7
5966 19
5967 27
5968 5
5969 19
5970 35
5971 25
5972 32
5973 28
5974 2
5975 19
5976 35
5977 12
5978 11
5979 11
5980 12
5981 35
5982 35
5983 0
5984 5
5985 14
5986 35
5987 24
5988 5
5989 24
5990 35
5991 8
5992 5
5993 8
5994 25
5995 11
5996 16
5997 35
5998 8
5999 35
6000 10
6001 3
6002 35
6003 19
6004 2
6005 2
6006 2
6007 0
6008 5
6009 24
6010 21
6011 18
6012 25
6013 11
6014 19
6015 8
6016 34
6017 24
6018 16
6019 8
6020 35
6021 24
6022 4
6023 9
6024 8
6025 8
6026 8
6027 35
6028 8
6029 24
6030 24
6031 35
6032 26
6033 12
6034 1
6035 8
6036 35
6037 11
6038 17
6039 11
6040 35
6041 1
6042 8
6043 7
6044 8
6045 2
6046 24
6047 10
6048 21
6049 0
6050 24
6051 11
6052 8
6053 5
6054 23
6055 15
6056 2
6057 0
6058 0
6059 11
6060 35
6061 10
6062 10
6063 2
6064 6
6065 2
6066 35
6067 16
6068 35
6069 17
6070 19
6071 29
6072 8
6073 8
6074 24
6075 12
6076 8
6077 8
6078 26
6079 35
6080 14
6081 6
6082 14
6083 35
6084 6
6085 35
6086 0
6087 20
6088 18
6089 5
6090 21
6091 7
6092 26
6093 2
6094 34
6095 1
6096 28
6097 35
6098 1
6099 1
6100 16
6101 1
6102 35
6103 5
6104 8
6105 8
6106 10
6107 8
6108 14
6109 14
6110 8
6111 6
6112 19
6113 8
6114 24
6115 35
6116 2
6117 15
6118 18
6119 18
6120 24
6121 35
6122 16
6123 35
6124 11
6125 14
6126 25
6127 19
6128 35
6129 5
6130 8
6131 9
6132 8
6133 35
6134 8
6135 12
6136 18
6137 32
6138 1
6139 10
6140 10
6141 4
6142 1
6143 2
6144 1
6145 5
6146 1
6147 35
6148 8
6149 9
6150 14
6151 16
6152 8
6153 5
6154 2
6155 27
6156 1
6157 2
6158 8
6159 2
6160 19
6161 5
6162 11
6163 29
6164 8
6165 2
6166 32
6167 24
6168 2
6169 2
6170 27
6171 35
6172 35
6173 14
6174 2
6175 11
6176 8
6177 35
6178 35
6179 35
6180 5
6181 23
6182 35
6183 1
6184 10
6185 24
6186 8
6187 14
6188 35
6189 19
6190 35
6191 5
6192 21
6193 35
6194 2
6195 15
6196 9
6197 30
6198 35
6199 14
6200 19
6201 2
6202 21
6203 19
6204 8
6205 30
6206 6
6207 26
6208 8
6209 13
6210 8
6211 35
6212 2
6213 26
6214 8
6215 8
6216 12
6217 18
6218 35
6219 17
6220 12
6221 29
6222 10
6223 5
6224 19
6225 11
6226 35
6227 17
6228 11
6229 3
6230 5
6231 24
6232 19
6233 20
6234 18
6235 10
6236 14
6237 11
6238 17
6239 19
6240 2
6241 11
6242 11
6243 14
6244 19
6245 21
6246 35
6247 2
6248 33
6249 8
6250 8
6251 35
6252 2
6253 14
6254 14
6255 10
6256 8
6257 8
6258 2
6259 8
6260 19
6261 5
6262 27
6263 35
6264 5
6265 14
6266 6
6267 11
6268 35
6269 16
6270 24
6271 10
6272 32
6273 15
6274 14
6275 35
6276 16
6277 14
6278 26
6279 11
6280 16
6281 35
6282 18
6283 0
6284 10
6285 35
6286 19
6287 2
6288 1
6289 9
6290 8
6291 10
6292 10
6293 11
6294 8
6295 8
6296 27
6297 3
6298 12
6299 8
6300 11
6301 10
6302 19
6303 34
6304 5
6305 35
6306 35
6307 5
6308 8
6309 35
6310 2
6311 14
6312 1
6313 3
6314 11
6315 8
6316 10
6317 35
6318 0
6319 8
6320 29
6321 24
6322 0
6323 8
6324 3
6325 2
6326 2
6327 35
6328 11
6329 11
6330 17
6331 8
6332 11
6333 6
6334 35
6335 35
6336 9
6337 16
6338 6
6339 10
6340 11
6341 33
6342 5
6343 1
6344 8
6345 35
6346 9
6347 35
6348 35
6349 1
6350 8
6351 27
6352 24
6353 35
6354 35
6355 10
6356 28
6357 24
6358 2
6359 8
6360 19
6361 10
6362 8
6363 27
6364 2
6365 17
6366 8
6367 10
6368 2
6369 35
6370 15
6371 2
6372 8
6373 8
6374 23
6375 16
6376 10
6377 27
6378 8
6379 9
6380 35
6381 0
6382 1
6383 3
6384 19
6385 24
6386 6
6387 35
6388 35
6389 8
6390 5
6391 8
6392 10
6393 35
6394 35
6395 35
6396 24
6397 8
6398 14
6399 35
6400 15
6401 17
6402 8
6403 14
6404 8
6405 5
6406 8
6407 18
6408 19
6409 35
6410 5
6411 32
6412 5
6413 24
6414 10
6415 35
6416 5
6417 35
6418 5
6419 6
6420 35
6421 11
6422 5
6423 35
6424 35
6425 6
6426 35
6427 14
6428 2
6429 35
6430 19
6431 27
6432 1
6433 17
6434 11
6435 24
6436 35
6437 10
6438 35
6439 35
6440 35
6441 20
6442 24
6443 21
6444 35
6445 34
6446 30
6447 34
6448 6
6449 2
6450 17
6451 2
6452 31
6453 1
6454 1
6455 24
6456 4
6457 2
6458 11
6459 24
6460 2
6461 27
6462 35
6463 8
6464 11
6465 10
6466 17
6467 11
6468 35
6469 19
6470 24
6471 24
6472 18
6473 10
6474 6
6475 30
6476 8
6477 14
6478 19
6479 5
6480 35
6481 6
6482 14
6483 12
6484 35
6485 11
6486 3
6487 14
6488 10
6489 6
6490 19
6491 11
6492 21
6493 35
6494 35
6495 35
6496 35
6497 10
6498 3
6499 10
6500 11
6501 19
6502 24
6503 32
6504 1
6505 8
6506 24
6507 35
6508 0
6509 2
6510 35
6511 5
6512 8
6513 35
6514 8
6515 14
6516 8
6517 2
6518 11
6519 8
6520 1
6521 24
6522 8
6523 24
6524 35
6525 35
6526 14
6527 24
6528 17
6529 35
6530 10
6531 11
6532 2
6533 11
6534 2
6535 11
6536 12
6537 35
6538 35
6539 17
6540 12
6541 35
6542 3
6543 24
6544 35
6545 34
6546 24
6547 25
6548 2
6549 2
6550 2
6551 7
6552 30
6553 17
6554 11
6555 2
6556 29
6557 8
6558 2
6559 24
6560 2
6561 35
6562 2
6563 17
6564 24
6565 35
6566 28
6567 1
6568 35
6569 14
6570 23
6571 5
6572 35
6573 10
6574 35
6575 11
6576 10
6577 2
6578 35
6579 18
6580 10
6581 25
6582 19
6583 7
6584 16
6585 35
6586 35
6587 16
6588 35
6589 17
6590 35
6591 8
6592 19
6593 2
6594 1
6595 1
6596 31
6597 25
6598 6
6599 35
6600 1
6601 10
6602 24
6603 35
6604 28
6605 24
6606 10
6607 5
6608 8
6609 1
6610 8
6611 35
6612 24
6613 19
6614 11
6615 7
6616 8
6617 2
6618 8
6619 6
6620 8
6621 8
6622 8
6623 1
6624 16
6625 33
6626 8
6627 32
6628 8
6629 10
6630 18
6631 26
6632 2
6633 24
6634 19
6635 19
6636 23
6637 1
6638 11
6639 14
6640 8
6641 3
6642 2
6643 1
6644 6
6645 2
6646 7
6647 6
6648 35
6649 11
6650 14
6651 3
6652 2
6653 8
6654 2
6655 10
6656 35
6657 2
6658 6
6659 17
6660 11
6661 35
6662 0
6663 35
6664 20
6665 35
6666 1
6667 9
6668 5
6669 35
6670 16
6671 11
6672 18
6673 24
6674 3
6675 8
6676 6
6677 35
6678 10
6679 18
6680 10
6681 32
6682 2
6683 8
6684 28
6685 21
6686 24
6687 8
6688 30
6689 26
6690 8
6691 35
6692 17
6693 21
6694 35
6695 17
6696 8
6697 3
6698 18
6699 35
6700 14
6701 11
6702 10
6703 35
6704 5
6705 2
6706 5
6707 35
6708 35
6709 11
6710 35
6711 35
6712 7
6713 24
6714 35
6715 32
6716 8
6717 9
6718 8
6719 35
6720 35
6721 23
6722 17
6723 5
6724 8
6725 18
6726 5
6727 8
6728 19
6729 8
6730 5
6731 18
6732 2
6733 35
6734 18
6735 35
6736 2
6737 28
6738 3
6739 5
6740 35
6741 35
6742 24
6743 35
6744 34
6745 29
6746 8
6747 18
6748 10
6749 35
6750 16
6751 35
6752 19
6753 33
6754 8
6755 1
6756 6
6757 35
6758 16
6759 9
6760 10
6761 17
6762 14
6763 27
6764 8
6765 8
6766 8
6767 20
6768 24
6769 33
6770 17
6771 8
6772 5
6773 8
6774 6
6775 10
6776 19
6777 8
6778 24
6779 18
6780 9
6781 12
6782 10
6783 5
6784 32
6785 6
6786 17
6787 35
6788 35
6789 11
6790 27
6791 18
6792 8
6793 35
6794 34
6795 35
6796 35
6797 35
6798 1
6799 10
6800 12
6801 35
6802 21
6803 31
6804 12
6805 3
6806 35
6807 15
6808 2
6809 34
6810 1
6811 35
6812 23
6813 2
6814 35
6815 6
6816 1
6817 2
6818 18
6819 11
6820 8
6821 10
6822 9
6823 11
6824 35
6825 24
6826 19
6827 11
6828 19
6829 32
6830 8
6831 18
6832 14
6833 32
6834 24
6835 19
6836 7
6837 35
6838 24
6839 1
6840 35
6841 8
6842 35
6843 25
6844 6
6845 11
6846 19
6847 10
6848 24
6849 9
6850 11
6851 4
6852 6
6853 33
6854 16
6855 11
6856 7
6857 1
6858 9
6859 17
6860 35
6861 5
6862 2
6863 35
6864 16
6865 6
6866 5
6867 10
6868 8
6869 30
6870 28
6871 35
6872 1
6873 35
6874 8
6875 21
6876 14
6877 24
6878 8
6879 8
6880 11
6881 2
6882 20
6883 9
6884 28
6885 1
6886 4
6887 27
6888 2
6889 0
6890 8
6891 18
6892 16
6893 19
6894 8
6895 13
6896 19
6897 11
6898 2
6899 10
6900 11
6901 46
6902 18
6903 6
6904 8
6905 35
6906 17
6907 2
6908 35
6909 5
6910 35
6911 8
6912 35
6913 19
6914 16
6915 35
6916 2
6917 35
6918 10
6919 35
6920 18
6921 17
6922 32
6923 3
6924 8
6925 19
6926 11
6927 6
6928 2
6929 5
6930 8
6931 18
6932 8
6933 33
6934 8
6935 11
6936 35
6937 35
6938 23
6939 8
6940 6
6941 24
6942 13
6943 5
6944 35
6945 2
6946 9
6947 24
6948 35
6949 6
6950 13
6951 10
6952 1
6953 27
6954 35
6955 2
6956 14
6957 8
6958 8
6959 16
6960 19
6961 11
6962 17
6963 2
6964 35
6965 8
6966 10
6967 6
6968 14
6969 8
6970 6
6971 35
6972 30
6973 8
6974 6
6975 35
6976 10
6977 35
6978 10
6979 32
6980 24
6981 10
6982 8
6983 1
6984 16
6985 35
6986 34
6987 35
6988 8
6989 34
6990 14
6991 19
6992 13
6993 10
6994 8
6995 14
6996 14
6997 19
6998 14
6999 12
7000 6
7001 35
7002 11
7003 8
7004 35
7005 8
7006 2
7007 35
7008 8
7009 19
7010 32
7011 12
7012 16
7013 8
7014 9
7015 24
7016 35
7017 3
7018 24
7019 1
7020 8
7021 8
7022 2
7023 24
7024 6
7025 16
7026 21
7027 19
7028 35
7029 24
7030 32
7031 35
7032 8
7033 35
7034 35
7035 17
7036 24
7037 4
7038 10
7039 19
7040 35
7041 2
7042 8
7043 11
7044 8
7045 35
7046 35
7047 11
7048 28
7049 5
7050 10
7051 0
7052 35
7053 17
7054 8
7055 35
7056 18
7057 35
7058 49
7059 8
7060 19
7061 10
7062 35
7063 1
7064 14
7065 1
7066 30
7067 9
7068 11
7069 35
7070 35
7071 11
7072 15
7073 35
7074 27
7075 8
7076 21
7077 10
7078 20
7079 16
7080 35
7081 35
7082 27
7083 23
7084 12
7085 24
7086 8
7087 35
7088 7
7089 11
7090 11
7091 24
7092 8
7093 18
7094 35
7095 2
7096 8
7097 27
7098 11
7099 10
7100 35
7101 2
7102 2
7103 4
7104 9
7105 8
7106 12
7107 10
7108 2
7109 19
7110 17
7111 8
7112 3
7113 20
7114 35
7115 2
7116 5
7117 30
7118 35
7119 15
7120 14
7121 35
7122 17
7123 6
7124 35
7125 17
7126 6
7127 24
7128 6
7129 25
7130 2
7131 27
7132 1
7133 16
7134 35
7135 8
7136 2
7137 30
7138 8
7139 35
7140 19
7141 11
7142 8
7143 10
7144 35
7145 14
7146 2
7147 10
7148 10
7149 8
7150 35
7151 35
7152 19
7153 8
7154 11
7155 26
7156 17
7157 5
7158 8
7159 29
7160 18
7161 8
7162 14
7163 35
7164 24
7165 8
7166 34
7167 8
7168 35
7169 4
7170 1
7171 4
7172 8
7173 8
7174 27
7175 1
7176 19
7177 8
7178 35
7179 14
7180 10
7181 33
7182 2
7183 5
7184 31
7185 11
7186 19
7187 8
7188 19
7189 21
7190 35
7191 35
7192 17
7193 8
7194 1
7195 10
7196 35
7197 13
7198 6
7199 27
7200 2
7201 35
7202 14
7203 17
7204 8
7205 16
7206 18
7207 19
7208 11
7209 35
7210 3
7211 35
7212 29
7213 18
7214 18
7215 1
7216 11
7217 8
7218 14
7219 35
7220 35
7221 17
7222 29
7223 10
7224 3
7225 11
7226 19
7227 17
7228 14
7229 32
7230 8
7231 11
7232 8
7233 28
7234 2
7235 14
7236 11
7237 35
7238 35
7239 12
7240 14
7241 16
7242 5
7243 8
7244 35
7245 19
7246 35
7247 35
7248 11
7249 8
7250 6
7251 35
7252 19
7253 10
7254 24
7255 12
7256 2
7257 5
7258 15
7259 8
7260 16
7261 35
7262 10
7263 19
7264 35
7265 23
7266 11
7267 11
7268 5
7269 11
7270 8
7271 6
7272 19
7273 1
7274 2
7275 24
7276 10
7277 1
7278 18
7279 10
7280 17
7281 3
7282 18
7283 11
7284 30
7285 27
7286 24
7287 12
7288 28
7289 8
7290 6
7291 32
7292 35
7293 14
7294 6
7295 33
7296 35
7297 5
7298 24
7299 8
7300 11
7301 8
7302 18
7303 13
7304 14
7305 5
7306 8
7307 17
7308 8
7309 16
7310 16
7311 35
7312 16
7313 28
7314 11
7315 5
7316 14
7317 35
7318 11
7319 28
7320 5
7321 0
7322 35
7323 0
7324 19
7325 8
7326 5
7327 10
7328 13
7329 18
7330 35
7331 35
7332 6
7333 17
7334 21
7335 35
7336 35
7337 5
7338 10
7339 8
7340 17
7341 21
7342 19
7343 17
7344 24
7345 2
7346 31
7347 25
7348 29
7349 8
7350 9
7351 11
7352 3
7353 25
7354 35
7355 1
7356 32
7357 17
7358 35
7359 24
7360 8
7361 14
7362 27
7363 35
7364 14
7365 16
7366 27
7367 35
7368 18
7369 10
7370 14
7371 35
7372 12
7373 31
7374 6
7375 14
7376 8
7377 27
7378 11
7379 10
7380 9
7381 14
7382 19
7383 19
7384 15
7385 14
7386 8
7387 35
7388 27
7389 8
7390 19
7391 9
7392 10
7393 11
7394 34
7395 20
7396 8
7397 27
7398 14
7399 2
7400 2
7401 8
7402 18
7403 8
7404 2
7405 14
7406 17
7407 8
7408 1
7409 0
7410 35
7411 11
7412 12
7413 11
7414 35
7415 8
7416 17
7417 9
7418 16
7419 15
7420 10
7421 5
7422 35
7423 8
7424 27
7425 29
7426 11
7427 35
7428 35
7429 10
7430 8
7431 14
7432 18
7433 8
7434 3
7435 14
7436 0
7437 7
7438 18
7439 35
7440 18
7441 24
7442 8
7443 28
7444 24
7445 14
7446 15
7447 35
7448 10
7449 9
7450 17
7451 3
7452 2
7453 2
7454 5
7455 35
7456 35
7457 5
7458 1
7459 2
7460 11
7461 24
7462 19
7463 10
7464 32
7465 34
7466 10
7467 35
7468 10
7469 32
7470 35
7471 35
7472 24
7473 5
7474 8
7475 27
7476 35
7477 19
7478 9
7479 35
7480 8
7481 2
7482 28
7483 11
7484 5
7485 8
7486 8
7487 1
7488 35
7489 8
7490 2
7491 1
7492 35
7493 5
7494 19
7495 11
7496 0
7497 9
7498 35
7499 19
7500 13
7501 19
7502 8
7503 35
7504 6
7505 11
7506 8
7507 35
7508 1
7509 16
7510 8
7511 35
7512 35
7513 17
7514 24
7515 8
7516 35
7517 3
7518 3
7519 24
7520 10
7521 10
7522 35
7523 24
7524 35
7525 10
7526 17
7527 17
7528 35
7529 2
7530 35
7531 14
7532 9
7533 23
7534 11
7535 11
7536 11
7537 35
7538 10
7539 1
7540 35
7541 0
7542 2
7543 10
7544 21
7545 35
7546 8
7547 5
7548 35
7549 11
7550 18
7551 35
7552 35
7553 19
7554 35
7555 10
7556 0
7557 24
7558 16
7559 2
7560 14
7561 22
7562 25
7563 35
7564 14
7565 24
7566 8
7567 3
7568 8
7569 8
7570 20
7571 1
7572 1
7573 10
7574 28
7575 10
7576 8
7577 0
7578 11
7579 32
7580 24
7581 35
7582 2
7583 8
7584 24
7585 12
7586 16
7587 6
7588 4
7589 2
7590 30
7591 27
7592 1
7593 2
7594 16
7595 8
7596 6
7597 16
7598 12
7599 8
7600 8
7601 14
7602 10
7603 5
7604 35
7605 28
7606 24
7607 6
7608 35
7609 35
7610 18
7611 35
7612 28
7613 8
7614 35
7615 15
7616 19
7617 35
7618 35
7619 8
7620 18
7621 29
7622 8
7623 16
7624 2
7625 2
7626 2
7627 2
7628 16
7629 8
7630 16
7631 10
7632 10
7633 7
7634 18
7635 35
7636 10
7637 1
7638 5
7639 11
7640 32
7641 11
7642 35
7643 35
7644 35
7645 35
7646 35
7647 8
7648 2
7649 1
7650 14
7651 12
7652 14
7653 5
7654 1
7655 8
7656 1
7657 14
7658 9
7659 35
7660 8
7661 10
7662 14
7663 2
7664 8
7665 12
7666 10
7667 35
7668 15
7669 10
7670 8
7671 1
7672 35
7673 19
7674 8
7675 35
7676 8
7677 10
7678 25
7679 19
7680 8
7681 2
7682 10
7683 23
7684 10
7685 10
7686 24
7687 10
7688 8
7689 11
7690 12
7691 31
7692 3
7693 2
7694 4
7695 1
7696 16
7697 2
7698 11
7699 35
7700 11
7701 35
7702 11
7703 27
7704 35
7705 24
7706 14
7707 11
7708 27
7709 35
7710 9
7711 15
7712 6
7713 5
7714 35
7715 35
7716 10
7717 5
7718 35
7719 2
7720 35
7721 35
7722 10
7723 2
7724 24
7725 35
7726 6
7727 8
7728 20
7729 15
7730 23
7731 16
7732 23
7733 10
7734 8
7735 10
7736 11
7737 35
7738 19
7739 10
7740 8
7741 19
7742 11
7743 2
7744 8
7745 11
7746 35
7747 24
7748 2
7749 8
7750 35
7751 16
7752 21
7753 29
7754 9
7755 12
7756 35
7757 8
7758 24
7759 35
7760 2
7761 16
7762 9
7763 28
7764 35
7765 0
7766 5
7767 10
7768 5
7769 11
7770 16
7771 21
7772 35
7773 24
7774 35
7775 35
7776 27
7777 14
7778 12
7779 6
7780 35
7781 8
7782 6
7783 11
7784 14
7785 11
7786 8
7787 8
7788 35
7789 31
7790 8
7791 26
7792 8
7793 1
7794 35
7795 35
7796 11
7797 35
7798 1
7799 11
7800 8
7801 35
7802 35
7803 23
7804 10
7805 10
7806 27
7807 35
7808 35
7809 8
7810 16
7811 25
7812 35
7813 15
7814 8
7815 24
7816 35
7817 2
7818 35
7819 5
7820 10
7821 5
7822 8
7823 35
7824 18
7825 35
7826 1
7827 35
7828 8
7829 35
7830 5
7831 14
7832 8
7833 8
7834 14
7835 8
7836 8
7837 35
7838 30
7839 13
7840 10
7841 3
7842 51
7843 6
7844 18
7845 8
7846 35
7847 8
7848 18
7849 8
7850 8
7851 35
7852 11
7853 18
7854 35
7855 6
7856 23
7857 20
7858 24
7859 35
7860 16
7861 19
7862 12
7863 11
7864 16
7865 2
7866 8
7867 5
7868 11
7869 10
7870 21
7871 24
7872 33
7873 2
7874 6
7875 9
7876 14
7877 32
7878 32
7879 8
7880 8
7881 8
7882 8
7883 18
7884 8
7885 11
7886 12
7887 10
7888 11
7889 24
7890 2
7891 13
7892 10
7893 35
7894 8
7895 8
7896 7
7897 35
7898 6
7899 35
7900 8
7901 6
7902 8
7903 35
7904 5
7905 8
7906 8
7907 0
7908 8
7909 2
7910 1
7911 14
7912 8
7913 14
7914 35
7915 2
7916 3
7917 16
7918 35
7919 6
7920 8
7921 5
7922 34
7923 35
7924 8
7925 10
7926 27
7927 1
7928 6
7929 27
7930 11
7931 35
7932 8
7933 35
7934 2
7935 10
7936 35
7937 33
7938 11
7939 8
7940 5
7941 2
7942 23
7943 1
7944 10
7945 35
7946 10
7947 27
7948 8
7949 35
7950 10
7951 5
7952 35
7953 12
7954 1
7955 0
7956 8
7957 10
7958 19
7959 8
7960 8
7961 14
7962 12
7963 2
7964 2
7965 35
7966 5
7967 8
7968 10
7969 8
7970 2
7971 1
7972 30
7973 11
7974 12
7975 10
7976 10
7977 5
7978 3
7979 32
7980 2
7981 23
7982 5
7983 11
7984 16
7985 35
7986 19
7987 35
7988 32
7989 15
7990 35
7991 0
7992 19
7993 10
7994 35
7995 2
7996 2
7997 11
7998 35
7999 18
8000 1
8001 11
8002 35
8003 35
8004 10
8005 8
8006 24
8007 35
8008 14
8009 35
8010 1
8011 2
8012 16
8013 15
8014 8
8015 8
8016 11
8017 35
8018 35
8019 11
8020 35
8021 20
8022 24
8023 8
8024 11
8025 10
8026 29
8027 2
8028 35
8029 35
8030 8
8031 19
8032 8
8033 17
8034 11
8035 5
8036 2
8037 6
8038 14
8039 24
8040 28
8041 1
8042 19
8043 34
8044 12
8045 14
8046 19
8047 11
8048 5
8049 2
8050 2
8051 33
8052 35
8053 2
8054 35
8055 6
8056 16
8057 35
8058 29
8059 35
8060 24
8061 2
8062 2
8063 1
8064 17
8065 35
8066 35
8067 6
8068 11
8069 3
8070 6
8071 35
8072 5
8073 8
8074 8
8075 19
8076 2
8077 35
8078 8
8079 15
8080 2
8081 18
8082 8
8083 10
8084 8
8085 27
8086 10
8087 8
8088 5
8089 24
8090 35
8091 10
8092 1
8093 35
8094 15
8095 11
8096 8
8097 35
8098 16
8099 24
8100 27
8101 19
8102 35
8103 29
8104 8
8105 8
8106 5
8107 11
8108 35
8109 8
8110 3
8111 11
8112 10
8113 10
8114 9
8115 27
8116 8
8117 8
8118 19
8119 24
8120 2
8121 35
8122 21
8123 10
8124 15
8125 10
8126 25
8127 11
8128 29
8129 15
8130 35
8131 2
8132 24
8133 11
8134 8
8135 17
8136 35
8137 3
8138 35
8139 35
8140 35
8141 3
8142 18
8143 11
8144 11
8145 8
8146 32
8147 35
8148 5
8149 5
8150 26
8151 8
8152 25
8153 33
8154 8
8155 8
8156 35
8157 35
8158 20
8159 1
8160 35
8161 11
8162 6
8163 8
8164 24
8165 11
8166 35
8167 19
8168 23
8169 29
8170 27
8171 8
8172 35
8173 35
8174 8
8175 26
8176 18
8177 5
8178 14
8179 10
8180 12
8181 19
8182 5
8183 11
8184 12
8185 28
8186 35
8187 24
8188 16
8189 35
8190 6
8191 8
8192 35
8193 35
8194 5
8195 20
8196 32
8197 7
8198 11
8199 35
8200 14
8201 23
8202 10
8203 35
8204 8
8205 16
8206 35
8207 5
8208 6
8209 18
8210 0
8211 11
8212 10
8213 19
8214 5
8215 11
8216 35
8217 8
8218 17
8219 8
8220 34
8221 10
8222 11
8223 3
8224 8
8225 16
8226 8
8227 20
8228 16
8229 24
8230 21
8231 19
8232 8
8233 1
8234 24
8235 6
8236 35
8237 35
8238 25
8239 8
8240 35
8241 31
8242 35
8243 8
8244 6
8245 35
8246 8
8247 15
8248 14
8249 8
8250 17
8251 10
8252 35
8253 4
8254 5
8255 27
8256 11
8257 35
8258 8
8259 24
8260 8
8261 16
8262 11
8263 24
8264 8
8265 11
8266 10
8267 35
8268 23
8269 14
8270 20
8271 8
8272 21
8273 17
8274 14
8275 33
8276 1
8277 35
8278 1
8279 18
8280 1
8281 2
8282 18
8283 0
8284 16
8285 8
8286 8
8287 1
8288 19
8289 31
8290 2
8291 8
8292 11
8293 35
8294 35
8295 35
8296 18
8297 16
8298 8
8299 10
8300 8
8301 8
8302 14
8303 35
8304 22
8305 15
8306 24
8307 21
8308 11
8309 10
8310 11
8311 15
8312 3
8313 0
8314 8
8315 8
8316 0
8317 16
8318 30
8319 11
8320 2
8321 1
8322 21
8323 34
8324 1
8325 9
8326 16
8327 2
8328 17
8329 12
8330 8
8331 2
8332 8
8333 0
8334 16
8335 8
8336 35
8337 8
8338 19
8339 5
8340 2
8341 10
8342 11
8343 2
8344 16
8345 10
8346 2
8347 35
8348 2
8349 23
8350 8
8351 12
8352 8
8353 2
8354 2
8355 24
8356 27
8357 23
8358 15
8359 35
8360 2
8361 27
8362 11
8363 8
8364 35
8365 15
8366 8
8367 14
8368 19
8369 6
8370 27
8371 2
8372 35
8373 1
8374 23
8375 2
8376 10
8377 11
8378 5
8379 24
8380 35
8381 35
8382 11
8383 23
8384 2
8385 35
8386 35
8387 14
8388 8
8389 35
8390 15
8391 17
8392 11
8393 2
8394 6
8395 10
8396 8
8397 15
8398 17
8399 10
8400 2
8401 35
8402 11
8403 23
8404 1
8405 15
8406 8
8407 2
8408 14
8409 23
8410 35
8411 0
8412 1
8413 17
8414 1
8415 24
8416 19
8417 10
8418 35
8419 5
8420 35
8421 8
8422 5
8423 5
8424 3
8425 14
8426 10
8427 5
8428 11
8429 35
8430 15
8431 24
8432 23
8433 11
8434 35
8435 11
8436 25
8437 17
8438 8
8439 35
8440 10
8441 27
8442 15
8443 11
8444 1
8445 35
8446 11
8447 14
8448 35
8449 27
8450 10
8451 10
8452 24
8453 30
8454 9
8455 2
8456 8
8457 5
8458 24
8459 19
8460 28
8461 27
8462 16
8463 21
8464 27
8465 14
8466 35
8467 35
8468 5
8469 4
8470 10
8471 25
8472 35
8473 35
8474 12
8475 29
8476 2
8477 35
8478 26
8479 8
8480 14
8481 2
8482 9
8483 11
8484 3
8485 24
8486 10
8487 5
8488 5
8489 35
8490 28
8491 18
8492 19
8493 8
8494 14
8495 11
8496 2
8497 16
8498 10
8499 10
8500 2
8501 8
8502 8
8503 8
8504 11
8505 8
8506 8
8507 10
8508 13
8509 8
8510 10
8511 4
8512 11
8513 20
8514 19
8515 30
8516 35
8517 32
8518 8
8519 20
8520 16
8521 8
8522 11
8523 35
8524 35
8525 2
8526 24
8527 8
8528 11
8529 12
8530 8
8531 14
8532 2
8533 24
8534 1
8535 11
8536 2
8537 11
8538 5
8539 10
8540 2
8541 19
8542 5
8543 16
8544 3
8545 18
8546 32
8547 11
8548 35
8549 35
8550 35
8551 2
8552 14
8553 6
8554 2
8555 8
8556 35
8557 29
8558 12
8559 11
8560 17
8561 19
8562 8
8563 8
8564 32
8565 21
8566 10
8567 32
8568 8
8569 8
8570 14
8571 10
8572 28
8573 10
8574 8
8575 8
8576 10
8577 35
8578 35
8579 8
8580 11
8581 8
8582 24
8583 11
8584 19
8585 1
8586 10
8587 35
8588 10
8589 14
8590 11
8591 24
8592 24
8593 14
8594 3
8595 24
8596 23
8597 3
8598 13
8599 12
8600 2
8601 19
8602 18
8603 18
8604 34
8605 12
8606 19
8607 1
8608 35
8609 7
8610 24
8611 35
8612 15
8613 24
8614 5
8615 0
8616 35
8617 6
8618 2
8619 31
8620 28
8621 17
8622 2
8623 19
8624 35
8625 10
8626 11
8627 11
8628 12
8629 35
8630 4
8631 5
8632 28
8633 24
8634 35
8635 8
8636 16
8637 6
8638 35
8639 11
8640 35
8641 25
8642 18
8643 28
8644 5
8645 35
8646 8
8647 29
8648 27
8649 8
8650 17
8651 24
8652 19
8653 8
8654 29
8655 35
8656 23
8657 10
8658 19
8659 35
8660 24
8661 21
8662 35
8663 29
8664 8
8665 35
8666 2
8667 35
8668 8
8669 5
8670 5
8671 35
8672 8
8673 1
8674 24
8675 8
8676 35
8677 10
8678 9
8679 16
8680 24
8681 13
8682 35
8683 10
8684 1
8685 21
8686 17
8687 35
8688 14
8689 11
8690 24
8691 23
8692 27
8693 3
8694 28
8695 24
8696 35
8697 24
8698 11
8699 24
8700 25
8701 18
8702 32
8703 19
8704 11
8705 18
8706 14
8707 3
8708 8
8709 12
8710 10
8711 6
8712 11
8713 1
8714 35
8715 35
8716 8
8717 23
8718 10
8719 10
8720 17
8721 35
8722 19
8723 5
8724 32
8725 10
8726 2
8727 8
8728 11
8729 2
8730 8
8731 8
8732 24
8733 35
8734 35
8735 5
8736 15
8737 35
8738 15
8739 29
8740 35
8741 2
8742 23
8743 1
8744 35
8745 14
8746 8
8747 24
8748 17
8749 3
8750 14
8751 8
8752 17
8753 12
8754 8
8755 26
8756 35
8757 2
8758 2
8759 8
8760 35
8761 14
8762 1
8763 35
8764 24
8765 11
8766 10
8767 24
8768 6
8769 14
8770 11
8771 17
8772 2
8773 24
8774 8
8775 35
8776 6
8777 2
8778 35
8779 35
8780 5
8781 8
8782 10
8783 2
8784 24
8785 18
8786 5
8787 8
8788 35
8789 8
8790 21
8791 35
8792 35
8793 8
8794 14
8795 2
8796 10
8797 18
8798 11
8799 16
8800 7
8801 8
8802 35
8803 8
8804 11
8805 11
8806 1
8807 5
8808 8
8809 35
8810 35
8811 35
8812 8
8813 11
8814 15
8815 2
8816 11
8817 16
8818 15
8819 6
8820 2
8821 32
8822 24
8823 10
8824 15
8825 19
8826 19
8827 2
8828 24
8829 35
8830 27
8831 35
8832 27
8833 35
8834 18
8835 10
8836 16
8837 18
8838 2
8839 11
8840 1
8841 15
8842 2
8843 35
8844 2
8845 8
8846 17
8847 23
8848 8
8849 35
8850 17
8851 30
8852 11
8853 8
8854 2
8855 20
8856 19
8857 8
8858 1
8859 15
8860 33
8861 35
8862 35
8863 8
8864 35
8865 23
8866 24
8867 19
8868 35
8869 24
8870 24
8871 35
8872 15
8873 2
8874 2
8875 27
8876 9
8877 13
8878 11
8879 9
8880 15
8881 10
8882 4
8883 35
8884 5
8885 14
8886 8
8887 0
8888 8
8889 35
8890 10
8891 32
8892 32
8893 19
8894 18
8895 8
8896 8
8897 24
8898 35
8899 10
8900 5
8901 8
8902 11
8903 8
8904 13
8905 1
8906 15
8907 10
8908 9
8909 20
8910 35
8911 14
8912 10
8913 35
8914 12
8915 34
8916 17
8917 31
8918 8
8919 35
8920 2
8921 11
8922 33
8923 35
8924 33
8925 35
8926 1
8927 6
8928 10
8929 8
8930 18
8931 8
8932 20
8933 14
8934 8
8935 35
8936 10
8937 3
8938 35
8939 28
8940 35
8941 9
8942 24
8943 35
8944 8
8945 19
8946 24
8947 18
8948 12
8949 35
8950 18
8951 21
8952 16
8953 12
8954 35
8955 11
8956 11
8957 0
8958 10
8959 5
8960 8
8961 1
8962 8
8963 8
8964 18
8965 8
8966 5
8967 4
8968 12
8969 1
8970 14
8971 19
8972 24
8973 7
8974 24
8975 23
8976 8
8977 19
8978 16
8979 35
8980 8
8981 35
8982 10
8983 35
8984 0
8985 12
8986 35
8987 2
8988 24
8989 14
8990 10
8991 24
8992 2
8993 16
8994 3
8995 18
8996 17
8997 11
8998 1
8999 6
9000 11
9001 24
9002 9
9003 24
9004 35
9005 5
9006 2
9007 2
9008 17
9009 0
9010 23
9011 18
9012 5
9013 1
9014 12
9015 23
9016 24
9017 10
9018 16
9019 6
9020 35
9021 8
9022 35
9023 35
9024 8
9025 24
9026 24
9027 24
9028 28
9029 35
9030 12
9031 5
9032 11
9033 35
9034 11
9035 35
9036 35
9037 10
9038 12
9039 15
9040 10
9041 8
9042 12
9043 35
9044 11
9045 3
9046 8
9047 35
9048 1
9049 2
9050 35
9051 35
9052 8
9053 2
9054 18
9055 8
9056 35
9057 35
9058 11
9059 3
9060 32
9061 17
9062 24
9063 23
9064 21
9065 5
9066 35
9067 35
9068 35
9069 35
9070 8
9071 11
9072 35
9073 14
9074 8
9075 1
9076 14
9077 14
9078 35
9079 10
9080 1
9081 35
9082 35
9083 2
9084 18
9085 2
9086 24
9087 11
9088 34
9089 14
9090 35
9091 35
9092 35
9093 16
9094 19
9095 11
9096 27
9097 2
9098 11
9099 10
9100 2
9101 14
9102 23
9103 35
9104 11
9105 2
9106 15
9107 19
9108 0
9109 32
9110 11
9111 1
9112 8
9113 2
9114 35
9115 2
9116 1
9117 35
9118 8
9119 24
9120 6
9121 14
9122 8
9123 2
9124 15
9125 8
9126 2
9127 11
9128 2
9129 27
9130 9
9131 14
9132 35
9133 32
9134 35
9135 8
9136 35
9137 2
9138 35
9139 35
9140 12
9141 11
9142 4
9143 2
9144 11
9145 15
9146 24
9147 2
9148 11
9149 0
9150 2
9151 18
9152 8
9153 35
9154 6
9155 11
9156 8
9157 27
9158 35
9159 35
9160 8
9161 35
9162 19
9163 35
9164 17
9165 32
9166 10
9167 2
9168 35
9169 35
9170 2
9171 10
9172 24
9173 24
9174 3
9175 4
9176 35
9177 35
9178 5
9179 16
9180 5
9181 12
9182 35
9183 8
9184 5
9185 8
9186 35
9187 24
9188 14
9189 2
9190 10
9191 35
9192 15
9193 24
9194 14
9195 35
9196 6
9197 8
9198 35
9199 20
9200 1
9201 17
9202 35
9203 8
9204 35
9205 2
9206 18
9207 8
9208 6
9209 8
9210 14
9211 2
9212 18
9213 1
9214 15
9215 34
9216 11
9217 11
9218 4
9219 8
9220 10
9221 8
9222 8
9223 35
9224 35
9225 34
9226 24
9227 24
9228 35
9229 8
9230 26
9231 8
9232 35
9233 17
9234 24
9235 35
9236 24
9237 35
9238 12
9239 8
9240 35
9241 10
9242 18
9243 19
9244 10
9245 35
9246 5
9247 10
9248 35
9249 11
9250 35
9251 23
9252 12
9253 8
9254 12
9255 8
9256 8
9257 24
9258 8
9259 28
9260 11
9261 28
9262 35
9263 11
9264 11
9265 35
9266 35
9267 35
9268 5
9269 2
9270 24
9271 11
9272 24
9273 6
9274 35
9275 35
9276 5
9277 31
9278 35
9279 35
9280 8
9281 8
9282 4
9283 20
9284 17
9285 32
9286 9
9287 11
9288 5
9289 35
9290 35
9291 11
9292 6
9293 35
9294 17
9295 8
9296 35
9297 1
9298 6
9299 11
9300 19
9301 1
9302 21
9303 10
9304 29
9305 11
9306 35
9307 35
9308 32
9309 35
9310 35
9311 17
9312 35
9313 35
9314 11
9315 20
9316 35
9317 17
9318 1
9319 10
9320 35
9321 11
9322 34
9323 8
9324 19
9325 7
9326 8
9327 2
9328 8
9329 8
9330 0
9331 10
9332 21
9333 14
9334 18
9335 8
9336 8
9337 0
9338 2
9339 8
9340 5
9341 24
9342 18
9343 8
9344 12
9345 1
9346 2
9347 2
9348 8
9349 8
9350 11
9351 8
9352 32
9353 8
9354 10
9355 19
9356 5
9357 10
9358 19
9359 12
9360 19
9361 10
9362 35
9363 2
9364 24
9365 15
9366 35
9367 30
9368 2
9369 8
9370 11
9371 35
9372 8
9373 19
9374 28
9375 1
9376 15
9377 2
9378 31
9379 10
9380 35
9381 24
9382 8
9383 8
9384 8
9385 10
9386 14
9387 11
9388 18
9389 35
9390 18
9391 12
9392 35
9393 10
9394 35
9395 33
9396 35
9397 8
9398 35
9399 35
9400 12
9401 13
9402 34
9403 14
9404 8
9405 8
9406 2
9407 8
9408 35
9409 27
9410 26
9411 35
9412 8
9413 8
9414 8
9415 10
9416 35
9417 35
9418 5
9419 1
9420 8
9421 28
9422 35
9423 35
9424 35
9425 34
9426 17
9427 2
9428 35
9429 2
9430 5
9431 11
9432 35
9433 24
9434 24
9435 15
9436 35
9437 23
9438 35
9439 2
9440 1
9441 17
9442 23
9443 5
9444 11
9445 35
9446 11
9447 35
9448 18
9449 9
9450 35
9451 35
9452 7
9453 1
9454 35
9455 13
9456 27
9457 21
9458 11
9459 2
9460 4
9461 1
9462 14
9463 18
9464 2
9465 10
9466 16
9467 35
9468 20
9469 24
9470 20
9471 24
9472 8
9473 25
9474 11
9475 11
9476 23
9477 24
9478 14
9479 28
9480 25
9481 2
9482 11
9483 10
9484 0
9485 11
9486 35
9487 8
9488 18
9489 8
9490 35
9491 8
9492 24
9493 9
9494 35
9495 18
9496 18
9497 20
9498 8
9499 8
9500 19
9501 8
9502 8
9503 24
9504 10
9505 10
9506 16
9507 8
9508 8
9509 14
9510 6
9511 12
9512 24
9513 33
9514 19
9515 24
9516 27
9517 35
9518 10
9519 18
9520 24
9521 8
9522 27
9523 35
9524 11
9525 24
9526 10
9527 2
9528 0
9529 35
9530 24
9531 28
9532 8
9533 8
9534 8
9535 15
9536 35
9537 17
9538 11
9539 29
9540 2
9541 0
9542 24
9543 19
9544 35
9545 8
9546 10
9547 10
9548 35
9549 26
9550 14
9551 8
9552 10
9553 19
9554 35
9555 14
9556 24
9557 35
9558 19
9559 8
9560 35
9561 8
9562 35
9563 2
9564 18
9565 8
9566 35
9567 3
9568 10
9569 32
9570 35
9571 8
9572 18
9573 35
9574 29
9575 35
9576 35
9577 6
9578 24
9579 24
9580 9
9581 35
9582 6
9583 19
9584 18
9585 8
9586 8
9587 14
9588 1
9589 2
9590 35
9591 35
9592 4
9593 5
9594 2
9595 35
9596 9
9597 8
9598 27
9599 2
9600 35
9601 2
9602 5
9603 7
9604 12
9605 8
9606 23
9607 20
9608 17
9609 8
9610 10
9611 19
9612 35
9613 11
9614 23
9615 5
9616 2
9617 18
9618 8
9619 35
9620 0
9621 1
9622 8
9623 11
9624 11
9625 35
9626 27
9627 2
9628 16
9629 6
9630 24
9631 8
9632 19
9633 14
9634 27
9635 2
9636 35
9637 24
9638 18
9639 10
9640 10
9641 4
9642 2
9643 21
9644 5
9645 8
9646 35
9647 10
9648 8
9649 8
9650 6
9651 19
9652 35
9653 19
9654 9
9655 5
9656 5
9657 35
9658 35
9659 5
9660 16
9661 3
9662 16
9663 35
9664 24
9665 3
9666 17
9667 18
9668 24
9669 11
9670 6
9671 14
9672 8
9673 8
9674 35
9675 2
9676 11
9677 6
9678 35
9679 2
9680 26
9681 7
9682 35
9683 8
9684 8
9685 11
9686 10
9687 8
9688 10
9689 35
9690 35
9691 10
9692 35
9693 10
9694 14
9695 8
9696 8
9697 35
9698 24
9699 11
9700 8
9701 8
9702 8
9703 1
9704 10
9705 35
9706 2
9707 11
9708 5
9709 8
9710 14
9711 8
9712 12
9713 8
9714 24
9715 10
9716 10
9717 11
9718 1
9719 35
9720 8
9721 5
9722 8
9723 35
9724 5
9725 10
9726 8
9727 17
9728 26
9729 16
9730 35
9731 11
9732 35
9733 35
9734 8
9735 11
9736 5
9737 11
9738 6
9739 16
9740 11
9741 35
9742 1
9743 21
9744 8
9745 6
9746 16
9747 8
9748 8
9749 28
9750 24
9751 35
9752 4
9753 12
9754 8
9755 11
9756 5
9757 20
9758 19
9759 24
9760 32
9761 27
9762 2
9763 35
9764 2
9765 1
9766 17
9767 12
9768 22
9769 5
9770 24
9771 8
9772 35
9773 18
9774 5
9775 28
9776 31
9777 12
9778 11
9779 1
9780 2
9781 28
9782 10
9783 16
9784 15
9785 19
9786 2
9787 35
9788 2
9789 16
9790 35
9791 8
9792 35
9793 5
9794 35
9795 19
9796 8
9797 12
9798 8
9799 2
9800 15
9801 35
9802 4
9803 11
9804 8
9805 35
9806 30
9807 1
9808 12
9809 3
9810 10
9811 0
9812 26
9813 2
9814 10
9815 27
9816 10
9817 10
9818 21
9819 2
9820 4
9821 35
9822 18
9823 1
9824 35
9825 2
9826 3
9827 8
9828 35
9829 8
9830 6
9831 14
9832 30
9833 10
9834 5
9835 32
9836 16
9837 5
9838 11
9839 5
9840 17
9841 35
9842 16
9843 15
9844 10
9845 8
9846 24
9847 8
9848 31
9849 11
9850 16
9851 19
9852 2
9853 24
9854 33
9855 9
9856 14
9857 24
9858 2
9859 11
9860 8
9861 11
9862 35
9863 14
9864 2
9865 35
9866 10
9867 19
9868 24
9869 8
9870 6
9871 8
9872 6
9873 11
9874 10
9875 35
9876 33
9877 1
9878 35
9879 11
9880 2
9881 35
9882 30
9883 3
9884 1
9885 6
9886 24
9887 10
9888 2
9889 7
9890 8
9891 1
9892 24
9893 8
9894 35
9895 0
9896 12
9897 8
9898 13
9899 8
9900 27
9901 6
9902 24
9903 35
9904 25
9905 12
9906 2
9907 35
9908 4
9909 10
9910 6
9911 11
9912 2
9913 35
9914 32
9915 35
9916 8
9917 14
9918 30
9919 3
9920 19
9921 3
9922 16
9923 8
9924 2
9925 8
9926 33
9927 6
9928 9
9929 6
9930 16
9931 3
9932 3
9933 35
9934 12
9935 35
9936 35
9937 11
9938 10
9939 5
9940 24
9941 28
9942 24
9943 8
9944 6
9945 0
9946 14
9947 19
9948 14
9949 15
9950 26
9951 25
9952 8
9953 24
9954 10
9955 2
9956 0
9957 18
9958 35
9959 3
9960 2
9961 6
9962 16
9963 6
9964 18
9965 6
9966 19
9967 6
9968 8
9969 10
9970 12
9971 8
9972 35
9973 2
9974 11
9975 11
9976 1
9977 17
9978 12
9979 8
9980 35
9981 6
9982 2
9983 18
9984 3
9985 4
9986 1
9987 24
9988 8
9989 19
9990 2
9991 1
9992 5
9993 8
9994 4
9995 6
9996 24
9997 27
9998 35
9999 35
10000 24
10001 9
10002 5
10003 2
10004 8
10005 1
10006 35
10007 5
10008 11
10009 2
10010 16
10011 16
10012 25
10013 2
10014 14
10015 8
10016 2
10017 35
10018 4
10019 5
10020 21
10021 24
10022 11
10023 35
10024 8
10025 1
10026 35
10027 15
10028 19
10029 35
10030 3
10031 35
10032 18
10033 10
10034 35
10035 15
10036 7
10037 13
10038 1
10039 0
10040 33
10041 1
10042 19
10043 34
10044 19
10045 2
10046 19
10047 8
10048 31
10049 35
10050 20
10051 8
10052 30
10053 3
10054 32
10055 35
10056 35
10057 3
10058 35
10059 1
10060 8
10061 7
10062 2
10063 8
10064 6
10065 8
10066 2
10067 6
10068 2
10069 5
10070 11
10071 3
10072 27
10073 19
10074 35
10075 35
10076 35
10077 11
10078 35
10079 35
10080 24
10081 35
10082 10
10083 4
10084 10
10085 33
10086 2
10087 12
10088 35
10089 17
10090 12
10091 2
10092 16
10093 27
10094 33
10095 30
10096 22
10097 18
10098 2
10099 27
10100 30
10101 8
10102 34
10103 6
10104 2
10105 2
10106 18
10107 27
10108 19
10109 35
10110 2
10111 27
10112 1
10113 18
10114 25
10115 2
10116 9
10117 35
10118 35
10119 12
10120 24
10121 35
10122 0
10123 16
10124 35
10125 9
10126 12
10127 1
10128 16
10129 8
10130 19
10131 11
10132 14
10133 0
10134 2
10135 25
10136 15
10137 1
10138 15
10139 4
10140 6
10141 2
10142 2
10143 6
10144 24
10145 8
10146 10
10147 3
10148 10
10149 0
10150 34
10151 18
10152 11
10153 8
10154 12
10155 35
10156 12
10157 35
10158 8
10159 35
10160 35
10161 33
10162 30
10163 14
10164 27
10165 24
10166 2
10167 18
10168 2
10169 27
10170 18
10171 18
10172 1
10173 20
10174 19
10175 8
10176 32
10177 25
10178 8
10179 14
10180 3
10181 19
10182 11
10183 11
10184 3
10185 11
10186 2
10187 11
10188 8
10189 5
10190 12
10191 11
10192 11
10193 35
10194 8
10195 27
10196 6
10197 2
10198 11
10199 12
10200 19
10201 35
10202 0
10203 8
10204 2
10205 13
10206 24
10207 8
10208 35
10209 11
10210 1
10211 11
10212 2
10213 30
10214 8
10215 18
10216 35
10217 26
10218 27
10219 14
10220 30
10221 19
10222 2
10223 8
10224 35
10225 11
10226 2
10227 16
10228 35
10229 30
10230 35
10231 21
10232 8
10233 35
10234 6
10235 12
10236 8
10237 2
10238 14
10239 35
10240 26
10241 17
10242 5
10243 24
10244 1
10245 10
10246 16
10247 12
10248 16
10249 19
10250 21
10251 8
10252 4
10253 1
10254 15
10255 35
10256 2
10257 32
10258 35
10259 19
10260 5
10261 24
10262 35
10263 35
10264 5
10265 5
10266 19
10267 10
10268 19
10269 35
10270 35
10271 35
10272 1
10273 27
10274 35
10275 35
10276 6
10277 35
10278 17
10279 18
10280 31
10281 8
10282 9
10283 3
10284 35
10285 22
10286 35
10287 18
10288 11
10289 19
10290 19
10291 8
10292 35
10293 31
10294 16
10295 28
10296 35
10297 35
10298 1
10299 10
10300 8
10301 24
10302 1
10303 35
10304 1
10305 11
10306 2
10307 1
10308 18
10309 8
10310 17
10311 27
10312 9
10313 1
10314 5
10315 6
10316 8
10317 10
10318 23
10319 8
10320 12
10321 35
10322 35
10323 4
10324 15
10325 35
10326 31
10327 0
10328 10
10329 10
10330 16
10331 6
10332 11
10333 24
10334 35
10335 10
10336 1
10337 13
10338 35
10339 34
10340 8
10341 18
10342 30
10343 19
10344 18
10345 30
10346 32
10347 24
10348 8
10349 8
10350 10
10351 1
10352 30
10353 16
10354 33
10355 21
10356 2
10357 8
10358 2
10359 6
10360 30
10361 24
10362 5
10363 10
10364 35
10365 35
10366 35
10367 0
10368 18
10369 24
10370 1
10371 7
10372 8
10373 8
10374 24
10375 10
10376 2
10377 0
10378 10
10379 19
10380 10
10381 35
10382 24
10383 29
10384 16
10385 24
10386 35
10387 8
10388 0
10389 6
10390 5
10391 35
10392 10
10393 31
10394 1
10395 10
10396 2
10397 5
10398 1
10399 1
10400 9
10401 35
10402 19
10403 1
10404 15
10405 10
10406 10
10407 22
10408 6
10409 35
10410 35
10411 0
10412 5
10413 12
10414 5
10415 35
10416 8
10417 33
10418 12
10419 30
10420 8
10421 12
10422 15
10423 8
10424 2
10425 14
10426 6
10427 6
10428 29
10429 31
10430 12
10431 11
10432 12
10433 6
10434 2
10435 11
10436 3
10437 5
10438 1
10439 18
10440 10
10441 35
10442 0
10443 35
10444 0
10445 35
10446 4
10447 24
10448 16
10449 6
10450 8
10451 4
10452 10
10453 8
10454 32
10455 10
10456 19
10457 11
10458 16
10459 2
10460 10
10461 8
10462 11
10463 16
10464 5
10465 12
10466 27
10467 17
10468 3
10469 12
10470 17
10471 8
10472 2
10473 17
10474 2
10475 35
10476 5
10477 24
10478 15
10479 2
10480 6
10481 35
10482 5
10483 35
10484 10
10485 0
10486 2
10487 17
10488 15
10489 26
10490 26
10491 2
10492 8
10493 11
10494 8
10495 8
10496 26
10497 12
10498 7
10499 19
10500 2
10501 11
10502 16
10503 35
10504 2
10505 35
10506 25
10507 29
10508 19
10509 12
10510 1
10511 29
10512 19
10513 10
10514 35
10515 16
10516 16
10517 35
10518 35
10519 3
10520 6
10521 11
10522 8
10523 19
10524 35
10525 21
10526 11
10527 35
10528 35
10529 35
10530 30
10531 1
10532 21
10533 24
10534 24
10535 8
10536 32
10537 8
10538 19
10539 24
10540 8
10541 11
10542 35
10543 19
10544 2
10545 1
10546 31
10547 9
10548 8
10549 18
10550 35
10551 21
10552 5
10553 2
10554 10
10555 30
10556 24
10557 31
10558 35
10559 25
10560 8
10561 11
10562 5
10563 32
10564 2
10565 12
10566 8
10567 12
10568 8
10569 35
10570 12
10571 5
10572 8
10573 35
10574 25
10575 8
10576 2
10577 17
10578 24
10579 19
10580 5
10581 35
10582 2
10583 11
10584 26
10585 18
10586 10
10587 21
10588 16
10589 14
10590 9
10591 8
10592 26
10593 35
10594 35
10595 26
10596 8
10597 32
10598 8
10599 19
10600 14
10601 12
10602 31
10603 8
10604 8
10605 11
10606 11
10607 16
10608 24
10609 19
10610 2
10611 10
10612 3
10613 2
10614 14
10615 3
10616 10
10617 35
10618 35
10619 24
10620 2
10621 8
10622 12
10623 19
10624 14
10625 24
10626 13
10627 1
10628 11
10629 35
10630 3
10631 2
10632 35
10633 10
10634 10
10635 35
10636 1
10637 33
10638 32
10639 35
10640 0
10641 5
10642 18
10643 16
10644 35
10645 15
10646 34
10647 6
10648 2
10649 2
10650 11
10651 16
10652 3
10653 35
10654 35
10655 2
10656 35
10657 1
10658 2
10659 35
10660 5
10661 32
10662 1
10663 11
10664 35
10665 32
10666 14
10667 2
10668 3
10669 19
10670 35
10671 8
10672 1
10673 11
10674 6
10675 10
10676 10
10677 1
10678 11
10679 24
10680 19
10681 16
10682 10
10683 35
10684 24
10685 15
10686 14
10687 3
10688 10
10689 18
10690 5
10691 29
10692 8
10693 2
10694 4
10695 5
10696 2
10697 10
10698 15
10699 2
10700 5
10701 9
10702 8
10703 35
10704 14
10705 27
10706 6
10707 16
10708 6
10709 35
10710 11
10711 35
10712 11
10713 11
10714 34
10715 29
10716 1
10717 13
10718 5
10719 5
10720 27
10721 2
10722 8
10723 35
10724 1
10725 10
10726 19
10727 1
10728 8
10729 10
10730 10
10731 2
10732 2
10733 10
10734 32
10735 19
10736 14
10737 10
10738 19
10739 11
10740 6
10741 1
10742 17
10743 11
10744 5
10745 19
10746 11
10747 5
10748 0
10749 14
10750 15
10751 2
10752 34
10753 35
10754 11
10755 8
10756 12
10757 6
10758 6
10759 4
10760 1
10761 6
10762 8
10763 34
10764 30
10765 10
10766 17
10767 35
10768 27
10769 8
10770 8
10771 5
10772 32
10773 35
10774 10
10775 18
10776 1
10777 17
10778 12
10779 11
10780 15
10781 12
10782 8
10783 20
10784 8
10785 35
10786 8
10787 14
10788 8
10789 35
10790 5
10791 19
10792 2
10793 10
10794 35
10795 32
10796 2
10797 21
10798 5
10799 11
10800 2
10801 27
10802 11
10803 11
10804 6
10805 24
10806 11
10807 27
10808 19
10809 24
10810 35
10811 18
10812 2
10813 19
10814 8
10815 11
10816 9
10817 2
10818 2
10819 11
10820 0
10821 2
10822 2
10823 19
10824 10
10825 14
10826 12
10827 35
10828 8
10829 14
10830 8
10831 2
10832 8
10833 21
10834 10
10835 35
10836 2
10837 19
10838 15
10839 18
10840 35
10841 27
10842 16
10843 5
10844 24
10845 14
10846 18
10847 24
10848 14
10849 32
10850 0
10851 35
10852 8
10853 11
10854 27
10855 2
10856 11
10857 11
10858 10
10859 11
10860 18
10861 26
10862 4
10863 11
10864 24
10865 16
10866 35
10867 35
10868 35
10869 5
10870 32
10871 27
10872 12
10873 16
10874 10
10875 19
10876 27
10877 8
10878 11
10879 35
10880 11
10881 14
10882 2
10883 18
10884 30
10885 18
10886 2
10887 35
10888 24
10889 20
10890 8
10891 6
10892 18
10893 18
10894 5
10895 35
10896 14
10897 10
10898 2
10899 35
10900 24
10901 18
10902 11
10903 13
10904 10
10905 1
10906 11
10907 14
10908 2
10909 2
10910 10
10911 35
10912 19
10913 13
10914 8
10915 14
10916 2
10917 11
10918 10
10919 11
10920 24
10921 17
10922 15
10923 19
10924 34
10925 2
10926 11
10927 35
10928 35
10929 2
10930 30
10931 8
10932 12
10933 24
10934 11
10935 10
10936 24
10937 35
10938 27
10939 35
10940 8
10941 3
10942 5
10943 8
10944 19
10945 35
10946 0
10947 11
10948 35
10949 1
10950 16
10951 32
10952 12
10953 16
10954 11
10955 27
10956 17
10957 3
10958 30
10959 17
10960 16
10961 14
10962 11
10963 2
10964 9
10965 1
10966 15
10967 35
10968 35
10969 15
10970 2
10971 8
10972 17
10973 13
10974 19
10975 14
10976 0
10977 6
10978 11
10979 10
10980 11
10981 27
10982 35
10983 7
10984 7
10985 6
10986 35
10987 11
10988 2
10989 35
10990 1
10991 3
10992 19
10993 1
10994 2
10995 8
10996 13
10997 10
10998 12
10999 8
11000 10
11001 35
11002 19
11003 10
11004 8
11005 11
11006 29
11007 32
11008 34
11009 12
11010 25
11011 17
11012 2
11013 2
11014 2
11015 2
11016 10
11017 8
11018 8
11019 8
11020 2
11021 6
11022 3
11023 35
11024 28
11025 2
11026 35
11027 8
11028 5
11029 10
11030 0
11031 27
11032 10
11033 17
11034 2
11035 2
11036 10
11037 18
11038 28
11039 2
11040 5
11041 8
11042 11
11043 28
11044 32
11045 2
11046 8
11047 8
11048 17
11049 2
11050 2
11051 19
11052 2
11053 17
11054 35
11055 10
11056 21
11057 1
11058 4
11059 1
11060 35
11061 16
11062 2
11063 8
11064 3
11065 2
11066 11
11067 28
11068 8
11069 5
11070 3
11071 9
11072 35
11073 18
11074 35
11075 11
11076 35
11077 35
11078 15
11079 21
11080 10
11081 2
11082 12
11083 18
11084 34
11085 8
11086 35
11087 14
11088 25
11089 24
11090 18
11091 2
11092 16
11093 3
11094 12
11095 10
11096 35
11097 19
11098 0
11099 16
11100 5
11101 35
11102 2
11103 19
11104 8
11105 1
11106 12
11107 17
11108 10
11109 3
11110 35
11111 17
11112 17
11113 24
11114 10
11115 8
11116 27
11117 8
11118 28
11119 10
11120 12
11121 12
11122 19
11123 35
11124 30
11125 13
11126 35
11127 9
11128 2
11129 11
11130 8
11131 13
11132 11
11133 2
11134 6
11135 14
11136 2
11137 6
11138 17
11139 35
11140 8
11141 35
11142 18
11143 35
11144 12
11145 8
11146 18
11147 10
11148 35
11149 11
11150 0
11151 8
11152 11
11153 2
11154 11
11155 2
11156 11
11157 35
11158 30
11159 35
11160 35
11161 24
11162 5
11163 16
11164 8
11165 35
11166 35
11167 15
11168 35
11169 35
11170 35
11171 10
11172 4
11173 16
11174 8
11175 35
11176 0
11177 35
11178 2
11179 10
11180 34
11181 35
11182 35
11183 24
11184 11
11185 32
11186 6
11187 18
11188 11
11189 11
11190 35
11191 8
11192 16
11193 6
11194 8
11195 1
11196 14
11197 10
11198 18
11199 8
11200 8
11201 10
11202 8
11203 19
11204 32
11205 22
11206 2
11207 5
11208 35
11209 35
11210 2
11211 12
11212 19
11213 11
11214 20
11215 35
11216 4
11217 3
11218 35
11219 19
11220 8
11221 8
11222 11
11223 16
11224 5
11225 16
11226 5
11227 18
11228 8
11229 8
11230 24
11231 20
11232 11
11233 2
11234 35
11235 21
11236 18
11237 8
11238 24
11239 1
11240 16
11241 30
11242 15
11243 2
11244 5
11245 12
11246 5
11247 1
11248 35
11249 1
11250 29
11251 35
11252 7
11253 23
11254 46
11255 11
11256 2
11257 18
11258 35
11259 19
11260 2
11261 7
11262 8
11263 8
11264 2
11265 18
11266 6
11267 8
11268 8
11269 10
11270 5
11271 11
11272 5
11273 19
11274 35
11275 10
11276 14
11277 11
11278 18
11279 6
11280 26
11281 8
11282 1
11283 27
11284 0
11285 35
11286 14
11287 6
11288 10
11289 24
11290 2
11291 3
11292 6
11293 35
11294 18
11295 11
11296 16
11297 10
11298 7
11299 2
11300 2
11301 10
11302 35
11303 11
11304 8
11305 11
11306 8
11307 27
11308 35
11309 10
11310 35
11311 35
11312 17
11313 8
11314 8
11315 11
11316 2
11317 33
11318 34
11319 16
11320 35
11321 6
11322 35
11323 49
11324 8
11325 10
11326 35
11327 25
11328 18
11329 19
11330 35
11331 4
11332 32
11333 5
11334 16
11335 18
11336 35
11337 8
11338 2
11339 10
11340 2
11341 1
11342 18
11343 10
11344 35
11345 35
11346 29
11347 8
11348 8
11349 11
11350 35
11351 8
11352 35
11353 5
11354 35
11355 35
11356 6
11357 35
11358 35
11359 10
11360 11
11361 2
11362 13
11363 18
11364 25
11365 5
11366 35
11367 11
11368 11
11369 35
11370 18
11371 35
11372 2
11373 27
11374 11
11375 11
11376 35
11377 8
11378 19
11379 4
11380 12
11381 8
11382 8
11383 8
11384 5
11385 5
11386 1
11387 19
11388 5
11389 35
11390 1
11391 32
11392 33
11393 33
11394 2
11395 2
11396 19
11397 10
11398 31
11399 16
11400 19
11401 35
11402 5
11403 30
11404 24
11405 12
11406 24
11407 35
11408 8
11409 8
11410 6
11411 18
11412 35
11413 35
11414 28
11415 35
11416 2
11417 6
11418 3
11419 19
11420 16
11421 35
11422 10
11423 32
11424 19
11425 32
11426 35
11427 19
11428 5
11429 12
11430 35
11431 35
11432 21
11433 35
11434 30
11435 5
11436 35
11437 34
11438 2
11439 10
11440 29
11441 5
11442 9
11443 21
11444 14
11445 2
11446 8
11447 10
11448 18
11449 17
11450 2
11451 8
11452 0
11453 2
11454 2
11455 2
11456 35
11457 27
11458 35
11459 35
11460 35
11461 2
11462 12
11463 2
11464 11
11465 1
11466 19
11467 19
11468 2
11469 18
11470 2
11471 18
11472 1
11473 1
11474 5
11475 12
11476 35
11477 6
11478 1
11479 1
11480 13
11481 35
11482 8
11483 17
11484 12
11485 18
11486 12
11487 22
11488 17
11489 1
11490 32
11491 10
11492 35
11493 1
11494 1
11495 16
11496 1
11497 5
11498 8
11499 28
11500 7
11501 5
11502 35
11503 7
11504 2
11505 8
11506 0
11507 35
11508 8
11509 10
11510 2
11511 2
11512 28
11513 12
11514 35
11515 11
11516 24
11517 29
11518 1
11519 34
11520 8
11521 16
11522 5
11523 6
11524 34
11525 13
11526 0
11527 17
11528 10
11529 2
11530 35
11531 2
11532 10
11533 35
11534 35
11535 31
11536 12
11537 1
11538 10
11539 31
11540 35
11541 8
11542 20
11543 8
11544 14
11545 15
11546 24
11547 10
11548 15
11549 34
11550 12
11551 31
11552 8
11553 8
11554 10
11555 24
11556 24
11557 32
11558 8
11559 35
11560 17
11561 8
11562 35
11563 12
11564 11
11565 2
11566 8
11567 15
11568 8
11569 12
11570 24
11571 11
11572 8
11573 10
11574 8
11575 14
11576 19
11577 8
11578 2
11579 10
11580 18
11581 16
11582 35
11583 11
11584 8
11585 4
11586 35
11587 6
11588 35
11589 19
11590 12
11591 1
11592 5
11593 1
11594 2
11595 11
11596 5
11597 5
11598 0
11599 8
11600 35
11601 5
11602 24
11603 28
11604 11
11605 1
11606 18
11607 14
11608 35
11609 10
11610 24
11611 20
11612 2
11613 1
11614 6
11615 31
11616 33
11617 12
11618 10
11619 11
11620 35
11621 6
11622 24
11623 30
11624 14
11625 14
11626 14
11627 4
11628 24
11629 2
11630 24
11631 35
11632 35
11633 10
11634 5
11635 17
11636 1
11637 2
11638 2
11639 2
11640 27
11641 2
11642 10
11643 35
11644 15
11645 35
11646 19
11647 2
11648 24
11649 8
11650 3
11651 8
11652 18
11653 15
11654 3
11655 3
11656 26
11657 3
11658 11
11659 2
11660 7
11661 2
11662 21
11663 23
11664 10
11665 30
11666 2
11667 12
11668 4
11669 20
11670 18
11671 31
11672 25
11673 2
11674 18
11675 5
11676 8
11677 12
11678 2
11679 19
11680 2
11681 1
11682 35
11683 35
11684 8
11685 2
11686 11
11687 1
11688 11
11689 29
11690 10
11691 35
11692 19
11693 14
11694 11
11695 6
11696 12
11697 35
11698 35
11699 23
11700 35
11701 12
11702 3
11703 6
11704 27
11705 5
11706 17
11707 2
11708 29
11709 16
11710 27
11711 6
11712 17
11713 24
11714 35
11715 8
11716 4
11717 10
11718 1
11719 2
11720 10
11721 19
11722 11
11723 27
11724 5
11725 12
11726 11
11727 2
11728 2
11729 6
11730 5
11731 8
11732 7
11733 14
11734 5
11735 19
11736 18
11737 2
11738 1
11739 8
11740 11
11741 11
11742 15
11743 8
11744 27
11745 34
11746 35
11747 17
11748 2
11749 8
11750 24
11751 35
11752 19
11753 24
11754 6
11755 16
11756 27
11757 14
11758 35
11759 1
11760 7
11761 8
11762 10
11763 12
11764 30
11765 2
11766 18
11767 4
11768 11
11769 12
11770 19
11771 8
11772 35
11773 35
11774 24
11775 11
11776 5
11777 8
11778 17
11779 25
11780 12
11781 10
11782 8
11783 34
11784 8
11785 1
11786 16
11787 35
11788 8
11789 35
11790 8
11791 8
11792 1
11793 27
11794 19
11795 8
11796 18
11797 2
11798 8
11799 18
11800 35
11801 26
11802 10
11803 6
11804 3
11805 35
11806 24
11807 5
11808 11
11809 12
11810 35
11811 13
11812 4
11813 2
11814 6
11815 14
11816 14
11817 35
11818 35
11819 19
11820 0
11821 8
11822 17
11823 8
11824 22
11825 35
11826 9
11827 11
11828 8
11829 11
11830 3
11831 14
11832 2
11833 18
11834 11
11835 6
11836 5
11837 17
11838 2
11839 8
11840 2
11841 10
11842 24
11843 8
11844 10
11845 24
11846 5
11847 16
11848 18
11849 0
11850 12
11851 35
11852 35
11853 17
11854 6
11855 35
11856 29
11857 16
11858 24
11859 24
11860 15
11861 35
11862 14
11863 10
11864 1
11865 30
11866 32
11867 35
11868 14
11869 11
11870 6
11871 35
11872 32
11873 11
11874 2
11875 26
11876 1
11877 1
11878 11
11879 10
11880 5
11881 11
11882 32
11883 35
11884 35
11885 2
11886 8
11887 3
11888 35
11889 17
11890 14
11891 35
11892 35
11893 10
11894 14
11895 8
11896 11
11897 28
11898 19
11899 5
11900 19
11901 32
11902 32
11903 1
11904 4
11905 2
11906 24
11907 8
11908 2
11909 7
11910 21
11911 6
11912 27
11913 18
11914 1
11915 3
11916 11
11917 11
11918 35
11919 8
11920 11
11921 6
11922 10
11923 27
11924 5
11925 2
11926 16
11927 1
11928 18
11929 11
11930 16
11931 18
11932 0
11933 12
11934 5
11935 35
11936 32
11937 8
11938 35
11939 0
11940 35
11941 11
11942 10
11943 17
11944 6
11945 12
11946 1
11947 10
11948 2
11949 10
11950 33
11951 35
11952 21
11953 20
11954 2
11955 3
11956 7
11957 4
11958 33
11959 1
11960 27
11961 35
11962 18
11963 29
11964 8
11965 35
11966 35
11967 1
11968 12
11969 35
11970 6
11971 24
11972 5
11973 35
11974 15
11975 15
11976 24
11977 5
11978 16
11979 16
11980 15
11981 35
11982 35
11983 14
11984 6
11985 20
11986 35
11987 14
11988 18
11989 35
11990 35
11991 35
11992 11
11993 4
11994 18
11995 35
11996 17
11997 24
11998 35
11999 29
12000 14
12001 20
12002 10
12003 6
12004 14
12005 14
12006 10
12007 0
12008 15
12009 20
12010 6
12011 8
12012 11
12013 6
12014 1
12015 5
12016 15
12017 12
12018 2
12019 7
12020 11
12021 1
12022 8
12023 8
12024 2
12025 5
12026 35
12027 8
12028 10
12029 1
12030 11
12031 5
12032 19
12033 10
12034 5
12035 8
12036 12
12037 15
12038 8
12039 8
12040 28
12041 20
12042 35
12043 8
12044 14
12045 2
12046 8
12047 5
12048 28
12049 15
12050 2
12051 11
12052 10
12053 18
12054 6
12055 11
12056 35
12057 35
12058 10
12059 11
12060 2
12061 19
12062 10
12063 6
12064 32
12065 35
12066 35
12067 28
12068 5
12069 14
12070 11
12071 10
12072 35
12073 24
12074 2
12075 5
12076 35
12077 21
12078 35
12079 11
12080 2
12081 35
12082 5
12083 35
12084 24
12085 14
12086 2
12087 35
12088 8
12089 35
12090 1
12091 18
12092 1
12093 35
12094 35
12095 1
12096 28
12097 24
12098 18
12099 35
12100 2
12101 11
12102 2
12103 35
12104 35
12105 17
12106 5
12107 24
12108 35
12109 35
12110 30
12111 11
12112 10
12113 16
12114 19
12115 6
12116 3
12117 8
12118 32
12119 26
12120 35
12121 35
12122 19
12123 10
12124 35
12125 6
12126 18
12127 5
12128 35
12129 24
12130 10
12131 21
12132 1
12133 27
12134 35
12135 21
12136 8
12137 1
12138 10
12139 24
12140 15
12141 35
12142 14
12143 8
12144 35
12145 11
12146 11
12147 8
12148 35
12149 30
12150 11
12151 17
12152 10
12153 10
12154 5
12155 8
12156 11
12157 35
12158 10
12159 2
12160 18
12161 35
12162 8
12163 11
12164 35
12165 9
12166 5
12167 8
12168 19
12169 18
12170 35
12171 5
12172 2
12173 17
12174 8
12175 17
12176 11
12177 18
12178 8
12179 15
12180 3
12181 11
12182 8
12183 35
12184 17
12185 19
12186 4
12187 16
12188 11
12189 35
12190 12
12191 35
12192 10
12193 7
12194 3
12195 8
12196 2
12197 11
12198 2
12199 10
12200 35
12201 17
12202 8
12203 24
12204 23
12205 11
12206 33
12207 10
12208 24
12209 9
12210 11
12211 8
12212 18
12213 17
12214 35
12215 8
12216 35
12217 8
12218 35
12219 10
12220 10
12221 29
12222 6
12223 0
12224 33
12225 24
12226 8
12227 3
12228 24
12229 2
12230 8
12231 8
12232 35
12233 1
12234 11
12235 8
12236 10
12237 5
12238 6
12239 20
12240 10
12241 19
12242 35
12243 16
12244 35
12245 9
12246 28
12247 3
12248 8
12249 19
12250 10
12251 35
12252 5
12253 8
12254 4
12255 35
12256 6
12257 10
12258 27
12259 1
12260 26
12261 32
12262 15
12263 11
12264 3
12265 8
12266 14
12267 10
12268 35
12269 29
12270 14
12271 17
12272 19
12273 9
12274 5
12275 16
12276 27
12277 11
12278 5
12279 16
12280 24
12281 10
12282 8
12283 35
12284 8
12285 18
12286 8
12287 11
12288 2
12289 6
12290 17
12291 26
12292 35
12293 10
12294 2
12295 16
12296 11
12297 35
12298 2
12299 8
12300 11
12301 6
12302 11
12303 19
12304 5
12305 1
12306 21
12307 8
12308 6
12309 11
12310 10
12311 15
12312 14
12313 14
12314 35
12315 33
12316 32
12317 2
12318 10
12319 26
12320 27
12321 35
12322 8
12323 7
12324 35
12325 24
12326 8
12327 1
12328 8
12329 14
12330 11
12331 19
12332 14
12333 18
12334 5
12335 12
12336 6
12337 8
12338 33
12339 8
12340 24
12341 8
12342 35
12343 11
12344 35
12345 10
12346 11
12347 35
12348 2
12349 6
12350 10
12351 24
12352 18
12353 35
12354 2
12355 26
12356 5
12357 2
12358 8
12359 1
12360 18
12361 8
12362 11
12363 8
12364 30
12365 14
12366 19
12367 6
12368 35
12369 2
12370 12
12371 10
12372 35
12373 11
12374 16
12375 25
12376 2
12377 2
12378 2
12379 0
12380 2
12381 4
12382 10
12383 35
12384 34
12385 8
12386 14
12387 1
12388 35
12389 11
12390 10
12391 6
12392 11
12393 8
12394 11
12395 15
12396 6
12397 35
12398 8
12399 10
12400 2
12401 3
12402 1
12403 35
12404 12
12405 33
12406 15
12407 1
12408 5
12409 35
12410 35
12411 19
12412 35
12413 28
12414 3
12415 35
12416 8
12417 5
12418 11
12419 10
12420 35
12421 2
12422 24
12423 11
12424 0
12425 35
12426 11
12427 35
12428 8
12429 35
12430 15
12431 8
12432 24
12433 35
12434 11
12435 28
12436 18
12437 27
12438 17
12439 2
12440 10
12441 14
12442 12
12443 10
12444 0
12445 11
12446 1
12447 8
12448 1
12449 35
12450 17
12451 32
12452 35
12453 28
12454 27
12455 35
12456 24
12457 7
12458 24
12459 0
12460 24
12461 28
12462 8
12463 2
12464 8
12465 23
12466 0
12467 7
12468 8
12469 2
12470 0
12471 1
12472 21
12473 10
12474 2
12475 1
12476 26
12477 12
12478 24
12479 6
12480 11
12481 19
12482 8
12483 9
12484 23
12485 34
12486 2
12487 35
12488 14
12489 35
12490 17
12491 24
12492 18
12493 35
12494 29
12495 6
12496 35
12497 10
12498 12
12499 10
12500 19
12501 3
12502 35
12503 2
12504 8
12505 17
12506 8
12507 26
12508 13
12509 10
12510 34
12511 9
12512 10
12513 30
12514 7
12515 8
12516 16
12517 19
12518 19
12519 32
12520 4
12521 19
12522 21
12523 24
12524 33
12525 35
12526 32
12527 35
12528 27
12529 1
12530 8
12531 19
12532 35
12533 25
12534 19
12535 11
12536 24
12537 18
12538 35
12539 35
12540 18
12541 12
12542 2
12543 0
12544 32
12545 17
12546 2
12547 10
12548 32
12549 24
12550 27
12551 11
12552 30
12553 12
12554 8
12555 8
12556 1
12557 15
12558 18
12559 10
12560 31
12561 35
12562 35
12563 8
12564 12
12565 25
12566 34
12567 4
12568 18
12569 27
12570 9
12571 11
12572 14
12573 11
12574 34
12575 35
12576 8
12577 12
12578 35
12579 1
12580 35
12581 10
12582 7
12583 11
12584 2
12585 2
12586 26
12587 1
12588 18
12589 35
12590 10
12591 35
12592 17
12593 2
12594 10
12595 8
12596 6
12597 10
12598 1
12599 13
12600 28
12601 35
12602 0
12603 5
12604 21
12605 6
12606 28
12607 0
12608 16
12609 35
12610 27
12611 24
12612 11
12613 27
12614 35
12615 12
12616 35
12617 8
12618 35
12619 35
12620 8
12621 12
12622 30
12623 3
12624 2
12625 13
12626 5
12627 35
12628 1
12629 35
12630 1
12631 5
12632 10
12633 19
12634 16
12635 26
12636 8
12637 35
12638 5
12639 6
12640 21
12641 11
12642 2
12643 17
12644 3
12645 24
12646 1
12647 35
12648 8
12649 2
12650 31
12651 2
12652 19
12653 5
12654 27
12655 35
12656 18
12657 10
12658 35
12659 35
12660 10
12661 5
12662 16
12663 35
12664 33
12665 35
12666 27
12667 18
12668 4
12669 27
12670 11
12671 1
12672 35
12673 35
12674 0
12675 2
12676 10
12677 12
12678 19
12679 23
12680 18
12681 16
12682 27
12683 1
12684 1
12685 35
12686 30
12687 18
12688 35
12689 1
12690 1
12691 18
12692 9
12693 1
12694 1
12695 12
12696 12
12697 1
12698 12
12699 5
12700 35
12701 8
12702 1
12703 27
12704 8
12705 18
12706 9
12707 35
12708 35
12709 12
12710 1
12711 8
12712 8
12713 16
12714 35
12715 0
12716 1
12717 18
12718 1
12719 11
12720 8
12721 11
12722 12
12723 17
12724 14
12725 12
12726 18
12727 18
12728 24
12729 18
12730 31
12731 1
12732 21
12733 5
12734 35
12735 11
12736 16
12737 8
12738 35
12739 35
12740 2
12741 14
12742 35
12743 11
12744 24
12745 12
12746 2
12747 11
12748 19
12749 2
12750 19
12751 8
12752 2
12753 35
12754 8
12755 18
12756 33
12757 34
12758 32
12759 1
12760 35
12761 2
12762 10
12763 6
12764 10
12765 16
12766 34
12767 1
12768 2
12769 6
12770 18
12771 1
12772 11
12773 19
12774 5
12775 18
12776 11
12777 2
12778 19
12779 6
12780 35
12781 33
12782 2
12783 1
12784 2
12785 4
12786 3
12787 1
12788 10
12789 18
12790 14
12791 14
12792 17
12793 2
12794 24
12795 49
12796 5
12797 2
12798 10
12799 24
12800 2
12801 15
12802 10
12803 19
12804 12
12805 18
12806 2
12807 19
12808 12
12809 15
12810 6
12811 35
12812 15
12813 14
12814 11
12815 11
12816 2
12817 35
12818 2
12819 19
12820 8
12821 31
12822 2
12823 12
12824 35
12825 35
12826 1
12827 35
12828 4
12829 16
12830 9
12831 35
12832 7
12833 19
12834 35
12835 22
12836 2
12837 1
12838 9
12839 10
12840 17
12841 5
12842 19
12843 2
12844 12
12845 24
12846 18
12847 35
12848 8
12849 21
12850 15
12851 4
12852 8
12853 2
12854 24
12855 3
12856 5
12857 2
12858 35
12859 10
12860 10
12861 15
12862 10
12863 10
12864 10
12865 35
12866 35
12867 3
12868 0
12869 10
12870 24
12871 11
12872 35
12873 1
12874 10
12875 8
12876 18
12877 1
12878 10
12879 5
12880 2
12881 8
12882 19
12883 35
12884 29
12885 3
12886 11
12887 0
12888 17
12889 35
12890 35
12891 1
12892 35
12893 24
12894 12
12895 19
12896 1
12897 3
12898 35
12899 19
12900 6
12901 5
12902 5
12903 11
12904 1
12905 17
12906 8
12907 35
12908 5
12909 24
12910 20
12911 27
12912 1
12913 8
12914 27
12915 35
12916 35
12917 35
12918 24
12919 32
12920 30
12921 35
12922 12
12923 11
12924 17
12925 2
12926 4
12927 6
12928 12
12929 24
12930 35
12931 11
12932 20
12933 3
12934 8
12935 1
12936 11
12937 25
12938 31
12939 18
12940 27
12941 1
12942 35
12943 35
12944 19
12945 19
12946 9
12947 5
12948 35
12949 35
12950 17
12951 35
12952 2
12953 16
12954 5
12955 2
12956 1
12957 8
12958 35
12959 19
12960 35
12961 24
12962 3
12963 1
12964 1
12965 2
12966 8
12967 8
12968 35
12969 35
12970 31
12971 11
12972 4
12973 35
12974 14
12975 1
12976 6
12977 0
12978 35
12979 29
12980 20
12981 3
12982 2
12983 2
12984 17
12985 35
12986 11
12987 18
12988 27
12989 11
12990 26
12991 24
12992 1
12993 6
12994 35
12995 27
12996 12
12997 17
12998 35
12999 35
13000 7
13001 20
13002 18
13003 31
13004 11
13005 10
13006 16
13007 4
13008 16
13009 28
13010 10
13011 35
13012 24
13013 27
13014 14
13015 6
13016 8
13017 2
13018 17
13019 35
13020 19
13021 18
13022 5
13023 24
13024 9
13025 14
13026 2
13027 2
13028 10
13029 21
13030 4
13031 35
13032 16
13033 21
13034 1
13035 32
13036 19
13037 35
13038 35
13039 24
13040 11
13041 14
13042 6
13043 14
13044 31
13045 32
13046 6
13047 3
13048 11
13049 2
13050 8
13051 35
13052 26
13053 35
13054 0
13055 5
13056 9
13057 11
13058 24
13059 20
13060 14
13061 14
13062 19
13063 16
13064 7
13065 0
13066 6
13067 16
13068 34
13069 2
13070 15
13071 35
13072 35
13073 35
13074 28
13075 12
13076 19
13077 17
13078 0
13079 8
13080 14
13081 18
13082 9
13083 2
13084 24
13085 8
13086 15
13087 1
13088 35
13089 2
13090 21
13091 1
13092 24
13093 15
13094 24
13095 6
13096 10
13097 1
13098 21
13099 10
13100 15
13101 8
13102 10
13103 5
13104 35
13105 8
13106 1
13107 35
13108 26
13109 7
13110 8
13111 35
13112 21
13113 24
13114 15
13115 24
13116 8
13117 19
13118 19
13119 27
13120 5
13121 15
13122 2
13123 19
13124 6
13125 34
13126 16
13127 33
13128 8
13129 18
13130 17
13131 19
13132 35
13133 19
13134 24
13135 28
13136 35
13137 16
13138 17
13139 11
13140 7
13141 35
13142 10
13143 7
13144 2
13145 2
13146 25
13147 9
13148 4
13149 31
13150 4
13151 11
13152 4
13153 35
13154 19
13155 5
13156 29
13157 2
13158 10
13159 6
13160 11
13161 24
13162 10
13163 2
13164 20
13165 18
13166 6
13167 18
13168 24
13169 6
13170 24
13171 8
13172 24
13173 18
13174 35
13175 17
13176 35
13177 14
13178 24
13179 17
13180 19
13181 3
13182 8
13183 35
13184 30
13185 12
13186 4
13187 25
13188 10
13189 8
13190 14
13191 24
13192 8
13193 10
13194 27
13195 5
13196 11
13197 34
13198 3
13199 6
13200 16
13201 35
13202 5
13203 35
13204 11
13205 19
13206 22
13207 35
13208 31
13209 30
13210 1
13211 32
13212 24
13213 8
13214 8
13215 27
13216 11
13217 11
13218 4
13219 10
13220 11
13221 34
13222 10
13223 24
13224 30
13225 25
13226 32
13227 1
13228 11
13229 11
13230 24
13231 10
13232 2
13233 2
13234 27
13235 8
13236 8
13237 10
13238 5
13239 17
13240 35
13241 11
13242 8
13243 35
13244 6
13245 11
13246 34
13247 35
13248 2
13249 11
13250 11
13251 35
13252 14
13253 5
13254 35
13255 2
13256 25
13257 11
13258 19
13259 2
13260 35
13261 1
13262 19
13263 29
13264 14
13265 11
13266 1
13267 35
13268 11
13269 15
13270 32
13271 6
13272 24
13273 19
13274 11
13275 15
13276 28
13277 13
13278 1
13279 10
13280 10
13281 27
13282 10
13283 30
13284 18
13285 2
13286 8
13287 23
13288 35
13289 1
13290 15
13291 35
13292 32
13293 18
13294 18
13295 35
13296 11
13297 0
13298 34
13299 10
13300 30
13301 5
13302 2
13303 16
13304 13
13305 11
13306 10
13307 2
13308 14
13309 6
13310 35
13311 11
13312 1
13313 2
13314 34
13315 8
13316 2
13317 12
13318 18
13319 14
13320 0
13321 20
13322 10
13323 8
13324 21
13325 34
13326 5
13327 16
13328 1
13329 27
13330 35
13331 1
13332 19
13333 35
13334 2
13335 6
13336 8
13337 6
13338 35
13339 16
13340 2
13341 6
13342 15
13343 35
13344 8
13345 10
13346 13
13347 35
13348 18
13349 26
13350 20
13351 8
13352 12
13353 6
13354 1
13355 35
13356 2
13357 18
13358 11
13359 11
13360 8
13361 3
13362 24
13363 11
13364 35
13365 19
13366 6
13367 2
13368 17
13369 21
13370 32
13371 11
13372 34
13373 8
13374 11
13375 35
13376 30
13377 12
13378 24
13379 15
13380 8
13381 0
13382 11
13383 10
13384 5
13385 7
13386 11
13387 11
13388 15
13389 24
13390 2
13391 2
13392 18
13393 31
13394 9
13395 2
13396 6
13397 1
13398 29
13399 8
13400 35
13401 35
13402 3
13403 18
13404 8
13405 11
13406 1
13407 8
13408 8
13409 0
13410 14
13411 35
13412 14
13413 35
13414 2
13415 27
13416 8
13417 18
13418 10
13419 24
13420 35
13421 35
13422 11
13423 18
13424 11
13425 17
13426 32
13427 10
13428 2
13429 8
13430 8
13431 11
13432 35
13433 5
13434 4
13435 5
13436 8
13437 11
13438 0
13439 33
13440 31
13441 23
13442 3
13443 24
13444 5
13445 16
13446 11
13447 4
13448 19
13449 6
13450 5
13451 5
13452 29
13453 35
13454 1
13455 8
13456 24
13457 18
13458 15
13459 32
13460 3
13461 35
13462 6
13463 31
13464 17
13465 1
13466 3
13467 32
13468 8
13469 30
13470 35
13471 14
13472 35
13473 5
13474 9
13475 2
13476 24
13477 11
13478 1
13479 11
13480 14
13481 5
13482 8
13483 8
13484 35
13485 10
13486 2
13487 18
13488 8
13489 11
13490 2
13491 8
13492 9
13493 6
13494 35
13495 18
13496 28
13497 23
13498 11
13499 16
13500 0
13501 8
13502 23
13503 2
13504 16
13505 32
13506 6
13507 9
13508 8
13509 11
13510 2
13511 15
13512 24
13513 27
13514 1
13515 10
13516 12
13517 35
13518 3
13519 8
13520 8
13521 18
13522 1
13523 18
13524 35
13525 11
13526 3
13527 1
13528 8
13529 3
13530 2
13531 35
13532 5
13533 11
13534 10
13535 1
13536 32
13537 11
13538 6
13539 35
13540 11
13541 35
13542 10
13543 6
13544 8
13545 35
13546 18
13547 1
13548 5
13549 8
13550 35
13551 0
13552 0
13553 35
13554 2
13555 18
13556 4
13557 11
13558 8
13559 3
13560 28
13561 15
13562 8
13563 8
13564 35
13565 14
13566 8
13567 1
13568 6
13569 0
13570 2
13571 0
13572 35
13573 35
13574 11
13575 35
13576 8
13577 35
13578 3
13579 35
13580 35
13581 11
13582 5
13583 4
13584 32
13585 18
13586 35
13587 12
13588 24
13589 30
13590 16
13591 2
13592 11
13593 2
13594 14
13595 17
13596 8
13597 6
13598 14
13599 5
13600 11
13601 1
13602 32
13603 35
13604 2
13605 16
13606 35
13607 11
13608 35
13609 24
13610 35
13611 8
13612 35
13613 5
13614 14
13615 35
13616 19
13617 0
13618 8
13619 18
13620 4
13621 10
13622 18
13623 11
13624 33
13625 1
13626 1
13627 13
13628 14
13629 34
13630 10
13631 5
13632 35
13633 11
13634 10
13635 2
13636 35
13637 35
13638 18
13639 19
13640 10
13641 10
13642 6
13643 10
13644 5
13645 12
13646 10
13647 14
13648 11
13649 35
13650 10
13651 2
13652 16
13653 11
13654 16
13655 2
13656 35
13657 0
13658 2
13659 19
13660 10
13661 27
13662 2
13663 10
13664 12
13665 19
13666 6
13667 0
13668 11
13669 12
13670 10
13671 18
13672 1
13673 16
13674 12
13675 12
13676 4
13677 32
13678 12
13679 24
13680 35
13681 8
13682 24
13683 6
13684 34
13685 3
13686 19
13687 0
13688 1
13689 10
13690 27
13691 21
13692 2
13693 8
13694 6
13695 1
13696 35
13697 8
13698 18
13699 20
13700 24
13701 8
13702 19
13703 25
13704 28
13705 1
13706 8
13707 35
13708 25
13709 17
13710 17
13711 25
13712 19
13713 6
13714 10
13715 1
13716 18
13717 35
13718 35
13719 19
13720 6
13721 14
13722 28
13723 1
13724 28
13725 4
13726 1
13727 9
13728 21
13729 19
13730 35
13731 35
13732 8
13733 35
13734 35
13735 35
13736 8
13737 2
13738 1
13739 32
13740 4
13741 18
13742 2
13743 16
13744 35
13745 2
13746 2
13747 14
13748 10
13749 8
13750 11
13751 8
13752 8
13753 8
13754 19
13755 35
13756 24
13757 1
13758 25
13759 8
13760 35
13761 35
13762 10
13763 2
13764 12
13765 3
13766 32
13767 20
13768 24
13769 8
13770 5
13771 17
13772 12
13773 5
13774 35
13775 8
13776 5
13777 11
13778 8
13779 11
13780 24
13781 8
13782 15
13783 35
13784 8
13785 10
13786 35
13787 6
13788 0
13789 14
13790 12
13791 35
13792 8
13793 3
13794 12
13795 5
13796 16
13797 5
13798 35
13799 8
13800 11
13801 2
13802 10
13803 16
13804 1
13805 19
13806 32
13807 1
13808 18
13809 10
13810 26
13811 4
13812 11
13813 10
13814 11
13815 8
13816 10
13817 35
13818 10
13819 1
13820 2
13821 8
13822 35
13823 11
13824 27
13825 35
13826 35
13827 1
13828 11
13829 19
13830 10
13831 35
13832 19
13833 35
13834 34
13835 8
13836 19
13837 27
13838 10
13839 2
13840 31
13841 33
13842 8
13843 25
13844 24
13845 35
13846 14
13847 7
13848 8
13849 35
13850 6
13851 8
13852 35
13853 19
13854 19
13855 8
13856 2
13857 10
13858 10
13859 12
13860 6
13861 31
13862 7
13863 11
13864 2
13865 19
13866 2
13867 35
13868 24
13869 35
13870 2
13871 26
13872 16
13873 6
13874 18
13875 35
13876 1
13877 24
13878 8
13879 35
13880 1
13881 8
13882 18
13883 6
13884 35
13885 4
13886 10
13887 15
13888 35
13889 18
13890 35
13891 18
13892 2
13893 11
13894 32
13895 24
13896 8
13897 35
13898 11
13899 24
13900 35
13901 35
13902 35
13903 24
13904 16
13905 8
13906 26
13907 13
13908 34
13909 8
13910 25
13911 35
13912 2
13913 11
13914 25
13915 31
13916 35
13917 12
13918 12
13919 31
13920 28
13921 27
13922 1
13923 10
13924 8
13925 35
13926 26
13927 8
13928 2
13929 35
13930 2
13931 16
13932 2
13933 27
13934 6
13935 8
13936 1
13937 35
13938 8
13939 35
13940 24
13941 14
13942 14
13943 35
13944 14
13945 32
13946 20
13947 35
13948 33
13949 35
13950 2
13951 2
13952 10
13953 11
13954 32
13955 8
13956 18
13957 5
13958 14
13959 5
13960 15
13961 3
13962 35
13963 35
13964 18
13965 8
13966 2
13967 5
13968 35
13969 35
13970 2
13971 2
13972 19
13973 5
13974 5
13975 19
13976 8
13977 26
13978 3
13979 8
13980 32
13981 22
13982 8
13983 1
13984 18
13985 18
13986 1
13987 17
13988 18
13989 14
13990 0
13991 18
13992 1
13993 1
13994 24
13995 24
13996 12
13997 6
13998 12
13999 24
14000 8
14001 8
14002 0
14003 35
14004 1
14005 12
14006 35
14007 35
14008 1
14009 12
14010 14
14011 16
14012 1
14013 16
14014 35
14015 14
14016 3
14017 35
14018 32
14019 10
14020 27
14021 0
14022 0
14023 14
14024 4
14025 16
14026 11
14027 8
14028 6
14029 18
14030 12
14031 2
14032 1
14033 18
14034 2
14035 10
14036 10
14037 31
14038 10
14039 11
14040 10
14041 1
14042 0
14043 0
14044 2
14045 8
14046 2
14047 2
14048 1
14049 8
14050 2
14051 20
14052 11
14053 35
14054 11
14055 8
14056 2
14057 25
14058 2
14059 19
14060 35
14061 10
14062 10
14063 19
14064 2
14065 8
14066 2
14067 12
14068 1
14069 35
14070 32
14071 1
14072 16
14073 1
14074 8
14075 6
14076 35
14077 2
14078 19
14079 35
14080 3
14081 8
14082 7
14083 27
14084 19
14085 24
14086 24
14087 2
14088 24
14089 2
14090 35
14091 16
14092 26
14093 35
14094 2
14095 35
14096 35
14097 3
14098 12
14099 4
14100 2
14101 8
14102 2
14103 19
14104 6
14105 2
14106 5
14107 9
14108 15
14109 2
14110 25
14111 16
14112 3
14113 2
14114 20
14115 6
14116 17
14117 1
14118 24
14119 2
14120 8
14121 1
14122 30
14123 35
14124 11
14125 35
14126 14
14127 8
14128 35
14129 35
14130 2
14131 24
14132 11
14133 35
14134 5
14135 26
14136 1
14137 10
14138 15
14139 16
14140 5
14141 2
14142 1
14143 2
14144 10
14145 18
14146 27
14147 11
14148 11
14149 14
14150 1
14151 35
14152 1
14153 5
14154 8
14155 35
14156 6
14157 24
14158 1
14159 25
14160 24
14161 3
14162 24
14163 10
14164 35
14165 9
14166 1
14167 2
14168 18
14169 8
14170 5
14171 32
14172 2
14173 18
14174 35
14175 10
14176 19
14177 35
14178 1
14179 18
14180 8
14181 24
14182 34
14183 8
14184 0
14185 11
14186 27
14187 35
14188 35
14189 2
14190 35
14191 35
14192 35
14193 27
14194 23
14195 5
14196 35
14197 10
14198 10
14199 28
14200 6
14201 27
14202 32
14203 16
14204 6
14205 8
14206 1
14207 16
14208 35
14209 24
14210 34
14211 4
14212 6
14213 5
14214 8
14215 8
14216 35
14217 14
14218 10
14219 11
14220 35
14221 6
14222 1
14223 4
14224 24
14225 2
14226 11
14227 8
14228 35
14229 24
14230 35
14231 8
14232 8
14233 1
14234 11
14235 6
14236 25
14237 19
14238 35
14239 8
14240 8
14241 19
14242 19
14243 14
14244 5
14245 35
14246 35
14247 35
14248 15
14249 4
14250 11
14251 29
14252 34
14253 6
14254 32
14255 19
14256 18
14257 11
14258 18
14259 1
14260 2
14261 16
14262 28
14263 18
14264 14
14265 8
14266 0
14267 6
14268 31
14269 19
14270 13
14271 1
14272 6
14273 8
14274 2
14275 0
14276 12
14277 12
14278 2
14279 35
14280 11
14281 19
14282 5
14283 32
14284 14
14285 10
14286 11
14287 14
14288 11
14289 1
14290 18
14291 24
14292 5
14293 14
14294 19
14295 1
14296 8
14297 0
14298 11
14299 18
14300 18
14301 6
14302 35
14303 17
14304 5
14305 12
14306 8
14307 33
14308 16
14309 35
14310 9
14311 19
14312 35
14313 35
14314 35
14315 8
14316 35
14317 35
14318 35
14319 35
14320 27
14321 22
14322 8
14323 19
14324 24
14325 16
14326 11
14327 12
14328 3
14329 8
14330 8
14331 1
14332 2
14333 4
14334 6
14335 8
14336 26
14337 27
14338 35
14339 5
14340 2
14341 35
14342 0
14343 35
14344 2
14345 11
14346 27
14347 18
14348 24
14349 12
14350 35
14351 12
14352 6
14353 35
14354 2
14355 35
14356 11
14357 17
14358 2
14359 35
14360 26
14361 6
14362 18
14363 32
14364 14
14365 2
14366 24
14367 28
14368 20
14369 4
14370 24
14371 11
14372 18
14373 1
14374 32
14375 6
14376 2
14377 35
14378 8
14379 19
14380 7
14381 11
14382 14
14383 2
14384 17
14385 11
14386 16
14387 20
14388 14
14389 11
14390 14
14391 2
14392 3
14393 14
14394 24
14395 11
14396 18
14397 5
14398 24
14399 12
14400 11
14401 8
14402 19
14403 24
14404 2
14405 1
14406 15
14407 35
14408 4
14409 35
14410 24
14411 1
14412 27
14413 18
14414 2
14415 17
14416 2
14417 30
14418 10
14419 8
14420 4
14421 10
14422 16
14423 11
14424 34
14425 35
14426 8
14427 23
14428 35
14429 17
14430 8
14431 33
14432 8
14433 2
14434 32
14435 33
14436 17
14437 10
14438 35
14439 31
14440 11
14441 20
14442 1
14443 35
14444 5
14445 35
14446 10
14447 8
14448 11
14449 8
14450 2
14451 24
14452 35
14453 32
14454 12
14455 5
14456 10
14457 8
14458 35
14459 5
14460 15
14461 11
14462 11
14463 2
14464 35
14465 35
14466 4
14467 14
14468 35
14469 5
14470 6
14471 35
14472 35
14473 14
14474 6
14475 27
14476 11
14477 11
14478 35
14479 2
14480 12
14481 5
14482 27
14483 6
14484 35
14485 35
14486 24
14487 24
14488 11
14489 13
14490 8
14491 20
14492 4
14493 10
14494 35
14495 2
14496 16
14497 8
14498 5
14499 2
14500 19
14501 2
14502 10
14503 34
14504 14
14505 35
14506 35
14507 24
14508 10
14509 11
14510 15
14511 9
14512 10
14513 8
14514 1
14515 5
14516 25
14517 5
14518 17
14519 35
14520 11
14521 12
14522 3
14523 6
14524 0
14525 35
14526 12
14527 29
14528 3
14529 14
14530 10
14531 15
14532 21
14533 1
14534 11
14535 35
14536 26
14537 5
14538 19
14539 13
14540 6
14541 10
14542 17
14543 8
14544 3
14545 11
14546 2
14547 2
14548 11
14549 11
14550 35
14551 6
14552 1
14553 20
14554 34
14555 5
14556 10
14557 2
14558 0
14559 35
14560 0
14561 11
14562 14
14563 5
14564 3
14565 19
14566 35
14567 15
14568 33
14569 5
14570 35
14571 11
14572 35
14573 11
14574 2
14575 13
14576 11
14577 7
14578 35
14579 27
14580 10
14581 25
14582 11
14583 2
14584 6
14585 21
14586 14
14587 11
14588 5
14589 23
14590 2
14591 19
14592 31
14593 10
14594 18
14595 5
14596 6
14597 8
14598 17
14599 10
14600 35
14601 11
14602 11
14603 11
14604 18
14605 35
14606 3
14607 20
14608 35
14609 1
14610 11
14611 24
14612 2
14613 35
14614 15
14615 0
14616 19
14617 24
14618 8
14619 11
14620 14
14621 2
14622 8
14623 0
14624 14
14625 8
14626 8
14627 8
14628 26
14629 5
14630 35
14631 27
14632 2
14633 5
14634 4
14635 7
14636 35
14637 24
14638 10
14639 35
14640 14
14641 11
14642 1
14643 18
14644 20
14645 13
14646 2
14647 1
14648 16
14649 35
14650 13
14651 35
14652 10
14653 32
14654 5
14655 35
14656 24
14657 18
14658 35
14659 32
14660 8
14661 14
14662 16
14663 35
14664 14
14665 1
14666 24
14667 5
14668 8
14669 1
14670 3
14671 1
14672 0
14673 2
14674 5
14675 11
14676 10
14677 5
14678 0
14679 35
14680 11
14681 1
14682 1
14683 10
14684 35
14685 24
14686 5
14687 24
14688 16
14689 11
14690 5
14691 10
14692 35
14693 11
14694 10
14695 11
14696 16
14697 35
14698 35
14699 27
14700 3
14701 13
14702 12
14703 3
14704 34
14705 18
14706 8
14707 12
14708 1
14709 2
14710 35
14711 18
14712 5
14713 5
14714 11
14715 2
14716 35
14717 2
14718 5
14719 8
14720 8
14721 8
14722 26
14723 30
14724 3
14725 17
14726 8
14727 3
14728 35
14729 11
14730 4
14731 24
14732 11
14733 28
14734 16
14735 8
14736 8
14737 35
14738 8
14739 11
14740 8
14741 8
14742 8
14743 13
14744 24
14745 27
14746 12
14747 11
14748 10
14749 8
14750 2
14751 1
14752 35
14753 27
14754 35
14755 16
14756 11
14757 35
14758 16
14759 5
14760 25
14761 35
14762 5
14763 32
14764 19
14765 10
14766 16
14767 10
14768 11
14769 6
14770 2
14771 32
14772 19
14773 35
14774 35
14775 5
14776 28
14777 35
14778 11
14779 5
14780 5
14781 28
14782 8
14783 0
14784 24
14785 2
14786 8
14787 5
14788 35
14789 5
14790 1
14791 5
14792 32
14793 15
14794 21
14795 18
14796 35
14797 1
14798 5
14799 11
14800 5
14801 13
14802 35
14803 2
14804 3
14805 4
14806 35
14807 35
14808 18
14809 2
14810 10
14811 10
14812 15
14813 5
14814 8
14815 35
14816 3
14817 12
14818 8
14819 11
14820 19
14821 11
14822 15
14823 35
14824 1
14825 16
14826 6
14827 4
14828 2
14829 24
14830 35
14831 35
14832 10
14833 35
14834 24
14835 11
14836 8
14837 18
14838 35
14839 10
14840 18
14841 5
14842 26
14843 8
14844 18
14845 11
14846 14
14847 19
14848 27
14849 3
14850 8
14851 27
14852 16
14853 16
14854 2
14855 21
14856 6
14857 35
14858 11
14859 17
14860 8
14861 23
14862 11
14863 16
14864 18
14865 17
14866 19
14867 18
14868 35
14869 1
14870 5
14871 35
14872 1
14873 35
14874 2
14875 8
14876 19
14877 7
14878 35
14879 35
14880 16
14881 8
14882 19
14883 17
14884 35
14885 6
14886 35
14887 35
14888 17
14889 35
14890 2
14891 3
14892 35
14893 35
14894 35
14895 3
14896 6
14897 3
14898 3
14899 3
14900 8
14901 10
14902 2
14903 10
14904 11
14905 8
14906 20
14907 14
14908 8
14909 16
14910 10
14911 35
14912 2
14913 2
14914 2
14915 1
14916 10
14917 21
14918 14
14919 8
14920 16
14921 2
14922 14
14923 8
14924 35
14925 8
14926 27
14927 8
14928 35
14929 35
14930 10
14931 16
14932 5
14933 24
14934 3
14935 1
14936 10
14937 35
14938 19
14939 10
14940 5
14941 28
14942 35
14943 32
14944 35
14945 8
14946 12
14947 24
14948 10
14949 18
14950 8
14951 10
14952 12
14953 35
14954 24
14955 13
14956 24
14957 35
14958 2
14959 35
14960 11
14961 10
14962 35
14963 2
14964 46
14965 35
14966 8
14967 11
14968 24
14969 8
14970 8
14971 1
14972 11
14973 2
14974 24
14975 10
14976 8
14977 21
14978 24
14979 2
14980 35
14981 8
14982 2
14983 8
14984 1
14985 35
14986 8
14987 34
14988 2
14989 6
14990 12
14991 24
14992 35
14993 12
14994 2
14995 4
14996 3
14997 7
14998 3
14999 11
15000 8
15001 17
15002 11
15003 18
15004 10
15005 35
15006 35
15007 13
15008 10
15009 1
15010 18
15011 19
15012 23
15013 11
15014 8
15015 17
15016 35
15017 14
15018 3
15019 8
15020 4
15021 18
15022 27
15023 24
15024 18
15025 35
15026 8
15027 35
15028 19
15029 17
15030 6
15031 2
15032 35
15033 16
15034 8
15035 8
15036 35
15037 4
15038 12
15039 5
15040 35
15041 35
15042 33
15043 5
15044 24
15045 19
15046 17
15047 24
15048 5
15049 1
15050 27
15051 5
15052 6
15053 26
15054 27
15055 2
15056 10
15057 24
15058 1
15059 10
15060 5
15061 35
15062 35
15063 13
15064 3
15065 6
15066 26
15067 1
15068 11
15069 35
15070 11
15071 5
15072 0
15073 8
15074 19
15075 27
15076 24
15077 11
15078 12
15079 14
15080 24
15081 32
15082 6
15083 35
15084 10
15085 11
15086 8
15087 8
15088 1
15089 10
15090 1
15091 35
15092 25
15093 2
15094 12
15095 35
15096 18
15097 35
15098 19
15099 6
15100 35
15101 35
15102 35
15103 3
15104 8
15105 2
15106 28
15107 1
15108 18
15109 3
15110 10
15111 32
15112 21
15113 10
15114 8
15115 35
15116 6
15117 8
15118 19
15119 18
15120 0
15121 12
15122 34
15123 12
15124 11
15125 16
15126 35
15127 26
15128 11
15129 19
15130 11
15131 8
15132 11
15133 3
15134 5
15135 8
15136 12
15137 8
15138 3
15139 8
15140 35
15141 8
15142 11
15143 10
15144 5
15145 12
15146 19
15147 1
15148 35
15149 35
15150 14
15151 5
15152 35
15153 28
15154 8
15155 14
15156 35
15157 11
15158 3
15159 8
15160 14
15161 12
15162 14
15163 10
15164 2
15165 11
15166 28
15167 18
15168 8
15169 31
15170 8
15171 1
15172 17
15173 16
15174 14
15175 10
15176 35
15177 24
15178 19
15179 5
15180 8
15181 18
15182 14
15183 18
15184 19
15185 18
15186 33
15187 24
15188 35
15189 35
15190 35
15191 35
15192 15
15193 2
15194 4
15195 3
15196 12
15197 18
15198 35
15199 27
15200 10
15201 8
15202 10
15203 19
15204 2
15205 8
15206 16
15207 35
15208 0
15209 10
15210 31
15211 8
15212 3
15213 6
15214 11
15215 8
15216 9
15217 35
15218 35
15219 11
15220 35
15221 16
15222 8
15223 16
15224 17
15225 35
15226 19
15227 8
15228 31
15229 16
15230 11
15231 16
15232 35
15233 3
15234 19
15235 18
15236 12
15237 19
15238 11
15239 8
15240 27
15241 31
15242 35
15243 34
15244 6
15245 18
15246 7
15247 5
15248 6
15249 35
15250 8
15251 11
15252 5
15253 8
15254 10
15255 8
15256 11
15257 0
15258 14
15259 24
15260 25
15261 5
15262 25
15263 6
15264 4
15265 18
15266 12
15267 10
15268 1
15269 23
15270 1
15271 14
15272 34
15273 2
15274 18
15275 5
15276 19
15277 10
15278 6
15279 8
15280 16
15281 4
15282 21
15283 11
15284 10
15285 7
15286 27
15287 26
15288 2
15289 27
15290 4
15291 6
15292 5
15293 14
15294 2
15295 24
15296 21
15297 16
15298 35
15299 5
15300 8
15301 35
15302 34
15303 30
15304 8
15305 11
15306 26
15307 35
15308 10
15309 2
15310 2
15311 21
15312 2
15313 2
15314 35
15315 6
15316 27
15317 35
15318 5
15319 9
15320 0
15321 4
15322 35
15323 35
15324 8
15325 34
15326 10
15327 35
15328 20
15329 24
15330 4
15331 35
15332 9
15333 7
15334 27
15335 19
15336 18
15337 14
15338 8
15339 19
15340 6
15341 6
15342 26
15343 19
15344 1
15345 35
15346 30
15347 27
15348 14
15349 5
15350 2
15351 2
15352 20
15353 24
15354 2
15355 35
15356 2
15357 8
15358 1
15359 35
15360 15
15361 5
15362 1
15363 35
15364 29
15365 18
15366 35
15367 27
15368 10
15369 23
15370 2
15371 6
15372 1
15373 10
15374 2
15375 17
15376 32
15377 25
15378 14
15379 8
15380 1
15381 35
15382 9
15383 8
15384 3
15385 6
15386 8
15387 1
15388 18
15389 27
15390 12
15391 25
15392 8
15393 2
15394 6
15395 17
15396 10
15397 5
15398 2
15399 14
15400 35
15401 11
15402 16
15403 19
15404 19
15405 8
15406 16
15407 16
15408 27
15409 15
15410 35
15411 35
15412 35
15413 8
15414 35
15415 19
15416 5
15417 2
15418 5
15419 14
15420 8
15421 18
15422 17
15423 2
15424 1
15425 8
15426 8
15427 27
15428 6
15429 1
15430 1
15431 1
15432 27
15433 1
15434 24
15435 35
15436 14
15437 10
15438 14
15439 27
15440 1
15441 34
15442 5
15443 5
15444 10
15445 1
15446 11
15447 10
15448 31
15449 11
15450 24
15451 24
15452 18
15453 11
15454 35
15455 1
15456 8
15457 15
15458 14
15459 35
15460 35
15461 8
15462 1
15463 2
15464 1
15465 12
15466 35
15467 8
15468 12
15469 6
15470 35
15471 8
15472 18
15473 8
15474 27
15475 18
15476 31
15477 35
15478 10
15479 24
15480 2
15481 8
15482 14
15483 6
15484 17
15485 1
15486 27
15487 1
15488 1
15489 12
15490 27
15491 2
15492 3
15493 1
15494 27
15495 17
15496 27
15497 7
15498 10
15499 8
15500 12
15501 1
15502 24
15503 2
15504 12
15505 1
15506 27
15507 26
15508 35
15509 16
15510 18
15511 8
15512 3
15513 35
15514 10
15515 25
15516 16
15517 35
15518 4
15519 11
15520 24
15521 19
15522 1
15523 35
15524 11
15525 10
15526 3
15527 0
15528 2
15529 6
15530 6
15531 8
15532 8
15533 8
15534 21
15535 18
15536 24
15537 2
15538 2
15539 1
15540 0
15541 17
15542 11
15543 12
15544 18
15545 20
15546 35
15547 10
15548 15
15549 1
15550 1
15551 11
15552 2
15553 3
15554 35
15555 8
15556 2
15557 26
15558 7
15559 1
15560 24
15561 1
15562 0
15563 2
15564 15
15565 2
15566 11
15567 10
15568 3
15569 18
15570 27
15571 2
15572 5
15573 27
15574 1
15575 19
15576 1
15577 24
15578 0
15579 14
15580 11
15581 35
15582 16
15583 10
15584 17
15585 2
15586 18
15587 25
15588 11
15589 4
15590 19
15591 8
15592 11
15593 35
15594 17
15595 28
15596 27
15597 35
15598 10
15599 11
15600 35
15601 14
15602 1
15603 11
15604 15
15605 6
15606 19
15607 5
15608 27
15609 10
15610 8
15611 2
15612 21
15613 10
15614 24
15615 17
15616 24
15617 2
15618 21
15619 7
15620 14
15621 35
15622 25
15623 2
15624 2
15625 2
15626 3
15627 24
15628 6
15629 12
15630 24
15631 10
15632 5
15633 19
15634 11
15635 10
15636 29
15637 18
15638 10
15639 18
15640 10
15641 2
15642 1
15643 35
15644 3
15645 3
15646 11
15647 17
15648 19
15649 2
15650 8
15651 24
15652 2
15653 5
15654 12
15655 24
15656 24
15657 10
15658 21
15659 32
15660 5
15661 25
15662 17
15663 14
15664 6
15665 18
15666 5
15667 11
15668 34
15669 18
15670 5
15671 5
15672 5
15673 5
15674 6
15675 35
15676 17
15677 35
15678 8
15679 2
15680 26
15681 10
15682 24
15683 10
15684 5
15685 5
15686 35
15687 35
15688 21
15689 11
15690 24
15691 15
15692 14
15693 24
15694 35
15695 11
15696 35
15697 18
15698 17
15699 18
15700 5
15701 8
15702 19
15703 0
15704 35
15705 28
15706 33
15707 15
15708 15
15709 17
15710 11
15711 0
15712 24
15713 10
15714 23
15715 10
15716 19
15717 26
15718 35
15719 27
15720 33
15721 18
15722 10
15723 14
15724 34
15725 17
15726 6
15727 11
15728 19
15729 35
15730 17
15731 8
15732 8
15733 8
15734 18
15735 12
15736 10
15737 16
15738 3
15739 8
15740 10
15741 35
15742 1
15743 24
15744 11
15745 1
15746 35
15747 5
15748 35
15749 4
15750 16
15751 34
15752 8
15753 11
15754 8
15755 31
15756 2
15757 15
15758 8
15759 11
15760 35
15761 8
15762 26
15763 35
15764 8
15765 8
15766 12
15767 1
15768 10
15769 8
15770 24
15771 17
15772 5
15773 24
15774 2
15775 7
15776 35
15777 19
15778 2
15779 1
15780 10
15781 21
15782 10
15783 10
15784 12
15785 6
15786 5
15787 18
15788 2
15789 2
15790 5
15791 4
15792 8
15793 2
15794 26
15795 35
15796 11
15797 4
15798 32
15799 14
15800 35
15801 2
15802 3
15803 10
15804 2
15805 12
15806 12
15807 2
15808 2
15809 16
15810 4
15811 11
15812 27
15813 5
15814 35
15815 11
15816 3
15817 6
15818 19
15819 18
15820 35
15821 2
15822 10
15823 4
15824 1
15825 4
15826 1
15827 20
15828 14
15829 18
15830 35
15831 2
15832 26
15833 14
15834 27
15835 9
15836 2
15837 1
15838 2
15839 1
15840 8
15841 8
15842 11
15843 4
15844 8
15845 8
15846 35
15847 34
15848 11
15849 11
15850 5
15851 18
15852 5
15853 27
15854 2
15855 18
15856 35
15857 14
15858 24
15859 16
15860 10
15861 20
15862 12
15863 2
15864 2
15865 11
15866 3
15867 18
15868 6
15869 3
15870 1
15871 2
15872 3
15873 32
15874 2
15875 8
15876 31
15877 6
15878 8
15879 35
15880 8
15881 20
15882 32
15883 32
15884 35
15885 8
15886 1
15887 35
15888 9
15889 6
15890 7
15891 11
15892 18
15893 18
15894 35
15895 10
15896 15
15897 19
15898 10
15899 9
15900 35
15901 3
15902 19
15903 14
15904 12
15905 16
15906 0
15907 24
15908 1
15909 10
15910 10
15911 24
15912 3
15913 35
15914 15
15915 14
15916 8
15917 2
15918 35
15919 2
15920 19
15921 8
15922 35
15923 12
15924 19
15925 12
15926 16
15927 3
15928 33
15929 23
15930 10
15931 3
15932 6
15933 24
15934 15
15935 11
15936 8
15937 3
15938 2
15939 35
15940 15
15941 35
15942 27
15943 18
15944 2
15945 8
15946 2
15947 5
15948 2
15949 5
15950 27
15951 2
15952 34
15953 29
15954 10
15955 18
15956 0
15957 16
15958 35
15959 5
15960 3
15961 19
15962 12
15963 10
15964 8
15965 19
15966 6
15967 4
15968 35
15969 8
15970 24
15971 14
15972 6
15973 11
15974 11
15975 3
15976 35
15977 15
15978 12
15979 35
15980 32
15981 2
15982 1
15983 16
15984 24
15985 34
15986 0
15987 30
15988 35
15989 18
15990 10
15991 19
15992 19
15993 15
15994 14
15995 5
15996 11
15997 10
15998 1
15999 2
16000 25
16001 27
16002 14
16003 3
16004 34
16005 35
16006 6
16007 12
16008 5
16009 12
16010 14
16011 18
16012 17
16013 19
16014 10
16015 11
16016 16
16017 24
16018 6
16019 16
16020 12
16021 30
16022 5
16023 11
16024 1
16025 49
16026 2
16027 10
16028 24
16029 10
16030 10
16031 0
16032 1
16033 14
16034 8
16035 2
16036 18
16037 9
16038 9
16039 8
16040 27
16041 19
16042 3
16043 6
16044 3
16045 2
16046 0
16047 18
16048 3
16049 7
16050 30
16051 8
16052 27
16053 10
16054 6
16055 10
16056 29
16057 8
16058 10
16059 6
16060 35
16061 6
16062 3
16063 12
16064 12
16065 2
16066 0
16067 33
16068 17
16069 3
16070 18
16071 10
16072 27
16073 8
16074 49
16075 8
16076 1
16077 35
16078 1
16079 19
16080 4
16081 35
16082 8
16083 8
16084 8
16085 24
16086 11
16087 35
16088 5
16089 6
16090 2
16091 19
16092 2
16093 2
16094 25
16095 5
16096 35
16097 8
16098 15
16099 4
16100 11
16101 2
16102 9
16103 27
16104 11
16105 6
16106 8
16107 2
16108 31
16109 5
16110 30
16111 3
16112 15
16113 35
16114 10
16115 6
16116 27
16117 34
16118 2
16119 10
16120 32
16121 8
16122 27
16123 35
16124 11
16125 35
16126 26
16127 1
16128 11
16129 9
16130 16
16131 15
16132 6
16133 8
16134 35
16135 35
16136 14
16137 1
16138 11
16139 27
16140 2
16141 35
16142 3
16143 27
16144 4
16145 11
16146 15
16147 6
16148 12
16149 18
16150 6
16151 33
16152 35
16153 4
16154 8
16155 30
16156 24
16157 11
16158 8
16159 8
16160 24
16161 5
16162 24
16163 1
16164 1
16165 35
16166 14
16167 30
16168 35
16169 8
16170 11
16171 4
16172 17
16173 8
16174 24
16175 5
16176 35
16177 11
16178 2
16179 24
16180 19
16181 18
16182 18
16183 35
16184 1
16185 2
16186 0
16187 10
16188 2
16189 5
16190 18
16191 11
16192 43
16193 32
16194 2
16195 35
16196 29
16197 32
16198 19
16199 2
16200 2
16201 8
16202 12
16203 8
16204 35
16205 8
16206 11
16207 10
16208 8
16209 35
16210 35
16211 16
16212 10
16213 2
16214 18
16215 24
16216 9
16217 10
16218 0
16219 21
16220 19
16221 5
16222 35
16223 35
16224 35
16225 5
16226 13
16227 14
16228 15
16229 11
16230 11
16231 15
16232 35
16233 19
16234 8
16235 21
16236 5
16237 2
16238 15
16239 16
16240 35
16241 19
16242 6
16243 8
16244 17
16245 8
16246 29
16247 35
16248 6
16249 35
16250 10
16251 35
16252 18
16253 24
16254 11
16255 35
16256 8
16257 4
16258 6
16259 26
16260 8
16261 6
16262 17
16263 35
16264 35
16265 15
16266 8
16267 8
16268 2
16269 8
16270 21
16271 10
16272 35
16273 35
16274 8
16275 35
16276 8
16277 24
16278 24
16279 1
16280 27
16281 27
16282 1
16283 9
16284 11
16285 5
16286 10
16287 24
16288 18
16289 5
16290 7
16291 11
16292 35
16293 1
16294 7
16295 8
16296 11
16297 11
16298 27
16299 11
16300 8
16301 20
16302 18
16303 6
16304 35
16305 35
16306 8
16307 19
16308 11
16309 11
16310 10
16311 5
16312 35
16313 35
16314 18
16315 11
16316 35
16317 10
16318 14
16319 17
16320 8
16321 1
16322 16
16323 33
16324 2
16325 26
16326 2
16327 35
16328 35
16329 1
16330 24
16331 27
16332 24
16333 27
16334 32
16335 14
16336 27
16337 3
16338 5
16339 21
16340 24
16341 35
16342 35
16343 11
16344 8
16345 18
16346 32
16347 19
16348 8
16349 11
16350 35
16351 8
16352 6
16353 19
16354 10
16355 11
16356 4
16357 14
16358 5
16359 8
16360 24
16361 8
16362 8
16363 3
16364 2
16365 8
16366 32
16367 8
16368 17
16369 24
16370 24
16371 21
16372 16
16373 1
16374 35
16375 35
16376 35
16377 6
16378 19
16379 17
16380 6
16381 2
16382 3
16383 16
16384 17
16385 8
16386 32
16387 14
16388 16
16389 19
16390 35
16391 8
16392 11
16393 35
16394 24
16395 35
16396 5
16397 35
16398 17
16399 34
16400 17
16401 2
16402 8
16403 34
16404 19
16405 6
16406 2
16407 10
16408 11
16409 35
16410 19
16411 11
16412 8
16413 18
16414 12
16415 35
16416 35
16417 7
16418 15
16419 8
16420 15
16421 6
16422 8
16423 11
16424 0
16425 8
16426 10
16427 8
16428 12
16429 8
16430 10
16431 27
16432 14
16433 35
16434 16
16435 18
16436 14
16437 14
16438 1
16439 14
16440 12
16441 21
16442 8
16443 32
16444 26
16445 10
16446 10
16447 4
16448 17
16449 12
16450 35
16451 16
16452 6
16453 8
16454 15
16455 19
16456 0
16457 8
16458 18
16459 19
16460 35
16461 10
16462 16
16463 5
16464 6
16465 13
16466 8
16467 8
16468 32
16469 10
16470 24
16471 32
16472 1
16473 24
16474 16
16475 11
16476 32
16477 0
16478 0
16479 30
16480 10
16481 35
16482 13
16483 15
16484 16
16485 7
16486 16
16487 30
16488 29
16489 8
16490 8
16491 19
16492 0
16493 0
16494 18
16495 24
16496 35
16497 10
16498 24
16499 15
16500 7
16501 10
16502 2
16503 15
16504 16
16505 30
16506 8
16507 6
16508 5
16509 10
16510 17
16511 6
16512 12
16513 8
16514 9
16515 24
16516 24
16517 8
16518 0
16519 24
16520 8
16521 24
16522 6
16523 28
16524 16
16525 35
16526 18
16527 24
16528 34
16529 16
16530 11
16531 27
16532 9
16533 5
16534 11
16535 0
16536 2
16537 11
16538 2
16539 8
16540 12
16541 17
16542 3
16543 13
16544 10
16545 10
16546 18
16547 14
16548 20
16549 1
16550 19
16551 10
16552 19
16553 30
16554 35
16555 28
16556 8
16557 5
16558 27
16559 27
16560 35
16561 10
16562 1
16563 8
16564 1
16565 2
16566 20
16567 8
16568 2
16569 28
16570 0
16571 5
16572 14
16573 35
16574 3
16575 35
16576 19
16577 24
16578 35
16579 7
16580 24
16581 4
16582 25
16583 10
16584 35
16585 35
16586 5
16587 15
16588 27
16589 1
16590 5
16591 25
16592 10
16593 5
16594 3
16595 8
16596 16
16597 18
16598 2
16599 35
16600 7
16601 2
16602 1
16603 3
16604 26
16605 5
16606 10
16607 10
16608 0
16609 1
16610 35
16611 31
16612 14
16613 8
16614 10
16615 19
16616 6
16617 8
16618 2
16619 32
16620 10
16621 11
16622 35
16623 35
16624 3
16625 0
16626 31
16627 14
16628 11
16629 8
16630 3
16631 13
16632 2
16633 4
16634 8
16635 20
16636 10
16637 10
16638 8
16639 3
16640 8
16641 2
16642 32
16643 5
16644 8
16645 32
16646 11
16647 8
16648 10
16649 11
16650 8
16651 11
16652 2
16653 1
16654 8
16655 14
16656 10
16657 24
16658 12
16659 8
16660 6
16661 35
16662 35
16663 0
16664 10
16665 32
16666 11
16667 32
16668 14
16669 2
16670 30
16671 19
16672 24
16673 18
16674 27
16675 8
16676 25
16677 12
16678 5
16679 8
16680 7
16681 23
16682 4
16683 35
16684 31
16685 2
16686 17
16687 2
16688 11
16689 9
16690 1
16691 2
16692 14
16693 2
16694 19
16695 35
16696 1
16697 32
16698 2
16699 4
16700 19
16701 31
16702 8
16703 35
16704 6
16705 32
16706 15
16707 1
16708 14
16709 2
16710 10
16711 5
16712 27
16713 35
16714 35
16715 6
16716 14
16717 11
16718 27
16719 27
16720 2
16721 10
16722 8
16723 35
16724 14
16725 1
16726 2
16727 32
16728 35
16729 35
16730 6
16731 11
16732 11
16733 35
16734 6
16735 3
16736 2
16737 2
16738 35
16739 21
16740 8
16741 35
16742 35
16743 35
16744 24
16745 35
16746 14
16747 24
16748 2
16749 2
16750 10
16751 11
16752 8
16753 35
16754 7
16755 35
16756 10
16757 5
16758 11
16759 5
16760 35
16761 2
16762 11
16763 35
16764 8
16765 0
16766 12
16767 2
16768 5
16769 35
16770 35
16771 8
16772 8
16773 15
16774 5
16775 23
16776 6
16777 35
16778 19
16779 3
16780 35
16781 27
16782 5
16783 14
16784 16
16785 16
16786 2
16787 10
16788 6
16789 35
16790 12
16791 11
16792 32
16793 2
16794 2
16795 4
16796 2
16797 6
16798 18
16799 19
16800 2
16801 32
16802 35
16803 6
16804 35
16805 2
16806 10
16807 19
16808 11
16809 8
16810 5
16811 8
16812 9
16813 4
16814 14
16815 14
16816 1
16817 15
16818 35
16819 10
16820 35
16821 2
16822 1
16823 10
16824 18
16825 12
16826 11
16827 1
16828 35
16829 5
16830 10
16831 1
16832 35
16833 2
16834 34
16835 35
16836 11
16837 9
16838 22
16839 35
16840 11
16841 5
16842 4
16843 4
16844 14
16845 14
16846 24
16847 1
16848 17
16849 34
16850 0
16851 17
16852 35
16853 20
16854 11
16855 3
16856 11
16857 11
16858 8
16859 4
16860 8
16861 20
16862 14
16863 33
16864 35
16865 11
16866 10
16867 11
16868 12
16869 12
16870 8
16871 35
16872 8
16873 8
16874 4
16875 18
16876 11
16877 35
16878 14
16879 2
16880 6
16881 11
16882 35
16883 6
16884 8
16885 11
16886 8
16887 6
16888 32
16889 14
16890 35
16891 24
16892 11
16893 1
16894 35
16895 2
16896 5
16897 9
16898 34
16899 12
16900 29
16901 19
16902 35
16903 14
16904 19
16905 19
16906 2
16907 10
16908 2
16909 34
16910 11
16911 35
16912 11
16913 6
16914 32
16915 11
16916 14
16917 1
16918 15
16919 11
16920 8
16921 17
16922 32
16923 35
16924 10
16925 6
16926 33
16927 18
16928 1
16929 17
16930 4
16931 35
16932 1
16933 35
16934 35
16935 3
16936 5
16937 31
16938 35
16939 35
16940 19
16941 1
16942 0
16943 8
16944 19
16945 24
16946 1
16947 14
16948 16
16949 15
16950 1
16951 24
16952 35
16953 6
16954 8
16955 15
16956 25
16957 2
16958 8
16959 11
16960 2
16961 2
16962 3
16963 8
16964 0
16965 11
16966 8
16967 1
16968 10
16969 10
16970 16
16971 35
16972 10
16973 35
16974 1
16975 11
16976 5
16977 14
16978 18
16979 35
16980 32
16981 15
16982 2
16983 2
16984 1
16985 10
16986 8
16987 10
16988 4
16989 35
16990 35
16991 19
16992 8
16993 35
16994 35
16995 35
16996 14
16997 1
16998 24
16999 6
17000 32
17001 9
17002 10
17003 18
17004 35
17005 8
17006 15
17007 3
17008 24
17009 24
17010 8
17011 8
17012 11
17013 35
17014 35
17015 11
17016 8
17017 1
17018 6
17019 6
17020 1
17021 10
17022 24
17023 2
17024 8
17025 1
17026 1
17027 8
17028 18
17029 14
17030 35
17031 8
17032 1
17033 6
17034 2
17035 2
17036 2
17037 11
17038 2
17039 8
17040 15
17041 35
17042 27
17043 1
17044 24
17045 6
17046 11
17047 10
17048 6
17049 11
17050 35
17051 18
17052 6
17053 8
17054 8
17055 11
17056 2
17057 5
17058 35
17059 10
17060 25
17061 8
17062 35
17063 24
17064 8
17065 11
17066 8
17067 2
17068 14
17069 35
17070 1
17071 26
17072 8
17073 11
17074 35
17075 2
17076 24
17077 35
17078 11
17079 8
17080 15
17081 5
17082 2
17083 31
17084 14
17085 20
17086 7
17087 12
17088 14
17089 8
17090 24
17091 28
17092 1
17093 8
17094 4
17095 2
17096 2
17097 6
17098 8
17099 18
17100 1
17101 8
17102 19
17103 2
17104 8
17105 1
17106 14
17107 12
17108 8
17109 25
17110 5
17111 35
17112 2
17113 8
17114 11
17115 35
17116 10
17117 14
17118 19
17119 35
17120 35
17121 14
17122 8
17123 35
17124 10
17125 2
17126 35
17127 32
17128 18
17129 8
17130 8
17131 26
17132 35
17133 1
17134 35
17135 6
17136 10
17137 16
17138 17
17139 10
17140 32
17141 14
17142 34
17143 1
17144 25
17145 35
17146 11
17147 16
17148 19
17149 34
17150 11
17151 2
17152 8
17153 8
17154 11
17155 8
17156 3
17157 2
17158 2
17159 1
17160 25
17161 18
17162 2
17163 14
17164 1
17165 10
17166 5
17167 24
17168 35
17169 1
17170 8
17171 5
17172 11
17173 35
17174 18
17175 35
17176 11
17177 2
17178 7
17179 35
17180 35
17181 5
17182 1
17183 17
17184 17
17185 8
17186 19
17187 35
17188 15
17189 3
17190 35
17191 14
17192 16
17193 10
17194 3
17195 35
17196 24
17197 35
17198 17
17199 10
17200 35
17201 8
17202 35
17203 18
17204 30
17205 6
17206 11
17207 8
17208 5
17209 10
17210 1
17211 35
17212 19
17213 11
17214 2
17215 5
17216 24
17217 6
17218 11
17219 10
17220 24
17221 17
17222 35
17223 34
17224 14
17225 8
17226 30
17227 8
17228 12
17229 8
17230 10
17231 4
17232 35
17233 34
17234 16
17235 12
17236 1
17237 1
17238 24
17239 8
17240 8
17241 9
17242 30
17243 2
17244 11
17245 35
17246 8
17247 24
17248 18
17249 6
17250 19
17251 17
17252 1
17253 35
17254 17
17255 8
17256 35
17257 19
17258 18
17259 35
17260 18
17261 2
17262 6
17263 11
17264 12
17265 8
17266 11
17267 8
17268 12
17269 4
17270 35
17271 11
17272 21
17273 24
17274 6
17275 19
17276 19
17277 18
17278 16
17279 25
17280 14
17281 8
17282 10
17283 24
17284 1
17285 8
17286 35
17287 17
17288 2
17289 3
17290 2
17291 9
17292 5
17293 8
17294 3
17295 8
17296 4
17297 5
17298 20
17299 3
17300 12
17301 8
17302 35
17303 35
17304 10
17305 19
17306 2
17307 7
17308 8
17309 11
17310 1
17311 11
17312 2
17313 10
17314 10
17315 8
17316 1
17317 27
17318 35
17319 6
17320 1
17321 3
17322 2
17323 8
17324 1
17325 24
17326 2
17327 14
17328 11
17329 35
17330 0
17331 12
17332 27
17333 2
17334 8
17335 11
17336 12
17337 10
17338 8
17339 35
17340 35
17341 35
17342 35
17343 35
17344 18
17345 8
17346 35
17347 8
17348 19
17349 2
17350 7
17351 8
17352 6
17353 11
17354 2
17355 1
17356 26
17357 35
17358 35
17359 5
17360 10
17361 2
17362 10
17363 35
17364 33
17365 19
17366 1
17367 8
17368 35
17369 12
17370 10
17371 20
17372 35
17373 8
17374 1
17375 1
17376 10
17377 1
17378 5
17379 7
17380 11
17381 4
17382 46
17383 11
17384 35
17385 8
17386 8
17387 35
17388 35
17389 24
17390 27
17391 2
17392 1
17393 10
17394 24
17395 32
17396 22
17397 4
17398 35
17399 35
17400 1
17401 11
17402 10
17403 14
17404 35
17405 8
17406 12
17407 20
17408 35
17409 8
17410 2
17411 4
17412 8
17413 10
17414 17
17415 17
17416 35
17417 8
17418 21
17419 14
17420 19
17421 35
17422 21
17423 8
17424 2
17425 9
17426 8
17427 11
17428 3
17429 3
17430 11
17431 2
17432 4
17433 10
17434 8
17435 10
17436 11
17437 16
17438 8
17439 18
17440 6
17441 18
17442 2
17443 18
17444 14
17445 5
17446 8
17447 6
17448 11
17449 2
17450 2
17451 10
17452 2
17453 35
17454 35
17455 10
17456 8
17457 11
17458 24
17459 20
17460 0
17461 11
17462 35
17463 11
17464 19
17465 8
17466 2
17467 14
17468 2
17469 29
17470 8
17471 35
17472 6
17473 11
17474 15
17475 19
17476 19
17477 17
17478 35
17479 12
17480 35
17481 7
17482 8
17483 5
17484 14
17485 2
17486 19
17487 14
17488 30
17489 1
17490 10
17491 11
17492 6
17493 10
17494 19
17495 35
17496 35
17497 14
17498 25
17499 5
17500 0
17501 1
17502 2
17503 8
17504 6
17505 14
17506 12
17507 14
17508 10
17509 24
17510 8
17511 11
17512 35
17513 2
17514 8
17515 24
17516 0
17517 0
17518 32
17519 16
17520 10
17521 2
17522 7
17523 10
17524 8
17525 16
17526 8
17527 1
17528 27
17529 1
17530 19
17531 3
17532 35
17533 6
17534 6
17535 8
17536 8
17537 11
17538 34
17539 10
17540 8
17541 35
17542 11
17543 24
17544 1
17545 24
17546 5
17547 13
17548 35
17549 8
17550 8
17551 8
17552 8
17553 3
17554 6
17555 12
17556 14
17557 21
17558 5
17559 12
17560 8
17561 18
17562 10
17563 2
17564 16
17565 3
17566 2
17567 8
17568 35
17569 16
17570 18
17571 35
17572 3
17573 2
17574 35
17575 10
17576 34
17577 3
17578 6
17579 0
17580 14
17581 8
17582 24
17583 35
17584 26
17585 35
17586 11
17587 10
17588 11
17589 14
17590 35
17591 35
17592 8
17593 2
17594 10
17595 5
17596 16
17597 19
17598 10
17599 8
17600 10
17601 18
17602 2
17603 14
17604 7
17605 1
17606 5
17607 13
17608 16
17609 35
17610 5
17611 22
17612 8
17613 24
17614 35
17615 30
17616 14
17617 35
17618 8
17619 8
17620 19
17621 8
17622 2
17623 11
17624 2
17625 10
17626 35
17627 1
17628 35
17629 24
17630 26
17631 8
17632 5
17633 24
17634 10
17635 28
17636 1
17637 1
17638 19
17639 5
17640 1
17641 20
17642 18
17643 13
17644 2
17645 27
17646 2
17647 3
17648 31
17649 35
17650 10
17651 33
17652 5
17653 32
17654 2
17655 10
17656 18
17657 8
17658 14
17659 2
17660 4
17661 2
17662 35
17663 11
17664 14
17665 8
17666 34
17667 15
17668 12
17669 8
17670 11
17671 35
17672 11
17673 15
17674 35
17675 6
17676 35
17677 19
17678 35
17679 1
17680 11
17681 2
17682 35
17683 27
17684 6
17685 8
17686 19
17687 8
17688 2
17689 8
17690 17
17691 7
17692 35
17693 31
17694 33
17695 2
17696 27
17697 35
17698 16
17699 0
17700 2
17701 2
17702 5
17703 7
17704 8
17705 11
17706 31
17707 2
17708 35
17709 2
17710 8
17711 8
17712 18
17713 1
17714 2
17715 35
17716 1
17717 8
17718 2
17719 9
17720 15
17721 8
17722 1
17723 34
17724 24
17725 11
17726 1
17727 0
17728 35
17729 5
17730 4
17731 2
17732 19
17733 18
17734 33
17735 35
17736 29
17737 5
17738 2
17739 18
17740 2
17741 19
17742 12
17743 35
17744 1
17745 11
17746 10
17747 35
17748 18
17749 3
17750 6
17751 35
17752 17
17753 19
17754 8
17755 34
17756 35
17757 8
17758 35
17759 8
17760 20
17761 27
17762 5
17763 31
17764 35
17765 2
17766 6
17767 2
17768 35
17769 11
17770 1
17771 4
17772 35
17773 21
17774 5
17775 35
17776 34
17777 35
17778 1
17779 5
17780 11
17781 21
17782 18
17783 25
17784 3
17785 8
17786 2
17787 27
17788 8
17789 10
17790 2
17791 28
17792 18
17793 3
17794 18
17795 35
17796 35
17797 2
17798 18
17799 12
17800 17
17801 2
17802 14
17803 9
17804 35
17805 35
17806 17
17807 8
17808 8
17809 2
17810 5
17811 18
17812 2
17813 16
17814 27
17815 8
17816 0
17817 35
17818 5
17819 5
17820 35
17821 35
17822 34
17823 35
17824 12
17825 8
17826 35
17827 17
17828 2
17829 35
17830 35
17831 14
17832 8
17833 35
17834 19
17835 10
17836 3
17837 30
17838 5
17839 18
17840 3
17841 19
17842 35
17843 10
17844 35
17845 26
17846 9
17847 5
17848 11
17849 1
17850 14
17851 27
17852 35
17853 35
17854 1
17855 31
17856 1
17857 19
17858 1
17859 1
17860 14
17861 7
17862 31
17863 3
17864 1
17865 1
17866 1
17867 8
17868 1
17869 14
17870 0
17871 14
17872 10
17873 8
17874 1
17875 28
17876 10
17877 2
17878 8
17879 12
17880 1
17881 17
17882 12
17883 1
17884 10
17885 1
17886 35
17887 8
17888 31
17889 18
17890 8
17891 10
17892 2
17893 6
17894 27
17895 12
17896 30
17897 12
17898 1
17899 35
17900 1
17901 16
17902 35
17903 12
17904 1
17905 0
17906 18
17907 4
17908 35
17909 5
17910 19
17911 11
17912 35
17913 27
17914 15
17915 8
17916 4
17917 19
17918 14
17919 29
17920 8
17921 1
17922 2
17923 35
17924 4
17925 27
17926 8
17927 14
17928 24
17929 11
17930 2
17931 31
17932 1
17933 14
17934 14
17935 35
17936 2
17937 10
17938 3
17939 8
17940 14
17941 2
17942 8
17943 10
17944 10
17945 35
17946 24
17947 2
17948 1
17949 1
17950 10
17951 3
17952 8
17953 18
17954 10
17955 11
17956 35
17957 14
17958 16
17959 3
17960 8
17961 18
17962 8
17963 4
17964 7
17965 34
17966 12
17967 25
17968 1
17969 24
17970 14
17971 1
17972 12
17973 32
17974 14
17975 4
17976 10
17977 1
17978 8
17979 11
17980 16
17981 10
17982 15
17983 27
17984 8
17985 30
17986 2
17987 14
17988 8
17989 2
17990 31
17991 14
17992 8
17993 18
17994 2
17995 8
17996 6
17997 17
17998 25
17999 6
18000 6
18001 35
18002 8
18003 24
18004 5
18005 16
18006 10
18007 24
18008 2
18009 24
18010 8
18011 35
18012 19
18013 12
18014 30
18015 27
18016 15
18017 10
18018 35
18019 35
18020 1
18021 35
18022 17
18023 8
18024 4
18025 35
18026 1
18027 24
18028 24
18029 8
18030 1
18031 10
18032 1
18033 11
18034 8
18035 26
18036 29
18037 35
18038 24
18039 19
18040 10
18041 2
18042 11
18043 16
18044 10
18045 10
18046 35
18047 8
18048 14
18049 5
18050 35
18051 18
18052 5
18053 22
18054 1
18055 10
18056 35
18057 11
18058 8
18059 2
18060 34
18061 11
18062 5
18063 35
18064 1
18065 11
18066 10
18067 18
18068 8
18069 17
18070 8
18071 14
18072 1
18073 35
18074 24
18075 3
18076 2
18077 14
18078 17
18079 23
18080 35
18081 11
18082 12
18083 1
18084 10
18085 2
18086 11
18087 8
18088 10
18089 20
18090 2
18091 35
18092 2
18093 1
18094 11
18095 15
18096 18
18097 19
18098 6
18099 35
18100 35
18101 20
18102 10
18103 17
18104 34
18105 10
18106 19
18107 35
18108 2
18109 1
18110 3
18111 10
18112 11
18113 35
18114 15
18115 8
18116 1
18117 18
18118 19
18119 0
18120 14
18121 35
18122 2
18123 35
18124 8
18125 27
18126 24
18127 6
18128 8
18129 35
18130 26
18131 35
18132 19
18133 8
18134 24
18135 6
18136 35
18137 10
18138 11
18139 34
18140 35
18141 8
18142 35
18143 5
18144 8
18145 16
18146 2
18147 35
18148 32
18149 10
18150 6
18151 35
18152 35
18153 5
18154 33
18155 10
18156 35
18157 18
18158 10
18159 2
18160 11
18161 24
18162 24
18163 15
18164 3
18165 2
18166 3
18167 10
18168 27
18169 27
18170 35
18171 35
18172 35
18173 8
18174 8
18175 3
18176 11
18177 14
18178 10
18179 8
18180 5
18181 34
18182 10
18183 19
18184 12
18185 1
18186 35
18187 12
18188 35
18189 10
18190 29
18191 9
18192 1
18193 21
18194 18
18195 6
18196 30
18197 15
18198 8
18199 10
18200 19
18201 10
18202 32
18203 11
18204 19
18205 1
18206 2
18207 35
18208 29
18209 20
18210 19
18211 2
18212 35
18213 1
18214 24
18215 35
18216 15
18217 24
18218 35
18219 8
18220 8
18221 35
18222 24
18223 5
18224 35
18225 19
18226 14
18227 35
18228 8
18229 35
18230 10
18231 35
18232 18
18233 11
18234 1
18235 3
18236 2
18237 35
18238 2
18239 8
18240 11
18241 24
18242 17
18243 35
18244 8
18245 1
18246 25
18247 19
18248 18
18249 6
18250 11
18251 15
18252 35
18253 35
18254 4
18255 31
18256 16
18257 10
18258 8
18259 2
18260 30
18261 5
18262 10
18263 15
18264 32
18265 8
18266 35
18267 35
18268 2
18269 10
18270 11
18271 3
18272 6
18273 8
18274 25
18275 1
18276 11
18277 1
18278 18
18279 4
18280 3
18281 12
18282 32
18283 9
18284 2
18285 5
18286 14
18287 35
18288 8
18289 5
18290 2
18291 10
18292 2
18293 35
18294 1
18295 11
18296 9
18297 20
18298 10
18299 8
18300 24
18301 32
18302 24
18303 21
18304 7
18305 3
18306 35
18307 35
18308 6
18309 19
18310 14
18311 17
18312 27
18313 12
18314 35
18315 11
18316 16
18317 11
18318 18
18319 32
18320 28
18321 10
18322 10
18323 35
18324 11
18325 24
18326 12
18327 8
18328 14
18329 10
18330 19
18331 2
18332 12
18333 17
18334 35
18335 1
18336 10
18337 16
18338 28
18339 6
18340 24
18341 10
18342 27
18343 32
18344 10
18345 8
18346 5
18347 11
18348 11
18349 2
18350 8
18351 19
18352 22
18353 10
18354 35
18355 19
18356 21
18357 31
18358 28
18359 35
18360 10
18361 27
18362 35
18363 11
18364 35
18365 24
18366 18
18367 23
18368 17
18369 24
18370 8
18371 17
18372 8
18373 11
18374 35
18375 2
18376 18
18377 24
18378 1
18379 1
18380 10
18381 18
18382 8
18383 10
18384 8
18385 6
18386 35
18387 10
18388 29
18389 11
18390 8
18391 11
18392 29
18393 2
18394 1
18395 35
18396 35
18397 18
18398 3
18399 10
18400 2
18401 12
18402 2
18403 0
18404 10
18405 10
18406 11
18407 1
18408 35
18409 19
18410 8
18411 30
18412 22
18413 24
18414 35
18415 29
18416 1
18417 21
18418 2
18419 8
18420 10
18421 13
18422 2
18423 35
18424 32
18425 35
18426 2
18427 8
18428 16
18429 14
18430 7
18431 2
18432 10
18433 7
18434 35
18435 11
18436 9
18437 8
18438 10
18439 8
18440 21
18441 19
18442 17
18443 35
18444 24
18445 11
18446 11
18447 27
18448 8
18449 35
18450 12
18451 0
18452 14
18453 35
18454 11
18455 28
18456 8
18457 3
18458 11
18459 26
18460 2
18461 1
18462 11
18463 8
18464 27
18465 2
18466 24
18467 1
18468 35
18469 35
18470 34
18471 1
18472 34
18473 35
18474 4
18475 24
18476 19
18477 2
18478 19
18479 5
18480 6
18481 0
18482 16
18483 12
18484 5
18485 8
18486 26
18487 31
18488 35
18489 12
18490 2
18491 24
18492 8
18493 7
18494 14
18495 19
18496 12
18497 35
18498 15
18499 2
18500 10
18501 19
18502 5
18503 8
18504 14
18505 10
18506 18
18507 1
18508 1
18509 10
18510 19
18511 4
18512 29
18513 35
18514 16
18515 19
18516 18
18517 0
18518 2
18519 35
18520 35
18521 24
18522 24
18523 35
18524 24
18525 18
18526 5
18527 18
18528 11
18529 6
18530 8
18531 5
18532 35
18533 32
18534 15
18535 35
18536 11
18537 18
18538 15
18539 2
18540 0
18541 2
18542 4
18543 8
18544 1
18545 19
18546 1
18547 1
18548 25
18549 35
18550 35
18551 7
18552 16
18553 2
18554 35
18555 17
18556 11
18557 10
18558 5
18559 35
18560 8
18561 35
18562 11
18563 1
18564 10
18565 5
18566 17
18567 10
18568 18
18569 11
18570 2
18571 8
18572 33
18573 29
18574 18
18575 35
18576 9
18577 11
18578 6
18579 8
18580 9
18581 35
18582 11
18583 17
18584 17
18585 32
18586 35
18587 5
18588 19
18589 1
18590 5
18591 35
18592 27
18593 2
18594 2
18595 5
18596 16
18597 10
18598 4
18599 16
18600 35
18601 35
18602 8
18603 10
18604 8
18605 27
18606 2
18607 17
18608 19
18609 14
18610 11
18611 27
18612 35
18613 9
18614 35
18615 8
18616 19
18617 20
18618 13
18619 4
18620 10
18621 34
18622 15
18623 1
18624 12
18625 35
18626 14
18627 9
18628 4
18629 18
18630 15
18631 35
18632 8
18633 10
18634 2
18635 1
18636 35
18637 10
18638 35
18639 34
18640 35
18641 1
18642 15
18643 1
18644 6
18645 2
18646 8
18647 16
18648 10
18649 10
18650 0
18651 5
18652 35
18653 15
18654 16
18655 15
18656 1
18657 46
18658 1
18659 5
18660 35
18661 35
18662 5
18663 10
18664 11
18665 24
18666 35
18667 16
18668 12
18669 24
18670 2
18671 10
18672 8
18673 25
18674 35
18675 26
18676 6
18677 10
18678 29
18679 35
18680 3
18681 10
18682 24
18683 2
18684 35
18685 35
18686 14
18687 15
18688 35
18689 1
18690 10
18691 15
18692 15
18693 10
18694 14
18695 6
18696 11
18697 6
18698 11
18699 10
18700 2
18701 35
18702 35
18703 21
18704 35
18705 29
18706 3
18707 8
18708 4
18709 27
18710 30
18711 11
18712 3
18713 2
18714 10
18715 9
18716 4
18717 21
18718 2
18719 35
18720 35
18721 33
18722 12
18723 8
18724 10
18725 19
18726 13
18727 11
18728 24
18729 2
18730 29
18731 8
18732 3
18733 35
18734 2
18735 24
18736 8
18737 11
18738 24
18739 32
18740 10
18741 5
18742 6
18743 35
18744 5
18745 1
18746 2
18747 19
18748 1
18749 35
18750 23
18751 2
18752 11
18753 32
18754 11
18755 10
18756 6
18757 1
18758 31
18759 1
18760 31
18761 10
18762 5
18763 19
18764 19
18765 8
18766 8
18767 34
18768 35
18769 10
18770 35
18771 35
18772 0
18773 8
18774 0
18775 35
18776 12
18777 10
18778 11
18779 1
18780 11
18781 33
18782 15
18783 11
18784 35
18785 12
18786 13
18787 13
18788 2
18789 11
18790 3
18791 35
18792 15
18793 8
18794 29
18795 8
18796 18
18797 5
18798 0
18799 2
18800 35
18801 35
18802 35
18803 10
18804 11
18805 10
18806 20
18807 19
18808 35
18809 7
18810 11
18811 21
18812 11
18813 14
18814 8
18815 35
18816 32
18817 1
18818 15
18819 8
18820 10
18821 12
18822 8
18823 34
18824 2
18825 35
18826 12
18827 11
18828 8
18829 17
18830 10
18831 16
18832 35
18833 24
18834 13
18835 35
18836 27
18837 35
18838 35
18839 35
18840 35
18841 4
18842 15
18843 18
18844 5
18845 5
18846 28
18847 2
18848 8
18849 14
18850 24
18851 6
18852 0
18853 1
18854 28
18855 1
18856 35
18857 8
18858 6
18859 11
18860 11
18861 8
18862 2
18863 2
18864 10
18865 13
18866 18
18867 16
18868 29
18869 7
18870 5
18871 21
18872 3
18873 16
18874 24
18875 17
18876 24
18877 8
18878 17
18879 1
18880 25
18881 11
18882 35
18883 12
18884 24
18885 17
18886 11
18887 35
18888 27
18889 6
18890 6
18891 1
18892 29
18893 14
18894 24
18895 6
18896 15
18897 20
18898 25
18899 5
18900 0
18901 24
18902 18
18903 35
18904 34
18905 8
18906 10
18907 35
18908 2
18909 16
18910 8
18911 35
18912 29
18913 35
18914 12
18915 12
18916 10
18917 5
18918 14
18919 11
18920 11
18921 4
18922 26
18923 35
18924 35
18925 27
18926 11
18927 11
18928 8
18929 35
18930 35
18931 11
18932 35
18933 8
18934 19
18935 19
18936 0
18937 14
18938 0
18939 35
18940 20
18941 11
18942 2
18943 24
18944 2
18945 35
18946 5
18947 11
18948 15
18949 33
18950 18
18951 8
18952 8
18953 16
18954 8
18955 32
18956 10
18957 8
18958 8
18959 5
18960 35
18961 21
18962 6
18963 35
18964 8
18965 1
18966 21
18967 24
18968 21
18969 35
18970 19
18971 35
18972 18
18973 12
18974 28
18975 11
18976 15
18977 8
18978 1
18979 35
18980 10
18981 15
18982 28
18983 1
18984 34
18985 12
18986 35
18987 9
18988 1
18989 11
18990 19
18991 10
18992 35
18993 24
18994 8
18995 30
18996 0
18997 11
18998 8
18999 22
19000 18
19001 11
19002 27
19003 12
19004 20
19005 49
19006 2
19007 27
19008 35
19009 35
19010 35
19011 2
19012 14
19013 29
19014 2
19015 2
19016 35
19017 9
19018 28
19019 24
19020 10
19021 12
19022 20
19023 8
19024 5
19025 35
19026 30
19027 35
19028 32
19029 6
19030 32
19031 35
19032 11
19033 17
19034 16
19035 1
19036 18
19037 11
19038 18
19039 5
19040 10
19041 35
19042 27
19043 5
19044 32
19045 34
19046 11
19047 5
19048 35
19049 21
19050 8
19051 5
19052 11
19053 24
19054 5
19055 2
19056 8
19057 34
19058 34
19059 12
19060 1
19061 2
19062 11
19063 11
19064 2
19065 8
19066 1
19067 10
19068 8
19069 8
19070 25
19071 30
19072 10
19073 10
19074 1
19075 2
19076 33
19077 5
19078 0
19079 2
19080 2
19081 5
19082 2
19083 2
19084 11
19085 15
19086 19
19087 35
19088 35
19089 5
19090 8
19091 35
19092 18
19093 12
19094 8
19095 10
19096 5
19097 16
19098 1
19099 1
19100 11
19101 18
19102 8
19103 2
19104 35
19105 14
19106 2
19107 26
19108 10
19109 8
19110 35
19111 21
19112 11
19113 5
19114 33
19115 8
19116 14
19117 10
19118 13
19119 12
19120 24
19121 5
19122 25
19123 18
19124 21
19125 2
19126 14
19127 10
19128 35
19129 11
19130 14
19131 5
19132 35
19133 35
19134 10
19135 30
19136 35
19137 4
19138 10
19139 8
19140 28
19141 23
19142 28
19143 8
19144 11
19145 11
19146 8
19147 5
19148 2
19149 2
19150 2
19151 11
19152 21
19153 10
19154 33
19155 24
19156 1
19157 29
19158 0
19159 2
19160 4
19161 28
19162 5
19163 28
19164 35
19165 0
19166 27
19167 32
19168 5
19169 8
19170 3
19171 35
19172 8
19173 18
19174 8
19175 8
19176 5
19177 35
19178 0
19179 10
19180 9
19181 17
19182 10
19183 2
19184 8
19185 8
19186 2
19187 1
19188 14
19189 13
19190 15
19191 13
19192 8
19193 3
19194 35
19195 5
19196 17
19197 32
19198 6
19199 16
19200 7
19201 34
19202 19
19203 10
19204 10
19205 35
19206 8
19207 35
19208 3
19209 2
19210 12
19211 10
19212 11
19213 14
19214 11
19215 2
19216 11
19217 23
19218 10
19219 6
19220 14
19221 18
19222 35
19223 3
19224 35
19225 5
19226 1
19227 11
19228 2
19229 8
19230 35
19231 33
19232 15
19233 19
19234 14
19235 12
19236 11
19237 14
19238 24
19239 35
19240 14
19241 8
19242 11
19243 30
19244 7
19245 10
19246 1
19247 2
19248 0
19249 8
19250 35
19251 24
19252 2
19253 2
19254 27
19255 6
19256 8
19257 8
19258 18
19259 10
19260 11
19261 27
19262 18
19263 10
19264 12
19265 18
19266 14
19267 3
19268 24
19269 8
19270 8
19271 8
19272 8
19273 10
19274 35
19275 2
19276 15
19277 10
19278 18
19279 2
19280 1
19281 4
19282 19
19283 18
19284 10
19285 35
19286 1
19287 5
19288 35
19289 0
19290 30
19291 35
19292 8
19293 15
19294 15
19295 19
19296 32
19297 3
19298 24
19299 1
19300 12
19301 35
19302 1
19303 10
19304 10
19305 10
19306 2
19307 24
19308 8
19309 10
19310 3
19311 12
19312 19
19313 24
19314 21
19315 2
19316 10
19317 27
19318 2
19319 8
19320 2
19321 18
19322 14
19323 2
19324 24
19325 8
19326 35
19327 5
19328 2
19329 14
19330 5
19331 10
19332 10
19333 8
19334 0
19335 8
19336 2
19337 17
19338 4
19339 0
19340 1
19341 8
19342 24
19343 11
19344 35
19345 14
19346 2
19347 8
19348 34
19349 15
19350 16
19351 8
19352 35
19353 11
19354 35
19355 10
19356 18
19357 8
19358 8
19359 5
19360 1
19361 1
19362 0
19363 3
19364 35
19365 11
19366 1
19367 19
19368 35
19369 18
19370 8
19371 10
19372 31
19373 10
19374 12
19375 16
19376 10
19377 8
19378 11
19379 19
19380 31
19381 5
19382 20
19383 10
19384 11
19385 35
19386 19
19387 5
19388 6
19389 8
19390 19
19391 2
19392 35
19393 35
19394 8
19395 2
19396 20
19397 8
19398 10
19399 24
19400 35
19401 34
19402 23
19403 35
19404 1
19405 28
19406 14
19407 0
19408 1
19409 29
19410 9
19411 35
19412 11
19413 24
19414 14
19415 32
19416 6
19417 6
19418 23
19419 19
19420 28
19421 4
19422 32
19423 10
19424 10
19425 4
19426 19
19427 15
19428 27
19429 35
19430 2
19431 11
19432 15
19433 30
19434 10
19435 5
19436 13
19437 19
19438 8
19439 2
19440 12
19441 19
19442 4
19443 2
19444 3
19445 34
19446 8
19447 35
19448 35
19449 18
19450 10
19451 1
19452 8
19453 10
19454 8
19455 5
19456 35
19457 34
19458 8
19459 17
19460 34
19461 6
19462 8
19463 11
19464 10
19465 5
19466 8
19467 35
19468 19
19469 2
19470 10
19471 17
19472 35
19473 35
19474 5
19475 8
19476 11
19477 1
19478 8
19479 8
19480 16
19481 27
19482 12
19483 1
19484 35
19485 1
19486 16
19487 8
19488 15
19489 35
19490 27
19491 11
19492 10
19493 24
19494 2
19495 10
19496 10
19497 19
19498 10
19499 35
19500 12
19501 8
19502 1
19503 27
19504 1
19505 8
19506 16
19507 6
19508 35
19509 10
19510 11
19511 10
19512 35
19513 35
19514 19
19515 2
19516 20
19517 1
19518 24
19519 11
19520 35
19521 11
19522 11
19523 5
19524 1
19525 13
19526 10
19527 8
19528 1
19529 8
19530 19
19531 8
19532 10
19533 24
19534 27
19535 8
19536 14
19537 28
19538 18
19539 16
19540 16
19541 8
19542 34
19543 18
19544 2
19545 8
19546 11
19547 6
19548 24
19549 35
19550 12
19551 4
19552 17
19553 2
19554 11
19555 19
19556 5
19557 16
19558 10
19559 27
19560 10
19561 28
19562 7
19563 3
19564 35
19565 10
19566 18
19567 35
19568 1
19569 3
19570 19
19571 8
19572 3
19573 8
19574 8
19575 35
19576 24
19577 28
19578 14
19579 35
19580 18
19581 35
19582 35
19583 14
19584 11
19585 18
19586 17
19587 11
19588 3
19589 24
19590 11
19591 35
19592 3
19593 9
19594 35
19595 21
19596 27
19597 11
19598 4
19599 8
19600 11
19601 27
19602 24
19603 5
19604 3
19605 5
19606 6
19607 33
19608 24
19609 2
19610 10
19611 9
19612 4
19613 6
19614 35
19615 2
19616 35
19617 12
19618 19
19619 35
19620 0
19621 18
19622 35
19623 18
19624 1
19625 18
19626 27
19627 1
19628 28
19629 35
19630 1
19631 2
19632 18
19633 8
19634 17
19635 11
19636 10
19637 5
19638 31
19639 5
19640 32
19641 4
19642 10
19643 26
19644 11
19645 35
19646 35
19647 14
19648 19
19649 35
19650 10
19651 12
19652 6
19653 1
19654 24
19655 11
19656 27
19657 19
19658 14
19659 19
19660 14
19661 35
19662 26
19663 8
19664 10
19665 25
19666 8
19667 3
19668 19
19669 19
19670 8
19671 18
19672 18
19673 34
19674 1
19675 5
19676 1
19677 35
19678 35
19679 8
19680 19
19681 13
19682 35
19683 11
19684 27
19685 12
19686 35
19687 35
19688 10
19689 11
19690 11
19691 0
19692 27
19693 19
19694 34
19695 35
19696 11
19697 23
19698 11
19699 6
19700 18
19701 27
19702 35
19703 18
19704 2
19705 5
19706 11
19707 18
19708 35
19709 8
19710 14
19711 8
19712 2
19713 2
19714 1
19715 24
19716 6
19717 18
19718 35
19719 19
19720 35
19721 2
19722 35
19723 10
19724 31
19725 35
19726 35
19727 24
19728 1
19729 10
19730 31
19731 34
19732 18
19733 35
19734 35
19735 12
19736 8
19737 5
19738 35
19739 11
19740 21
19741 10
19742 35
19743 2
19744 8
19745 18
19746 29
19747 35
19748 20
19749 35
19750 8
19751 2
19752 35
19753 2
19754 8
19755 35
19756 35
19757 12
19758 2
19759 5
19760 3
19761 0
19762 19
19763 3
19764 35
19765 19
19766 1
19767 30
19768 9
19769 18
19770 24
19771 18
19772 35
19773 35
19774 35
19775 35
19776 5
19777 6
19778 2
19779 8
19780 8
19781 2
19782 11
19783 34
19784 11
19785 35
19786 8
19787 35
19788 11
19789 11
19790 35
19791 1
19792 8
19793 11
19794 24
19795 8
19796 2
19797 32
19798 11
19799 1
19800 0
19801 12
19802 9
19803 14
19804 8
19805 1
19806 1
19807 1
19808 0
19809 12
19810 14
19811 1
19812 10
19813 34
19814 1
19815 16
19816 1
19817 12
19818 1
19819 11
19820 1
19821 29
19822 35
19823 20
19824 12
19825 10
19826 1
19827 35
19828 12
19829 10
19830 8
19831 3
19832 8
19833 8
19834 24
19835 16
19836 21
19837 8
19838 14
19839 24
19840 12
19841 28
19842 35
19843 5
19844 8
19845 18
19846 27
19847 11
19848 5
19849 2
19850 2
19851 14
19852 16
19853 12
19854 17
19855 0
19856 10
19857 5
19858 34
19859 15
19860 18
19861 32
19862 14
19863 27
19864 1
19865 18
19866 18
19867 35
19868 32
19869 18
19870 35
19871 2
19872 2
19873 12
19874 6
19875 6
19876 1
19877 0
19878 7
19879 11
19880 10
19881 27
19882 27
19883 8
19884 10
19885 21
19886 1
19887 35
19888 12
19889 29
19890 4
19891 34
19892 3
19893 1
19894 23
19895 8
19896 5
19897 2
19898 35
19899 8
19900 8
19901 18
19902 1
19903 2
19904 8
19905 30
19906 10
19907 34
19908 6
19909 18
19910 16
19911 10
19912 10
19913 11
19914 25
19915 35
19916 10
19917 35
19918 23
19919 20
19920 8
19921 12
19922 10
19923 8
19924 20
19925 2
19926 11
19927 12
19928 35
19929 15
19930 27
19931 18
19932 35
19933 35
19934 12
19935 12
19936 10
19937 1
19938 16
19939 5
19940 2
19941 1
19942 11
19943 34
19944 30
19945 8
19946 8
19947 32
19948 1
19949 31
19950 19
19951 14
19952 16
19953 35
19954 18
19955 10
19956 32
19957 0
19958 35
19959 34
19960 1
19961 5
19962 2
19963 14
19964 19
19965 2
19966 1
19967 19
19968 6
19969 2
19970 17
19971 2
19972 35
19973 10
19974 3
19975 7
19976 12
19977 2
19978 11
19979 8
19980 30
19981 19
19982 2
19983 4
19984 2
19985 18
19986 14
19987 13
19988 20
19989 35
19990 3
19991 1
19992 8
19993 1
19994 5
19995 18
19996 32
19997 2
19998 8
19999 8
20000 24
20001 35
20002 1
20003 1
20004 12
20005 1
20006 27
20007 1
20008 35
20009 8
20010 1
20011 8
20012 8
20013 32
20014 2
20015 35
20016 12
20017 12
20018 8
20019 20
20020 11
20021 4
20022 17
20023 35
20024 24
20025 15
20026 1
20027 10
20028 10
20029 12
20030 29
20031 8
20032 11
20033 4
20034 6
20035 6
20036 15
20037 10
20038 49
20039 10
20040 2
20041 24
20042 10
20043 32
20044 27
20045 0
20046 8
20047 35
20048 15
20049 21
20050 10
20051 8
20052 5
20053 15
20054 11
20055 10
20056 24
20057 2
20058 4
20059 1
20060 2
20061 6
20062 35
20063 2
20064 12
20065 24
20066 1
20067 14
20068 14
20069 35
20070 33
20071 8
20072 10
20073 6
20074 15
20075 8
20076 15
20077 19
20078 25
20079 29
20080 3
20081 9
20082 11
20083 35
20084 2
20085 0
20086 35
20087 35
20088 1
20089 28
20090 10
20091 3
20092 10
20093 12
20094 5
20095 14
20096 11
20097 3
20098 10
20099 15
20100 8
20101 1
20102 10
20103 15
20104 15
20105 11
20106 0
20107 35
20108 11
20109 2
20110 35
20111 29
20112 35
20113 10
20114 12
20115 6
20116 10
20117 35
20118 18
20119 18
20120 29
20121 3
20122 11
20123 21
20124 11
20125 20
20126 1
20127 6
20128 6
20129 24
20130 8
20131 17
20132 8
20133 17
20134 35
20135 2
20136 8
20137 5
20138 18
20139 27
20140 35
20141 20
20142 3
20143 17
20144 12
20145 16
20146 14
20147 35
20148 35
20149 5
20150 18
20151 15
20152 24
20153 5
20154 24
20155 10
20156 35
20157 35
20158 35
20159 11
20160 19
20161 35
20162 25
20163 5
20164 8
20165 11
20166 35
20167 17
20168 14
20169 0
20170 14
20171 6
20172 10
20173 2
20174 11
20175 8
20176 14
20177 4
20178 29
20179 33
20180 8
20181 10
20182 11
20183 1
20184 4
20185 15
20186 0
20187 35
20188 35
20189 5
20190 1
20191 16
20192 19
20193 2
20194 11
20195 8
20196 11
20197 35
20198 35
20199 11
20200 17
20201 24
20202 11
20203 6
20204 14
20205 12
20206 35
20207 12
20208 1
20209 1
20210 14
20211 10
20212 2
20213 35
20214 2
20215 24
20216 35
20217 2
20218 11
20219 32
20220 18
20221 8
20222 35
20223 16
20224 8
20225 27
20226 27
20227 34
20228 33
20229 2
20230 18
20231 21
20232 12
20233 27
20234 4
20235 11
20236 15
20237 33
20238 27
20239 24
20240 8
20241 16
20242 19
20243 14
20244 15
20245 8
20246 16
20247 35
20248 34
20249 23
20250 1
20251 5
20252 8
20253 10
20254 24
20255 10
20256 0
20257 1
20258 12
20259 15
20260 17
20261 24
20262 3
20263 34
20264 2
20265 2
20266 2
20267 1
20268 2
20269 35
20270 35
20271 12
20272 12
20273 26
20274 2
20275 1
20276 2
20277 11
20278 11
20279 8
20280 16
20281 27
20282 27
20283 29
20284 34
20285 31
20286 8
20287 11
20288 8
20289 16
20290 10
20291 33
20292 15
20293 19
20294 30
20295 10
20296 0
20297 27
20298 12
20299 2
20300 10
20301 16
20302 14
20303 10
20304 35
20305 5
20306 2
20307 10
20308 8
20309 19
20310 24
20311 35
20312 19
20313 2
20314 11
20315 0
20316 8
20317 35
20318 4
20319 1
20320 11
20321 17
20322 33
20323 24
20324 10
20325 10
20326 18
20327 24
20328 11
20329 35
20330 8
20331 35
20332 1
20333 32
20334 6
20335 35
20336 19
20337 9
20338 35
20339 1
20340 35
20341 24
20342 1
20343 35
20344 15
20345 12
20346 8
20347 17
20348 10
20349 31
20350 11
20351 11
20352 16
20353 10
20354 24
20355 6
20356 5
20357 27
20358 0
20359 32
20360 2
20361 20
20362 7
20363 6
20364 11
20365 35
20366 8
20367 11
20368 6
20369 2
20370 12
20371 11
20372 35
20373 30
20374 8
20375 2
20376 32
20377 18
20378 28
20379 35
20380 11
20381 35
20382 2
20383 10
20384 15
20385 11
20386 2
20387 1
20388 2
20389 12
20390 2
20391 12
20392 11
20393 10
20394 8
20395 14
20396 8
20397 35
20398 16
20399 12
20400 10
20401 10
20402 18
20403 2
20404 24
20405 6
20406 2
20407 7
20408 8
20409 12
20410 26
20411 13
20412 18
20413 5
20414 11
20415 20
20416 10
20417 24
20418 19
20419 2
20420 6
20421 10
20422 3
20423 1
20424 12
20425 6
20426 1
20427 1
20428 1
20429 17
20430 24
20431 9
20432 10
20433 34
20434 1
20435 5
20436 2
20437 14
20438 35
20439 17
20440 8
20441 11
20442 8
20443 13
20444 2
20445 12
20446 19
20447 1
20448 12
20449 8
20450 3
20451 35
20452 11
20453 8
20454 15
20455 13
20456 2
20457 8
20458 34
20459 3
20460 27
20461 35
20462 8
20463 8
20464 8
20465 27
20466 3
20467 35
20468 11
20469 16
20470 4
20471 5
20472 1
20473 13
20474 19
20475 11
20476 16
20477 33
20478 35
20479 13
20480 8
20481 17
20482 20
20483 11
20484 8
20485 18
20486 6
20487 49
20488 8
20489 24
20490 24
20491 19
20492 28
20493 4
20494 35
20495 4
20496 8
20497 8
20498 5
20499 25
20500 16
20501 24
20502 17
20503 46
20504 8
20505 1
20506 24
20507 35
20508 35
20509 24
20510 4
20511 19
20512 12
20513 18
20514 35
20515 8
20516 18
20517 11
20518 4
20519 5
20520 5
20521 24
20522 18
20523 1
20524 19
20525 11
20526 18
20527 11
20528 14
20529 10
20530 8
20531 2
20532 17
20533 10
20534 14
20535 6
20536 1
20537 11
20538 24
20539 14
20540 6
20541 35
20542 24
20543 16
20544 16
20545 8
20546 11
20547 1
20548 34
20549 22
20550 34
20551 31
20552 8
20553 10
20554 8
20555 35
20556 19
20557 27
20558 26
20559 1
20560 2
20561 35
20562 10
20563 18
20564 1
20565 10
20566 21
20567 18
20568 5
20569 6
20570 24
20571 24
20572 32
20573 10
20574 25
20575 34
20576 35
20577 24
20578 10
20579 14
20580 25
20581 11
20582 32
20583 10
20584 10
20585 35
20586 2
20587 2
20588 3
20589 6
20590 30
20591 1
20592 12
20593 16
20594 35
20595 6
20596 14
20597 24
20598 19
20599 15
20600 24
20601 13
20602 11
20603 2
20604 24
20605 4
20606 24
20607 11
20608 35
20609 1
20610 10
20611 28
20612 27
20613 35
20614 3
20615 2
20616 35
20617 2
20618 17
20619 31
20620 8
20621 9
20622 15
20623 11
20624 11
20625 2
20626 8
20627 35
20628 5
20629 15
20630 8
20631 2
20632 11
20633 27
20634 8
20635 18
20636 27
20637 5
20638 35
20639 10
20640 35
20641 1
20642 35
20643 35
20644 16
20645 10
20646 10
20647 11
20648 32
20649 35
20650 21
20651 31
20652 6
20653 29
20654 35
20655 24
20656 17
20657 32
20658 1
20659 25
20660 19
20661 19
20662 15
20663 30
20664 10
20665 26
20666 35
20667 2
20668 16
20669 16
20670 2
20671 14
20672 2
20673 5
20674 11
20675 4
20676 10
20677 35
20678 11
20679 5
20680 5
20681 19
20682 3
20683 18
20684 35
20685 19
20686 10
20687 11
20688 10
20689 17
20690 12
20691 1
20692 4
20693 8
20694 24
20695 6
20696 1
20697 3
20698 11
20699 5
20700 14
20701 12
20702 24
20703 32
20704 6
20705 5
20706 35
20707 2
20708 2
20709 35
20710 6
20711 8
20712 1
20713 35
20714 24
20715 14
20716 35
20717 8
20718 2
20719 11
20720 2
20721 14
20722 11
20723 0
20724 35
20725 15
20726 31
20727 24
20728 2
20729 8
20730 21
20731 2
20732 8
20733 4
20734 35
20735 35
20736 10
20737 5
20738 35
20739 27
20740 8
20741 18
20742 8
20743 18
20744 30
20745 2
20746 24
20747 2
20748 2
20749 24
20750 9
20751 12
20752 8
20753 35
20754 12
20755 2
20756 24
20757 8
20758 35
20759 17
20760 11
20761 16
20762 9
20763 19
20764 2
20765 11
20766 10
20767 33
20768 29
20769 19
20770 2
20771 29
20772 12
20773 12
20774 15
20775 24
20776 17
20777 3
20778 8
20779 2
20780 35
20781 8
20782 2
20783 5
20784 19
20785 8
20786 17
20787 5
20788 10
20789 10
20790 5
20791 1
20792 3
20793 16
20794 35
20795 20
20796 8
20797 1
20798 24
20799 29
20800 8
20801 11
20802 17
20803 1
20804 8
20805 35
20806 14
20807 1
20808 24
20809 26
20810 8
20811 24
20812 10
20813 6
20814 11
20815 10
20816 33
20817 10
20818 4
20819 11
20820 24
20821 10
20822 24
20823 5
20824 5
20825 2
20826 2
20827 5
20828 8
20829 17
20830 20
20831 32
20832 4
20833 2
20834 31
20835 26
20836 8
20837 2
20838 24
20839 5
20840 18
20841 21
20842 4
20843 34
20844 10
20845 1
20846 8
20847 17
20848 27
20849 34
20850 12
20851 8
20852 10
20853 8
20854 1
20855 10
20856 15
20857 5
20858 12
20859 16
20860 19
20861 1
20862 6
20863 18
20864 12
20865 8
20866 11
20867 10
20868 2
20869 10
20870 14
20871 10
20872 35
20873 2
20874 17
20875 21
20876 35
20877 2
20878 10
20879 2
20880 10
20881 15
20882 1
20883 10
20884 1
20885 35
20886 10
20887 35
20888 24
20889 35
20890 35
20891 5
20892 5
20893 1
20894 11
20895 8
20896 8
20897 15
20898 32
20899 15
20900 24
20901 18
20902 11
20903 27
20904 35
20905 11
20906 1
20907 32
20908 15
20909 18
20910 30
20911 13
20912 35
20913 8
20914 2
20915 14
20916 14
20917 24
20918 1
20919 1
20920 34
20921 13
20922 8
20923 24
20924 35
20925 18
20926 1
20927 19
20928 8
20929 35
20930 1
20931 5
20932 35
20933 35
20934 35
20935 16
20936 35
20937 24
20938 1
20939 24
20940 5
20941 3
20942 3
20943 5
20944 19
20945 1
20946 2
20947 11
20948 10
20949 2
20950 8
20951 8
20952 8
20953 27
20954 17
20955 10
20956 35
20957 13
20958 4
20959 17
20960 6
20961 10
20962 2
20963 1
20964 11
20965 5
20966 8
20967 17
20968 14
20969 8
20970 5
20971 35
20972 19
20973 1
20974 32
20975 18
20976 35
20977 8
20978 11
20979 11
20980 10
20981 8
20982 8
20983 11
20984 35
20985 35
20986 11
20987 12
20988 15
20989 15
20990 5
20991 12
20992 25
20993 0
20994 11
20995 20
20996 3
20997 1
20998 8
20999 12
21000 35
21001 18
21002 8
21003 9
21004 10
21005 12
21006 35
21007 2
21008 11
21009 5
21010 11
21011 2
21012 15
21013 1
21014 2
21015 6
21016 34
21017 33
21018 6
21019 5
21020 24
21021 3
21022 2
21023 24
21024 35
21025 12
21026 0
21027 5
21028 8
21029 30
21030 11
21031 10
21032 24
21033 5
21034 19
21035 11
21036 10
21037 8
21038 20
21039 35
21040 24
21041 35
21042 17
21043 27
21044 3
21045 11
21046 27
21047 24
21048 0
21049 18
21050 6
21051 10
21052 6
21053 27
21054 3
21055 16
21056 6
21057 16
21058 11
21059 1
21060 1
21061 24
21062 35
21063 35
21064 31
21065 22
21066 17
21067 1
21068 10
21069 8
21070 34
21071 17
21072 35
21073 8
21074 35
21075 24
21076 2
21077 10
21078 8
21079 4
21080 8
21081 14
21082 35
21083 11
21084 35
21085 1
21086 18
21087 10
21088 24
21089 8
21090 8
21091 32
21092 14
21093 16
21094 27
21095 4
21096 10
21097 35
21098 29
21099 17
21100 18
21101 30
21102 35
21103 12
21104 35
21105 2
21106 24
21107 8
21108 8
21109 21
21110 15
21111 12
21112 22
21113 12
21114 14
21115 10
21116 11
21117 16
21118 11
21119 8
21120 2
21121 10
21122 35
21123 1
21124 13
21125 5
21126 2
21127 31
21128 8
21129 14
21130 11
21131 24
21132 2
21133 5
21134 11
21135 11
21136 24
21137 18
21138 14
21139 10
21140 8
21141 0
21142 8
21143 2
21144 1
21145 1
21146 8
21147 1
21148 18
21149 10
21150 8
21151 35
21152 0
21153 35
21154 28
21155 9
21156 1
21157 11
21158 21
21159 35
21160 35
21161 3
21162 35
21163 8
21164 18
21165 2
21166 8
21167 2
21168 1
21169 35
21170 10
21171 11
21172 6
21173 35
21174 10
21175 10
21176 35
21177 18
21178 25
21179 2
21180 3
21181 8
21182 2
21183 11
21184 24
21185 1
21186 35
21187 11
21188 1
21189 8
21190 8
21191 31
21192 11
21193 5
21194 6
21195 5
21196 1
21197 35
21198 13
21199 10
21200 29
21201 1
21202 12
21203 1
21204 24
21205 25
21206 6
21207 24
21208 11
21209 12
21210 13
21211 8
21212 3
21213 19
21214 10
21215 3
21216 4
21217 8
21218 19
21219 35
21220 13
21221 32
21222 4
21223 1
21224 3
21225 18
21226 10
21227 17
21228 17
21229 10
21230 8
21231 23
21232 1
21233 21
21234 0
21235 29
21236 24
21237 8
21238 10
21239 35
21240 2
21241 1
21242 35
21243 11
21244 10
21245 10
21246 10
21247 35
21248 8
21249 26
21250 35
21251 8
21252 35
21253 8
21254 35
21255 35
21256 12
21257 27
21258 10
21259 17
21260 8
21261 19
21262 11
21263 10
21264 11
21265 35
21266 8
21267 8
21268 8
21269 15
21270 17
21271 11
21272 10
21273 2
21274 14
21275 27
21276 24
21277 24
21278 13
21279 17
21280 8
21281 34
21282 3
21283 11
21284 5
21285 18
21286 19
21287 10
21288 5
21289 5
21290 0
21291 10
21292 1
21293 2
21294 7
21295 11
21296 19
21297 49
21298 17
21299 2
21300 34
21301 2
21302 2
21303 18
21304 18
21305 10
21306 35
21307 1
21308 1
21309 17
21310 35
21311 10
21312 1
21313 17
21314 35
21315 35
21316 14
21317 24
21318 10
21319 35
21320 17
21321 18
21322 29
21323 29
21324 8
21325 3
21326 2
21327 14
21328 8
21329 8
21330 8
21331 8
21332 8
21333 8
21334 33
21335 11
21336 0
21337 31
21338 5
21339 35
21340 35
21341 1
21342 8
21343 18
21344 18
21345 11
21346 19
21347 12
21348 8
21349 21
21350 35
21351 5
21352 35
21353 5
21354 8
21355 27
21356 27
21357 5
21358 11
21359 12
21360 8
21361 8
21362 10
21363 2
21364 11
21365 12
21366 15
21367 0
21368 18
21369 35
21370 14
21371 17
21372 15
21373 28
21374 35
21375 8
21376 8
21377 11
21378 10
21379 8
21380 34
21381 4
21382 10
21383 16
21384 11
21385 18
21386 2
21387 35
21388 35
21389 0
21390 35
21391 6
21392 32
21393 8
21394 35
21395 35
21396 10
21397 10
21398 16
21399 35
21400 6
21401 35
21402 35
21403 8
21404 14
21405 0
21406 11
21407 14
21408 8
21409 4
21410 2
21411 6
21412 7
21413 6
21414 35
21415 11
21416 8
21417 11
21418 21
21419 35
21420 2
21421 18
21422 5
21423 24
21424 10
21425 33
21426 8
21427 23
21428 35
21429 1
21430 34
21431 1
21432 35
21433 2
21434 11
21435 24
21436 11
21437 17
21438 4
21439 11
21440 8
21441 35
21442 14
21443 16
21444 3
21445 34
21446 3
21447 26
21448 11
21449 35
21450 10
21451 5
21452 18
21453 8
21454 8
21455 32
21456 1
21457 19
21458 24
21459 17
21460 35
21461 10
21462 2
21463 8
21464 24
21465 12
21466 28
21467 26
21468 6
21469 35
21470 32
21471 5
21472 15
21473 14
21474 0
21475 29
21476 10
21477 10
21478 8
21479 32
21480 11
21481 3
21482 12
21483 30
21484 18
21485 0
21486 2
21487 6
21488 26
21489 21
21490 35
21491 8
21492 2
21493 35
21494 35
21495 12
21496 14
21497 2
21498 35
21499 10
21500 8
21501 1
21502 2
21503 27
21504 0
21505 32
21506 1
21507 18
21508 20
21509 34
21510 2
21511 11
21512 19
21513 18
21514 8
21515 2
21516 35
21517 24
21518 2
21519 6
21520 19
21521 4
21522 35
21523 35
21524 18
21525 16
21526 25
21527 8
21528 3
21529 29
21530 17
21531 35
21532 35
21533 8
21534 16
21535 26
21536 10
21537 3
21538 15
21539 2
21540 5
21541 8
21542 8
21543 13
21544 12
21545 35
21546 35
21547 16
21548 2
21549 19
21550 20
21551 29
21552 11
21553 8
21554 27
21555 1
21556 17
21557 24
21558 1
21559 3
21560 8
21561 5
21562 35
21563 14
21564 24
21565 35
21566 14
21567 5
21568 35
21569 1
21570 35
21571 17
21572 10
21573 35
21574 28
21575 35
21576 24
21577 13
21578 11
21579 24
21580 35
21581 4
21582 6
21583 2
21584 17
21585 12
21586 32
21587 24
21588 2
21589 10
21590 3
21591 0
21592 10
21593 12
21594 16
21595 5
21596 35
21597 11
21598 35
21599 1
21600 10
21601 2
21602 10
21603 20
21604 35
21605 34
21606 8
21607 35
21608 10
21609 20
21610 34
21611 2
21612 28
21613 10
21614 0
21615 35
21616 6
21617 35
21618 27
21619 11
21620 12
21621 8
21622 18
21623 1
21624 7
21625 12
21626 4
21627 0
21628 2
21629 16
21630 28
21631 1
21632 5
21633 24
21634 8
21635 16
21636 34
21637 19
21638 21
21639 35
21640 14
21641 17
21642 6
21643 4
21644 35
21645 19
21646 8
21647 19
21648 3
21649 16
21650 2
21651 11
21652 27
21653 8
21654 10
21655 35
21656 35
21657 2
21658 8
21659 19
21660 32
21661 10
21662 19
21663 2
21664 19
21665 18
21666 12
21667 14
21668 35
21669 35
21670 18
21671 18
21672 25
21673 8
21674 8
21675 8
21676 35
21677 5
21678 35
21679 35
21680 24
21681 1
21682 8
21683 1
21684 8
21685 2
21686 1
21687 25
21688 27
21689 8
21690 35
21691 0
21692 27
21693 6
21694 21
21695 12
21696 35
21697 3
21698 10
21699 8
21700 11
21701 2
21702 5
21703 11
21704 17
21705 32
21706 35
21707 1
21708 0
21709 1
21710 19
21711 35
21712 35
21713 33
21714 24
21715 35
21716 35
21717 14
21718 3
21719 35
21720 19
21721 32
21722 17
21723 35
21724 10
21725 35
21726 24
21727 29
21728 1
21729 1
21730 2
21731 17
21732 5
21733 35
21734 11
21735 11
21736 8
21737 33
21738 8
21739 11
21740 2
21741 34
21742 33
21743 1
21744 10
21745 14
21746 10
21747 4
21748 1
21749 24
21750 9
21751 1
21752 8
21753 10
21754 15
21755 6
21756 1
21757 6
21758 2
21759 3
21760 15
21761 12
21762 2
21763 35
21764 25
21765 4
21766 32
21767 9
21768 32
21769 11
21770 32
21771 1
21772 22
21773 8
21774 10
21775 10
21776 0
21777 24
21778 10
21779 1
21780 1
21781 8
21782 21
21783 5
21784 17
21785 5
21786 3
21787 12
21788 32
21789 35
21790 0
21791 10
21792 8
21793 3
21794 3
21795 4
21796 35
21797 10
21798 8
21799 1
21800 11
21801 15
21802 0
21803 32
21804 11
21805 2
21806 12
21807 32
21808 11
21809 32
21810 7
21811 35
21812 8
21813 0
21814 8
21815 34
21816 24
21817 24
21818 11
21819 21
21820 11
21821 11
21822 2
21823 10
21824 10
21825 7
21826 35
21827 12
21828 10
21829 6
21830 33
21831 10
21832 19
21833 8
21834 12
21835 18
21836 1
21837 35
21838 1
21839 8
21840 1
21841 14
21842 18
21843 35
21844 8
21845 1
21846 11
21847 24
21848 18
21849 14
21850 21
21851 10
21852 17
21853 8
21854 35
21855 1
21856 1
21857 10
21858 17
21859 10
21860 8
21861 10
21862 14
21863 8
21864 12
21865 1
21866 8
21867 10
21868 11
21869 10
21870 16
21871 18
21872 35
21873 16
21874 35
21875 1
21876 5
21877 8
21878 8
21879 24
21880 6
21881 35
21882 35
21883 11
21884 5
21885 1
21886 32
21887 1
21888 30
21889 5
21890 10
21891 32
21892 2
21893 12
21894 11
21895 0
21896 16
21897 35
21898 17
21899 0
21900 1
21901 35
21902 11
21903 11
21904 10
21905 1
21906 5
21907 1
21908 8
21909 9
21910 1
21911 2
21912 32
21913 10
21914 11
21915 2
21916 22
21917 6
21918 17
21919 35
21920 5
21921 11
21922 1
21923 0
21924 8
21925 24
21926 0
21927 24
21928 15
21929 8
21930 4
21931 2
21932 8
21933 8
21934 18
21935 12
21936 19
21937 1
21938 8
21939 18
21940 2
21941 1
21942 2
21943 32
21944 27
21945 10
21946 5
21947 2
21948 2
21949 8
21950 8
21951 24
21952 7
21953 2
21954 19
21955 2
21956 35
21957 8
21958 1
21959 5
21960 1
21961 4
21962 5
21963 8
21964 35
21965 10
21966 35
21967 14
21968 35
21969 3
21970 15
21971 34
21972 10
21973 10
21974 1
21975 11
21976 11
21977 8
21978 27
21979 14
21980 24
21981 13
21982 3
21983 3
21984 10
21985 4
21986 5
21987 35
21988 11
21989 7
21990 10
21991 12
21992 35
21993 30
21994 49
21995 16
21996 10
21997 10
21998 35
21999 8
22000 8
22001 15
22002 2
22003 3
22004 1
22005 12
22006 10
22007 2
22008 2
22009 18
22010 18
22011 2
22012 35
22013 34
22014 0
22015 1
22016 35
22017 34
22018 30
22019 15
22020 27
22021 18
22022 10
22023 1
22024 30
22025 8
22026 10
22027 10
22028 2
22029 8
22030 8
22031 10
22032 1
22033 8
22034 14
22035 10
22036 11
22037 3
22038 6
22039 14
22040 10
22041 2
22042 5
22043 14
22044 15
22045 8
22046 10
22047 7
22048 8
22049 8
22050 24
22051 10
22052 27
22053 35
22054 8
22055 20
22056 35
22057 8
22058 15
22059 35
22060 12
22061 10
22062 10
22063 35
22064 5
22065 3
22066 35
22067 5
22068 10
22069 5
22070 10
22071 2
22072 27
22073 15
22074 9
22075 31
22076 24
22077 35
22078 35
22079 14
22080 18
22081 8
22082 14
22083 6
22084 10
22085 10
22086 2
22087 12
22088 8
22089 0
22090 31
22091 31
22092 10
22093 34
22094 23
22095 18
22096 35
22097 10
22098 8
22099 35
22100 11
22101 35
22102 19
22103 35
22104 14
22105 35
22106 8
22107 27
22108 17
22109 5
22110 22
22111 3
22112 0
22113 12
22114 1
22115 1
22116 3
22117 1
22118 8
22119 10
22120 2
22121 9
22122 15
22123 10
22124 11
22125 8
22126 35
22127 1
22128 12
22129 19
22130 0
22131 24
22132 35
22133 18
22134 6
22135 24
22136 5
22137 16
22138 11
22139 10
22140 4
22141 1
22142 8
22143 14
22144 12
22145 20
22146 3
22147 12
22148 14
22149 1
22150 18
22151 6
22152 35
22153 27
22154 24
22155 21
22156 10
22157 0
22158 32
22159 29
22160 2
22161 2
22162 30
22163 19
22164 10
22165 10
22166 35
22167 10
22168 2
22169 3
22170 34
22171 11
22172 1
22173 5
22174 31
22175 5
22176 5
22177 6
22178 34
22179 9
22180 18
22181 35
22182 27
22183 1
22184 3
22185 17
22186 14
22187 10
22188 24
22189 35
22190 2
22191 8
22192 7
22193 14
22194 24
22195 11
22196 6
22197 1
22198 31
22199 11
22200 11
22201 24
22202 35
22203 18
22204 2
22205 6
22206 10
22207 7
22208 2
22209 2
22210 25
22211 8
22212 35
22213 6
22214 2
22215 0
22216 5
22217 1
22218 24
22219 35
22220 29
22221 19
22222 3
22223 26
22224 16
22225 30
22226 0
22227 24
22228 0
22229 0
22230 17
22231 4
22232 14
22233 5
22234 1
22235 0
22236 35
22237 29
22238 3
22239 35
22240 8
22241 2
22242 4
22243 10
22244 5
22245 18
22246 0
22247 2
22248 19
22249 12
22250 21
22251 35
22252 16
22253 2
22254 10
22255 1
22256 35
22257 16
22258 18
22259 15
22260 18
22261 10
22262 24
22263 19
22264 10
22265 10
22266 2
22267 4
22268 11
22269 31
22270 19
22271 10
22272 28
22273 35
22274 1
22275 29
22276 15
22277 0
22278 24
22279 35
22280 14
22281 35
22282 24
22283 1
22284 3
22285 1
22286 2
22287 35
22288 15
22289 11
22290 8
22291 21
22292 24
22293 19
22294 35
22295 12
22296 10
22297 24
22298 14
22299 14
22300 17
22301 12
22302 16
22303 2
22304 19
22305 19
22306 6
22307 5
22308 35
22309 17
22310 15
22311 35
22312 14
22313 5
22314 34
22315 2
22316 4
22317 10
22318 12
22319 14
22320 3
22321 7
22322 17
22323 11
22324 35
22325 19
22326 8
22327 18
22328 11
22329 29
22330 35
22331 35
22332 14
22333 35
22334 15
22335 1
22336 35
22337 25
22338 19
22339 8
22340 27
22341 10
22342 24
22343 32
22344 2
22345 1
22346 19
22347 35
22348 5
22349 1
22350 35
22351 2
22352 0
22353 6
22354 8
22355 27
22356 11
22357 8
22358 27
22359 25
22360 15
22361 24
22362 18
22363 35
22364 8
22365 24
22366 11
22367 11
22368 35
22369 32
22370 1
22371 35
22372 8
22373 35
22374 8
22375 27
22376 12
22377 17
22378 8
22379 14
22380 24
22381 35
22382 8
22383 12
22384 10
22385 32
22386 34
22387 15
22388 7
22389 10
22390 15
22391 35
22392 32
22393 9
22394 8
22395 35
22396 11
22397 35
22398 12
22399 1
22400 19
22401 21
22402 28
22403 29
22404 6
22405 1
22406 2
22407 11
22408 11
22409 18
22410 15
22411 12
22412 35
22413 2
22414 17
22415 5
22416 27
22417 15
22418 17
22419 10
22420 35
22421 35
22422 35
22423 35
22424 10
22425 1
22426 10
22427 8
22428 8
22429 8
22430 23
22431 16
22432 17
22433 5
22434 18
22435 10
22436 5
22437 1
22438 27
22439 30
22440 32
22441 25
22442 12
22443 10
22444 12
22445 18
22446 10
22447 6
22448 10
22449 24
22450 8
22451 30
22452 35
22453 35
22454 1
22455 31
22456 18
22457 3
22458 12
22459 9
22460 10
22461 1
22462 12
22463 18
22464 12
22465 11
22466 24
22467 6
22468 1
22469 15
22470 11
22471 10
22472 19
22473 8
22474 32
22475 5
22476 1
22477 11
22478 6
22479 18
22480 3
22481 35
22482 4
22483 5
22484 3
22485 6
22486 2
22487 18
22488 6
22489 11
22490 24
22491 15
22492 27
22493 16
22494 35
22495 2
22496 2
22497 11
22498 34
22499 2
22500 35
22501 1
22502 15
22503 4
22504 19
22505 5
22506 17
22507 11
22508 16
22509 11
22510 15
22511 16
22512 6
22513 8
22514 8
22515 1
22516 34
22517 14
22518 2
22519 6
22520 20
22521 27
22522 14
22523 1
22524 10
22525 32
22526 4
22527 11
22528 11
22529 27
22530 5
22531 3
22532 3
22533 29
22534 2
22535 30
22536 35
22537 12
22538 35
22539 2
22540 9
22541 9
22542 14
22543 10
22544 14
22545 19
22546 14
22547 1
22548 4
22549 5
22550 2
22551 35
22552 5
22553 1
22554 9
22555 10
22556 20
22557 35
22558 8
22559 4
22560 24
22561 11
22562 19
22563 5
22564 0
22565 0
22566 35
22567 4
22568 27
22569 4
22570 2
22571 10
22572 19
22573 32
22574 32
22575 5
22576 8
22577 19
22578 8
22579 18
22580 1
22581 35
22582 35
22583 3
22584 5
22585 5
22586 2
22587 11
22588 7
22589 6
22590 19
22591 19
22592 8
22593 18
22594 10
22595 4
22596 19
22597 14
22598 11
22599 4
22600 19
22601 24
22602 8
22603 25
22604 15
22605 6
22606 20
22607 14
22608 1
22609 14
22610 2
22611 4
22612 10
22613 35
22614 11
22615 2
22616 24
22617 26
22618 19
22619 10
22620 10
22621 17
22622 0
22623 2
22624 13
22625 19
22626 1
22627 16
22628 8
22629 14
22630 5
22631 32
22632 12
22633 20
22634 17
22635 35
22636 8
22637 15
22638 35
22639 2
22640 20
22641 6
22642 1
22643 8
22644 21
22645 8
22646 10
22647 24
22648 5
22649 1
22650 10
22651 19
22652 16
22653 16
22654 17
22655 1
22656 19
22657 8
22658 19
22659 3
22660 24
22661 19
22662 8
22663 19
22664 14
22665 6
22666 35
22667 10
22668 16
22669 5
22670 10
22671 1
22672 11
22673 20
22674 35
22675 11
22676 17
22677 11
22678 26
22679 1
22680 10
22681 25
22682 35
22683 19
22684 5
22685 8
22686 10
22687 19
22688 8
22689 0
22690 27
22691 32
22692 14
22693 24
22694 6
22695 18
22696 24
22697 8
22698 35
22699 0
22700 18
22701 10
22702 32
22703 15
22704 1
22705 12
22706 18
22707 0
22708 30
22709 0
22710 11
22711 1
22712 17
22713 5
22714 11
22715 1
22716 24
22717 11
22718 2
22719 24
22720 6
22721 10
22722 24
22723 16
22724 25
22725 10
22726 19
22727 2
22728 17
22729 2
22730 8
22731 1
22732 10
22733 5
22734 4
22735 10
22736 5
22737 7
22738 35
22739 30
22740 2
22741 10
22742 11
22743 5
22744 8
22745 12
22746 7
22747 13
22748 5
22749 6
22750 3
22751 19
22752 5
22753 35
22754 14
22755 19
22756 2
22757 17
22758 15
22759 5
22760 16
22761 2
22762 16
22763 9
22764 1
22765 11
22766 14
22767 1
22768 17
22769 17
22770 21
22771 18
22772 2
22773 24
22774 18
22775 5
22776 6
22777 35
22778 2
22779 8
22780 17
22781 10
22782 11
22783 6
22784 10
22785 35
22786 6
22787 8
22788 24
22789 15
22790 6
22791 2
22792 10
22793 16
22794 2
22795 32
22796 10
22797 17
22798 11
22799 8
22800 11
22801 10
22802 24
22803 32
22804 12
22805 1
22806 5
22807 19
22808 20
22809 10
22810 13
22811 8
22812 35
22813 8
22814 2
22815 35
22816 33
22817 0
22818 2
22819 8
22820 8
22821 35
22822 8
22823 8
22824 17
22825 17
22826 2
22827 19
22828 8
22829 18
22830 24
22831 2
22832 15
22833 8
22834 19
22835 30
22836 7
22837 17
22838 2
22839 18
22840 6
22841 0
22842 24
22843 24
22844 12
22845 18
22846 10
22847 35
22848 11
22849 10
22850 10
22851 28
22852 11
22853 3
22854 5
22855 16
22856 10
22857 11
22858 35
22859 27
22860 24
22861 27
22862 4
22863 8
22864 5
22865 8
22866 3
22867 5
22868 0
22869 3
22870 10
22871 8
22872 12
22873 2
22874 5
22875 9
22876 10
22877 3
22878 5
22879 4
22880 2
22881 27
22882 10
22883 16
22884 16
22885 17
22886 14
22887 23
22888 3
22889 2
22890 30
22891 11
22892 8
22893 0
22894 19
22895 1
22896 10
22897 27
22898 4
22899 35
22900 11
22901 1
22902 5
22903 29
22904 15
22905 35
22906 2
22907 8
22908 24
22909 6
22910 15
22911 0
22912 10
22913 11
22914 8
22915 5
22916 18
22917 23
22918 14
22919 5
22920 16
22921 5
22922 1
22923 35
22924 32
22925 21
22926 29
22927 1
22928 12
22929 11
22930 18
22931 6
22932 5
22933 8
22934 10
22935 35
22936 13
22937 4
22938 8
22939 19
22940 3
22941 12
22942 34
22943 0
22944 21
22945 24
22946 10
22947 24
22948 0
22949 27
22950 2
22951 11
22952 20
22953 5
22954 18
22955 2
22956 15
22957 8
22958 11
22959 35
22960 8
22961 15
22962 0
22963 5
22964 15
22965 1
22966 17
22967 10
22968 8
22969 6
22970 35
22971 4
22972 35
22973 10
22974 20
22975 5
22976 35
22977 2
22978 2
22979 8
22980 2
22981 23
22982 5
22983 24
22984 1
22985 6
22986 1
22987 1
22988 18
22989 17
22990 35
22991 11
22992 14
22993 1
22994 8
22995 4
22996 1
22997 8
22998 11
22999 34
23000 35
23001 5
23002 19
23003 31
23004 17
23005 24
23006 2
23007 11
23008 0
23009 35
23010 8
23011 11
23012 24
23013 6
23014 17
23015 6
23016 9
23017 35
23018 20
23019 2
23020 5
23021 27
23022 6
23023 1
23024 32
23025 11
23026 10
23027 3
23028 18
23029 3
23030 18
23031 35
23032 34
23033 1
23034 5
23035 27
23036 11
23037 8
23038 12
23039 35
23040 27
23041 10
23042 11
23043 2
23044 0
23045 27
23046 1
23047 27
23048 28
23049 16
23050 27
23051 1
23052 6
23053 11
23054 5
23055 24
23056 6
23057 27
23058 27
23059 8
23060 4
23061 1
23062 27
23063 8
23064 11
23065 4
23066 27
23067 12
23068 19
23069 24
23070 20
23071 8
23072 5
23073 15
23074 5
23075 15
23076 8
23077 10
23078 9
23079 8
23080 10
23081 5
23082 6
23083 11
23084 3
23085 35
23086 25
23087 5
23088 15
23089 24
23090 0
23091 1
23092 8
23093 8
23094 16
23095 35
23096 10
23097 2
23098 5
23099 24
23100 10
23101 11
23102 19
23103 35
23104 15
23105 27
23106 8
23107 0
23108 2
23109 27
23110 1
23111 27
23112 10
23113 10
23114 29
23115 10
23116 6
23117 6
23118 6
23119 27
23120 12
23121 10
23122 18
23123 3
23124 17
23125 3
23126 4
23127 16
23128 11
23129 11
23130 35
23131 12
23132 10
23133 27
23134 27
23135 22
23136 16
23137 9
23138 31
23139 15
23140 17
23141 27
23142 1
23143 10
23144 6
23145 10
23146 10
23147 2
23148 19
23149 10
23150 2
23151 24
23152 29
23153 8
23154 26
23155 11
23156 8
23157 8
23158 8
23159 6
23160 5
23161 1
23162 16
23163 27
23164 11
23165 31
23166 2
23167 11
23168 14
23169 19
23170 8
23171 30
23172 27
23173 14
23174 8
23175 12
23176 27
23177 9
23178 8
23179 20
23180 35
23181 18
23182 10
23183 8
23184 18
23185 29
23186 16
23187 21
23188 18
23189 32
23190 8
23191 10
23192 1
23193 24
23194 8
23195 1
23196 19
23197 2
23198 8
23199 16
23200 17
23201 34
23202 11
23203 8
23204 19
23205 35
23206 35
23207 11
23208 10
23209 5
23210 19
23211 10
23212 24
23213 8
23214 1
23215 15
23216 35
23217 14
23218 8
23219 35
23220 10
23221 32
23222 10
23223 8
23224 8
23225 18
23226 2
23227 33
23228 5
23229 6
23230 10
23231 19
23232 18
23233 2
23234 11
23235 35
23236 11
23237 32
23238 27
23239 8
23240 27
23241 11
23242 1
23243 2
23244 5
23245 11
23246 8
23247 27
23248 6
23249 35
23250 1
23251 32
23252 34
23253 27
23254 35
23255 34
23256 5
23257 35
23258 10
23259 0
23260 26
23261 19
23262 8
23263 35
23264 27
23265 8
23266 24
23267 1
23268 14
23269 21
23270 11
23271 24
23272 46
23273 27
23274 14
23275 24
23276 19
23277 2
23278 5
23279 1
23280 17
23281 35
23282 4
23283 15
23284 35
23285 5
23286 4
23287 6
23288 14
23289 21
23290 24
23291 2
23292 1
23293 35
23294 35
23295 6
23296 8
23297 35
23298 10
23299 2
23300 8
23301 19
23302 27
23303 20
23304 24
23305 10
23306 27
23307 3
23308 13
23309 35
23310 34
23311 35
23312 24
23313 11
23314 17
23315 8
23316 8
23317 31
23318 15
23319 11
23320 0
23321 9
23322 35
23323 35
23324 10
23325 13
23326 27
23327 1
23328 8
23329 24
23330 8
23331 18
23332 30
23333 12
23334 1
23335 11
23336 10
23337 35
23338 8
23339 1
23340 1
23341 10
23342 2
23343 24
23344 4
23345 12
23346 6
23347 5
23348 8
23349 35
23350 17
23351 30
23352 8
23353 3
23354 12
23355 10
23356 11
23357 18
23358 2
23359 11
23360 24
23361 0
23362 1
23363 1
23364 24
23365 8
23366 2
23367 11
23368 2
23369 35
23370 27
23371 35
23372 1
23373 10
23374 5
23375 4
23376 8
23377 35
23378 27
23379 11
23380 2
23381 12
23382 14
23383 27
23384 35
23385 3
23386 24
23387 6
23388 7
23389 15
23390 8
23391 3
23392 16
23393 2
23394 17
23395 17
23396 35
23397 29
23398 34
23399 11
23400 9
23401 11
23402 35
23403 14
23404 0
23405 11
23406 6
23407 8
23408 18
23409 35
23410 6
23411 14
23412 17
23413 11
23414 34
23415 19
23416 4
23417 31
23418 12
23419 14
23420 34
23421 24
23422 9
23423 8
23424 5
23425 35
23426 3
23427 3
23428 4
23429 26
23430 3
23431 12
23432 32
23433 2
23434 8
23435 4
23436 6
23437 1
23438 35
23439 27
23440 19
23441 14
23442 10
23443 17
23444 1
23445 10
23446 14
23447 1
23448 3
23449 1
23450 35
23451 19
23452 10
23453 12
23454 6
23455 2
23456 2
23457 35
23458 17
23459 8
23460 8
23461 1
23462 8
23463 19
23464 34
23465 17
23466 35
23467 10
23468 1
23469 11
23470 3
23471 3
23472 34
23473 35
23474 2
23475 5
23476 12
23477 10
23478 12
23479 8
23480 35
23481 35
23482 19
23483 3
23484 32
23485 11
23486 8
23487 2
23488 1
23489 19
23490 14
23491 18
23492 20
23493 35
23494 8
23495 35
23496 8
23497 8
23498 8
23499 35
23500 8
23501 28
23502 2
23503 8
23504 35
23505 11
23506 12
23507 11
23508 18
23509 2
23510 1
23511 16
23512 5
23513 2
23514 26
23515 10
23516 35
23517 8
23518 11
23519 27
23520 8
23521 13
23522 8
23523 3
23524 10
23525 34
23526 10
23527 26
23528 8
23529 7
23530 1
23531 17
23532 4
23533 22
23534 32
23535 35
23536 12
23537 11
23538 4
23539 35
23540 2
23541 2
23542 19
23543 32
23544 27
23545 0
23546 14
23547 32
23548 35
23549 4
23550 35
23551 27
23552 1
23553 0
23554 7
23555 4
23556 10
23557 0
23558 25
23559 10
23560 5
23561 15
23562 10
23563 5
23564 8
23565 24
23566 11
23567 11
23568 10
23569 34
23570 2
23571 35
23572 5
23573 19
23574 11
23575 32
23576 6
23577 15
23578 7
23579 8
23580 5
23581 1
23582 32
23583 10
23584 1
23585 14
23586 1
23587 19
23588 35
23589 35
23590 17
23591 12
23592 27
23593 11
23594 24
23595 8
23596 1
23597 7
23598 6
23599 11
23600 27
23601 18
23602 10
23603 15
23604 3
23605 4
23606 19
23607 11
23608 14
23609 17
23610 4
23611 27
23612 23
23613 24
23614 8
23615 35
23616 17
23617 35
23618 2
23619 11
23620 12
23621 8
23622 8
23623 35
23624 35
23625 6
23626 6
23627 3
23628 21
23629 8
23630 2
23631 11
23632 35
23633 8
23634 24
23635 11
23636 0
23637 35
23638 1
23639 10
23640 16
23641 6
23642 18
23643 6
23644 10
23645 2
23646 16
23647 2
23648 8
23649 15
23650 4
23651 8
23652 35
23653 27
23654 21
23655 27
23656 10
23657 30
23658 10
23659 8
23660 27
23661 2
23662 12
23663 5
23664 34
23665 35
23666 0
23667 8
23668 35
23669 6
23670 35
23671 10
23672 17
23673 11
23674 31
23675 35
23676 35
23677 34
23678 3
23679 1
23680 1
23681 12
23682 18
23683 11
23684 3
23685 2
23686 1
23687 35
23688 11
23689 6
23690 24
23691 27
23692 8
23693 8
23694 24
23695 19
23696 2
23697 35
23698 5
23699 8
23700 10
23701 2
23702 8
23703 11
23704 19
23705 2
23706 32
23707 14
23708 19
23709 18
23710 8
23711 31
23712 6
23713 3
23714 3
23715 11
23716 4
23717 35
23718 27
23719 8
23720 5
23721 27
23722 35
23723 7
23724 35
23725 2
23726 11
23727 19
23728 0
23729 8
23730 19
23731 31
23732 18
23733 10
23734 11
23735 19
23736 8
23737 1
23738 35
23739 2
23740 2
23741 11
23742 21
23743 24
23744 1
23745 5
23746 0
23747 2
23748 10
23749 2
23750 2
23751 5
23752 27
23753 1
23754 6
23755 1
23756 5
23757 6
23758 7
23759 9
23760 28
23761 8
23762 19
23763 1
23764 20
23765 3
23766 8
23767 35
23768 31
23769 11
23770 18
23771 1
23772 11
23773 31
23774 1
23775 11
23776 27
23777 27
23778 8
23779 18
23780 33
23781 1
23782 35
23783 8
23784 30
23785 8
23786 5
23787 16
23788 2
23789 8
23790 1
23791 28
23792 24
23793 8
23794 35
23795 10
23796 12
23797 34
23798 18
23799 6
23800 17
23801 19
23802 8
23803 24
23804 18
23805 6
23806 8
23807 8
23808 2
23809 0
23810 12
23811 8
23812 5
23813 2
23814 27
23815 21
23816 11
23817 35
23818 11
23819 8
23820 35
23821 35
23822 5
23823 5
23824 27
23825 13
23826 5
23827 27
23828 11
23829 35
23830 17
23831 35
23832 1
23833 35
23834 15
23835 35
23836 10
23837 1
23838 18
23839 3
23840 35
23841 10
23842 21
23843 8
23844 35
23845 18
23846 10
23847 1
23848 35
23849 27
23850 19
23851 8
23852 35
23853 34
23854 4
23855 2
23856 35
23857 17
23858 4
23859 35
23860 11
23861 32
23862 8
23863 9
23864 15
23865 19
23866 2
23867 8
23868 31
23869 8
23870 27
23871 32
23872 19
23873 34
23874 21
23875 1
23876 24
23877 2
23878 2
23879 2
23880 27
23881 2
23882 10
23883 2
23884 3
23885 27
23886 30
23887 11
23888 1
23889 1
23890 8
23891 11
23892 3
23893 2
23894 35
23895 27
23896 19
23897 6
23898 11
23899 21
23900 24
23901 10
23902 24
23903 23
23904 5
23905 8
23906 16
23907 5
23908 11
23909 28
23910 8
23911 10
23912 2
23913 1
23914 0
23915 8
23916 12
23917 10
23918 7
23919 4
23920 12
23921 35
23922 27
23923 12
23924 2
23925 18
23926 27
23927 0
23928 27
23929 2
23930 35
23931 35
23932 12
23933 3
23934 35
23935 20
23936 11
23937 15
23938 3
23939 6
23940 8
23941 2
23942 10
23943 8
23944 11
23945 5
23946 27
23947 14
23948 31
23949 35
23950 14
23951 27
23952 8
23953 27
23954 18
23955 10
23956 5
23957 10
23958 0
23959 1
23960 27
23961 2
23962 18
23963 27
23964 10
23965 10
23966 17
23967 1
23968 10
23969 3
23970 17
23971 2
23972 0
23973 35
23974 27
23975 35
23976 4
23977 2
23978 5
23979 8
23980 11
23981 24
23982 6
23983 32
23984 35
23985 8
23986 35
23987 5
23988 35
23989 30
23990 7
23991 5
23992 19
23993 34
23994 20
23995 11
23996 17
23997 16
23998 14
23999 2
24000 35
24001 10
24002 12
24003 18
24004 4
24005 19
24006 11
24007 19
24008 12
24009 3
24010 8
24011 4
24012 6
24013 35
24014 1
24015 24
24016 19
24017 14
24018 1
24019 5
24020 8
24021 8
24022 6
24023 16
24024 11
24025 16
24026 12
24027 2
24028 1
24029 10
24030 2
24031 8
24032 35
24033 35
24034 12
24035 11
24036 10
24037 24
24038 11
24039 8
24040 8
24041 26
24042 8
24043 15
24044 10
24045 35
24046 8
24047 8
24048 19
24049 1
24050 35
24051 27
24052 11
24053 27
24054 7
24055 8
24056 13
24057 14
24058 11
24059 2
24060 2
24061 35
24062 2
24063 4
24064 35
24065 19
24066 12
24067 0
24068 10
24069 8
24070 33
24071 15
24072 2
24073 9
24074 6
24075 11
24076 19
24077 0
24078 11
24079 2
24080 35
24081 32
24082 2
24083 19
24084 14
24085 2
24086 8
24087 1
24088 1
24089 7
24090 0
24091 8
24092 11
24093 11
24094 3
24095 35
24096 8
24097 2
24098 24
24099 8
24100 2
24101 19
24102 12
24103 12
24104 10
24105 34
24106 2
24107 10
24108 14
24109 35
24110 35
24111 12
24112 18
24113 33
24114 0
24115 5
24116 32
24117 32
24118 8
24119 8
24120 11
24121 8
24122 0
24123 27
24124 11
24125 2
24126 10
24127 0
24128 27
24129 32
24130 12
24131 1
24132 11
24133 1
24134 11
24135 18
24136 2
24137 2
24138 12
24139 8
24140 1
24141 18
24142 8
24143 5
24144 2
24145 4
24146 2
24147 10
24148 5
24149 11
24150 3
24151 35
24152 19
24153 8
24154 2
24155 8
24156 12
24157 32
24158 18
24159 12
24160 1
24161 27
24162 12
24163 19
24164 19
24165 35
24166 0
24167 11
24168 8
24169 18
24170 10
24171 11
24172 8
24173 8
24174 10
24175 0
24176 35
24177 0
24178 10
24179 32
24180 6
24181 35
24182 0
24183 5
24184 3
24185 8
24186 11
24187 8
24188 17
24189 24
24190 5
24191 8
24192 1
24193 17
24194 8
24195 35
24196 8
24197 18
24198 35
24199 11
24200 5
24201 11
24202 10
24203 33
24204 19
24205 35
24206 35
24207 5
24208 1
24209 2
24210 21
24211 10
24212 0
24213 0
24214 1
24215 11
24216 19
24217 10
24218 28
24219 32
24220 8
24221 4
24222 35
24223 9
24224 1
24225 27
24226 1
24227 35
24228 35
24229 27
24230 5
24231 35
24232 11
24233 27
24234 23
24235 10
24236 8
24237 10
24238 8
24239 34
24240 2
24241 11
24242 10
24243 5
24244 19
24245 35
24246 32
24247 2
24248 5
24249 14
24250 35
24251 11
24252 31
24253 17
24254 8
24255 7
24256 35
24257 2
24258 12
24259 8
24260 18
24261 16
24262 5
24263 8
24264 12
24265 6
24266 0
24267 5
24268 19
24269 8
24270 8
24271 35
24272 12
24273 11
24274 24
24275 27
24276 3
24277 32
24278 35
24279 6
24280 5
24281 12
24282 2
24283 6
24284 35
24285 10
24286 13
24287 35
24288 0
24289 34
24290 15
24291 21
24292 7
24293 3
24294 12
24295 14
24296 12
24297 12
24298 4
24299 3
24300 10
24301 12
24302 10
24303 3
24304 1
24305 8
24306 24
24307 6
24308 33
24309 11
24310 5
24311 8
24312 8
24313 8
24314 0
24315 5
24316 34
24317 1
24318 19
24319 2
24320 2
24321 29
24322 35
24323 10
24324 16
24325 19
24326 19
24327 11
24328 2
24329 2
24330 6
24331 10
24332 2
24333 14
24334 6
24335 5
24336 0
24337 33
24338 54
24339 18
24340 0
24341 8
24342 17
24343 1
24344 32
24345 21
24346 16
24347 8
24348 11
24349 8
24350 6
24351 35
24352 0
24353 11
24354 8
24355 2
24356 8
24357 10
24358 24
24359 16
24360 35
24361 10
24362 15
24363 1
24364 0
24365 35
24366 11
24367 11
24368 10
24369 18
24370 2
24371 2
24372 12
24373 6
24374 3
24375 11
24376 35
24377 5
24378 8
24379 10
24380 30
24381 27
24382 1
24383 7
24384 10
24385 0
24386 5
24387 35
24388 11
24389 24
24390 35
24391 1
24392 32
24393 8
24394 11
24395 21
24396 8
24397 4
24398 15
24399 0
24400 10
24401 32
24402 24
24403 19
24404 20
24405 8
24406 32
24407 3
24408 19
24409 8
24410 35
24411 11
24412 8
24413 32
24414 8
24415 17
24416 3
24417 5
24418 32
24419 19
24420 10
24421 8
24422 26
24423 4
24424 8
24425 35
24426 24
24427 35
24428 1
24429 7
24430 0
24431 11
24432 16
24433 34
24434 30
24435 15
24436 24
24437 12
24438 14
24439 11
24440 18
24441 35
24442 22
24443 18
24444 1
24445 24
24446 14
24447 34
24448 11
24449 8
24450 0
24451 21
24452 24
24453 35
24454 18
24455 2
24456 19
24457 27
24458 5
24459 11
24460 10
24461 5
24462 27
24463 19
24464 8
24465 11
24466 21
24467 35
24468 23
24469 1
24470 24
24471 26
24472 19
24473 10
24474 35
24475 17
24476 3
24477 11
24478 8
24479 21
24480 2
24481 11
24482 24
24483 18
24484 8
24485 21
24486 12
24487 5
24488 32
24489 35
24490 31
24491 4
24492 35
24493 35
24494 4
24495 35
24496 35
24497 3
24498 1
24499 19
24500 26
24501 35
24502 12
24503 35
24504 2
24505 10
24506 35
24507 3
24508 7
24509 2
24510 3
24511 18
24512 2
24513 17
24514 0
24515 35
24516 1
24517 27
24518 13
24519 8
24520 4
24521 35
24522 1
24523 24
24524 21
24525 28
24526 35
24527 14
24528 8
24529 7
24530 32
24531 1
24532 35
24533 35
24534 5
24535 5
24536 5
24537 11
24538 6
24539 35
24540 35
24541 24
24542 8
24543 27
24544 14
24545 35
24546 35
24547 18
24548 11
24549 18
24550 18
24551 1
24552 19
24553 8
24554 3
24555 17
24556 10
24557 35
24558 8
24559 0
24560 10
24561 32
24562 11
24563 2
24564 19
24565 21
24566 10
24567 2
24568 21
24569 11
24570 24
24571 30
24572 10
24573 27
24574 35
24575 33
24576 2
24577 27
24578 11
24579 12
24580 29
24581 28
24582 10
24583 8
24584 2
24585 35
24586 10
24587 27
24588 6
24589 10
24590 27
24591 2
24592 8
24593 5
24594 21
24595 2
24596 2
24597 1
24598 6
24599 35
24600 1
24601 15
24602 35
24603 11
24604 18
24605 4
24606 17
24607 35
24608 5
24609 35
24610 4
24611 19
24612 0
24613 2
24614 35
24615 35
24616 27
24617 16
24618 24
24619 8
24620 8
24621 15
24622 5
24623 35
24624 14
24625 17
24626 32
24627 6
24628 35
24629 8
24630 8
24631 28
24632 35
24633 35
24634 31
24635 32
24636 12
24637 30
24638 15
24639 10
24640 35
24641 35
24642 25
24643 12
24644 16
24645 5
24646 11
24647 10
24648 10
24649 8
24650 1
24651 20
24652 19
24653 8
24654 1
24655 1
24656 5
24657 19
24658 8
24659 35
24660 10
24661 29
24662 25
24663 1
24664 12
24665 19
24666 32
24667 27
24668 35
24669 34
24670 35
24671 35
24672 1
24673 3
24674 1
24675 12
24676 3
24677 8
24678 9
24679 19
24680 17
24681 0
24682 8
24683 8
24684 34
24685 24
24686 5
24687 11
24688 2
24689 17
24690 17
24691 31
24692 1
24693 1
24694 11
24695 35
24696 8
24697 2
24698 35
24699 5
24700 35
24701 8
24702 0
24703 8
24704 14
24705 18
24706 27
24707 21
24708 2
24709 2
24710 19
24711 6
24712 11
24713 15
24714 35
24715 8
24716 0
24717 5
24718 10
24719 18
24720 20
24721 10
24722 25
24723 1
24724 8
24725 10
24726 6
24727 30
24728 35
24729 5
24730 6
24731 27
24732 24
24733 8
24734 35
24735 12
24736 32
24737 35
24738 2
24739 1
24740 8
24741 35
24742 12
24743 14
24744 10
24745 0
24746 13
24747 8
24748 11
24749 8
24750 10
24751 8
24752 27
24753 9
24754 4
24755 1
24756 17
24757 9
24758 35
24759 34
24760 4
24761 3
24762 2
24763 5
24764 7
24765 24
24766 2
24767 3
24768 24
24769 14
24770 15
24771 8
24772 14
24773 10
24774 15
24775 8
24776 27
24777 11
24778 28
24779 8
24780 35
24781 27
24782 8
24783 8
24784 2
24785 4
24786 35
24787 15
24788 2
24789 11
24790 2
24791 35
24792 7
24793 2
24794 32
24795 13
24796 16
24797 35
24798 10
24799 35
24800 1
24801 1
24802 8
24803 18
24804 17
24805 2
24806 2
24807 35
24808 35
24809 35
24810 6
24811 12
24812 35
24813 2
24814 35
24815 1
24816 32
24817 5
24818 14
24819 18
24820 10
24821 19
24822 10
24823 1
24824 33
24825 2
24826 1
24827 27
24828 1
24829 25
24830 35
24831 16
24832 2
24833 27
24834 10
24835 35
24836 11
24837 12
24838 8
24839 20
24840 21
24841 11
24842 1
24843 2
24844 35
24845 17
24846 2
24847 1
24848 1
24849 8
24850 10
24851 31
24852 35
24853 10
24854 8
24855 29
24856 18
24857 11
24858 16
24859 8
24860 2
24861 35
24862 4
24863 12
24864 17
24865 11
24866 30
24867 35
24868 1
24869 11
24870 1
24871 18
24872 19
24873 6
24874 2
24875 1
24876 1
24877 8
24878 29
24879 5
24880 29
24881 17
24882 1
24883 32
24884 15
24885 10
24886 19
24887 8
24888 8
24889 8
24890 28
24891 20
24892 27
24893 9
24894 3
24895 8
24896 17
24897 34
24898 35
24899 5
24900 7
24901 24
24902 14
24903 5
24904 24
24905 4
24906 12
24907 35
24908 32
24909 35
24910 19
24911 4
24912 0
24913 18
24914 8
24915 1
24916 10
24917 18
24918 1
24919 35
24920 27
24921 35
24922 12
24923 14
24924 35
24925 5
24926 8
24927 6
24928 21
24929 8
24930 18
24931 18
24932 1
24933 8
24934 8
24935 35
24936 2
24937 15
24938 24
24939 18
24940 35
24941 2
24942 35
24943 5
24944 6
24945 11
24946 8
24947 17
24948 35
24949 35
24950 14
24951 5
24952 18
24953 11
24954 31
24955 11
24956 4
24957 10
24958 22
24959 10
24960 34
24961 35
24962 8
24963 8
24964 35
24965 6
24966 10
24967 35
24968 10
24969 24
24970 2
24971 32
24972 35
24973 8
24974 11
24975 35
24976 35
24977 8
24978 2
24979 5
24980 46
24981 2
24982 8
24983 19
24984 10
24985 12
24986 1
24987 35
24988 2
24989 8
24990 2
24991 18
24992 17
24993 8
24994 1
24995 35
24996 10
24997 10
24998 2
24999 10
25000 14
25001 15
25002 24
25003 11
25004 2
25005 5
25006 14
25007 17
25008 18
25009 18
25010 35
25011 17
25012 1
25013 16
25014 15
25015 11
25016 27
25017 24
25018 35
25019 5
25020 14
25021 35
25022 35
25023 3
25024 21
25025 6
25026 2
25027 35
25028 35
25029 2
25030 35
25031 35
25032 5
25033 14
25034 15
25035 11
25036 34
25037 26
25038 35
25039 18
25040 11
25041 15
25042 11
25043 18
25044 5
25045 35
25046 11
25047 3
25048 10
25049 14
25050 14
25051 27
25052 17
25053 27
25054 8
25055 8
25056 10
25057 4
25058 18
25059 19
25060 22
25061 27
25062 35
25063 35
25064 10
25065 35
25066 10
25067 11
25068 27
25069 29
25070 8
25071 2
25072 20
25073 18
25074 24
25075 8
25076 8
25077 13
25078 24
25079 11
25080 8
25081 12
25082 12
25083 2
25084 3
25085 16
25086 11
25087 8
25088 8
25089 32
25090 2
25091 4
25092 6
25093 11
25094 2
25095 19
25096 1
25097 8
25098 3
25099 1
25100 5
25101 8
25102 2
25103 1
25104 11
25105 1
25106 8
25107 8
25108 6
25109 35
25110 12
25111 30
25112 2
25113 17
25114 29
25115 8
25116 11
25117 30
25118 2
25119 5
25120 16
25121 1
25122 2
25123 35
25124 35
25125 29
25126 2
25127 10
25128 35
25129 10
25130 24
25131 35
25132 15
25133 8
25134 30
25135 8
25136 12
25137 10
25138 32
25139 9
25140 2
25141 10
25142 1
25143 17
25144 12
25145 35
25146 10
25147 35
25148 6
25149 20
25150 2
25151 35
25152 35
25153 3
25154 5
25155 8
25156 8
25157 35
25158 8
25159 21
25160 8
25161 17
25162 35
25163 11
25164 4
25165 15
25166 35
25167 11
25168 18
25169 24
25170 16
25171 8
25172 24
25173 34
25174 3
25175 25
25176 33
25177 2
25178 11
25179 2
25180 9
25181 2
25182 29
25183 18
25184 21
25185 15
25186 29
25187 31
25188 24
25189 3
25190 11
25191 1
25192 18
25193 35
25194 16
25195 10
25196 35
25197 8
25198 1
25199 8
25200 35
25201 2
25202 18
25203 35
25204 35
25205 35
25206 1
25207 10
25208 8
25209 27
25210 8
25211 35
25212 3
25213 3
25214 2
25215 4
25216 19
25217 2
25218 19
25219 8
25220 19
25221 10
25222 17
25223 24
25224 35
25225 27
25226 35
25227 10
25228 24
25229 11
25230 24
25231 35
25232 4
25233 34
25234 0
25235 2
25236 20
25237 23
25238 24
25239 31
25240 1
25241 2
25242 35
25243 35
25244 8
25245 34
25246 35
25247 8
25248 4
25249 1
25250 33
25251 18
25252 6
25253 31
25254 18
25255 35
25256 18
25257 1
25258 34
25259 2
25260 19
25261 2
25262 35
25263 12
25264 8
25265 26
25266 4
25267 11
25268 11
25269 27
25270 10
25271 27
25272 12
25273 19
25274 27
25275 27
25276 19
25277 18
25278 35
25279 2
25280 19
25281 33
25282 35
25283 35
25284 8
25285 0
25286 35
25287 27
25288 11
25289 35
25290 5
25291 8
25292 16
25293 31
25294 27
25295 8
25296 18
25297 0
25298 26
25299 29
25300 23
25301 10
25302 8
25303 26
25304 35
25305 34
25306 7
25307 5
25308 26
25309 16
25310 11
25311 18
25312 35
25313 8
25314 26
25315 4
25316 32
25317 24
25318 35
25319 5
25320 15
25321 16
25322 35
25323 8
25324 10
25325 8
25326 6
25327 35
25328 35
25329 12
25330 8
25331 35
25332 35
25333 35
25334 1
25335 8
25336 17
25337 8
25338 34
25339 2
25340 11
25341 35
25342 5
25343 4
25344 30
25345 1
25346 14
25347 35
25348 8
25349 11
25350 35
25351 17
25352 11
25353 14
25354 9
25355 1
25356 12
25357 35
25358 8
25359 24
25360 6
25361 16
25362 8
25363 35
25364 28
25365 24
25366 27
25367 3
25368 4
25369 0
25370 18
25371 8
25372 2
25373 15
25374 5
25375 4
25376 18
25377 35
25378 4
25379 10
25380 18
25381 2
25382 2
25383 5
25384 10
25385 35
25386 35
25387 24
25388 1
25389 20
25390 5
25391 19
25392 11
25393 35
25394 33
25395 35
25396 11
25397 14
25398 2
25399 0
25400 27
25401 8
25402 8
25403 6
25404 14
25405 2
25406 30
25407 8
25408 27
25409 19
25410 35
25411 4
25412 14
25413 24
25414 2
25415 35
25416 2
25417 23
25418 8
25419 35
25420 11
25421 10
25422 21
25423 35
25424 0
25425 32
25426 27
25427 18
25428 35
25429 19
25430 2
25431 14
25432 8
25433 18
25434 28
25435 27
25436 0
25437 14
25438 12
25439 0
25440 35
25441 19
25442 24
25443 35
25444 35
25445 10
25446 18
25447 27
25448 2
25449 35
25450 5
25451 35
25452 14
25453 5
25454 26
25455 18
25456 35
25457 35
25458 12
25459 26
25460 11
25461 27
25462 14
25463 27
25464 35
25465 35
25466 7
25467 26
25468 1
25469 10
25470 6
25471 19
25472 8
25473 10
25474 35
25475 4
25476 0
25477 12
25478 10
25479 27
25480 1
25481 8
25482 13
25483 5
25484 2
25485 1
25486 34
25487 34
25488 3
25489 35
25490 1
25491 5
25492 4
25493 35
25494 28
25495 34
25496 18
25497 8
25498 34
25499 2
25500 2
25501 19
25502 12
25503 19
25504 28
25505 35
25506 35
25507 32
25508 16
25509 0
25510 11
25511 19
25512 24
25513 2
25514 5
25515 8
25516 8
25517 0
25518 0
25519 18
25520 11
25521 9
25522 0
25523 27
25524 35
25525 2
25526 10
25527 30
25528 10
25529 11
25530 8
25531 3
25532 31
25533 27
25534 18
25535 14
25536 8
25537 28
25538 17
25539 35
25540 11
25541 11
25542 19
25543 14
25544 18
25545 35
25546 35
25547 11
25548 2
25549 35
25550 1
25551 2
25552 24
25553 19
25554 12
25555 5
25556 35
25557 10
25558 8
25559 1
25560 29
25561 2
25562 24
25563 6
25564 18
25565 14
25566 19
25567 8
25568 11
25569 8
25570 19
25571 35
25572 35
25573 1
25574 21
25575 32
25576 27
25577 11
25578 5
25579 5
25580 6
25581 35
25582 11
25583 2
25584 32
25585 1
25586 3
25587 8
25588 35
25589 8
25590 35
25591 16
25592 8
25593 2
25594 35
25595 35
25596 6
25597 18
25598 10
25599 35
25600 11
25601 6
25602 19
25603 31
25604 35
25605 30
25606 11
25607 8
25608 27
25609 5
25610 35
25611 19
25612 5
25613 34
25614 10
25615 8
25616 5
25617 27
25618 18
25619 6
25620 6
25621 21
25622 19
25623 10
25624 27
25625 35
25626 12
25627 8
25628 35
25629 2
25630 27
25631 18
25632 14
25633 27
25634 24
25635 2
25636 2
25637 2
25638 18
25639 0
25640 35
25641 35
25642 8
25643 19
25644 3
25645 27
25646 4
25647 2
25648 8
25649 2
25650 19
25651 18
25652 1
25653 35
25654 35
25655 8
25656 2
25657 35
25658 19
25659 35
25660 2
25661 24
25662 10
25663 35
25664 6
25665 32
25666 11
25667 28
25668 12
25669 12
25670 1
25671 35
25672 9
25673 3
25674 27
25675 29
25676 2
25677 26
25678 10
25679 35
25680 7
25681 8
25682 35
25683 2
25684 27
25685 13
25686 24
25687 5
25688 6
25689 35
25690 21
25691 8
25692 35
25693 4
25694 5
25695 18
25696 35
25697 10
25698 12
25699 27
25700 5
25701 19
25702 9
25703 35
25704 5
25705 8
25706 24
25707 10
25708 17
25709 26
25710 35
25711 0
25712 19
25713 35
25714 10
25715 16
25716 12
25717 27
25718 2
25719 2
25720 35
25721 7
25722 35
25723 35
25724 31
25725 2
25726 8
25727 27
25728 35
25729 35
25730 8
25731 28
25732 18
25733 8
25734 5
25735 8
25736 31
25737 5
25738 2
25739 35
25740 14
25741 10
25742 18
25743 5
25744 1
25745 18
25746 35
25747 26
25748 10
25749 35
25750 35
25751 35
25752 1
25753 4
25754 35
25755 3
25756 5
25757 30
25758 6
25759 2
25760 33
25761 19
25762 32
25763 0
25764 11
25765 8
25766 3
25767 27
25768 3
25769 2
25770 19
25771 3
25772 6
25773 10
25774 2
25775 18
25776 34
25777 2
25778 27
25779 17
25780 30
25781 18
25782 1
25783 1
25784 30
25785 11
25786 8
25787 0
25788 1
25789 11
25790 2
25791 18
25792 1
25793 2
25794 12
25795 2
25796 10
25797 15
25798 24
25799 0
25800 8
25801 6
25802 11
25803 2
25804 8
25805 20
25806 29
25807 4
25808 11
25809 27
25810 3
25811 15
25812 18
25813 4
25814 30
25815 19
25816 31
25817 16
25818 24
25819 0
25820 15
25821 0
25822 1
25823 2
25824 35
25825 26
25826 20
25827 31
25828 6
25829 5
25830 10
25831 19
25832 12
25833 14
25834 3
25835 10
25836 19
25837 14
25838 27
25839 27
25840 27
25841 5
25842 10
25843 2
25844 18
25845 8
25846 30
25847 6
25848 18
25849 35
25850 1
25851 12
25852 14
25853 10
25854 3
25855 24
25856 14
25857 13
25858 12
25859 2
25860 27
25861 3
25862 27
25863 27
25864 8
25865 3
25866 10
25867 3
25868 14
25869 27
25870 24
25871 16
25872 27
25873 6
25874 2
25875 4
25876 8
25877 35
25878 27
25879 17
25880 7
25881 2
25882 12
25883 6
25884 10
25885 12
25886 7
25887 34
25888 5
25889 7
25890 10
25891 2
25892 17
25893 6
25894 8
25895 30
25896 27
25897 27
25898 8
25899 19
25900 10
25901 12
25902 0
25903 14
25904 16
25905 4
25906 19
25907 34
25908 7
25909 1
25910 12
25911 18
25912 23
25913 18
25914 11
25915 24
25916 6
25917 10
25918 8
25919 19
25920 29
25921 34
25922 4
25923 24
25924 1
25925 4
25926 0
25927 24
25928 14
25929 11
25930 5
25931 19
25932 18
25933 1
25934 26
25935 2
25936 8
25937 5
25938 34
25939 35
25940 2
25941 32
25942 26
25943 14
25944 10
25945 34
25946 35
25947 23
25948 5
25949 26
25950 12
25951 26
25952 5
25953 2
25954 3
25955 1
25956 17
25957 3
25958 5
25959 10
25960 0
25961 8
25962 2
25963 17
25964 15
25965 14
25966 11
25967 8
25968 10
25969 27
25970 14
25971 1
25972 10
25973 2
25974 1
25975 2
25976 1
25977 5
25978 35
25979 19
25980 5
25981 35
25982 7
25983 9
25984 12
25985 15
25986 31
25987 7
25988 16
25989 5
25990 32
25991 8
25992 1
25993 28
25994 0
25995 1
25996 2
25997 27
25998 24
25999 14
26000 1
26001 6
26002 5
26003 5
26004 30
26005 10
26006 15
26007 5
26008 5
26009 5
26010 4
26011 8
26012 18
26013 12
26014 18
26015 12
26016 18
26017 1
26018 2
26019 33
26020 27
26021 8
26022 18
26023 12
26024 18
26025 6
26026 19
26027 0
26028 3
26029 27
26030 16
26031 10
26032 8
26033 19
26034 6
26035 8
26036 2
26037 2
26038 0
26039 5
26040 2
26041 2
26042 5
26043 27
26044 18
26045 27
26046 0
26047 18
26048 23
26049 3
26050 11
26051 32
26052 33
26053 24
26054 22
26055 0
26056 27
26057 10
26058 20
26059 25
26060 8
26061 35
26062 12
26063 19
26064 2
26065 8
26066 2
26067 35
26068 14
26069 11
26070 30
26071 13
26072 10
26073 3
26074 35
26075 17
26076 1
26077 23
26078 4
26079 5
26080 1
26081 17
26082 2
26083 1
26084 5
26085 30
26086 25
26087 5
26088 3
26089 6
26090 18
26091 6
26092 22
26093 18
26094 2
26095 2
26096 5
26097 19
26098 24
26099 20
26100 20
26101 15
26102 8
26103 12
26104 5
26105 12
26106 24
26107 14
26108 7
26109 13
26110 5
26111 8
26112 14
26113 7
26114 11
26115 27
26116 19
26117 27
26118 2
26119 3
26120 16
26121 15
26122 15
26123 2
26124 14
26125 30
26126 10
26127 15
26128 2
26129 1
26130 24
26131 27
26132 12
26133 18
26134 18
26135 34
26136 2
26137 30
26138 5
26139 18
26140 6
26141 35
26142 5
26143 19
26144 5
26145 18
26146 4
26147 2
26148 11
26149 19
26150 25
26151 18
26152 2
26153 10
26154 18
26155 16
26156 27
26157 6
26158 9
26159 2
26160 10
26161 10
26162 2
26163 12
26164 11
26165 27
26166 18
26167 30
26168 12
26169 19
26170 18
26171 11
26172 5
26173 19
26174 3
26175 19
26176 24
26177 18
26178 0
26179 27
26180 30
26181 0
26182 4
26183 35
26184 2
26185 2
26186 9
26187 32
26188 13
26189 30
26190 30
26191 11
26192 8
26193 8
26194 0
26195 27
26196 17
26197 11
26198 6
26199 2
26200 11
26201 30
26202 11
26203 2
26204 9
26205 15
26206 5
26207 6
26208 19
26209 12
26210 28
26211 1
26212 26
26213 27
26214 24
26215 6
26216 4
26217 10
26218 30
26219 6
26220 29
26221 18
26222 35
26223 19
26224 5
26225 3
26226 10
26227 5
26228 19
26229 33
26230 19
26231 2
26232 24
26233 2
26234 2
26235 4
26236 32
26237 6
26238 24
26239 19
26240 30
26241 8
26242 4
26243 2
26244 2
26245 31
26246 11
26247 1
26248 2
26249 23
26250 16
26251 12
26252 11
26253 30
26254 2
26255 27
26256 0
26257 11
26258 32
26259 27
26260 4
26261 32
26262 2
26263 30
26264 22
26265 33
26266 17
26267 19
26268 23
26269 10
26270 4
26271 12
26272 6
26273 3
26274 15
26275 0
26276 14
26277 10
26278 0
26279 35
26280 34
26281 35
26282 15
26283 3
26284 4
26285 6
26286 16
26287 8
26288 27
26289 12
26290 11
26291 1
26292 8
26293 5
26294 5
26295 30
26296 2
26297 17
26298 31
26299 30
26300 12
26301 19
26302 8
26303 2
26304 7
26305 3
26306 18
26307 9
26308 27
26309 2
26310 0
26311 24
26312 34
26313 35
26314 24
26315 0
26316 0
26317 10
26318 25
26319 27
26320 12
26321 2
26322 24
26323 17
26324 8
26325 30
26326 3
26327 17
26328 5
26329 18
26330 9
26331 7
26332 27
26333 5
26334 19
26335 15
26336 1
26337 8
26338 5
26339 35
26340 2
26341 27
26342 13
26343 11
26344 18
26345 19
26346 26
26347 32
26348 35
26349 18
26350 7
26351 18
26352 4
26353 14
26354 10
26355 24
26356 5
26357 18
26358 12
26359 17
26360 10
26361 17
26362 1
26363 30
26364 0
26365 18
26366 11
26367 29
26368 7
26369 6
26370 18
26371 10
26372 1
26373 19
26374 2
26375 2
26376 0
26377 12
26378 11
26379 4
26380 8
26381 8
26382 8
26383 18
26384 26
26385 27
26386 2
26387 19
26388 27
26389 14
26390 27
26391 0
26392 5
26393 4
26394 8
26395 27
26396 18
26397 6
26398 12
26399 16
26400 10
26401 27
26402 30
26403 11
26404 30
26405 12
26406 17
26407 27
26408 2
26409 6
26410 11
26411 17
26412 7
26413 17
26414 10
26415 4
26416 16
26417 17
26418 17
26419 17
26420 33
26421 27
26422 35
26423 12
26424 20
26425 12
26426 6
26427 23
26428 30
26429 11
26430 1
26431 15
26432 2
26433 2
26434 12
26435 5
26436 27
26437 11
26438 15
26439 5
26440 10
26441 15
26442 12
26443 8
26444 6
26445 27
26446 10
26447 21
26448 12
26449 13
26450 34
26451 26
26452 15
26453 5
26454 0
26455 24
26456 8
26457 32
26458 11
26459 7
26460 15
26461 6
26462 27
26463 3
26464 33
26465 4
26466 23
26467 27
26468 1
26469 34
26470 5
26471 35
26472 8
26473 2
26474 19
26475 12
26476 0
26477 8
26478 15
26479 30
26480 12
26481 19
26482 27
26483 27
26484 12
26485 3
26486 5
26487 24
26488 10
26489 11
26490 24
26491 27
26492 10
26493 4
26494 10
26495 27
26496 8
26497 27
26498 12
26499 1
26500 5
26501 11
26502 16
26503 5
26504 1
26505 4
26506 6
26507 0
26508 3
26509 25
26510 2
26511 4
26512 10
26513 27
26514 11
26515 11
26516 17
26517 16
26518 23
26519 10
26520 19
26521 10
26522 34
26523 1
26524 15
26525 26
26526 4
26527 27
26528 34
26529 6
26530 0
26531 1
26532 27
26533 1
26534 2
26535 4
26536 34
26537 26
26538 5
26539 19
26540 17
26541 26
26542 27
26543 5
26544 14
26545 19
26546 29
26547 11
26548 5
26549 2
26550 10
26551 0
26552 0
26553 11
26554 5
26555 10
26556 18
26557 24
26558 10
26559 11
26560 5
26561 0
26562 19
26563 24
26564 7
26565 11
26566 8
26567 12
26568 27
26569 18
26570 3
26571 0
26572 12
26573 35
26574 10
26575 8
26576 7
26577 12
26578 11
26579 11
26580 6
26581 0
26582 10
26583 6
26584 4
26585 6
26586 10
26587 18
26588 10
26589 32
26590 1
26591 3
26592 8
26593 2
26594 7
26595 10
26596 49
26597 1
26598 27
26599 8
26600 2
26601 22
26602 11
26603 27
26604 3
26605 2
26606 10
26607 23
26608 3
26609 8
26610 4
26611 11
26612 18
26613 7
26614 4
26615 6
26616 27
26617 25
26618 2
26619 27
26620 8
26621 11
26622 34
26623 26
26624 12
26625 23
26626 0
26627 1
26628 6
26629 2
26630 0
26631 11
26632 0
26633 15
26634 24
26635 30
26636 12
26637 0
26638 27
26639 10
26640 5
26641 6
26642 2
26643 1
26644 14
26645 0
26646 1
26647 1
26648 10
26649 24
26650 15
26651 17
26652 17
26653 34
26654 6
26655 3
26656 34
26657 17
26658 24
26659 16
26660 2
26661 4
26662 2
26663 2
26664 17
26665 17
26666 18
26667 24
26668 27
26669 26
26670 27
26671 5
26672 10
26673 10
26674 10
26675 10
26676 27
26677 15
26678 2
26679 2
26680 7
26681 3
26682 13
26683 24
26684 15
26685 8
26686 26
26687 8
26688 18
26689 5
26690 16
26691 5
26692 32
26693 1
26694 10
26695 12
26696 10
26697 4
26698 32
26699 15
26700 27
26701 5
26702 31
26703 11
26704 18
26705 26
26706 17
26707 12
26708 14
26709 6
26710 15
26711 6
26712 0
26713 8
26714 26
26715 10
26716 3
26717 32
26718 26
26719 3
26720 10
26721 30
26722 1
26723 1
26724 31
26725 10
26726 27
26727 35
26728 12
26729 16
26730 27
26731 30
26732 15
26733 17
26734 24
26735 18
26736 8
26737 10
26738 35
26739 26
26740 15
26741 23
26742 0
26743 18
26744 10
26745 7
26746 27
26747 6
26748 31
26749 3
26750 8
26751 11
26752 35
26753 10
26754 2
26755 5
26756 2
26757 4
26758 20
26759 17
26760 27
26761 31
26762 8
26763 13
26764 1
26765 8
26766 18
26767 6
26768 12
26769 15
26770 2
26771 17
26772 17
26773 10
26774 27
26775 19
26776 24
26777 15
26778 12
26779 31
26780 18
26781 27
26782 0
26783 18
26784 14
26785 2
26786 35
26787 10
26788 11
26789 18
26790 12
26791 14
26792 17
26793 24
26794 19
26795 6
26796 35
26797 10
26798 14
26799 15
26800 5
26801 11
26802 3
26803 10
26804 24
26805 13
26806 0
26807 32
26808 35
26809 8
26810 10
26811 8
26812 1
26813 19
26814 17
26815 26
26816 8
26817 1
26818 8
26819 1
26820 35
26821 1
26822 2
26823 0
26824 3
26825 1
26826 14
26827 2
26828 0
26829 12
26830 11
26831 3
26832 34
26833 26
26834 11
26835 5
26836 24
26837 18
26838 6
26839 18
26840 6
26841 2
26842 7
26843 0
26844 33
26845 33
26846 27
26847 4
26848 30
26849 8
26850 2
26851 8
26852 30
26853 18
26854 3
26855 2
26856 18
26857 3
26858 6
26859 24
26860 20
26861 32
26862 19
26863 10
26864 24
26865 19
26866 6
26867 24
26868 16
26869 14
26870 23
26871 29
26872 3
26873 4
26874 6
26875 11
26876 33
26877 17
26878 34
26879 24
26880 12
26881 6
26882 15
26883 5
26884 6
26885 15
26886 24
26887 27
26888 4
26889 27
26890 27
26891 16
26892 10
26893 17
26894 1
26895 16
26896 17
26897 30
26898 30
26899 6
26900 27
26901 3
26902 32
26903 35
26904 5
26905 11
26906 10
26907 1
26908 10
26909 3
26910 27
26911 14
26912 12
26913 23
26914 34
26915 16
26916 2
26917 30
26918 18
26919 29
26920 27
26921 24
26922 2
