1 18895
2 10199 20710 25307 9032 24018 23272 2788 1683 26556 18093 18245 26737 19728 4258 26864 10020 6245 26784 13511 26899 8797 11980 3510 14669 16221 15233 4238
3 17354 17227 17108 304 22612 16324 19318 9268 15902 14999 17292 19026 7285 23931 21486 10882 26436 26239 11273 23106 11806 21645 23243 17405 26214
4 10199
5 389 237 18329 23450
8 10470 24855 24632 9021 24744 18047 10767 13656 3735 13979 9409 4670 19398 9600 7134 21305 25073 6696 14198 9302 24524 24272 4177 25864 2476 887 3444 12636 9408 24162
9 17155 24973
10 11649 23401 22279 19020 23997 23967 19165 15969 15150 26214 18849 24779
11 11982
13 24964 23188 15044 14956
14 407 20028 13090 17364 11370 1385 25618 11044 2716 5477 18895 22896
16 24432 18446 17418 22231 9746 1344 10871 23098 21118 26730 22431 20604 21411 26784 20733 21847 21688 11250 25675
17 7981
18 18007 12084 1535 7718 15880 14616 20168 2940
19 24546 7701 3779 6167 23988 23565 7149 18176 9666 18244 25096 11305 21714 8708 4272 2187 14749 9569 848 3401 16039 6489 5842 9628 22801 24078 2472 10945 25355 1377 25116 13883 9234 11340 15693 14381 5622 15461 11713 838 16947 17218 7479 20896 26302 14418 20916 26514 4424 6956 8687 5280 23983 14358 16374 5889 25807 9720 14039
20 23916
21 13024 3758 25837 11308 18396
23 25034 10417
24 14618 25598 23773 23802
26 10770
27 23197 6915 3011 13685 2860 5039 23997 1223 2601 8561 2514 7148
28 8342 14605 25605 12317 13022
29 12409 10770
30 389 4093 1842 6731
31 8904 419 4432 21812 1125 909 4375
32 7091 2579 16303 22878 25805 3738 23059 13119 7119 1724 19852 3406 3178 24903 25685 9470 8192 1746 15295 7166 4988 5708 2363 7420 10033 12938
33 24048 12658 22905
35 2906 25470 17838 22467 17311 21414 24720 26207 25837 12932
37 22178 5969 8343 9094 1035 9286 25224 14452 16982 21410 8525 21911 23961 13262 5469 15556 8522 16352 4742 4958 24779 19068 23158 3232 22905 13517 23997 6059 649 5646 10973 25504 4187 7034 12740 24874 4477 14841 26185 13870 26299 24563 25140 12126 19609 15112 14785 18642 24142 11025 16030 20040 5394 26682 26372 7885 26496 6025 3489 4052 4290 3420 4624 9442 4909 18743 19520
38 973 24485 21415 21414 9409 17862 21868
39 23361 7300 19861 24539 6202 9695 18902
41 2234 10322 4950 11582 21454 1566 1887 7775 3588
42 17608 24377 5367 1983 20327
44 8691 13429 6731 12517 14103 18039 11019 10316 17064 26208 19548 1938 9899 14815 15902 10936 21037 19981 22102 23366 20204 8262 9846 4003 4697 14604 16162 14324 18608 7679 9243 21248 5020 16394 25500 15907 18377 7093 8610 20327
46 24268 15499 17039 24246 24865 10616 13425 17257 18212 19595 15603 25413 16799 23366 23659 16504 17292 10917 19663 17009 19181 25074 20804 20793 16464 23158 13009
47 25264 16663 9970 8862
48 20275 23960 22015 5534 21878 3250 14524 21958 22948
49 16202 10767 13590 17051 24162
50 22414 8871
51 2369 23230 16968 11524 7229 1999 24508 767 1238 25565 8126 12349 8619 203 659 2716 25 25872 8467 9314 2270 13552 2906 14
52 22895
53 17869 6715 23794 19513 9767 16586 1178 25564 1
54 9283 25535 8600 6184 16854 14147 25813 4024 4949 975 26282 6209 2409 9314 17272
55 17691 24924 4497 15505
56 20758 10173 24641 24261 26207 7516 11930 18622 13573 24360
57 25154 9890 24540 16980 21748 15195 14178
58 4292
59 23982
60 4407 2748 2585 1533 3085 2636
63 23988 25556
65 22334 24833 1985 26760 119
66 7646 25312
67 10767 15216 1605 15113 1278 990 25373
69 22897 8155 17119 23897 22613 18186 18378 16852 9531 7736 2203 24215 1284 23629 7970 10091 20276 23959 23158 7981 19537 2901 6247 15013 20702 3865 9673 16188 12010 10196 25891 17096 13437 8077 13623 10211 8477 26432 6257 26372 10266 5535
70 8620 20079 11575 478 19105 10497 7605 26210 25522 21501 26753
72 22641 25088 1983 6824 3274
73 4907 21347 1454 9032 5964 6987 11110 24295 24794 12190 16120 4670 20678 20650 24034 19017 19102 7470 4483 11469 23585 8265 5860
76 16629 18142
77 4129 4341 23175
78 1040 12256 1866 5161 8863 3696 5975 1879 5864 1337 4692 7601 17122 8675 23233 10179 9360 248 7250 12966 242 23330 19174 20306 7342 16971 4332 8988 18606 3674 355 14719 3470 21243 20394 2785 1938 4084 17695 4826 4981 8127 16402 2733 23358 15182 6425 26147 1248 5946 4081 23761 5184 18903 14777 6896 23634 21924 9541 14774 11868 2126 19268 17255
81 18784 19766 21504 20394
82 16171 13985 5454 2349 24473 19491 11255 16164 9987 6857 8582 7747 24842 12709 14205 17222 9746 15132 16039 1829 3911 15536
83 7756
84 16968 4633 1344 12037 16064 509 11731 186 24045 12138 2716 10689 23331 7365 13330 2209 25564 18070 8163 26290 21743 1423 7213 15894 19960 11952 12305 2260 1683 22872 22104 19117
87 2926
88 14327 21463 14040 7591 21381 5147 1728 1385 21783 5774 25399 16014 24409 10567 19440 24863 23536 9331 18791 384 3807 5611 5896 11249 15805 7064 21365 5087 12695 19651 18022 22417 9032 9314 4377 16915 14201 26290 5858 3275 24285 5434 19105 20690 13955 26435 8475 21919 15450 2462 5815 9348 875 11952
90 3633 24519 18113 24080 20565 4830 22753
91 20712 24686 25198 24192 3694
92 323 14520 7851 16274 25535 23395 24820 20464
93 7200
94 23702 13470 6987 12256 20467 1637 10334 26505 5225 15138 26624 9944 9432 18373 5487
95 10090 22454 11749 22812 11681 24327 3325 16007 2521
96 17025 20363 23530 10388 24850 18848 18142 13019 21042 10956 1074 26717 12283 21847 18559 5111 3620 26774
98 13003 24430 2959 23242 9151 7879
99 9284 297 6731 5942 22045 4950 20858 1065 10322 13631 11460 1011 23161 11352 20062 26281 22128
100 21318 23138 6350 19855 24430 23737 2235 11932 22957 1993 8071 5443 2495 19084 8467 24724 18689 22080 7924 9318 6801 9187 25312 12184 1716 19119 5088 10770 22217 19900 2521 11640 26670 17726 26899 26914
101 8545
102 24214 23062 9407 9489 25159 23779 24827 25576 9492 5896 24616 15407 23296 3632 22824 23395 24947 25075 10158 15130 11911 24934 20164 25699 25983 11899 24781 659 25923 26120 7366 24765 7974 23111 7771 956 16148 3165 18357 17017 26179 25564 25559 4217 26199 26111 1472 10452 26195 26483 11859 10691 7469 1442 24539 21754 9914 26264 4182 5936 26164 5694 7166 6804 17272 26779 1685 26774 26734 22375 13587 2363 2466 21933 8660 12454 1020 8441 18629 21927 26826
103 16746 23675 8862 17935 23661 4512 10353 10681 5052 22824 2597 18890 6784 19017 25468 2012 11681 10193 327 16451 21529 18715 13230 24551 1616 23847 25278 25028 7659 10770 1074 25728 5915 12912 10364 20342 3928 3936 8570 8880 22094 972 20799 2707 8969 3386 12524 20258 4075 26456 23175 8752
104 9378 5794 12001 10170 20415
105 5479 3367 20686 9331 9538 20999 17291 13855 502 9121 3387 24538 7937 10857 3505 2085 26781 22345 13857 13245 13127 14460
106 15425 17570 7659 11799
107 15272
109 3045 17495 1178 934 2585 23939 11939 3939 6458 5797 4771 1076 11593 6659 16120 19129 15291 24115 2274 4562 5698 10677 12332 3694 15654 15295 17234 2160 3172 4199
110 10470 24561 24214 24732 23152 6784 8193 10382 7658 7074 21200 11999 24939 24880 20772 23421 2653 20283
111 9869
113 13434 18800 11940 7261 17754 23973 15520
115 22806
117 1527 21377 12269 18368 25644 23323 25668 15121 2716 24416 16826 24616 18783 8869 3320 3389 22637 2466
118 9619 16037 12030 12572 6415 19773 10195 396 9021 10393 4403 14644 17983 15381 23062 22776 20648 4452 18651 15498 21880 22876 15240 19027 25847 14610 23721 17062 18136 26364 16301 10666 26630 14848 13788 1367 22182 19017 4464 7174 4473 5473 8441 4704 5485 11982
119 17648 25466 10243 16719 21642 25805 9886 8041 9315 4134 2910 18417 20855
120 8432 22917 8656 17476 15946 17598 11035 17632 25558 15327 20429 10746 23234 9068 15203 18942 2902
121 10766
122 8857 6829 2858 225 1162 25281 1697 4289 10082 3253
123 23175 16277 18905 24176 20281 23152 15095 8595 24425 23084 22832 23387 11487 17890 8041
124 25852 10688 5241 15030 7884 14637 9969 23313 23926 11599 13517 7043 5511 15774 1512 14219 21608 8077 3210 16424 16651 15685 25892 21195 7393 15587 23401
125 17440
126 19203
128 7266
129 11782 24250 10767 25196 22990 5354 19832 22712 22418 4907 7548 25479 1742 9423 24923 11201 18821 20411 8980 10861 25872 12442 13041 23510 24769 19884 704 24103 25533 7516 3419 26021 15101 6249 18396 12305 6193 7470 26271 5063 19394 23973 18561 19575 7261
130 21636 20881 25278 4670 8862 20120 2277 23731 21727 11579 23165 10326 25598 18896 22510 10422 4217 11539 12560 18836 10378 4807 26783 15999 26811 14931
131 25716 22033 23981 12566 25598 26290 2650 5369 14032 20248 21463 2085 9857 12296 22285 18980
132 25230 22568 23944 9009 26290 18739
133 8323 10767 4303 9318 11999 12485 16885 22916 9467 5942 22249 2963 8081 1526 8763 14145 11472
134 11421 25657 13606
137 20520 22511 18186 21146 14906 23692 13631 10770 21867
138 21939 23062 10111 22575 25896 21701 1023 26272 4920 15054 26462 4545 2521 26900 14020 17409 15923 20855
139 23185 20252 23269 22104 25187 22098 19074 4564 21605 23754 6262 8947 8294 8475 21919 13741 26497 15318 9914 8086 4545 8727 16943 8212 23417 14498 13281 8852
140 25620 18914 14197 25204 269 24540
141 23702 24898 23510 20581 9032 19384 4026 8399 1351 16556 17860 24066 24485 23333 17871 12727 23118 23064 12454 23206 11992 25923 10109 20864 4497 8988 8301 11669 12660 7099 26448 25620 12535 26414 23589 21684 24996 19046 7470
143 5482 14616 20394 26573 15792 21151
144 26116
145 23558 19227
146 14579 26478 24585
147 10767 19974 24947 9079 540 971 7369 2801 24138 22151 26828
148 1065 25946 704 16331
150 19892 11725
151 23568 11778 19658
152 2852 205 24735 16423 2420 22598 8548 4751 3588 14714 20194 16965
153 25872 9032 23327 7169 7534 704 5093 26156 977 12409 9856
154 21019 18903 12971 11828 11694 804 6456 10856 21504 22450 24024 8934 20254 23079 7401 20968 8996 523 20462 4120 20947 25098 21717 3058 7077 11170 16947 19255 23407 26214 5840 6841 9434 20327 26402 18365 26514 22541 23174 11204 20168 5814 18034 11297 9681 24973 2802 12985 19056 26691 19404 18204 1920 22320 26916 23996 2789 5857 14716 16144 21555 13310 12402 15561 7471 24773 23967 3676 11995 17284
155 13241 26783 24170
156 10767 22020 24261 1960 17538 12998 8589 24466 2340 6480 18840 6193 7470 3881
157 19552 21918 18473 25341 16131 6722 23443 8251 15541 10956 23996 24616 20235 11211 23819 14945 2153 1239 17548 22104 3698 21575 1820 8425 20618 13440 24686 6910 11958 7061 7840 24853 1612 23894 13670 2654 8398 3456 7623 10101 26554 20802 12888
159 9521 21648 3162
160 8393 18751 6167 13598 12971 4332 9434 3507 17295 6700 10411 5340 15902
162 6299 22848 16806
163 17375 1452 2704 2145
165 2790 10766 15667 16275 25669 13470 9112 19288 16955 7193 26567 13519 3023 6299 4670 6637 10160 733 8097
167 12170 19794 25689 25352 11222 23384 8494 4365 13536 13745 16736 12156 5364 23459 11971 8769 23796 18608 15348 4449 4912 4652 4197 9257 3526 2284 17149 22966 1927 9630 14967 5966 4102 7285 4574 13886 725 2184 11166 14010 11075 19255 22137 1262 4659 24305 4173 7017 25537 4117 9268 19654 14620 7360 21306 18588 8887 18365 9781 22201 26687 6042 25501 4041 26921 26323 13647 3462
168 12723 6819 8862 9740 2477 26282 4143 16315 18391 7026 18871 15882
170 25585 18064 20975 25872 25851 25829 23057 15812 22655 6453 21642 23387 13398 25806 12247 26104 16148 24014 3124 10225 5454 7036 4777 5418 7974 6838 373 6216 25896 20866 18446 2809 7072 12308 15340 26259 4517 18171 6055 7703 8397 21620 4644 23322 16588 11401 20151 26195 26138 8121 15773 12666 7534 2244 8852 7364 21017 12089 20989 9797 1171 8274 21981 1685 4196 16221 18412
171 16884 24565 17865 15536 2209 7845 24848 11966 19864 26042 25714 18638 26427 1221 7368 5015 22216 1683 15434 5624
172 3815 200 8259 468 24573 20691 25829 25093 18 11622 23909 26210 26857
173 7591
174 25006 16277 10025 19776 25872 11780 18401
175 15373 12416 1013 22121 21499 18196 9112 19723 22296 24256 25419 24170 9136 7546 20676 22806 23182 5749
177 20409 13958 1242
179 21056 21063 23581 18697 15040 20138 12078 16806 19007 6800 10406
181 25677 23674 12067 4046 10776
183 15587 4161 24473 11703 18299 17327 2988
184 1208 13985 24833 22851 18163 21381 8872 9539 25332 938 9860 25837 17736 23395 10920 25258 10691 11024 5563 22284
186 21250 13925 15407 18568 17087 18509
187 21381 3672 21225 15210 25872 25923 9409 26353 25367 21053 25564 15224 15894 24602 12660 18561 21751 9092
188 21494 13573 16507 2011 5155 8524 22036 133 8561 14719 2813 25135
189 22488 20323 2388 16023 12803 25855 24132 13722 10974 21774
190 11465 8193 22944 10597 9580 21823 16320 9767 1724 5502 6299
191 23967 25055 11900 5546 20922 16669 18604 23805 8551 19537 17290 19159 23234
192 11668
193 15424 21144 19052 7308 21402 6480 12751 17715 8093 17388 16249 12647 1694 10770 17674 10263 13343 9136
194 18330 15288 4636 25903 25855 9520
195 6812 20417 26385 20881 12037 25662 18064 14460
196 3391 8342 20331 25453 22713 13188 18902 8806 2274 133
198 23742 23773 23288 19823 23251 11542 10734 24971 13674 16334 9181 11391 14659 16468 9400 15659 7291 19210 11856 23932 18112 21479 6205 10595 24413 23024 18345 17369 24883 10871 20859 11979 14817 8464 24503 19296 13319
199 4844 8445 700 25457 4253
200 24410
201 22669 16182
202 7897
203 21685 9321 8700 7747 22028 14925 16886 4546 9649 1298 13469 19255 6827 18616 21948 26776 11629 11122 5686 6754 5276 12721 4525 11260 22052 15218
204 24652 23739 24048 18469 19782 22905 10166
206 23139 11494 23506 14188 15882 577 18112 14771 3465
207 17270 22883 23064
210 23153 25332 11397 20664 22423 9169 12516 22391 5867 6523 24467 25 11989 18006 2642 5938 22211 2407 26424 3202 21688 26877 5430 22616 15893 22754 23738 7704 23182 3868 19027 7533 25419 6811 23953 17496
211 25178 19532 10070 7084 21449 13058 21036 19511
212 19290
213 7746 2657 7258 11940 7112 11633 4265
215 7676 25817 2790 13382 15447 22458 10125 16541 18715 18857
216 15476 8405 20631 12940 5562
217 24820 15568 26065 19203 24217 17127 26151 26290 5624 11384 17894 14403
218 10780 20908 20588 21680 11644 18230 6892 9978 2018 13086 15896 11788 17869 24986 9084 25710 5739 22646 25572 21957 25478 9308 23085 6784 1351 19972 4540 7396 11411 21893 16249 10347 4497 11582 11286 21847 19839 19342 25872 16409 20028 20083 6921 8857 5422 1396 20487 7135 21699 22357 22732 20017 19779 26241 20158 3126 23635 23077 13998 15447 19623 19182 5366 18361 24774 23009 18272 17570 6716 7859 16973 1998 9051 24764 10199 26398 7587 2631 26369 10442 26478 6411 4593 6383 1180 21074 16374 23589 17202 26567 26207 4485 26461 18622 4608 12345 4483 23937 7134 13710 18396 7840 4907 19276 9410 22896 14531 1811 10991 6061 26777 14013 17286 3698
219 23064 6962 12535 23160 21525 22602 23942 5406 25872 5698 21465 17248 21440 22616 21927 13094 20606 22660 13126 10120 11361 7405 21847 21787 14422 20772 21477 26191 10158 21547 18310 26216 11847 19302 16986 7025 22653 26252 5148 21967 10227 25107 15206 25478 15654 17529 20499 26246 25194 15147 4841 8321 18391 16002 4829 26708 26728 26703 2615 16335 26734 26597 24704 25264 22912 11774 20287 21773 26579 2258 9410 17286 14285 26774 7877 26786 26696 12428 14735 23059 24538 13019 11822 17973 3459 15695 20376 14099
221 10767 23024 5695 16746 18816 4670 9707 24883 10220 19290 26899 12789 9314 26784 14254
222 13682 16120 24885 13319 14415 25362 21797 5504 18452 9409 25793 6564 20028 19116 18864 18177 25138 1351 12780 5823 16889 22285 18833 26784 19748
223 25160 9617 15278 16395 15753 3886 12299 13461 1620 25226 18600 7998 16046 11702
225 26673 25301 4357 10199 13573 8862 8362
231 20969 3472
232 20325 24811 5354 24587 25872 5366 16064 17889 8405 10557 18622 21088 4455 10637 17706 15200 16588 4608 15231 4539 7561 8834 11974 16563 12452 26670 24881 8163 2521 8589
233 10314 2341 23290 18862 153 23640 3526 9531 25689 10073 18337 12563 5259 13803 7133 4449 5857 8371 12342 8522 1426 25059 25993 19438 7443 19549
234 10767 18101 15642 9409 8927 15828 18895 12596 12193 18697 8300 23827 15894
235 24570 21137 24947 15344 276 8713 7037 16724 13659 19595 12679 13957 17749 6214 19481 8522 6043 17581 23805 13778 19714 19908 10078 2949 1639 21031 23328 14732 3864 16791 21484 5515 12304 19812 18380 16031 9832 8630 16128 12165 18976 19168 17292 7838 11970 4283 16424 7541 26446 21640 1138 13372 2434 3961 15279 16357 2294 5768 13617 25160 20991 26294 15587
237 11267 8127 5306 13469 19940 9898 17212 14278 14069 21948 9960 25872 24990 4101 5406 24751 18933 2269 1871 24743 1823 6455 23158
238 8285 25872 9580 20231 19954 17543 10509 770 14369 15823 5791 2274 10393 26138 16297 23973 12815 3281 25789
239 23890 20804 10938 20846 6456 18860 25018 23234 15792
241 16872 18909 1221 21093 19580 1273 20496 12226 23766 13439 17104 19076 21707 10357 13855 4156 11566 25564 4464 727 975 7860 16540 24751 13137 4077 3598 13605
242 10767 23488 17439 1687 22310
244 10767 2194 8529 24506
245 3982 7646 5122 24964 23387 23139 9032 2222 22815 14443 22871 26452 18783 23641 22991 13694
246 1087 13780 13139 3681 12666 18869 15060 14819 14162 23615 16723 10442 13345 8310 5624 21314
247 17754
248 25062 25069 20576 14645 22540 20594 25862 2870 25863 10170 10127 8200 21886 14312 17087 9479 17134 15673 21375 20736 7771 20732 17231 13121 12262 6576 11236 12623 19946 17982 11078 12482 21304 22910 12347 1013 26789
249 15921 18747 16082
250 9084 20342
252 16610 988 11105 18125
255 24490
256 10767 8917 545 24864 4346 5712 9547 11790 5915 3332 20283 22269 7849 12184 10770 16611 17888 7190 9258 5218 15977 7193
258 24312 9314 17272
260 23158 15743 21458 7841 828 4389 9518 4793
261 1118
262 24506 25312 9648 4069 10683 24964 20112 4851 5225 15061 13495 19703 7925 16445 3714 4857
263 17960 6759 19119 25378 24233 17908 18219 4780 19885 22282 3167 21554 9922 17313 6363 5400 16534 7575 19602 24731 24494 10842 4973 4723 13562 517 1127 1554 9672 18605 14836 23880 10176 15089 8497 18278 18682 15894 7771 15996 26306 9348 1711 26513 1370 5034 7119 21826 22199 24453 19909 5386 14794 18396 1109 9996 3768 26863 6790 12049 6720 9493 20038 8818 4535 18668
264 4303 19960 978 3538 26047 7405 8872 9519 22173 10308 24845 17919 24272 23110 8685 6386 17002 12329
265 20267 7859 17691 15139
266 23910 9423 17532 19104 19052 25162 5561 24746 26639 10075 7983 5692 13373 17643
267 1038 4497 14106
268 25 24778 23445 15253 25312 23423 20094 2977 9834 5147 3351 17950 21251 20948 9746 732 2650 17436 5153 23958
269 9256
270 25043 24616 10127 11670 18352 13819 3611 13385 21847 26056 26424 22816 16840 2340 12230 26264 5449 4204 24427 21772 22375 26879 3954 26907
271 22677 13814
272 9331 7845 25332 11330 9952 25794 20691 1033 19109 18635 25668 21883 2359 25522 10666 182 25136 9536 16411 6748 25837 19864 11096 24281 21377 26774 21602 22391 18561 20561 3635
273 7266 4633 23791 20410 15706
274 1210 7392 12966
275 5049
277 9489 9407 12957 21530 9607 17889 8117 9532 4262 19783 16614 22252 14147 18980 25794 2087 25559 19988 9256 5400 23177 6033 25862 8251 9470 25969 25174 5102 26478 4539 19007 17921 8163 6076 23156 13008 15110 26709 11979 22554 11404 22211 14817 5694 20688 22812 19017 11499 26596 7365 2144 24538 25470 26858 20881 4734 26820 20631 24875
278 18838 5539 25788 24513 23121 10715 12571 18025 17937 14109 26551 23534 26476
279 5008 15722 16167 19795 15038 12726 9032 5944 10199 20517 10691 1355 26648 3130 23869 22896 7666 8599
280 22147 25626 26081 23189 18878 17824
281 866 11205
282 25983
283 25862
284 1493 19165 23328 8999
285 14224 9948 13803 1594 10425 20804 23836 21680 25028 5307
286 12043 14299 893 19146 12358 19480
288 5643 10945 22297 1118 15841 413 9076 19426 15098 13096 3431 7109 12500 8367 13007 2979 9296 13402 23634 26126 14744 20964 6283 13396 15230 20493 15730 4683 23158 19114 9653 5908 6471 20800 5062 11820 25355 8606 5985 16039 7843 5316 6776
292 4080 11409
293 25663 22074 8206 20278 25837 26246 25258 5254 19629 4330 18396 22888 1683
294 8458 11838 12351 4895 17257
295 22922 8871 16777 21644 6079 15976 18121 25752 9823 25028
296 17940 21278 10767 18890 4024 16899 7849
297 25187 25749 12575 9021 23957 21978 23926 23238 25600 10418 21412 24922 12727 23288 20364 17869 24900 17603 20566 4377 25699 7370 13954 4303 20147 25872 22124 8824 22895 25862 9086 22754 8862 382 6265 19334 1710 25606 20814 8603 20287 12903 8605 1385 22903 25015 20517 2820 10846 15688 21967 21225 20231 26015 13808 25507 15078 7755 26241 26354 24670 21474 15896 16937 2803 8121 10254 19141 17777 7160 12472 12452 4129 6036 26740
298 23139 24402 11024
299 19924 17091 9198 14210 26464
300 1185 210 21742 374 17671 1999 2494 2637
301 10766 282 23139 25264 8872 5924 23062 6905 9580 8876 10906 12435 17558
302 1166 18938 1302 24973 13886 12244 24779 18970 19020 11787 26775 19212 7309
303 25275 19271 3035 14275 9811 19255 12044 20254 9300 23191 6810 23805 5187 20846 25018 17837 7146 11272 19229 26752 5340 24546 16410 17499 8768 26921 9987 2351 24215
306 4303
307 18306 5400 15845
308 25307 1822 2118 2920 9547 14071 15700 13756 704 25732 25915 1906 9305 2058 3386 15434
309 6839 4333 12708 21456 22171 18711 15163 16277 24556 18235 18142
310 8318 25691 5354 20902 10120 13831 18591 3632 922 21919 972
311 6756 24668 23773 25199 18101 18514
312 4147 25986 21909 24655 16625 2331 16216 15823
315 24451 23611 24781 17394 23926 25564 7813 16986 17136 8668 13999 21371 8196 22124 22118 16525 23779 7397 19261 25028 10742 21009 25794 19723
316 10766 4303 10364 7049 11158
317 18524
318 5344 12031 12805 18940 17888 17760 10173 16472
319 16746 340 25264 25469 10873 22517 7106 9032 4732 4901 12372 22646 10353 9423 4907 13998 1327 8299 17495 22045 1842 8399 24096 3194 10205 1687 2906 4497 3126 3161 22280 5970 7134 21074 11125 21113 6968 24670 13470 26289 16723 8324 23589 2276 7099 20002 19453 2999 17235 10845 5498 17117 23675 21669
320 4524 7397 8625 24659 12774 20775 8200 24439 24103 3870 4206 14802 841 17113 21673 21860 287 24453 24632 21304 8549 18134 25849 26038 21689 4468 2809 25419 6947 5537 22153 6117 5983 18931 7692 6483 14276 26165 23615 15412 24402 24501 10239 12759 17946 2530 18341 24281
322 7879
323 1184 26310 14366 16307 17238 15620 13010 16233 4549 2505 7858 11820
325 1140 10767 25457 18083 24674 22173 25833 24826 10520 16260 11526 18345
326 18761 22469 11301 6319 7141 20081 20973 7112 39 4060 17946 2657 9895 24045 5461 7572 20257 4093 25862 2896 739 4821 2492 19957 1245 9746 24537 191 322 2585 22578 1500 1329 132 4191 7531 2233 11164 26450 22805 2992 12837 21847 9693 4545 9364 21993 12933 1673 4092 1629 2546 22032 15255 13241 12811
327 18585 26487
328 22242 9923 16874 16735 10446 5785 21795 25833 22200 14688 7366 14618 3641 15041 18514 14776 14817 10251 21919
329 15221 21646 4213 23131
330 1163 23004 1145 23384 19475 15206 11822 8720 3576 10914 23350 21464 17950 4335 25533 5487 13831 21269 9967 11943 23952 11633 12173 9292 4117 12834 23289 8442
331 10767 5642 21756 12398 24503 11710 18780 20581
332 13112 814 13410 24371 18446 24885 20364 10997 18711 1687 895 26241 20113 22356 7954 22136 22454 17252
333 377
336 7134 3368 1454 23488 208 2237 21291 9032 20772 13541 15042 11560 3764 11017 6716 7635 18736 21398 12265 17409 20469 12409 14868 23973 17649 10193 12089 11401 4540 6480 6182 5024 12969
337 5354 21074 5487 3689 26398 18890 7169 19384
338 25275 23460 23099 23659 7320 14324 8456 19896 2478 20254 24023 6962 23941 18377 23483 22664 23565 5357 14462 16628 12500 23820 11795 19219 21755 11170 11349 262 6204 14691 1419 12918 3779 6456 6731 10533 20966 18251 19131 4720 23678 6145 10346 23558 3526 8691 9107 17064 1232 23640 3629 25674 26036 21955 24973 17095 4137 13557 22743 7401 10599 13306
340 7193 21429 24133 21028 20064 19394 26919 7534 16131 6921 16739 15940
341 26120 21912 11517 11056 16454 20651 15564 5188
342 19301 2565
344 6557 12215 10068
345 25681 17048 21546 9232 11810 10010 24132 24872 7736 23542 5888 10516 4044 24916 24196 4273 8472 17121 24329 20192 12293 16467 23217 9454 16725 17597 20851 19277 888 7209 26183 23475
346 16882 8549 4303 9536 22428
347 16567 23062 22457 21956 15629 26672 24081 10871
348 17680 10623 20076 9098 23761 9296 24006 14729
349 19684 1050 201
353 8542 20182 7261 1410 4298 7505
354 12215 339 13404
355 9861 10806 21521 20596 6175 17381
356 10767 10470 10766 18103 2647 7910 24178 24361 24559 15943 20567 8442 1074 4608 11205 21113 20933 11979 25 1239 3698 4538 12359 2101
357 11363 18010 25778 20540 23915 9491 22369 15726 16550 17440 3520 21852 4981 4435 969 10669 18998 21573 2898 6804 16547 15537 13329 14299
358 17440 8302 2906 20168
359 5354 10767 22667
360 10766 16451 24237 20642 18306 8309 15221 8589 15399 1351 11560 22537
362 12409 3119
363 23981 25565 23032 23135 16634 2231 12613 15284 25872 22616 20145 20205 5738 15515 16587 9314 26120 8531 2340 26207 3165 4539 2490 700 659 8517 5162 7396 3945 23048 10452 7974 18028 6571 25969 17229 26404 9151 15444 17113 21784 18463 20919 22910 9179 26461 11849 26670 20588 26840 15272 8557 18794 26858 14460 26877 21743
364 23135 21959 22465 2153 13634 20881 11644 25278 8442 26207 26369
365 9039 24119 20756
366 25317
369 5401 6299 2645
370 14842 24198 3805 16411 14491 24283 10250
371 10767 22063 9693 4542 21517 8051 24217 2494 23227 7677
372 24932 14014
373 8453 25200 10569 1228 6556 13814 16882 21063 8555 19825 8682 305 5090 22063 21711 26047 22914 7879 3067 11734 2219 858 12581 6976 20884 5829 1973 3619 112 2462 7641 1635 23682 24703 3419 25598 1015 8549 16351 1032 16923 26521 23973 937 26619 9382 17244 9179 9042 8425 3897 2274 6140 5009 26849 19084 5225 7251 26783 9953 22812 26898 9241 8309 2875 2521
374 10214 3436 16355 5444 7719 10463 14809 23890 22538 1183 1969 25098 24238 13429 17247 12189 14777 26147 20199 5779 19313 23233 3179 1268 1938 20084 21611 24525 8828 2808 19219 12809 26126 11170 1337 13297 4826 6215 523 21988 20868 13272 22584
375 13003 6806 20415
377 2011 1212 522 2700 9197
379 11548
381 14777 4636 7096 17460 22038
382 8988
383 7516
385 7405 7550 3935 12037 19963 26207 9784 16563
386 25639 22128
387 22947 4895 1842 4670 7949
388 24022 23969 13015 477 11627 9458 9166 12317 10863 19384 26397 9956 11372 10442 20290
390 26478 17888 26448
391 8603 17898 21238 6098 19805 7213 12696 3211 9372 18089 10677 15445
392 2420 23360 14788 24238 24553 22907 4720 17621 4842 8505 23800 3260 4553
393 12332
395 10766 21571 17882 4112 24210 3735 20415
396 25262 15456 3075 19300 25174 14939 26120 26471 9214 8855 22076
397 23507
398 13022 3521 10199 7470 18890
401 25617 11121
402 5054 21410 21014
403 9385
404 23031
405 15164 25738 10491 6189 10268 18903 9614 15203 5278 20336 1966
407 6955
408 23022 10906 16680 6657 2174 23805 23997 22717 15802 23694 19223 25867 14693 23657 21911 23401 18110 17303 21520 17144 15892 19568 16003 20256 8882 25850 25980 21812 16549 20318
409 2217
410 20045 24485 22006 20550 15390 24924 23184 8872 25307 21751 148 14476
413 15390 19853
414 10021 395 10767 9925 19926 16363 2093 847 22921 8866 19219 5343
415 1690
416 25872 15464 9019 18628 11793 26207 16831 19158
417 17422 23536 5366 18947 2657 14247 1050 12524
418 20690 15221 8549 22265 10805 5041 7106
419 9310 4328 10906 19762 14120 23234 9543 10746 19269 22726 3424 6754 3036 4041
420 8959 17510 11902 21980 16226 18735 3023
422 15675 21099 17682 23730 23571 24029 21847 22069 15601
423 21607
424 25565 16777 11575 13177 8824 2769 12037 17204 16064 26207 25466 26237 17849 15923 6075
425 23890 25681 23622 570 12944 17440 22353 19219 21151 5400 14480 16147 18000 9462 3968 4720 3901 12080 25903 2415 5259 20846 9853 14175 8334 22380 14157 17352 16903 10848 19413 17384
429 5569 9846 7392 22939 4725 4364 6473 10938 3462 5651 2949 5722 18000 5400 2906 17499 17255 14616 20972 16376 5444 21097 6477
430 10127 25264 22104 13465 538 864 3843 16684
431 13709 8960
432 9386 7084 25533 20081 18282 4214 10733 8589
433 17051 8687
434 21304
436 24667 4497 16801 16331 2615 11420 8163 10393 22122 13426
437 12347 23386 20470 16411 11026 11739
438 23090 23718 7158 25498 10591 19621 10786 25522 23667 9256 17776 26506 26521 20101 26899
439 10364 16304 10825 16374 20843
440 22456 7516 13573 20005
441 24249 15633 23983 13134 7494 26208 1596 8887 22154 1921 16513 4368 16951 13490
442 5121 7769 12349 23013 21743
443 23269 25862 25538 20899 15708 15272 4436 11408 21170 23583 24690 23110 12106 24402 20151 4870 18655
445 14148 11467 17309
446 9600
447 22508 11135 17199 19813 17406 14291 15799
448 13406 531 10625 3130 24347 6784 25028 6564 10770 21550 26207 6480
449 8374 8847 7981 11142 19149 18631 22511 7888
450 24836
451 12215 19106 22831 14963 16669 4636
452 3708 24388 6731 87 15129 320 19595 21402 10683
453 6731 7060 21611 23181 12533 24163 17986 3377 16971 5201 17438 3526 9966 12337 19926 1866 8101 9107 15690 4137 15312 3753 13856 14391
454 5712 9860 11346 8309 24484
455 7056
456 887
457 18154
458 23196 14573 15141 20972 18901 21104 4254 15327 19663 21414 15874 3822 17328 4606 7009 23634
459 21403 745
461 24485 24451 23675 26017 10990 14556 1657 23682 22118 26748 5219 2675 10838 14656 22910 4608 19511 25208 11892 5910 12268 10698 10471 3119 13952 24430 20016 12409 18622 21197
463 1 10160 3168 12037 26357 11551 12409 14337 9961 11401 22151 18968 12650
464 11258 24973 16464 17064
465 9032 19783 23375 2031 20525 18468 25697 13139 25946 6686 8310 3588
466 10214 17440 17039
469 12575 24898 24057 311 17408 25457 16746 14887 14572 8604 2156 25896 20241 18099 13572 19747 10845 21887 18307 24087 12706
470 11940
471 12961 18150 7138 20338 8529
475 11371 9094 5986 2475 5651 7034 6422 24973 8978 20851 8918 13719 14978 6846 22270 3594 4260 11597 18964 1567 16975 21114 5688 21046 15930 19930 18000 17053 10933 9670 9636 745 2808 17332 10995 232 19220 23158 8502 12399 4413 14103 4137 14294 15611 23542 5734 9899 3478 18608 1592 4287 1155 449 8933 13157 4471 10875 15902 22102 2196 10052 12467 3617 1426 3027 25112 1913 14815 24802 8346 1921 4604 5470 10600 21034 11616 14391 16873 23358 14010 3616 22651 751 2360 5722 9172 22395 2626 9824 12533 22352
476 6097 7516
478 10766 10470 11579 7026 22616
483 25575
484 20125 24002 19722 13751 8329 4377 23968 15484 18446 3534 9400 26433 11895
486 18806 24261 20751 18282 19511 10364 4811 10368 7099 9511 9014 25533 2247 7160 11469 8687 15399 26414 9580
487 19680 25690 19267 17374 5953 19904 24947 8136
488 21046
489 11633 8881 10119 8405 5774 12036 18429 10733 13787 2185 7357 13515 18868 19746 19884 9212 15035 19963 9493 4303 19017
490 8071 1199
492 10770 20304 545 20467
493 24871
495 25324 13500 1055 2496 4475 373 3076 5782 7652 3106 17651 4017 2639 5667
496 20948 22299 22808 8872 8932
499 18919 17983 3788 19107 23674 17889 24568 14817 13881 7855 12435 14776 6606 23589 16766 3474 17080 5381 22760 5640 1252 13782 11539 13417 17272 15834 15012 8475
500 10691 11383 24524 18303 12271 19107 21292 26369 23773 20001 25468 12628 17691 7613 12654 26461 7278 20699 17792 16532 3055 22816 22806 4165 3288 24417 11384
501 12097
503 688 2049 7366 7125 727 14689 1565 7295 10393 26774 18010
504 2713
505 10766
506 3390
507 25794 25564 22732 8619
513 19601 23928 17376 24367 5983 19816 21402 12709 24578 24938 12364 19446 8549 23875 11793 26398 9658 23736 6121 16535 20512
515 8740
517 16784 14171 16942 24409 17327 8428 16903 21071 16428 6204 17384 24132 17016 4938 13883 24546 16018 16372 3822 7992 6755 18258
519 7914 11472 11790 5002
520 14730 25855 8997 19405
521 23283 24341 4070 10767 18047 5809 18133 25432 25794 12358 6861 5230 18554 21170 11997 937 8309 8542 20138
522 22712 13677 25872 25479 23326 9536 8442 20365 22153 23589 12268 20633 26640 18294 13426 26670 25478 22130 8464 2274 6994 19505 26787 4226 26784 4719 14020 22418 23333 13487 3465 2521 6553 18245
525 13955 11072 5496 12636 18910 9600 10444 11989 11566 10814 4351 13628 20376 24341 19302 1001 6539 26497 23517 8356 22850 25332 21766 22701 21768 26465 23395 19692 22812 18184 5101 1720 9093 5836 15554
526 25556 24103 3895 18446 24464 25529 21415 23952 16039 24602 7584 25872 2292 23325 25794 26000 5093 25304 8634 17388 7391 18535 25733 7386 12824 4865 11895 12309 11248 2274 18939 1756 8454 10287 22859 23973 25419 18931 6272 7959 3980 14952
527 23902 10557 5097 25872 26099 20580 11084 26288 8129 26141 10218 17496 4569 2431 4538 2870 875 9086 15740 26781 25434 1692 24744 25236
528 16374 246 5027 5477 3758 4575 23296 17935 8475 20482
529 25069 23273 19221 1086 12558 9160 17559 15884 17826 13115 16332 15137 17581 16014 21893 11635 15029 21608 11543 10420 12296 24731 24908 23667 24931 9252 18864 5719 21529 14276 23251 24233 1544 11457 13682 12390 19063 9532 25969 17184 19790 17804 18045 21477 23177 8720 6986 5815 12347 20481 18266 15805 22285 119
530 6733 24789 3607 25533 23965 11633 23653 17532 18033 13056 21074 25863 9409 10322 25340 19790 8501 12825 17934 15188 19173 26404 9112 6480 26478 7134 24670 5254 10769 24675 9930 13823 3793 11658 26677 8810 5225 16275 19314 13640
531 10556 18048 25457 12511 7396 24698 7859 20772 23132 20565 23218 22465 15914 23319 744 4984 18864 13751 15428 11921 4806 15175 11223 22367 10926 712 5561 8015 25830 25620 17546 2986 17935 23589 23182 9784 22202 10124
532 9423 25794 8193
535 12675 11451 23058 23108 9369 20834 21007 4731 20895 23401 2346 6693
536 23180 25168 24774 4240 13849 4670 21197 17318 20314 20624 6574 16910 13798 24478
538 17619
539 8954 3735
540 15326 23988 11005 13574 7096 17632 3333 25074 17975 847 15869 19663 8184 23634 3066
542 7840
545 713 7796 4093 5400 24703
546 2707
547 10875 10933 24465 19553 22831 14079 12500
549 14989 26346 22415 21193 24910 21325 23745 17102 20227 20711 23060 22532 13599 9723 16560 2868 15856 24084 26865 17200 25368 5145
550 3635 19878 17653 12309 17319 4641 16187 5945 13410 19126
551 15708 12522 17954 18633 22510 10405 3631 9198 20651 7334
554 26866 16464
555 25340 19126 11902 6926 21375 5942 26784
556 18651
557 10405 14265 24898 25312 17869 13656 22960 25564 9915 8797 3067 19017 9580
558 8007 10182 24607 9314 4330 21897 10846 7771
559 24794 20287 22506 10666 15638 24908 13771 18006 23968 15543 9101 8951 9032 16978 14746 17650 26540 17179 22392 15163 22419 5024 11423 9410 16763 25404 26774 16002 7611 26572 21369
560 10151 16386
561 21813 26237 26111 14158 6324 19387 26635 10323 1004 8081 1255 23682
563 9283 20594 20710
564 23773
565 24698 25370 25543 1066 10767 703 19989 19823 8026 23206 4110 10465 20476 6892 7598 21674 3453 12381 9014 1351 20197 19839 1584 9489 14005 2906 934 1775 7266 12275 3106 13749 1572 26207 20061 4455 2239 13634 11082 7613 1756 22210 17273
566 22063 4529 5706 24503 1075 21369 4788 8837 25533 4670 11209 5245 13174 21113 23206 17804 21074 8303 6749 24737 23986 18719 15289 25750 20772 4730 9343 12358 1996 4822 14 5430 20816 21093 9057 6193 5498
567 8687
569 23675 861 6731 20966 25355 4760 22101 17122 18299 23234
570 24479 24485
572 11633 21981 26011 16374 4895
574 8720 13351 12864 18781 22521 6299 18078 12175 4844 25862 7450 19117 3631 23118 17254 7334 26398 26435 22153 12568 4975 2274 26851 3694 19840 15225 12660 19825 20926 21203 11792
576 8529 1527 25535 19864 6722 20002 890 668 981 23278 2353 17716 8163 6804 26548 14411 3805 6594 26528 23061 7334 1746 2466 18064
577 1681 23247 25731 25406 13883 6113 235 25096 25355 7104 25362 7005 14324 3179 1866 18010 4120 23158 4447 787 24843 23309 5259 6960 9720 6605 19374 609 25499 18416 12602 11051 14666 11810 12707 3215 24184 10363 14258 24153 5686 7637 12970 16730 2711 11275 15486 1387 4744 17598 22665 15885 16094 25835 15386 15487 19914 7219 24539 15842 13657 19724 12216 22690 19485 23800 11512 16103 9172 12237 23646 2011 16802
578 9021 25330 5830 1228 18591 15210 7974 4857 14493 25853 19409 24724 17575 23044 6799 23320 16535
579 24603 20538 3041 13178 19261 20501 24252 25478 19727 4771 359 15693 865 8897 21847 22908 15765 26302 8060 25870 25230 13426 5431 9797 9270 18149 15295 1492 23151 9224
580 20565 15881 24823 20120 8546 23443 15662 25507 22903 24382 13146 18566 21603 22896 21305 6973 13091 22061 22735
581 13573 21414 26783 16472 4819 17373
582 15340 21582 7208 24892 14587 134 3710 20773 23087 14334 1532 17894 1466 20240 10573 4463 17154 24187 289 8497 17607 82 16053 23917 1191 17411 5034 9483 7334 20181 15247 6008 26747 8192 3059 6071 26502
584 20200 23960 17080
585 4357 17216 12471 12106 12799
586 24781 10470 10767 4189 16315 2499 5406 23861 7876 4169 12442 23322 21563 18306 9390 14326
588 24460 509 10840 501
589 103
592 25958 6980 26316 9369 12156 12962 2994 20450 17542 23947 15458 18538 14324 23313 8522
593 5208
594 15496 2746 8121 18306
595 3262 13934 1317 10982
598 8108 894 10735 18903 7219
599 19492 14493 16900 19770
600 2657 21402 8350 5612 10303 26358 8662
601 21543 22502 11491 8089 14403 21253 13764 9032 20364 16131 4053 18866 12282 18269 8582 8043 12141 10450 11486 24578 22587 15434 23069 7735 7560 1478 1455 25872 8008 25802 24712 9001 23268 25862 23736 26021 15835 10539 15050 8732 12917 25946 3860 9042 13511 14944 2521
604 25813 5924
606 2274 13014 18918 13676 6784 5281 6892 14396 14723 15316 875 15272 1229
607 513 24546 15743 18807 653 6960 7250 9276 14666 14802 18330 23079 12500 3614 18244 3179 11030 7858 9026 1938 14558 16595 6448 4669 1866 3835 16390 5840 9520 4084 8887 16433 16904 11183 20404 15690 22450 14616 23352 14358 6896 16253 8606 8977 8776 15902 14043 21414 9471 1944 10719 15961
608 2761 19210 1277 1976 2458 9130 3101 4269 747 2734 2104 7172 614 24134 22620 8942 9038 2702 2552 3120 2165 6799 1060 3466 910 21455 3007 15612 2650 1083 9285 26335 9200 8325
609 11192
610 10742 20508 23675 10874 18770 20329 25410 10410 16746
614 23116 8522 10767 24852 21942 23890 25556 8691 13652 412 20804 24329 22625 3317 5839 10140 11482 12155 10912 23194 2075 21149 24970 25656 2733 13469 10512 21000 24872 9500 14056 26184 22785 24779 4638 16776 4418 23692 8865 23158 20040 26036 1885 26386 18959 16464 14260 21403 9148 1804 8547 10543 8658 22054 6308 3147 6003 6297 3300 26881 15944 26687 12882 7297 1879
615 13242
616 8619 8927 1956 3633 24451 17460 2167 2058 6717 6166 1960 2061 3061
618 25794 10375 25565 11220 23962 17600 8193 17876 10468 25399 18798 26207 2287 13915 24290 11580 16654 14817 20178 26837 26899 23201 1683 11017 26858 13857 8296 13383 12016 19611 20795 4545 7405 26648
619 23179 10974 20763 4423 20972 7841 947 23079 6456 24546 16253 3881 16339 14070 15894 7561 9689
620 1695 3735 7317 7135 24133
621 25203 11196 4656 26051
622 428 635 2299 2420 2556 2570 2654 2525 3785 1657 2160 3870 3907 1825 8342 18457 4295
623 12789 2754 22554 3398 19436
624 24643 20869 17493 19822 7135 8193 26019 24347 20528 1180 4534 7516 23790 2615 9372 23861 2657 3603 23250 16637 9423 13721 1756 8797 19358 6245 26784 26919 8097 15117 19829 8078 17286 4656
625 20317
626 12760 4446 8872 22851 7405 7969 12643 17869 20349 19480 9021 16039 18069 6299 25760 21074 11742 1351 16440 3824 7357 744 937 474 17582 17983 8442 11242 22218 22401 20410 23952 5102 10838 5168 12906 25941 12823 18671 24122 20061 9192 22001 11486 7255 8019 1712 19325 5645 8595 9536 26207 3872 25331 6665 23583 5279 21088 4253 14944 12969 26580 19101 9808 15041 14645 8612 3565 12861 12824 8163 23937 14399 18184 12404 22113 15720 22122 10194 18307 19951 1515 14525 4483 9943 26699 16763 25657 14817 12008 21529 19409 15224 21572 13710 18396 9697 21690 4734 15376
627 23137
628 8871 13486 24898 7746 10199 5225 11547 6731 3607 21402
629 12615 9433 15179 3775 3966
630 8917 25433 259 976 13619 20387 21175 24162 16182 3273 15569 26423 26398 12189 6334 1180 4497 12999 24360 15894 5934 1945 21017 12730 5218 9206 15928 23322 22989 17272 2491
631 2447 20848 6680 24022 18614 4419 8418 3908 2826 18289 8602 2487 5398 276 9785 24743 25557 23824 23422 10830 17249 14905 5871 4825 8830 7232 4956 2176 9508 9526 7253 21816 23598 19966 22876 21202 12371 9491 9492 14652 14426 4255 7170 6373 5511 21713 13916 15837 3974 22158 2298 9247 25709 5104 10982 14593 2458 22758 13999 3176 25377 25411 20932 16779 15656 24700 15195 11070 1128 20164 6347 8973 2787 17696 8390 4858 15363 71 2343 22480 26016 9883 15410 5512 10178 16005 4632 11857 7196 23527 4119 16027 1953 22492 12199 16490 20260 22912 3292 10578 20729 1880 2998 16621 23698 26394 5841 23089 1105 6974 2928 11326 26346 26681 5801 12240 26766 8379 26443 18376 26232 14040 26819 6139 26722 9703 22901 18186 1708 19711 26119 7361
632 12715 15499 16356 21003 12501 19417
633 24840 19007 24820
634 25283 24410 989 20456 23013 9600 4473 7823 23675 7080 12824 12578 17984 21847 5254
635 15380 22279 24539 18107 2453 5792 25073 1850 12674 24402
637 25872 4983 18925 24616 8549 8299 24045 25318 1782 19727 9158 19489 7989 9595 23615 8199 26783 13921
638 734
639 23269 15496 19111 24345 4584 3268 9830 25858 23251 26585 20139 21053 18480
640 16939 418 22494 17293 94 18959 23407 23930 22432 6340 22783 8937 7866 13813 12876 17634 23180 16975 19056 3570 12023 12087 17416 21598 4221 18996 18976 17749 23263 10650 7833 663 20108 17520 2010 11791 19782 8111 23657 22511 8788 21350 6085 12283 7794 4499 23931 17581 3300 9275 23890 4375 24255 12487 12047 9521 5515 9257 18699 15187 4514 6621 6413 8798 23694 4890 19518 23940 2302 11864 5389 18775 23938
641 5803
642 21629 16539 7406 23182 25697 2615 17255 9179 26569 16473
643 12331 17581 23953 20660 1321 8125 5742 7163 12304
644 12998 18523 23371 16077 25333 20623 25844 11895 10305
646 19034
649 13411 26869 5400 19324
650 17017 14797 7572 16874 23666
651 20976 24111 21835 21607 25278 966 2119 4540 7551 4147 349 21847 10334 25923 770 2876 2906 17532 5354 13573 686 3735 12409 7931 4608 7882 14646 9372
652 12793
653 22722 22598 13585 25510 21803 25356 17256 25015 9032 12701 25978 17730 7286 11571 1945 6962 25497 26235 20808
654 1886 25275 14666 5400 25098 8402 2296 2463 7679 12478 6999 13161 303 20056 9817 17044 9751 21217 20846 1393 19605 7043 2022 6913 23304 13647 7198 9559 5192 3876 1148 24934
657 8194 524 16175 17102 24017 18672 7421 16327 4513 6162 24143 2342 3787 6273 7541
660 8309 16570 22025 298 12305 22922
661 176
662 20881 1509 21605 12650 14989 1555 10218 20049
663 25457 12869 25645 19744 5119 10087 25668 8589 1687 22295 19052 9343 770 21735 25872 9580 9536 20028 10122 20055 21827 1572 11171 23846 16596 26277 9112 17248 15977 22599 23319 26216 23307 1351 26717 13270 23182 4850 26774 12736 9264 1743 13421
664 3297
665 923
667 7 16398 2929 19878 8071 17215
668 13217 15973 11633 12315 4844 24107 18905 20206 21472 1978 22020 151 14842 11746 17440 13220 6251 17119 13040 4049 7868 14598 25668 15865 2029
669 9504 5279 10585 13881 24162 3962 14842 25564 25766 6626
670 12731 13251 10810 8178 8986
671 13003
672 24643 25728 25186 11017 20111 21834 22619 9547 19511 21544 1351 21731 6267 20017 25620 7913 15035 7879 11446 15925 26478 26730 23589 6211 8935 12268
673 17446 2099 13435 25556 16635 20522 13153 26136 9622 16134 6326 9827 23234 6683 9338 3829 17346 22874 4082 3352 24589 5874 24207
674 19927
675 2757 1351 25340 9032 16854 6467 17353 25847 4026 16525 21745 25872 25966 24885 2326 12871 19126 10597 3158 9407 21406 546 3382 17734 14015 16361 14147 18890 1758 21735 14799 3343 3002 18664 2274 7112 5498 2519 1140 6272 10348 23282 26534 6076 1782
676 8619 17414 11425 25535 9580 14491 10646 26368 23764 24466 15781 26471 23547 996 7059 4303 13628 13583
677 14989 15230 5463
678 340 9400 25813
679 8394 23066 11275 17440 11984 12089
680 22126 20806 12658 3616
681 4753 25481 8127 5507 18142 23483
682 72 5401
683 18840
685 25400 1559 1829 2314 24490 7889 660 2585 770 19387 19399 2037 2552 4736 8626 209 283 720 893
686 25053 16450 17963 22792 23090 13869 23312 21208 4017 12211 21375 16540 22701 23395 24602 4124 22554 25401 14320 17893 23752 22121 25270 23779 9256 3086 1385 7570 469 15964 9378 1008 13059 6104 7682 659 7716 2665 15130 21665 7464 20552 16039 4217 20530 5052 26302 15577 11556 13515 20650 17272 22863 15084 6804 24402 9315 10466 4539 7334 8442 10404 8305 7278 24931 3945 17720 5815 25264 5098 11989 26477 4166 18890 22420 7777 24891 13426 12910 22812 9903 15140 21529 15963 18956 10393 14817 9783 16303 26811 7759 20456 26512 21371 2554 21582 13218 26783 12130 19277 21738 3124 7568 25160 13949 26863 12363 9294 4710 13623 7166 15893 9225 14696 10020 22211 15884 23778 5318 14335 6394 21688 5417 10387 14040 2879 17999 15437 13701 12403 21124 7771 5258 24740 8284 4547
687 11295 25719 25504 14383 13422 3890 5311 19903 20070 18176 2036 17450 21022 18652 22833 3665 7006 22011 12343 8215 11155 18490 22071 15552 510 8432 18803 16026 17001 834 5155 7681 22564 6557 23964 2914 23400
688 20050 18620 24430 23748 15176 17931
689 5147 25307 9021 22990 25773 25171 10353 21787 25872 25607 14431 9151 9748 26431 26104 25466 7854 26721 22711 26693 26837 1743 26872 26911 6553 16946
690 3936 7659 7516 906 1865 9084 24162 7211 6245 3603
691 278 21019 211 21024 10202 23234 2708 923 15617 4989 25033 6876 23675 642 22605 3486 16953 5352 15130 15981 7143 1643 13647 5362 8127 2121
693 6784 12511 25728 20207 26011 22465 19022 12805 12650 26259 11611 16733 26207 21680 7860 19730 2274 7756 5431
694 1989 14079 21024 14479 19548
697 4303 17300 12317 14349 5201 9032 9603 25572 20220 9681 26216 8667 24297 6781
698 22605 10454 23805 4546 8331 11019 24779 2750 13429 20833 13470 9630 17495 3616 16464 23234 1703 20585 5847 15130 14079 24068 23195 23890 23158 5796 133 26534
700 19783
701 23268
702 4895
705 10047 14040 24822 22599 10786 10089 23802 6799 19298 15481 10450 12924 16915 9987 21606 1605 6748 8529 13231
706 22226
707 16159 7330 25442 25872 25028 24616 20918 9580 19102 9112 15823 26478 6362 13670 4342 7213 8862 2839 6921
708 23062 22554 6481 7974 19299 3632 24281 21088 22175 26216 15151 22080 15568 23568 24337 16039 26483 13251 7073 18072 5307 26512 24923 21477 12616 26736
710 24087 25389 25466
713 17537 16914 25728 9409 16315 25800 6926 7357 9407 25200 25081 25863 14093 4907 26011 982 25497 10194 8803 1351 24381 23274 26207 10469 163 1073 17598 24985 11 20631 23206 15923 5615 5400 17503 2238 5829 26464 6480 16116 10219 23936 18931
714 14113 13850 14510 13573 26207 26308 13410 19730 1351 4303 6411 10770 1756 19126 25466 2186 11158
717 14535
718 5722
719 19790 18684 23395 23267 25498 18676 2271 20507 19944 24907 18909 16653 3178
720 17118
721 17187 12255 20429 343 16242 5187 21167 10425 15871 21611 21046 12586 13124 6480 24670 3649 21403 13154 11645 15218 23377 5847 25457 133 13735
723 1327 4950 4298 14096
724 6146 5866 19337 3982
725 21150 11087 21333 23729 25505 23409 3298 9497 7267 14022 4181 9676 3419 2823 25863 16648 76 21883 9887 5508 22217
726 4146
727 16925 6593
728 15568 21873 19790 24018 24217 14280 21335 24882 16900 26784
730 25872
732 634 24934 25406 827 14907 24546 4254 8747 1988 11570 8541 19269 8102 20354 7310 4367 4682 9666 25818 17061 5713 13404 15714 8017 20056 6215 17621 5864 6634 6196 21153 11030 11275 16245 2987 4041 14513 13803 26355 1878 15743 4668 26402 19087 6425 18034 14774 22221 4986 12113 13937 26030 1393 15756 16617 5908 13106 4623 3822 3745 8970 1951 5356 26696 8977 9512 4945 1989 21485 9534 16664 7532 14132 3602 9502 2151 4424 9910 16784 24236 25620 15333 7152 19351 3445
736 10767 23493 24950 3119 13410 24698 21530 25728 24772 17235 18923 10676 13319 4262 7266 6640 16733 6926 12760 10770 26207 3560 4670 44 11790 7791 22025 7135 734 19884 5366 16374 18361 2286 20243 8952 25497 15293 25091 3566 1526 10320 5254 23790 15506 16658 22912
738 6733 7138 16629 22732 21074 4303 26011 26261 23453 8667 25673 8245 24670 6480 7135 13949 1352 22316 5321 16746 18986 10070 13744 24506
739 9584
741 10733 10146 9032 8549 16269 8336 23362 3064 24361 12802 7084 23323 10121 17895 17972 441 19866 1056 20840 7535 25447 25872 25969 16597 11671 5212 15254 9536 15686 16122 5406 9034 2945 4534 15925 26287 6977 5118 20734 8467 13150 5347 7474 5371 18184 12709 15170 8577 22602 1180 5052 9784 5875 12512 13638 16441 17273
742 15551 24748 22100
744 7662 13125 10600
745 21840 14012
746 8619 1368 14188 23960 17784 25354 11622 24066 10293 24485 2524 7819
747 24002 25620 24252 4460 12123 23957 8908 9409 13716 25847 20287 10413 25478 2527 11080 8113 23044 633 17272 20650 26456 26863 18101 7756 9497 22211 2555 10393 18892 3054 16755 4110
748 259 10766
749 8954 20930 25872 15536 770 4895 25202
753 25187 12279 13121 6178 20992 18777 17130 23395 6024 5937 18447 7682 21072 4244 22099 13126 3892 11431 24896 10122 8369 5087 3810 9672 15183 16683 1766 12804 44 8329 3768 9315 20465 9378 4167 14268 12246 16361 26478 26483 684 8425 3214 6223 6804 9987 5867 2281 1030 13149 16986 17599 5281 5817 11771 8251 9447 9797 18115 2525 26774 26889 26863 21469 1933 1369 19889 5185 2875 8293 8480 20164 6296
754 17238
755 20285 446 819 11921 12727 340 24703 9423 4907 8261 11739 3768 4964
757 12760
759 17827
762 10470
764 20242 3674 17680
765 11476 21736 17153 15239 8640 24539 22027
767 22895 24410 25699
768 23445 23960 24774 4412 11493 11500 23654 24467 21830 24524 15667 7739 10547 25169 17493 24395 5348 22220 9212 15734 2156 24675 10405 21158 1584 12372 2654 4038 8947
769 11582 23449 22197 18563 17849 23437 7937
770 13179 8615 25200 20470 327 4844 19816 10378 1385 21074 25752 1203 10399 16130 23464 26012 10342 12849 13933 13755 18890 26020 15781 20581 26495 8163 22685 15536 19017 19844 17698 20818 20013 11521 17192 26828 13790 21088
772 16941 25535 20038 24356 21780 15176 26647 3275
773 23921 9032 10852 11763 23817 19768 24214 4950 9034 26068 6480 23932 2509 15823 4971 13585 26505 2274 5060 3482 22005 6048
774 13452 12498 23345 7791
775 17537 16148 22546 24943 1687 13958 7685 5087 19579 20197 8745 14758 8857 13427 13251 946 22896 1621 1467 10769 2519 13410
776 25535 7450
777 17655 446 4965 23175 2547 15508 9547 6356 8275
780 25502 21147 23700
782 118
784 18890 727 6299 2739
785 3448
786 2142 4298 4303 7849
787 25872 9996 23284 12347 2961 17697 17968
788 2788
789 13022 2447
790 22613 10376 20520 849 8717 16026 10142 11256 3205 8027 24209 12857 24617 18431 5305 23097 16045 25088 24106 14225 13233 3111 19324
791 9102 8703 266 745
792 18468 5364 14784 7516 8667 18821 3327 4895 6480 7412 4256 25272 16844 23973 18647 5790 24037 16473 15291 2498
794 6976 4271 2613 25507 1855 26567 10231 13948
795 9434 15479 7149 8234 5614 20266 10945 326 15223 17218 23634 3614 20964 20794 20800 26916 17247 7784 9829 11199 6150 19834 19324 12918
796 13872 24360 24324 25457 2214 21390 13366
798 16243 7848
800 5400 24737 18012 23234 9517 24253 14079 7143 16378 7145 25536 4062 16931 11349 24997
802 8026 13904 23576 2641 13997 16167 25258 11980 18074 7550 25564 10838 15536 20319 22045 17026
804 24040 24467 14850 23090 21784
805 24430 25373 8435 7373 24382 26207 11231 26414 17862 1180 23179 12622 20619 13675 5447 10452 19746 5124 19822 21304 6553 4093 13631 19976
806 20880 12987 24272 25872 7266 20079 9314
807 17309 23872 22137 20126 22523 25117 25744 1553 24300 25241 23400 24944 21546 16372
809 4301 23799 22682 339 13201 14196 16635 25580 8656
810 8597 10624 10933 610 20457
813 10160 21225 24485 19007 13392 5366 6702 15316 23206
814 8355 18009 25112 904 23158 4986 6825
816 5400 25689 3526 4689 25681 8140 256 17047 14744 8171 4306
817 22339 25872 720 25923 17270 4019 19019 2199 21927 1013 22059 13573 15278 9270
818 8872 1385 22123 24713 25027 25320 9032 18791 25425 24880 9547 9086 20384 15283 20351 23084 10525 11370 25608 25426 18269 11684 14892 2354 11303 9749 18774 16336 15634 18444 8789 24686 17139 8685 22074 26899 17344 15460 21335 6950 8642
820 9434 23593 17095 17247 22743 16594 21847 12934 6456 6150 23483 7110 1304 8934 6204 879 13010 17064 1210 20896 10332 18814 19605 3740 8901 4636 10145 7149 2475 24973 3462 5352 21037 5363 16144 26916 20661 3729 16261 18000 6669 21781 4747 3420 2531 19103 8228 16306 1517 7105 12295 22800 12256 2015 2279 20174 18244 22352
821 25525 8382 23407 23574 17724 524 1545 10046 9521 16583 19668 21650 19079 1107 6374 321 8011 14341 376 14780 22950 11761 477 13062 4115 24687 22561 17106 25939 4331 2014 25504 10921 14100 20813 10504 10994 10181 22530 14219 20249 22939 8119 5126 19130 1397 22468 1291 10763 11865 4418 9988 12050 24779 11092 16778 23644 3024 1053 26372 2324 6124 7987 1943 12842 25452 3207 1474 3000 24601 12504 2275 2500 14919 16902 1901
822 15536
824 15020
827 5706 15042 19017 385 24623 20467 734 23800 10277 6753 9112 9372 16071 10161 14962
828 16949 13986 12225 20410 22491
830 1733 1526 6480
831 25872 1584 25 25697
832 1107 21700 19718 23906 6643 18872 23883 18957 17581 5298 1298 15356 22980 14246 4373 24852 23315 403 20928 21383 24387 258 23697 25501 24671 14031 21650 14250 25338 24682 418 16744 18599 17513 3570 21102 19130 14331 16858 15237 26231 15269 12400 13258 23513 168 14504 11241 7281 17108 15697 11091 4699 25729 26766 7839 3204 26775 7950 13617 10589 15185 20162 16918 4758
833 211 18244 10346 13402 22215 3410 5991 14691 4955 9222 7149 6956 1589 26514 13025 1942 22431 7858 13598 4549 9482 13300 8690 3480 13010 2121 13528 26798 10290 14418
837 4983 18890 15523 26011 11171 26042 26866
839 13085 15015 25670 8619 25535 18312 12078 26218 24420 24787 14487 26419 22895 26093 7470 6698 6299 26760 7475 19152
840 8108
844 1 25111 25897 23185 7120 7212 22579 13741
845 16331 23218 7074 15636 10164 26105 11286 26517 9905 15634
846 23960 24833 8661 12007 22990 15510 12458 9409 25837 13415 12849 20681 14108 8328 21221 5087 14817 26639 23137 15367 16131 13850 21042 7993 15893 26309 11490 12938 16121 1683
849 14432 5417 24184 20480 4870 21374 7947 19455 24172 981 12347 17703 7337 8487 10404
852 13190 17816 20823 24036 25594 23691 25937 3930 26061 16851 4290 25888 18110 26080 20695 344 19476 8039 3740
853 19370 25174 13872 24042 23206 16039
854 25872 18628 18657 24389 17439 21927 26068 14794
856 25837 22554 24045 22701 7134 17030 363 7373 13915 14585 24568 4640 11398 26551 18443 11640 13861 5159 10971
857 19506 3344 14614 13904 15509 10353 2209 3652 186 6950
860 19688 13247 10888 14157 12892 12158 17886 2907 4272 15712 1637 14507 903 7309 14871 3127 5314 18097 19429 12339 9260 7758 2391 3703 7815 10159 8526 7866 19052 14298 6495 3318 18176 18850 16168 8160 5356 24015 20798 7087 13648 5602
861 15272 15722 26919 11669
862 24202 25728
863 327 12409
864 13856 13779 8596 4619 78 10335 17775 7285 1183 10140 5356 18743 13650 15753
865 14520 562 19505 3574 25340 6750 18446 5774 8852 12564 770 17235 1180
866 10229 21789 15853 11139 21978 11245 12305 6146 18780 21839 25028 10405 21415 20213 7657 23160 15972 20514 14035 20869 44 817 363 9238 25278 9860 11542 7879 19357 15323 5401 11145 20410 13782 5366 10430 6973 15579 12632 10885 8301
867 7516
869 3848 24943 13328
871 5179 9308 10960 2657
872 5931
874 5049
875 26783
876 18809 21767 7877 14285 12808 9190 14202 13823 15727 4719 11527 20364 9032 11560
878 382 5915 10470 10740 4670 6138 18702 14035 7266 2707 9136 5739 18890 18396 5619 24881 14228
883 2049 25364 23246 19447 22478 7295 25305 15257 22758 25368 7191
886 9746 23060 18841 26766 9479 24408 26007
888 10191 521 9397 2061 25522 23281 9165 9987 21918 24703 26551
889 21066
890 24161 24718 5907 8239 2304 3617 5552 8099 9363 7952 23690 16524 24856 18122 4942 12882 24311 1361 7792 7295 7221 5231 6346 25747 4378 13334 5466 5378 10982 2337 9323 9586 5689 26346 26502 10669 20681 5700 8562 26682 6963 4429 9494 9406 11861 4224 8308 11342 969 14350 3202 7688 25784 8370 15746 15786 7217 5987 18729 6764 22041 25 10034 2376 25591 4866 19576 9247 23097 21689 7157 20952
891 9526 1965 23458 24718 25488 3617 483 2560 9661 11599 24743 8127 5971 9874 7792 2248 22438 26229 26674 8534 16445 13181 9944 25368 19033 11414
892 11414
900 10470 3735 11181
907 11347 11910 9571 13444 116 12371 5043 15339 18709
911 21950
912 5996 19798 12602 10303
913 24184 18254 10820 23781 10123 13864 23231 25371 12507 20543 24209 14264 10664 12161 9004 13531 13228 13011 25455 9186
914 4649 24019 8629 21288 23458 25705 6914 5157 25605 68 24365 6038 3699 21818 22876 18262 4660 11279 17482 7366 18289 24374 12466 6399 12638 14643 12820 17994 5646 25411 12376 11665 16091 8735 15955 26688 6804 15414 16489 26682 8853 6507 16708 22209 1879 9944 16464 14079
915 588 1781 25097
921 21556 25134 15669 12610 10419 4264 18686 5404 23216 21045
922 10767 22638 4017 22308 24539 14535
928 2927
930 17891 15257 13681 10489 5475 21219 11690 15815 5467 20722 13994 16319 10759 24344 18317 15628 5426 7982 3072 6357 7563 25522 3491
931 23657 13236 21492 18179 16860 5929 16264 723 25526 4396 19564 3773
934 14906 24789
936 20117 11134 19871 24539 25088 11861
937 23549 22236 25937 18654 19752
943 19520 18537 24253 5201
944 1627 24567 3924 12782 12336 14878 13391 20625 5982 1 17714 2382 4743 18409 13665 22518 26231 14189 18957 5681
947 3076 1695 12698 23794 10415 2234 20311 686
950 18025 18104 4536 23731 24931 7366 24335
951 23818 24368 18859 2506 271 7485 832 3106 243 25276 255 4906 21353 491 11720 1647 2446 16799 1740 2109 2454 4007 567 5420 13217 2988 25112 23805 2420 815 4140 2007 918 1669 867 1721 18154 25355 666 1913 26079 22352 23392 26225 769 2476 12499 14744 23158 4861 18714 20353 6799 6381 2164 13251 20486 1291 17433 3454 7311 26446 2804
952 5172 430 5922 771 7003 26767 12250 16439 12004 20440 8066 19998 4274 9093
954 1414 19671 2383 14657 4990 4122 6027 6804 2273 3652 15675 22475 14238 22300 23530 26774 26878 20164 8052 26851 19152
955 8984 13646 20274 12156 13182 15092 15209 23328
956 18026
957 21501
958 17661
961 8163
962 9955 14994 26062 24154 13853
964 13243
967 24172 23281
970 10187 3532 6307 17872 12601
972 24453 23389 26028 26063 18708 9127 16324
974 281 2842 15675 11715 9814 16581 22758 5419 7097 19267 20279 11016 3617 14432 18010 5398 24616 22321 13777 3795 22876 10039 4649 7195 5092 18168 7510
977 6790
979 21286 5134 21126 10079 10730 5584
981 13414
982 17611 6680 22542 25873 1613 7691 23970 26714 10496 20339
984 24337
985 487 5183 25872 21423 26042 1687 2770 22805 1401 25737
988 20153 6589 5114 5310 24864 4047 7283 9580 8771 23054 5156 2801 10502 5865
991 22279 24323 22876
996 22231 10980 23625 13623 11843 15932
998 9042 9117 11096 18830
999 2876 17984 2669
1002 21744 25703 9757 6321 23010 8517 22974 19852 6233 3520 11920 19012 25270 7682 876 20552 21469 15729 9370 25668
1004 65 24539 22876 21596 19068 5664 15056 23413 23190 23129 4466 26437 8476 26714 13412 1893 12816 11861 20264
1007 7103 747 18225 21615 19174 4289 16138 26198
1011 9151
1012 25794 9284 13562 17772
1013 10935 17440 16319 15208 23616 5529 13420 13999 21847
1016 1781 3879 8453 5204 24849 25535 24736 25762 18663 6175 182 5214 44 2112 9064 13241 4994 14594 6910 8289 8727 21921 17583 19717 19384 7920 22848
1018 24086 25364 12065 6202 4000 11958 6982 22607 7995 7168 26795 3214 20012 6045 4999 4112 9280
1022 6680 24817 23058 23415 3610 6862 25062 3186 23482 1489 4102 20813 3496 8591 20077 22400 1927
1024 9726 13759 7385 13168 19998 2780 22139 9967 5867 10956 26359 13933 12615 23384 11836 14299 22554 15450 26826 25630 26784
1025 7056 24281 15478
1026 19205 19197 7047 10835 16447 26889 16435 13173
1029 9279 24515 11363 21255 5953
1030 21288 26887 7361
1031 1288 15675 8246 15533 12492 5818 17440 3120 4172
1032 12562 10935 18890 17068 15675 21684 25700 20203 15726 25397 23836 19222 16713 6911 18786 1288 20400 9987 13759 25505
1033 4303 16746 22629 10770 2322 3527 24122 11011 26207
1034 15416 14160 25808 25989 11845 24225 24457 20729 22080 14687 1061 2605 26701 26700 26755
1035 24596 23548 14409 23150 25979 6305 17749 6085 2367 4861 17233 16464 26813 1595 23679 17724
1036 2263 1713 2585 24177 7712 2053 26561 1288 1462 2008 1519
1037 2419 19147 9994 2559
1039 1748 5021 6318 17384 15730 7310 4669 6187 14802 16464 6456 3522 7867 26751 26798 11605 9651 17016 3475 3740
1042 11382 3396 25395 7533 21254 14572 5899 9228 3699 3867 4565 6596 9255 3616 12742 3615 12778 4123 13154 10695 2594 3425 8856 22921 15344 16144 16975 8807 3300 16682 1581 5722 9736 26545 14028 22412 2091 5651 8216 4659 6899 16394 18128 23695 3915 1493 5256 14458 15797 20570 14392 21781 3147 8502 15341 5986 9798 26921 13731 18686 20641 12220 12547 11481 18097 2472 14733
1044 18010 25062 6804
1047 24096 25389 12726 14683 25334 23953 14299 23375 16009 25700 25730 20741 19878 15466 5649 17440 20563 19511 20849 10132 22211 6445 20053
1048 10770
1049 25113 23395
1051 22876 5134 22337 7115 17755 2846 16083 25411 14169 26575 26714 26718 26654 13364 24158 3136
1055 21205
1058 23779 1746
1062 13212
1063 21712
1069 3638 18838 14555 23516 25586 5955 18110 23588 25019 22963 9340 18301 16005 25646 658 18531 23430 15008 17170 7480 8870 19681 568 5774 3952 8749 8965 16238 19995 14277 25100 19961 20498 9004 9065 7029 14932 26714 18841 26465 1844 25077 11730 22874
1072 19491 15710 12035 7463 7337 2472
1074 22460 11635 4649 8629 20011 3200 7195 15701 13217 13213 18108 14176 9791 7792 7299 6450 1169 17499 21332 26889 20051 3315 11752
1077 12317 24508 932 2837 219 260 768 2211 20322 3077 7750 2049 8721 5571 8783 14677 17399 911 20576 5453 24797 1330 3101 942 656 1168 2760 12889 7177 11627 4896 3837 1960 1783 7617
1080 25083 7381 21222 1173 4754 10619 6817
1081 25133 24936 24161 13737 25461 6203 6680 22116 23401 19248 21117 18948 24576 3487 5759 16693 21202 9563 9459 17959 25815 17212 19709 3952 11732 18349 3132 12037 25244 21126 7599 6890 9621 19786 10728 10518 17260 13132 4769 25160 26714 18723 14970 5732 12852 19125 16992 25335 26887 15363 10079 21659 22892
1082 25504 9286 23400 23692 50 9762 18060 19201 5582 12740 24387 17666 26239 13387
1084 19435 12789 21370
1085 13215
1089 5216 24460 22619
1090 9404 23281
1095 11502
1101 25451
1103 6711 2970 10766 1252 23754 25910 1521 23230 3529 9458 11038 24430
1106 21888 10125 5633 9314 13251 1180
1107 21039 22425 25383 2190 12669 6508 16101 7042 25334 13104 14825 25358 20400 21242 25133 5216 5134 17066 24873 6430 5028 14715 5905 9585 12251 12629 17050 25956 22294 15941 10543 6693 8640 11114 9780 21160 21753 14229 21202
1108 25696 24214 8535 13759 24577 24198 21296 13964 22516 22912 108 8230 18096 7222 26392 6253 6765 12523 8736 2198 16758 2830 22470 9949 1082 5934 23400 7346 9470 8647 2162 2348 11798 26889 24676 3182 2148 16156
1110 23391 24632 25738 797 3974 7356 19267 7944 793 17154 22897 6897 7492 18678 19275 2878 3657 3226
1113 16920 3151 6251
1116 24986 18890 17849 15982 17570
1121 23026 6890 8023 23514 22307
1123 22631 24577 25505 9274 10772 25174 13826 3521
1125 22738 22876 5133 7690 23429 9057 23367 15360 16291 7157 12658 165 2345 10104 17212 17491 15271
1127 23794 20379 25663 10740 8862 9619 13056 20149 8589 7706 177 8545 24360 4497 7931 6237 26692 15713 1001 3620 25163 7756 25727 6383 15564 14817 7868 25361 10330 20988 6018 11401 25 2112 23322 4048 14525 13654 2713 22487 17234 21144 9213 17726 3251 19902 19820 16282 5782 21490 17043 19314 17881 18385
1128 23997 2428 24472 23692 8235 7952
1129 10767
1130 17388 12708 12561 20223 14 23257 25927 9654 11599 16808 20424 16617 17508 20719 2767 22528 7596
1134 2106 5438 10121
1136 2911 25590 13104 3740 3725 65 1101 12983 764 3723 26714 15356 16546 5727 26889 2755
1139 19618 19262 24726 25619 21500 19233
1142 17311 11298
1144 23951 25322 4475 4684 4383 12701 4303 16451 7135 2043 7841 14079 25855 11296 21162 13061 26573 20681 13938 20804 21149 21942 18669 13481 9541 19181 22036 10188 1622
1147 15294 20084 23058 23647 23926 14641 24183 41 3501 12590 25725 8481 23692 15034 4849 18351 4678 11990 4421 12463
1150 19789 16522 24184 22949 10519 2349 24267 18413 24520 9027 116 3438 11002 15415 14462 6680 4614 23532
1151 23134 24593 20189 22734 24184 22890 7830 5812 9059 1777 2131 3244 24817 10518 20510 25646 16095 13489 22605 10906 12762 5793 21482 4460 10099 4315 13664 4632 10094 13096 17459 2702 25000 25623 7287 14596 5868 18160 23690 3617 12112 3774 25668 10079 1313 14846 3564 21043 26316 26392 21234 6625 3187 3537 7953 16785 25305 26479 26074 25568 4620 11730 12104 15414 16804 26437 20 24284 6380 26714 26465 26812 11760 23560 25229 18081 18202 26887 16088 26759 20677 23060 4755 2602 16546
1152 9019 16835 23770 18181 23431 15496 18120 22502 23561 10854 22005 11024 875 14794 6480 21669 15893
1154 21871 25728 20259 16420
1158 19206 11977 11329 22874 11086 786 6344 8085 13671 14129 23657 11157 20711 24856 9446 19644 10036 19600 23042 4943 4250 4194 8427 2049 14654 25493 25545 4825 10265 12199 849 3771 9789 19381 1166 7366 5890 17804 13534 16820 3617 10578 14317 22095 6312 15898 2556 15454 16992 23384 568 10618 8670 26755 15729 20888 5105
1162 25110
1165 6362
1167 13243 13130 4796 10489 23535 19734 8493 20518 17894 4155 18726 10263
1168 22876 11207 25808 8853 26002 23176 6804 11598 22701 24747 10357 20221 14306 4787 21677 3855 23400 18909 8023 25368 9836 22853 11324 3815 21753 13008 4252 9944 8163 175 5694 17491 21652 11381 13620 10999 17460
1171 19965 12317 5625 21808 25636 26714 3389 3678 23893 26697 19631 14090 3402 17519 1713 13698 2564 17261 3132
1173 25186 5335 25488 1448 23639 1439 7628 14555 23400 20729 13213 9340 10700 21962 167 10123 1413 2283 7480 16621 25461 23880 25860 16070 14484 17219 9893 14637 6072 14016 21747 7295 4027 9411 23060 17676 26700 22874
1174 2724 25971 24722 23751 22151 17703
1177 17596 23926 24233 22757 25609 24731 25677 25708 24561 23057 7703 14107 12692 16484 20874 19012 23143 19089 11280 25808 14321 19117 17304 3929 13485 25146 15832 26288 7638 17557 25091 13063 17937 26502 13008 16034 18168 15473 950 4252 11844 15612 4274 23942 26753 3435 7623 26786 6790 22797
1179 1223 11146 1968 24132 1278 2748 701 1472 2048 14879 6084 9299 1373 4827 1032 571 1263 5786 1776 23997 2156 5863 26536 5949 26492 1680 25470 26595 9884 9854 6299 5935 23800 2776 3999 2090 2530 1733 7649 26876 3454 2496 22841 19078
1180 2964 14257 13694 11428 20307 961 16277 2006 12845
1184 25740 5741 26160 26139
1185 6253
1187 23963 23356 25872 23034 23756 23717 6866 20066 25989 26009 22238 26229 15414 8158 19639 22385 25368 10203 23202 2605
1191 12663 10491 14177 8207 3229 19750 12022 23663 25914 16583 16175 5773 23978 20330 26085 2455 7395 23753 9570 19070 13441 5006
1195 15128 16705 8122 14950 8862 15041 5858
1197 21747 16604 25747
1199 23553 4844 22806 19801 12310 25794 24281 18487 21958 8797 15896 13293 8738
1201 19384 20287 8675 3922 10090 15063 9019 392 23641
1208 25592 25707 25291 25522 24973 4333 20722 11162 26877 7063 6462 18558 1800 25368 17173 9122 3018 5381
1209 9895
1214 23350 9883 82 8830
1215 6449 173 11764 9599 2259 25850 265 20524 1204 24255 11956 17428 6646 18247 206 3553 23558 23805 398 8564 2698 1901 83 23931 15143 21847 1437 2576 11297 9733 24472 1223 17128 9989 17465 22932 5416 21591 12114 13754 15090 8139 10012 22466
1221 9666 7280 17154 19722 7725 23295 15047 4578 8727 7206 10643 25305 8208 10092 26163 23030
1222 14745 12325 25872 17496 9032 10798 26120 471 18184 23952 24703 13376 14810 7296 9573 1267 7926 4545 13114 14487 26866 3459
1224 12539 10271 9185 9225 8066 5034 12347 3338 4956 18115 19136 17120 20191 24105 2710 2131 3468 6100 6764 16524 7289 7119 13903 22142 25177
1225 7922 16559 2568 2883 2549 23361 2686 18368 2716 21750 17311 6851 8527 2740 10352 14661 17440 2959 1781 11904 594 274 23616 18949 15927 22282 25425 15373 14403 3019 2652 18130 11836 14683 949 2691 12037 15027 12568 13121 1789 1800 16897 10770 1680 4487 5675 7397 26651 3633 3600 4828 4994 2495 18627 21074 6799 15803 10120 2104 7122 9408 19755 1185 8313 10405 13538 2926 1452 2273 8325 1743 2780 6530 25922 1960
1226 9059
1227 25630 25111 17411 1607 23062 23014 25872 15472 17459 21857 4615 13348 950 8497 6804 26043 21671 8084 21529 7678
1228 4325 22409 274 14980 23589 15675 18150 11714 1425 12501 5712 14113 21491 23323 18781
1230 23966 6680
1231 15318 17669
1235 23855 11721 22897 23997 7482
1236 676 25760 21847 25872 1895 19880 19109 15338 14842 16133 14664 19163 17440 7276 11009 22701 9474 21543 2999 26833 17217 2554 4656
1238 14638 940 866 17532 5406 11409 15764 1617 267 1441 10738 15426 1272 4497 15736 2597 21454 21287 20158 23794 6319 11681 16746 1787 7954 2882 12840 23483 7409 18395
1240 20869 9021 19372 770 16218 20565 25447 5381 1 25533 7625 7695 18291 16985 25161 7082 20095 24655 26828
1241 4943 44 7282 21581 25286
1242 21437
1244 8917 19747 25507
1248 10113 23296 21025 18036 24587 22676 23031 18318 22173 24898 13176 14837
1250 10305
1251 8972 11267 19595 23300
1252 23957 25305 21481 22721 13724
1253 21623
1257 14419 5706 44 20039 994 4460 25086 14249 14 1074 18666 8852 26611 10199
1258 17440
1263 7584 24947 10196 20123 10206 11115 22876 12541 3552 7825 1356 998 15726 21065 20540 20704 9738
1264 20681 23243 17170 22892 14447 9138 12091 24048 17385 15701 21117 23470 11182 12421 18314 21785 18406 3034 18724 18881 14322 21022 6930 3339 410 11910 20590 13151 3896 17690 17667 20229 23355 1317 17512 9622 791
1267 21630
1268 19890 7917 17997 22876
1269 19409 25664 10248 16781 15705
1270 13122 11511
1272 1939
1277 2566 543 1086 10767 2528 25017 944 6233 14856 22721 15603 2563 1895 15271 2870 22299 18014 4632 23458 1207 11038 24022 11135 871 876 6759 3010 23501 3314 6367 809 1411 7492 1295 2766 6114 915 1015 2467 2044 26551 15373 1960 17031 18906 8325
1278 16319 25917 8215 26294 18127 4932
1282 23885 15240 25630 10393 6680 8315 8711 24653 21066 22912
1285 4303 25333 5406 19935
1287 2349 20277 21604
1293 6816 6681 8444 21287 25174 23469 16427 24460 5619 21113 25367 21831
1294 131 19052 1 7166 26783 5624 18640
1295 2304 21911 5269 8858 17711 2147 22876 25248 23273 4225 7366 18186 10393 1613 11045 7313 15245 21126 8562 26889 13299 1177 11185
1297 923 25501 2196
1299 13210 4010 23510 23488 21269 24787 23922 6299 16746 25028 6735 906 22275 15149 17460 12596 15241 8648 16530 26567 11640 19616 5002 25258 26241 9784 13046 10770 2521 22319 8709 15399
1302 10766 24281 12498 21191
1307 12595 7280 21107 14296 11690 8082 8186 21441 7158 4632 23964 11242 11268 24653 12297
1309 10507 16277 21258 2716 25872
1310 25410 25398 25581 17690 276 7343 4239 22605 21401 24183 11803 21325 15768 8437 25277 21723 26529 8044 5453 3271 18613 16762 26821 2074 8449 6795
1311 4899 11533 17674 17496 20865 7075 17984 21919 15037
1312 1533 9515 4664 7959 3124 1410 8501 8336 10208 5800
1313 24489 22038 10118 19189 16986 20507 16842 521 218 15172 17835 22121 14856 24530 1965 10681 437 6502 7716 22029 4868 7048 16742 7158 15247 5034 2909 20225 25011 15123
1315 5672 10766 283 24755 25142 22475 23786 3804 24602 8453 10767 24898 15767 14790 1945 17898 730 25885 8309 18719 12089 21565 19052 25872 2578 26042 4377 10577 7667 11201 5225 17671 23175 7548 19616 12788 24133 2671
1316 1169
1320 3250 8938 13251 9277 4458 13727
1321 24852 15555 24953 10481
1322 25182 6680 8683 23893 25065 24884 6493 23281 23203 23517 14846 24544 7186 9289 25294 8155 5869 22674 17512 17587 25270 9611 15529 14940 23223 24995 18546 4290 3339 5134 3323 11850 3175 6092 16573 4558 6190 12748 19377 12104 26555 15527 7251 19127 19918 26682 26714 26733 17455 19496
1323 11205
1326 976 15478 15268 7551 4707 23737 21725 6987 17726 17870 2918 13343 7142
1327 10767 24228 26490
1328 18973 9892 22040 19737 1508 6459 1462 25307 4457 5031 25872 4895
1331 26120 19905 6750
1333 13362 23967 339 16786 343
1334 7470 26160 6773 9213 15076 8109 4540 25397 22114
1335 15496 25863 25479 25862 25577 22475 25872 21986 24343 11914 24271 22878 23596 21686 24870 15211 21837 16932 15380 26131 24931 22505 11901 26020 3532 17501 14041 10403 22630 15399 2580 12682 26462 19361 26603 26670
1336 20228
1338 19223 8194 15768 22207
1339 9125
1341 18013 10247 20298 18401 20324
1343 5459 14709 12412 10968 10939 21160 8065 6699 14911 23997 8390
1344 15144
1348 21818 10281 862 21054 1517 8640 13544 12592 25335 13116 23060
1349 1508
1350 24229 6321 25017 16484 15407 17893 22812 25208 22647 23767 25008 25726 22080 11404 17008 23275 24986 26121 24934 25730 26120 21847 7249 16540 24670 26290 26286 2220 15894 26619 21017 10468 11968 20606 10786 7568 26778 12452 3343 21335 2447 25317 26849 26811 21414 22211
1352 2770 2704 23585 14814 25794 25838 25848 11345 25872 23994 9302 20283 9314 23601 21904 704 16597 21088 21238 26148 11561 7135 16232 545 23441 13710 750 13631 16418 11411 25875 26013 26258 23568 18728 8442 2467 13358 26518 4644 6383 26565 26702 26670 26512 25569 21432 26853 21499 10900 26918 26885 26483 26832 17116 26093
1355 22040
1357 23754
1358 25293 25816 25869 18352 5147 18412 26011 26019 26054 10490 26145 15050 6852 25478 3165 26107 26390 26388 23879 26453 21851 15054 26744 15998 14258 3395 26617 19578 8283 20653 19040 4719 26784 2713 1414 6320 3320 25921 3085 25974 7955 2395 26853 26309 22636 2239 26845 3868 26871 23387 16705 6791 26863 26904 20988 26642 26902 26890 13882 26844 4946
1361 25328 5410 19883
1362 17961 23957 3459 21873 203 23520 17598 13303 14604 1178 17972 1000 24720 14369 24146 19952 1486 25264 12484 18496 19825 15375 4377 20287 9016 15038 2292 6564 1351 9032 18654 1013 9676 23296 15722 3156 8251 9409 26195 26677 7025 21990 21208
1363 21751 24964 21875 13058 13973
1365 8108
1367 2266
1368 9279 7206
1369 22829 8309 6480 13251 7545 24946 25272
1370 9072 7818 24946 26207 10364 16374 17140
1372 15980
1374 1679 7659 23345 19770 591 19931
1375 11017 23553 23348 22324 9600 22079 8318 24961 25283 26015 22711 23333 26596 11952
1376 25307 22282
1380 25307 246 12031
1382 24885 19266 17978 22571
1383 15087 21888 1839 13933 4949 5191 13230 975 23028 6626 19254 12043 9504 15828
1384 19775 12430 17983 8736 954 15377 3446 11242
1385 23885
1388 20078 3287 24225 12227 25014 12589 17808 23880 17175 19600 25562 26324 18520 24947 18815 20440 15536 11028 3188 17302 20182 5040 21865
1391 163 21759 910 2714 1087 770 1014 10954 12839 2127 9157 16488 26148
1392 8275 16277 10209 8872 25433 12206 2260
1395 25255 21368
1398 10766 23797 23805 19731 5348 9318 922 25075 16992 93 7023 12682 25400
1399 20039
1400 456 19052 8959 14022 1011 6242 7851 14138 24732 11633 6117 7112 1761
1401 15817 24086 11614 233 18532 4649 1497 2449 15143 22605 6346 26002
1402 21148 6184 5548 17619 23040 5454 13769 21277 24735 25309 13241 1655 21855 9746 36 17301 21449 7886 22373 8869 16445 19373 4545
1403 12443 14559 23535 16478 11739 15466 14514 17616 11086 15006 16609 12347 23589 12028 25
1404 9372
1405 15453
1406 17423
1408 16277
1409 25619 25337 18754 25596 24283 24265 14842 23686 21118 25321 21145 12243 23534 24172 19707 11070 12358 23054
1410 18005 17887 12613 24324 23178 5726 20684 7735 9378 26670 6067 13087 13513
1411 17800 24344 10827 11004 14232 9791 1746 14920 17212 15473 26442 5529 13790 4279 21883 8295
1412 7945 10001 22305 9474 14602 8862 17440 15768 17496 23637 12297 21154 13394
1415 2654 24430 22795 23846
1417 21657 15585 24779 19721 16902 16852 13026 12822 13653 24097 3994 14463 3549 13642 21555 17243 18937 22838 6549
1419 26398
1420 340
1423 26194 21895 5983
1424 3390
1426 10353 3508 24281 12855 16477 511 11220 21697
1427 21847 7385 21046 4254 22665 7219 12321
1428 26436
1431 10767 16746 16776 23589 8986 14980 23675
1432 26316
1433 6868 13440 4728 14111 26427 26448 5694 20953 26760 2615 26668 20989 26891 6193 23715 25567 8388 18890
1435 21888
1437 7925 19822 12404 24898 21069 16039 11401 13606 23973 8309
1440 15229 22124 22373 5454 13266 15995 19944 20855 18651 16530 13974 23275 25307 15604 1766 19147 9659 11979 16211 2355 13008 8163 9996 11384
1442 13721
1443 933 7716 7538 5720 11979 18474 13759 5214 10187
1444 5120 6372
1445 24836
1446 9268
1447 5892 1854 25794 6540 10218 25833 18643 22452 5510 26107 5345 8163 10393 26581 8615 16570 25711 8289 9783 18663 4994 11420 15381 10116 25067 20762
1448 2712 2705 25715 10868 5119 22465 4026 9121 7802 6106 21967 6411 15236 11009 11231
1450 1084 10535 24404 10199 1462 14370 4953 10906 2981 19060 3742 6978 11201 7655
1451 2621 18810 13258 22680 15648 12317 6404 18560 1028 24030 24207 25088 2382 25224 9558 19881 15328 19962 19330 20713 17471 16828 21029 22905 14823 23652 14176 18469 18764 4835 17365 16464 23692 9322 17974 11194 15716 13298 1653 9128 6611 23226
1452 12430 18127 25186 2461 1169 11056 4582 13826 11690
1456 24022
1457 11836 7535 19508 26670
1460 22209 24002 6411 8019 22631 13222 9934 24913 25892 21847 20508 10960 25222 17557
1461 15221
1466 26091 8733
1467 5317 1842 1143 10476
1468 2165 6759 18890 19417 22708 23153 14249 14384 17262 8821 13078 26261 8862 13710 5911 20164 5487
1469 24048 788 23805 10316 19413 6670 13217 14324 14784 7043 24338 4673 7858 6624 4364 4676 11019 5070 7041 23116 11287 18206 19257 6937 24872 2203 321 17667 7186 15768 8217 6004 25981 4477 4344 5490 25295 21022 19782 21568 25891 25647
1471 4176 23504
1472 21198 21847 3600 8697 9515 16986 6400 9900
1474 25574 5216 6986 3875 10566 17420 23501 7605 15942
1475 9725 2286 638 1651 18318 5996 22048 10803 9423 23504 5354 21975 25946 2413 9032 24336 2498 18569 23520 19910 21787 7412 7535 12696 9159 4146 11992 18184 14205 16677 20122 9648 24439 14377 15132 22813 3868 7702 16039 9879 22806 4469 22045 10022 26042 16617 9270 1853 10495 22602 23936 13499 24735 9808 26577 18332
1477 24602
1479 23553 23871 17460
1482 4773 4649 1569 8731 9997 16319 1099 23379 1892 3190 544
1483 2222 8705 24360 25307 24389 21423 3804 8336 11731 22960 1046 1959 10348 13195 7535 13325 4950 19508 15536 21876 23256 22626 10244 16275 22434 18142 25322 19822 2788 3465 3977 8784 20988 26042 26460 2565 2961 4879 7548 17878
1484 6388 4895 7331
1486 25400 11848 21009
1489 24947 1505
1490 20319 25872 15368 8399 23354 25728 19840 23861
1491 10767 22870 20291 3253 17525 15175 7876 16968 11401
1493 19060 23583 26385
1495 3613 5414 5960 974
1496 11199 22826 24470 22576 10928 23233 10425 10844 5274 20204 12337 17695 22577
1498 10979 24222 9061 13792 18288 24068
1500 23409 21057
1501 8589 23846 14808 6334 24430 18446 22172 1351 26783
1503 26551 19223 8640 6068
1504 634
1505 8917 9400 770 1351 2657 7731 1910 14523 8952 1657 2554 2754 2585 3019 14403 1858 14357 766 2405 19894
1509 23794 22096 8604 19907 7561
1510 7538 23227 14509 15153
1511 1807 19960 15076 19685 5434 6872
1512 22915 17749 25831 24390 786 6866 5894 15969 6155 11846 17232 14304 5988 15051 7487 17013 18672 21785 4495
1514 24187
1515 8475 23417 14580 6185
1519 23764 4665 1072 10467 2555 4024 26828
1521 16746
1522 23939 301 2645 12204 701 11474 1496 1858 1859 5116 2653 1115 1258 5916
1523 2194 2340
1524 7652 6608 349 1496 25813 2048 25872 5447 427 1698 5354 4214 24859 26414 4303
1525 7060
1526 8267 10685 8329 26448 26478 17799 16677 8303 10287 9784 13871
1529 25037 19521 25546 13717 2726 22286 21583
1530 16288 1577 19710
1531 7646 12154 8501 819 11293 1887
1533 6751 25872 25844
1534 25733 15612 14019 13169 25811 12715 25872 23894 11620 11302 16131 23088 16277 6185 13384 8549 24503 22806
1535 1510
1537 21599 22605 22181 19743 22266 24187 25546 24303 25231 19760 9240 4578 17731 12104 22163 4614 10312 18889 18085 3411
1538 7928
1540 23105 16819 18838 25522 3398 25839 19885 23111 20164 9815 24947 24731 12949 1534 15942 3975 12387 5424 15740
1541 9034 9433 14374 19919 18882
1542 21481 20819 25535 1781 6000 24906 23819 21443 13410 21362 4026 18177 21559 6219 6355 1180 13537 182 16068 23810
1543 25254 25734 25690 5006 25031
1544 7254 7899 19663 17458 25855 24396 6817 18669 1111 13472 20215 23805 23634 3394 3213 17946
1545 9032 21646 20391 259 7106 21680 25941 25203 26241 26207 10199 22113 11793 26220 22122 23800 7240 23937 24274 20772 15224 4026 3093 12660 2274 10769 19211 14326 22319 12472 10375 23702 9372 6182 21893 6245 21414 15117 5225 10873 10954 2238 16232 18446 15399 22280 24237
1546 1037 13078 20988 26376 10820
1547 15536
1548 14197 6586 16784 5136 7250 5415 7359 22431 1956 6113 23634 26455 24546 10624 1283 2505 6482 14157
1549 13221 5366 15086 22981 7849 20389 22779 10868
1550 21880 15708 24986 25535 23510 9600 14647 19630 13164 2716 24391 20567 15378
1551 7051
1552 1763
1553 2444 3776
1554 21046 22270 3111 1362 2808 9636 20661 22834 10402 15434
1555 2322 10766 14006 22779
1556 20174 16676 12215 24738 1952
1557 17496 3730 3389
1558 24556 17778 20508 19985 24959 22480 19417 25665 19451 26120 1883 13264 9654 20290 15147 2876 21438 10724 25976 6380 4565 3640 23700
1560 23615 24162 24035 15142 9876 18883 8872 16202 1050
1563 11443
1565 1890 8675 10054 8988 4548
1566 10489
1567 20308 24616 8619 24225 24765 26131 26290 12211 24337 9556 13376 3883 14369 5044 25365 2395 3439 1870 24703 15233 9112 26760 26826 13921
1569 14834 15326 17018 9666 24564 10236 14882 11429 15019 6588 24553 20846 6731 5968 9434 16410 24238 23634 9162 6113 1148 22540
1570 5031 12543
1571 9495 16014 23267 25115 469 9857 23520 18774 20884 12259 9746 16875 16602 1348 3166
1572 6784 1405 7925 5295
1573 4844 3385 24917 24746
1574 23254 6480
1576 297 8529 22422 21847 2106 22479 3167 16882 7134 9422 22063
1578 15582 9532 18446 22510 18907 20453 26094
1579 340 15027 7645 940
1580 24029
1581 24427 16270 5785 13941 18890 16567 17350 26068 19985 20363 26419 26783 4095 26811
1582 24303 16284 25747 22876 25279
1583 9130 25270 151 13759 23450 19602 15554 20058 12658 22096 18416 20735 21526 12815 8907
1586 6456 2262 12263 7586 13722 1727 24445 25096 2081 1310 4692 14744 18113 7783 18286 8813 4636 213 11703 13054 1262 13042 6220 18363 25355 1137 13006 6014 13429 7043 13411 8411 8098 3526 12256 12971 4697 5736 3421 22937 9720 10936 15278 4316 23483 6150 5099 11993 25855 14324 17929 18850 7866 3614 5857 12900 2906 24078 7590 4996 17545 6810 879 5991 13333 18626 7110 1828 10856 22450 5840 4084 22320 17064 13953 15194 26130 9260 9737 20978 10377 14967 22743 8127 9007 13402 11015 11170 25165 852 2464 2791 4913 4285 4423 640 11693 20354 6995 13361 18958 7460 4546 3295 14039 21560 6236 5450 17061 10346 9579 18588 21075 26410 3732 11042 14604 1594 8433 2229 10624 8393 24879 8547 6564 26514 15744 5814 3616 4441 6013 16433 5325 10887 15227 6044 18365 7236 8240
1588 21687 19971 12665 3021 22116 5935
1590 7652 2177 1353 2701 5441 2783 712 1363
1593 4303
1595 24210 23323 26409 24881 18446
1596 12 17440 15675
1597 16115 20722 11009 19754 876 17441 19852 21270 17130 21003 7771 23589 24947 6008 7932 13113 19017 3961 26784 7428 13377 20552 3389 20717 13881 11308 15717 3955 2274 25340 24162 4273 5040 20802 18705 24120 7920 10199
1598 24538 12329 18306 311 16862
1599 23669 14656 13540 3805 13595 16635 14826 15545 16270 15881 26812 21550 25985 21003 5529 19117 19939 7442 11863 7048 15554 26193 4311 26820 6763 9777 20244 14062 24689 8218 20776 2753
1601 24779 24207 23805 22799 4044 18350 17405 20115 11019 6366 10236 1592 6814 17064 21000 1503
1602 7378 7646 12994 10031 9385 16336 18891 12536 13218 7747 23235 15822 19319 9257 19373 21078 17014 17508 9216 26120 25783 4325 12089 26378 22420 18762 15130 21826 17905 16617 22370
1603 14802 22584 13360 10719 15764 7333
1604 463 5232 19469 22775 10547 13151 15888 8384 23458 20414 3885 4117 8643 5266 20809
1608 6058 19951 6595 21867 1353 2258 2691 1496 1829 500 1003 476 785 1751 3527 17965
1609 23606 9585
1610 9433
1611 16908 21240 6808 14929 21046 13803 23859 1866 18552 1354 15332
1613 6716 23589 24774 26414 9092
1615 24943 5924 23179 5197 1281 2665 7753
1617 10006 8467 16275 23767 8130 9212 8763 4551 6801 7135 686 14793
1618 25699 23734 11894 18831 18663 23206 17130 8589 25668 7771 12577 15439 6358 17272 26435 15100 24616 2214 7240 11420 18068
1619 6853 6617 17700 21911
1622 24616 25839 14784 20570 24229 19113 12211 23350 11437 2377
1625 7245 20174 20996 14181 8776 18807 14059 9514
1626 19415 20992
1627 22922
1629 7557 14489 7148 20470 7397 6500 23087 635 1191 25130 9200 669 24477 18689 2734 7580 11921 1739 14678 11452 20090 2934 6434 14280 1395 18754 19784
1631 18936 4857 7138 17097 880 12988 841 7667 1814 4572 7484 12727 15536 10542 23682 1678 6480 1515 22416 5400 22463 22282
1632 24913 21055 21113 20238 13415 22252 18831 24431 18890 24616 25479 26332 5044 1491 8702 24171 13525
1633 17471 24973 17753 25220 11787 11347
1636 7383 25481 23820 24886 11795 6152 14130 22774 17598 1938 12500 12918 21037 23366 24879 15912
1637 22073
1638 19432
1639 23483 20437
1640 25542
1641 8629 25383 23063 23010 23783 24214 2801 6563 14548 10788 20515 9793 23423 9786 13338 15531 8361 22234 1169 5138 6100 11337 26767 26855
1643 4497 4921 9409 8212 26587 8274 2233 13587 2309 22724 26789
1644 12232 11600 4141 8525 9704 19786 1864 7593 25486 3877 9634 8035 268 6177 17465 808 1317 258 23890 383 20540 265 9339 10204 740 6503 7578 7729 118 11510 7108 566 2715 13510 5160 4679 1451 811 26184 26269 4345 18314 24134 18206 9754 18594 13783 13469 14465 16464 644 2836 2475 4117 22520 5722 10648 12624 11867 5017 4761 8807 6916 9066 16051 20040 17129 10148 8791 20722 7230 1631 21657 11062 23967 20264 40 19758 24048 3308 22791 5542 4500 6302 1790 13108 19328 7510 5986 6797 9774 3259 5315 8940 6476 13966 8828
1645 10810 12469
1647 7925 6138 23345
1648 25374 25390 5043 4910 13353 800 11349 13097 17303 12297 4298 1603 5406 10542
1649 6731 16746 8687 2876 531 11144
1652 18838 8136
1655 18403 21986 8010 9082 18869 389 25307 5147 3760 22110 689 4622 916 2233 12715 22637 14218 1626 22282 16445
1656 15745 16680 20170 4211 9491 24187 17423 13565 3226 18676 9956 445 13444 17447
1657 2785 25503 14733 17122 24525 24076 2264 15907 1703 14237 9517 15244 8691 9107 16904 3629 6731 16391 7167 15260 11885 13937 18738 23634 1951 24055 12413 17255 1715
1661 2244
1662 14432
1665 520 15616 25616 16849 2273 12562 10398 24184 25522 771 4748 13058 3678 26446 13191 3272 22704 5040 9209 22901
1667 12600 15653 14182 25258 4282 1366
1669 23702 23871 25535 25174 21038 23145 6803 21530 20768 1351 9314 7106 577 8817 20651 24881 16441 25470
1671 7588 22352 5093 20524 1917 14456 7625
1672 198 25794
1673 12615 8445 24840 17318 5881 19878 14312 4656 3194
1674 12683
1675 8761 23206 24367 18637 11167 8093 24961 8193 21019 19052 10542 25872 19822 11582 8336 2788 13021 21170 7775 4674 24670 13940 16743 1180 11011 12951 3603 10230
1677 16995 21704 17022 21414 13883 5586 6731 10499 17074 823 6675 14378 16204 18244 14691 8825 16971 12317
1679 17944 25389 6540 3314 8475
1680 21756 25824 26042 14961 26840
1681 8146 9165 21715 12686 24289 26688 16441 22211
1682 24023 5589 20309 18236 24779 23997 23400 13517 21947 11768 21159 23574 6622 9585 4248 6621 24106 20748 6682 11576 3617 14105 1176 8875 23433 22818 24852 13248 7647 16627 26269 23883 2052 891 16464 14777 12777 12198 21781 2836 17788 18913 8828 18382 1531 3685 8522
1683 9528 12265 10449 22306 7213 22465 10773 16472 23113 21752 11963 11508 11984 4608 3463 22122 8797 3119 3135 6075 26866 12212 7106 3253 21617 8752 22735 20342
1684 23939
1686 802
1687 18095 3119 252 511 15713 18044 22554 4366 584 18833 3644 11532 25824 4357 4775 26011 4534 19897
1689 23234
1690 1687
1692 819 18890 14222
1694 4914 24022 2082 16804 17423 7605 16217 6884 8269 2091 12921 11690 5154 7563
1695 24489 7826 9337 11452 11931 22038 23273 8114 18572 2691 7311 18485 6932 1267 6018 4463 5402 4154 3160 24947
1697 10767 14008 14210 26412 5534 21380 9784
1698 23782 13096 14318 14942
1700 17879 10767 24637 23096 25535 6874 8051 3120 24263
1701 25731 7260
1702 22218 3344 1414 7142 2716 7762 26312 5716 1774 668 20223 26241 13515 19117 11945 916 26396 704 17940 10770 17229
1704 21989 19396 1873 23021 24207 19163 25305
1707 23426 3617 14235 22876 25157 1144 2960 20115 25411 24311 3009 3692 5552 24613 25261 18460 16261 22284 19070 12100 11729 8236 8048 7481 25368 11178 12495
1709 6599 14364 197 8309 25728 22115
1710 25015 10276 18446 23926 23240 12863 23323 15063 24179 24731 18017 14276 10427 237 13578 24229 26290 22812 25353 9879 5414 19540 5454 18584 20124 3344 23718 26275 19980 26286 26478 757 18352 13744 23615 20239 22059 26393 20290 24417
1712 3617 24846 23931 23210 23091 2196 20833 14225 16906 14815 12830 16089 20419
1714 21911 24779 12444 25563 18477 13413 26881
1718 895 2156
1719 16092 6460 13856 8656 1970 19762 17767 5155
1720 10850
1723 19283
1726 22151
1729 19958 14451 19715 24746 1731 25783 19147 22713 13935 26424 4376 3395
1732 6731
1733 25186 3911 14327 3472 4446 23269 3051
1734 6094 2887 5354 21580 1359 2677 5447 1372 2413 17051 19288 13814 2649 5534 26876 8154 2641 8926
1735 18508 22352 25117 24419 23805 1174 22785 16308 380 2066 2782 7060 2506
1739 2533 25070 6227 8059 23395 7747 20792 7829 3335 5878 20466 1292 1704 22819 15305 25550 17366
1740 5695
1742 12351 24486 3980 10627 9305 5447 781 4047 6784 11169 6976 16637 25132
1745 446 1050
1747 14436 24219 21622 7385
1749 20045 19931
1751 4303
1752 16277 12242 4895 5447 2287 11171 23736 17508
1754 4964 24384 25187 8315 6680 3592 233 14791 6714 6346 3467 18659 3466 14267 23003 19863 23143 477 241 5566 1607 18777 6038 7280 25892 3520 8239 26062 10449 10069 5971 16706 5512 16504 17212 18682 7792 2376 16229 18985 9323 16187 26682 6765 15878 7448 5138 6804 9997 11162 17378 7361 21529 26774 15000 6148 7157
1755 10805 5698 25872 22412 5293 10848 5400 11588 1493 15858 25226 14184 16144 7794 23872
1756 19300
1757 22710 16494 14555 24184 24817 24230 24243 25937 25646 21215 18301 23684 21656 11441 23726 1487 17606 26356 18300 21212 24510 2763 3925 9449 2928 6312 11910 26465 25100 11452 23060
1758 23517 22605 23042 19480 19220 6713 7911 16019 21511 24581 8522 17518 17581 20543 20986 4179 23890 24253 18211 14103 9452 12156
1761 5461 21847 11125 22960
1762 25258
1763 7030 669 25034 20039 2783 26561 2668 4832
1764 16227
1765 9234
1766 4939 7716 11574
1769 25080 21386 1875 17071 16669 7593 14172 16771 7297
1770 21064 23997 18817 25840 12018 8021 10820 22790 6706 24553 14511 3747 6936 21576 14547 8851 17541 16651 13813 6347 3846 6537 6468 17176 16464 5239 684 11210 1181 21815 24589 4035 77 9428 15597 7893 6281 4954 18819 5759 24125 2922 5282 22969 13623 6538 10472
1773 9855 25522 3735 23298 19723 25766 701 23616 7680 15373 1106 1786 458 26138 23942 13496 15284 17298 26478 8641 10194 6569 2580 5332 23651 15676 9942 3120 20699
1774 2719 3408 12143
1776 7516 6480 2788 4950 22282
1778 11703 21151 2189 6814 8333 22352 9791 17499 7486
1779 9212 4303 25322 8862 6299 7879
1780 10103 21814 10272 8028 20346 13131 20420 18541
1781 25262 9998 9331 19550 24002 6540 17248 11985 23464 19107 21596 19065 17751 23220 20213 14781 20316 21772 9763 17539 25522 14942 2431 24042 26290 2220 26472 25509 26378 19184 5436 15101 26601 6008 23431 8989 3671 1683 4844 7462 9896 10199 13098 15245 11894 4416 25533
1783 9265 6540 19007 17678 13696
1785 19124 18015 15125 1246 16621
1786 1048
1789 1868 21914 23692 23087 8878 7140 454 13650 16287 22170 25305 2079 9673 13592 8522 14309 6621 22468 22951 6261 11008 17877 7422 683 127 23515 16756 18321 9591 10784 15104 2132 11737 11057 9911 23094 16252 7085 10696 5227 17236 9982 18616 16425 10341 8209 9859 3324 20950
1791 11767 25753 26682 7157
1793 16210 23558 16954 516 24387 22412 9898 19035
1794 2523
1795 12729 23008 22261 20533 16480 21984 18516 13428
1797 17401 5123 14089 9994 24201 22876 17324 12895 23692 9508 16367 19698 26069 13205 26437 1897 3720 6089 4370 25368 22219 23132 26575 11448
1798 9729 1687 4427 6659 5052 7546 6848 8558 3124 24281
1801 25400 5577 9001 10767 685 7211 26148 18318 20045 4497 9305 16855 895 26450 25132 8081
1805 24947 14061 23062 25410 10918 23395 24617 8517 16021 14568 611 2025 7011 16614 20671 7337 19654 21477 24401 8196 14920 21378 6117 23589 21680 24254 3399 4033 22836 11949 24908 16148 19314 7612 13817 26920 22156 16002 19230 19072
1806 21570 21440 22127 24498 6929 9423 4850 25872 1373 5780 9381 23875 26290 24670 18379 15107 23973 5528 16985 17369 26220 7470 10777 17273 13614 19866 16564 23786 16678 21981 19084
1807 1456
1808 25098 14777 7440 25681 7320 1703 25537 24973 22201 17250 7719 14323 11805
1809 20969
1812 19882
1813 17295 5698 24546 13539 4549 9714 10864 11834 9341 640 12189 9565 23678 24238 14989 9867 7013
1815 24734 21661 18509 22650 25710 20817 22061 19138 19642 10305 17594 18890 25457 17268 14879 19884 23182 23465 12409 21428 9905 25858
1816 14381 16023 10130 9426 15057 24525 13111
1817 17440 9551
1819 8644 15318 18416 7960 11100 17768 26306 1882
1820 6694 25564 23615 21453 21607 19654 5254 7298 1140
1822 13389 18457 18543 13322 12406 25673 23973 10277 26011 10346 15672 26140 23811
1823 23040 3014 14496 929 12343 13271 4597 8024 25310 18948 9886 14737
1827 1212 6547 7165 9360 23558 15260 15348 18092 14394 21194 14232 9068 17185 22511 1703 8005 1253
1828 23232 24222 21025 4957 19534 10318 20841 23795 14645
1829 23053 22312 15133 1417 12981 1837 25820 15791 15018 24459 25879 13591 25947 19395 26234 22845 22891 15807 22699 20116 24288 26127 10823 10035 14052 25463 26106 22264 26329 26315 20521 26158 26349 26574 26247 24113 17906 26522 26550 26508 26494 26493 26741 26771 26794 26827 26796 23728
1831 10581 22658
1832 17655
1833 23907 11398 24485 7142 18574
1834 23206
1838 207 25110 12727 15475 25512 5147 3517 16121 5414 2489 9609 5323 11928 19067 1046 1870 12936 18184 2521 26895
1839 25228 1065 3870 2310 19922 2522 2657 4153
1841 26697 25813 10321 1226
1843 23722 25498 16758 24624 16934 23065 14280 12143 24544 12886 14960 10954 25668 11994 16169 17504 13168 24853
1844 8926 25691 2511 12443 2445 2270 2882 2492
1845 26120
1846 25012 26680 12402
1848 2134 10766 1472 1647 2701 4710 391 1769 2048
1849 17532 7658 15475 8954 3386 25417 21115 14239 15430
1850 21455 20907 24473 20778 18190 15541 572 6684 3148 1374 17397 3940 26836 2089 17782
1851 18150 3818 12035 1074 17370 12365 8478 16746 5066 19603 7107 1180 26783 25564
1852 25522 1960 17460 24022 21818 3611 9661 3120 2476 944 4783 8534 1018 10161 19094 1521 6084 2654 4117
1854 15476 12764 23062 24578 1965 8453 824 9034 16920 23944 25198 22805 8419 10507 12946 6523 310 25872 25863 25829 4377 25851 10947 6660 9974 25849 1351 23566 5983 5806 21827 25966 2472 10448 25307 25783 8326 13552 26120 9746 26011 3459 9009 24638 3712 15165 15434 6564 25194 25817 21651 11939 25340 20376 5876 7767 14510 782 14369 19417 23932 3065 10997 13690 19170 26478 10672 6314 26286 10022 25230 26398 1870 13409 17409 20908 22224 4226 21061 13103 16343 9042 20353 26638 3460 18776 26849 17569 6775 20186 1783 15498 14061 26920 13449 11828 20045 15677 26515 3412
1855 6130 1683 5321 20681
1857 24898 9547 24855 23662 9212 9536 8461 26438 18649 4377 12928 3618
1859 10766 10885 5147 7135 26864
1860 13273
1861 21847 3740 24048 18186 21911 23903 6893 22615 1135 6159 4248 23229 21410 12777 642 14652 923 8208 8653
1862 3652 9432
1865 4160 25034
1866 9690 1337 13932 25481 5229 23392 4245 25855 19034 17064 21403 4583 7939 3127 13340 6318 18370 11753 11512 21130 8029 17157 4433 7012 21149 1172 4612 12215 13938 18860 7005
1867 25589 23545 4540 22910 12310 703 6443 21088 4043 18424 1344 11695 10966 14656 9572 15451 2354 26368 22510 26670
1868 1607 21847 3730 4046 24433 5052 25937 7682 22786 13015 1163 17833 26710
1870 9019 10766 10414 10767 16862 16315 7516 17882 2322 1634 10622 9423 1941 11916 10653 19822 4819 16275 11345 10322 7261 4950 22883 21646 4895 562 24579 22779 18955 4298 14586 2156 3603 26916
1872 1807 10156
1873 527 11261 15319 22270 1921 25855
1874 11298
1875 6731 14479 18807 14130 5445 18680 6456 13532 4254 4159 4567 25098 23890 23985 262 11570 25352 24134 23725 23740 24403 7884 25718 23393 24872 23926 10301 24286 260 24523 17677 3740 23148 23401 14748 13093 12162 25420 19903 21218 15203 25960 16879 21460 21902 21663 16096 19456 24595 11234 22016 3623 6513 4490 23997 16416 26050 16748 579 20586 25160 5602 23675 7034 19351 23805 15244 4287 21071 4754 8555 16376 14616 10600 14978 10936 11709 16971 1876 22201
1877 9785 22709 10884 23388 6201 23529 2714 21086 23080 25820 8602 25476 9889 26040 26118 26127 25990 25975 24288 26053 23645 5983 3354 26254 26315 12729 26371 26440 24727 17906 26508 26535 26501 26326 24383 19422 26488 333 26600 26550 26463 10992 26746 26772 26794 26823 26613 26909 23537
1878 9071 24184 22854 23745 6551 20435 23022 25104 24566 21043 25763 15265 1063 4432 1810 17540 15387 6679 21786 15558
1879 7547 2722 11374 8082 23665 8686 4293 10959 16070
1880 24427 24889 257 24947 10338 16941 13759 25956 17154 21708 10451 12358 1772 7754 8822 11402
1881 23955 24974 24116 12286 24818 23400 23425 23890 9186 17119 25504 6957 17467 18065 24048 25080 10848 19523 8225 19576 24973 17471 20761 25687 7523 867 22923 8368 21354 16293 3974 12388 24682 19654 24491 25939 23263 4754 5293 25970 9999 23448 1824 26064 24390 21430 3496 12215 23707 22468 23374 20381 26345 4588 7699 8696 26214 5394 10606 5882 8777 8221 24778 12038 19242 4909
1882 24209 25088 8847 6251 90 491 394 1984 2685 1916 24239 603 153 850 1517 23931 6001 25250 4198 1152 2919 19425 2847 4791 571 2750 22430 10906 788 16326 3781 634 1669 8865 8432 980 510 749 19762 2932 2091 3284 19594 21911 8656 4900 5400
1883 15978
1889 18299 541 22562 6225 4976 4937 21866 24396 18579 23905 17873 18009 2390 26474 16410
1892 14587 21561 19384 25327 24233 15020 25767 3184 9884 6489 11162 21847 12313 19705 20137 8182 6680 13922 20729 25411 22701 6474 7107 22881 20580 22713 21986 26392 10666 16150 13035 16848
1894 2876 20467
1897 23711
1898 21847 9953 23682 3870 22972 4469 19747
1899 17064 19181
1901 25058
1902 25258
1903 11485
1905 11769 20469 13645 17703 24147 2134 2330 16315 10120 15654 22172 21847 20487
1907 23365 13030 3387
1908 15598 17877 26025 19537 4711 25593 18565 21805 5238 16464 23943
1909 6540 25245 6874 19512 12616 13251
1910 15592 6144 13178 4895 2773 15466 7614 12898 22310 21134 6976 11709 7426 2952 13949 6442 10145 23646
1913 4332 5842 8393 6186 16784 24132 11834 7109 18738 1981 26399 22297 26634
1914 11595 22155 25351 12316 829 19014 23652 15053 22727 17471 20406 11588 9322 5394 7981 15528 92
1915 10371 8565 8872 24485 25877 2064 4497 12558 9492 704 20750 8193 26042 26293 5685 4895 26302 19054 26290 26554 14527 16441 23973 16701 11952 15438 9213 20458
1916 4303 494 21837 6787
1917 8542 20859 18191 24102 9729 24038 2986 15582 23118 22217 18069 25923 982 26409 23251 26467 22440 13999 21585 4813 26271 22147 4030
1919 25219 16469 19241 3700 6441 25829 246 20644 971 7900 11231 14455 21559 18840 8212 13241 21729 20317
1921 2554 4117 2908 5983 2691
1922 20803 23274
1925 25258
1927 23200
1928 8590
1930 23407 16382 18991 21523 19874 19479 18614 9204 14997
1931 3007 10191 23505
1933 321 911 20108 3283 3722 7520
1935 11762 22958 1634 8196 20581 7898 19453 8989 17537 10997 14287 10919 18177 24857 3107 6515 11920 9032 777 3622 25180 2280 1004 3823 25281 10819 13676 14792 11119 9210 1351 10022 10570 12735 2631 20102 15634 23702 12469 24758 25794 9264 6414 11363 25866 11936 18711 5774 10501 9624 13264 19028 15329 22623 3636 18562 18023 20072 990 23706 15346 16530 4971 13961 6166 18778 21282 26434 6968 16033 19017 22210 5321 11809 7777 6842 12028 22211 22998 17099 2723 4483 12103 12214 19021 10628 16002 5400 12315 19122 1945 5406 10605 3600 14960 6012 18555 18142 3920 23996 5148 20143 21680 26784 11633 11439 13875 11112 12664
1936 3408
1940 8315
1942 10767 16374 21683 2156 7211
1943 10770
1944 23323 10371 26104 6259
1945 3873 22511 911 1165 634 2002 23997 1517 13896 23574 8740 4173 4423 21046 10440 7549 10938 5679
1946 26358 15823
1947 6443 13482 21872 19173 19821 4971 20114 2689 15311 756 21347 7666 26011 14287 12442 112 23137 8442
1950 9409 17508 16174 12940 16937 14990 4879 5321 15228 2876 4040 11315 11588
1952 13003 23638 11636 12437
1954 24460
1955 2003
1956 10999
1957 1402 1499 4511 20364
1960 12685 7405 6016 25346 1033 7666 8264 15485 3510 1683
1961 10031 22989 17662 4663 18719 8589 2876 25728 16012 9536 18145 21847 24670 3804 5254 1652 1687 9112 19682 6193 15317 14906
1962 15775 24390 14600 13545 18732 22635 570 25493 3003 13748 23805 4861 23522 7644 13838 15901 19223 18090 15308 255 522 25456 9204 6639 15811
1963 22230 19300 8529 25872 11286 20517 1327 18344 22809 22046 21335 11298 22114 4376 26276 8310 4871
1964 23066
1965 13063 24473 25275 25872 9746 23062 24476 26164 5936
1967 1700 11108 365 4957 1240 22893 633 11956 925 6137 25466 4703 21113 5961 3870 3459 2959 2742 4295 23282 26414 664 2326 6897 14021 1384 893 1185 26720 12868
1970 19157 3128 18697 24947 17710 18890 23819 26038 16554 22721 4415 20841 26392 17752 11539 21682 9744 20651 26784
1971 25457 16154 24540 13925 18721 5712 17984 5668
1977 538 5148 15745 11890 12
1978 24986 11636
1979 21772 21609 7078 340 12239 10274 15515 25091 8780 22922 19960 3795 7366 24891 25794 9560 12041 11105 6554 2961 24538 18205
1980 6131 10125 12650 19503 12528 6306 8654
1985 12218 23805
1989 9409 6784 2597 5049 24924 6681 11848
1992 20225 20363 3894 6128 8862
1993 3390 1178 13823 1644
1994 10090 18084 25287 21055 23600 15384 25849 25872 23109 9318 26031 26042 15050 7974 22487 26138 21088 11405 12964 15703 19885 18748 26060 26414 26497 26673 22985
1995 19796 21011 2232 25241 23872 13714 22663 13802 19921 26184 21302 25791 10855 22383 23155 20214 21420 12033 14742 19438
1996 25536
1997 6439
1998 21213 24268 16780 23112 21826 23692 23859 11163 15981 19657 21471 16632 21229 13334 14989 21781 22627 15057 20520 25224 17834 23897 19984
1999 16374
2000 1597
2002 13470 11790
2003 26603 18071
2009 20292 16112 1960 141 13969 16009 5095 21682 12571 10816 1940 5819 24575 6870 431 25389 698 17641 1794 14457 9215 14528 26502 15432 19858 7334 3723 8441
2010 25350 10709 25415 22838 22978 12866 216 124 23938 17236 19720 65 17077 13458 1144 17749 4785
2011 16545 2082
2014 11284 24616 25923 25183 8026 6921 22537 25564 11220 3947 11164 10246 11979 23620 3450 26093 22402 14951 5930 17274 26783 25833 17869 22895 26107
2016 6121 24430 11611 26207 10770 2707 7746
2017 25394 785 15657 1441 3876
2019 25872 10199 263 9032
2023 25700 23347 24086 595 10883 25766 4432 17749 1063 13841 18274
2024 504 14748 17496 4251 18337 3215 595 24589 26001 19520 16745 24525 4091 11311 8696 16464
2026 21390 24835
2027 19523 24048 13332
2029 17219 25545 14846 3615 3321 12027 20709 6210 5879 19668 8890 13353 19718 11402 10578 17230 12002 10765 8781 21049 25850 16902 23657 20162 14716 959 19070 3826 2825 8522 1517 22739
2030 23827
2031 8261
2032 16335 18329 82 18609 11623 18753 12650 21470 2915 21709 3995 13980 26651 14137
2040 22992 11851
2043 2442 24048 10512
2044 23587 15219 322 97 912 4394 6533 159 15002
2045 15091 25735
2046 4065 6503 24872 14404 11258 3473 11136 8788 1198 2335 17775 14591 3143 834 4162 18769 123 7699 2948 2919 14225 14077 8244
2047 25158 11240 11690 23824 16405 14498 9492 20363 15675 3156 16806 15040 15815 16830 21333 12890
2048 8903 511 17693 20892 25883 24999 16150 5613 3466 17658 6865 20898 22111 7222 20852 26654 6089
2050 1694 1658
2052 8872
2054 18508
2055 18047
2056 16407
2057 4093 4658 2689 17495 6915
2058 19559 3709 24937 15691 5341 15272 2181 21919 3768 7534 25173
2059 6760 14850 26120 18649 6021 7216 409 25447 5434 664 3800 19983 17660 24703 2999 5461 12660 3086 7538 19477 20013 16665 26438 9748 10868 6908 18241 695 25564 3804 20567 14273 23589 17245 24489 12623
2060 13186 7000 24523 7249 3532 23915 20571 18347 20058 25631 20605 6315 19633 8363 9791 2898 22833 23741
2061 25576 18572 24233 6722 20321 25161 22949 23379 1127 4415 945 9996 19852 25803 26471 23400 26502 3678 9592 26500
2062 9547
2065 15021
2066 18536 82 26288 26630
2067 25196 18326 10659 22870 7052 20329 13814 24181 4973 3322 19211 15355 23216 4357 26348 15704 9306 23322
2068 3988 989 24181 13251
2071 19078 24214 16935 19665 22031 20116 23765 18016 25798 11567 20629 12668 25959 26005 16286 25905 18102 9120 21984 26040 18088 9932 14052 22271 16480 17681 22749 20521 25407 10992 26238 10612 26315 22898 17960 26326 26284 26418 18546 17910 15929 16620 26494 17070 11624 26629 22441 26823 18544
2072 7141
2073 9434 1578 8428 8393 9462 15792 23158 18807 6150 15627 2121 23590
2075 19052 10770 8542 2156 23973 9032 26784
2076 669
2079 8355 1155 6456 7008 9462 24396 9076 20714 6489 23634
2084 246 10767 19747 11930 18644
2085 9838
2086 22937
2088 4497
2091 8705 23653 9021 16131 7921 25824 13230 13589 4303 26551 9124 7099 7218 8192 12016 18653 9125 26777 1050 23827
2092 14782 24376 23265 15130 8555 25242 13902 19267 24489 24214 19958 24010 2349 1169 8640 18164 11989 17440 7069 25368 20365
2093 9892 16228 23399 7072 1277 3984 22819 18044 20338 16773 15691 24598 16441 971 9987 21927 2969 958 23973 1013 26648
2094 7516 21680 25872 17370 10234 16665 20870 1683 13377
2095 13665 26346 16560 6890 26905
2096 24776 10451 23401 24183 23058 2114 11632 12836 1190 17372 20347 9289 22177 8787 9634 23226 16353 11918 5824 17040 25062 15542 24207 1166 4616 23022 5646 9673 19392 14103 5849 21821 20273 23970 24884 2537 6680 18803 16296 25916 23673 10522 16367 23550 16458 21159 18228 19701 15856 6493 14199 14772 15083 9278 26172 4624 4961 1682 15112 26467 24286 13350 22211
2097 15830 20736 21981
2098 4039 2209
2099 2167
2104 288 7900 2529 2741 20208 812 22145 157 986 1159 920 1031 5101 502 2412 9468 2253 24850 4935 6084 9129 4782 953 18603 3789 1534 3407 4917 26561 7362 2772
2105 23084 13603
2106 3879
2107 4043 7142 4303 2243 12727 9409 13165
2108 24318
2110 24397 7830 8916 23416 6953 24022 23807 2382 23805 3736 9426 8146 12415 9900 17217 2610 26275 14176 20540 15490 1767 12815 14112
2111 8631 7157
2114 4744 25112 21755 12256 14103 23483 1594 2958 8828 18626 14499 3470 20755 11570 7858 8520 11170
2115 2689 6949 3277 11635 3768 9887 16937 11139 13074 16742 21375 6869 11083 15496 20006 15035 15224 5159 11542 24485 24345 13710 8026 9354 4303 21508 18663 7373 7134 16374 17827 21919 7779 8376 4182 13440 8309 1908 8475 2030 3474 5934 15771 2654 14228 15076 20741 20004
2116 14535 11215 7781 9032 9409 1584 8603 25404 26072 26241 26388 23773 10429 9264 17062 7412 19651 18864 25081 11669 13251 20164 26464 23748 17931 952 12916 12108 9016
2118 23345 14521 22063
2120 25794 21477 23568 26483 1812 22280 21600 5307 19017 5680 2 10125
2121 650 23967
2122 789 3804 18021 10767 11175 5445 22921 987 13508
2123 34 6585
2126 25196 20642 4950
2127 596 19339 16084 20415 17234 3936 7756
2131 12648 20699 23336 24950 7405 23986 19058 4850 24146 19394 5430 26498
2136 24558 20543 21266 17423 24818 7566 17102 24241 25763 23426 2595 21792 23473 8231 9731 13257 25632 10779 8330 17589 16006 4477 11046 23495 24523 12447 11041 16756 16695 10785 4032 9587 4588 10669 26481 24284 26270 4117 19020 1882 26562 2643 25524 26714 14655 26766
2137 22372 19910 17055 14691 10668 9133 2252 2323 10145 7858 20168 5100 15620 5523 18546 18628 10348 16374 4960 3028
2138 20494 24653 14881 16187 24804 8640 17983 19179
2139 2259 13395 24209 21911 15863 22028 4127 23805 5039 22889 16568 6960 19926 4102 19186 8243 21037 21486 19020
2140 1865 2300 4895 1577 3677 20581 7283 19851 21091 23184 24228 6480 22745 17860
2141 23724 24368 22921 3531 645 23401 23574 25080 12516 13494 14573 16382 23955 14448 14641 5033 20739 17764 25958 26214 24033 10373 12286 18599 13280 24276 11705 26539 11241 4970 1125
2142 21847
2143 6666 22430 14615
2144 14151
2146 17051 5331 9073 7112 2156 4580 6138 9077 12697 19822
2147 3604 21141 22196 16986 14123 13701
2149 24679 1841 5776 12555 20706 23938 24508 643 7541 19208 3007 21723 24423 25615 10241 18991 20941 16590 24033 10157 18228 12283 13225 19958 25504 22338 24523 7034 21162 24390 6697 3617 16877 644 5752 20910 17046 8396 14103 9071 2345 20051 12019 25524 26669 5847 8209 9570 5394 17255 23060 16292 7263 8781 17372 20955
2151 771
2152 10470 17422 2657 2885 1363 5030
2153 10470 22271 22650 2160 8379 20817 16354 19723 14403
2154 22265
2156 20106 5566 7448 24639 4939 9831 19937 14712 20387 14347 24451 12437 6292 12407 20283 17900
2157 22845
2159 24227 8418 9070 12615 19557 20776 17413 7618 14873 14299 26672
2160 24237 15523 3607
2161 9218
2163 23238 24233 25535 21589 14276 24794 7744 25976 8534
2165 11019
2166 12936 21847 488 2340 9318
2167 26042
2168 2272 14271
2170 22878 9485 8743 18609 20251 25275 9099 23786 8684 21751 22442 25946 9318 11061 2274 1761 15165 21332 6272 26615 23738 17117 14711 17436 7405 15735
2171 24643 23040 11216 4950 16885 26177 9409 21392 21103 9032 25533 9193 8336 6480 1515 20917 18075 26105 11192 1899 7548
2174 6864 7470 10364
2175 25794 11979
2176 10546 17254 6869 20880 21852
2177 5096
2179 22096
2180 8462 5408 2397 33 11865 3748 959 18709 15701 3374 1517 724 14924 17606 17435 24375 24487 17219 12022 21142 26363 23243 9932 7455 26270 16797 5315 20904 4961
2181 8920 9541 25535 1040 5721 22342 4636 16628 10639 14462 6427 8022 11819 4130
2183 5265
2184 23132 12795 14623
2185 14015 9019
2186 13223
2188 17 22276 26138 25565 12313 18641 26645 8275 26702 2961 16441 19511 8324 2671
2189 16746
2192 10902 23586 24924 24489 23965 20319 9477 23682 15536 11969 23838 24322 10498 12759 19216 25946 17984 6917 17087 4303 3023 12043 24376 17962 7261 3280 7099 10032 10161 2707 20241 23852 11411 20238 18221 26783 2654
2193 25457
2194 13319 18523 1457 17893 8145 7276 1296 22268 2364
2195 10767 9212 20090 14611 19679 1603 23442 774 199 25627 8314 12537 8542 6072 15677 25479 13382 1213 23900 8193 9469 5561 25436 8518 24013 1687 24765 25849 4131 21738 2437 6727 15048 4462 7746 758 10494 8366 5321 5347 14705 5053 19038 6958
2196 22192 10470 5210 11824 17668 23053 21806 23885 19968 22271 24451 18677 19304 16257 14522 14541 10612 25699 18027 18683 18624 21405 22509 2623 20521 25821 20629 21760 25959 22459 12545 14052 15807 19395 24266 16492 16761 17814 12312 24288 12729 24292 26106 23857 10823 22891 26089 25787 26146 26217 24727 26265 24089 13428 26296 26247 26469 26501 26508 13895 23728 26488 25629 26600 6597 24523 25798 26859 26868 26830 23537 26909
2197 17087 10305 4670 18047 1756
2199 19128 25146 26397 20551
2200 11403 20285 6255 24885 26885 14301 3690 12689 13440
2202 1687 9212 966 13573 2156 8309 24533 21780 15420 8797 12911 12079 14440 9623 5167 19838 9381
2203 3398 15533 1169
2204 3670 20930 15455 1803
2207 24472 23712 19267 25411 16576 14940 24093 26714 26346 23060 25368
2209 17540 11366 19191 3077
2210 1954 25193 22825 26200 14713 63 4636 6670
2214 7450 18199 25097 7645 20206 21831 20508 22616 9318 19105 11249 22928 10949 21208 14933 12078 5038 7879 15364 15041 9887 21895 22812 26478 21600 12036 16451 20953 7759 19882 9943 20606 16180 14525 7367 21463 12969 6436 7620 17928 22927
2215 3110
2216 7134
2218 23963 24868 22949 25275 3846 25646 12908 23823 26035 25784 13885 23997 18279 26500 15330 26560 23413 26465 1844 26887 2325 19588 2774 26172 18526 24200 14168 23176 18538
2219 6784
2221 17546 23608
2223 24278 22389 18084 19866 13102 17196 4933 7531 9032
2224 25872
2225 9547 25872 17627 18142
2226 23485 18192 63 25501 23805 24241 3990 8231 16413 22141 19240 21044 18374 17483
2228 26207 4261 15390
2229 25563 9369 5236 3024 25311 13423 3740 22921 22951 15920 16685 25871 11785 25979 18539 7159 2561 20440 3902 25504 26049 25931 10045 10592 631 26037 22523 25681 26173 4686 20956 13062 13865 26239 16516 13111 17488 25653 7285 9940 709 10933 5888 26539 26361 13463 26618 8696 18743 26725 6429 3616 11466 26839 26766 11396 24284 16655 24189 22561 21621 6199 16387 9475 11987 26881 10589 10839 26372 3580 21442 21274 4912 17659
2231 8605
2232 25633 19154 20325 542 12712 12442 15680 3199 22295 23323 4497 3514 24616 25794 7879 9314 8589 21415 8559 26376 9252 1000 8797 26438 9112 25168 2641 26706 7470 18890 6299 1180 16746 5159 25853 5550 20205 14794 10353 5248
2234 24810 21076 8535 21595 20157 3817 517 5377 17292 23957 25017 2448 23612 2616 7563
2235 11701 16275
2240 10528
2242 13344 14487 24651 21963 2707 26207 23937 7193 15894 26448 17649 13392 16441 7756 8589 14460 20642 4608 18979 1761 17245 26799 19857 18622 25258 23589 11799 18306 26783 18561 5860 13941
2243 24024
2244 17090 23404 16300 23938 23890 5935
2246 23384
2248 1249 3686 7808 21774 5698 1535 16046 3023 13242 16464 2011 6037
2250 24900 9889 23563 24214 25798 25825 24266 25868 25959 20863 26073 26127 7053 26014 23645 26158 2024 24288 26217 3219 1335 26371 26395 26519 26326 26247 26493 26535 25960 26488 26604 26698 26684 26661 26772 26729 22898 26823 26909 26830 26875 26847
2255 25410 20086 25457 25863 25468
2256 8750 948 13907 25292 15165 8761 25824 5765 13019 24389 24228 15038 12725 2527 9051 5980 5808 9352 7240 26358 18463 21773 7937 22878 3412
2257 16039 6251 21046 4631 13259 21755 14733 4744 24525 3404 3234 1333
2258 2309 12705 14303 7870 13573 12441 2649
2259 23047 13015 10745 25770 10699 25798 26088 23857 25861 23645 26224 26247 25774 26395 26600 16180 16988 13391 26815 26909 26922 15201
2261 10767 13996
2263 13850 12403 9536 2340 26435 12449 24634 17272 26528 3245 25258 2797 9116 20822 5502 24794 16763 8336 2599
2266 25657 8871 9600 24924 4497 19489
2270 6110 24523 14346 7037 6712 16500 25164 25298 8542 9161 23613 17559 982 9820 22524 24179 2654 15044 8582 20314 1863 12597 12318 21263
2271 1462 21847
2274 10877
2275 2649
2276 7261 11851 14535 7331 22700 12999
2277 21828 13207 22080 12221 9536 4240 9241 4860 3033 6439 8086
2279 21557 14192 22352 3528 19605 24973 9925 268 833 19367 20327 23158 16300 18807 14685 4408 4088 3470 9846 12156 15055 9009 4426 10533 21134 11810 3614 2323 341 1535 22102 4695 21796 2733 452 12900 11385 13154 6516 10316 14691 10938 7815 3798 12113 19413 653 3318 19324 1531 16964 8931 15223 12918 16951
2281 17604 25855 23836 680 9817 12899 9944 9637 9296 5328 2313 26573 18325 11703 10647 8181 4041 13375 26852 5779 5781 2586 23820 6393 2932 24670 7704
2282 9990 21675 21471 22625 18059 20720 6818
2283 23323 2459 428 25872 17136 3130 4599
2285 21882
2286 23739 22978 14413 16041 2049 3665 18426 9745 12396 22798 6004 25444 20115 6210 25374 17288 22605 24679 13926 25785 21165 15137 16261 24215 17911 23574 24944 24550 14448 13655 22279 23690 8040 11073 16283 6346 299 23805 23166 3617 6683
2287 20994 23997 26520 18442 9780 12746
2288 17283 24679 23883 9701 9673 24048 24183 17857 11825 12104 19520 10748 23943 16163 23675 20163 22905 7663 15585 14777 6165 23990 101 24779 14466 25441
2289 6141 11955 16003 7433 23574 15265 21220 2594 20486 6382 23338 5886 7617 10662 4718 1701 23222 25707 23466 9652 25763 17817 1471 3100 12755 23997 24593 276 2878 24114 5958 2226 1632 285 14966 6115 6416 8976 18617 4194 14652 15344 22605 1015 25743 1889 20867 10717 9286 5032 13632 8658 9166 9521 1725 15598 5659 10654 5172 15975 4878 22738 24423 7492 1397 3029 14578 4331 26766 14313 16549 16126 18080 5277 17500 7722 1639 21260 13825 3930 13441 14517 23470 13456 12276 1929 11777 12156 22511 2283 14732 22790 7271 3880 7327 4982 15001 4922 2601 16058
2292 6976 8648
2293 22299 7161 8445 539 4671 18890 17572 21912 1350 13606 6480 3121 26622 5400 2513 7561 26655 13251 21209 7059 4293 5069 5915 25564 20187 2266 12392 8309
2295 21288 4784 16977 6959 6651 24390 73 8312 650 22949 159 10731 19153 21083 80 5825 132 3001 5641 8849 9167 11595 20777 17581 8427 13617 3437 6957 12180 8407 4058 15747 22759 4845 3496 22625 6668 16815 22184 9351 19020 21444 13104 1836 105 17167 12776 14694 16811 1097 7941 10690 13004 11730 17405 16827 2884 4117 48 16273 12371 8164 7150 3845 23805 4375 2550 3916 16161 4401
2296 24945 18050 16010 13538 8297 8388 2221 8813 1756 24569 3023 5180 3382 17935 12622
2298 1351 25872 21496 9032 7240 3728
2299 23022
2301 2065 25400 26019 16275
2303 10767 8561 14874 236 9298 1703 258 8235 1188 109 12534 1730 6111 1468 6666 8135 5494 9588 21245 5021 9480 773 7323 5543 9013
2304 12002
2306 12435
2307 23450 4801 17747 15006 13640 4714 19773 820 6897 21842 12315
2308 6731 22660 10476 21402
2309 5445 10647 18286 16813 9597 16307 7124 9026 21988 23234 4983 9579 8104 10624 1956 7696 12519 26634 15168 6113 14366 2109 6792 7718 13300 15461 9628 16746 2121 6044 1890 26816 22215 5450 19255
2311 19960 17460 21907 24379 4228 5049
2315 24410 7412 15710 18821 12968 24602
2316 20001 24885 25457 10810
2318 3527 22960 25794 12206 6784 24702 10787 427 759 20379 7405 25075 22754 1351 19436 21496 2945 22045 25195 17142 22265 18622 23846 2274 6799 22452 10786 11003 19623 23182 2408 1683 14224 19779 26595 4719 4844 7993 7546 26689 26670 26783 26853 26864 2521 22936 26879 13683 26677
2319 24786 106 24773 17103 19607 24393 8382 23516 24887 25578 7024 5580 7328 7699 19056 18957 9634 23260 14581 4123 24116 3740 7155 7891 8739 11025 14194 23943 6190 15213 1561 9289 1284 19447 10973 9369 8155 20630 23448 6382 2697 14675 4621 5632 17749 554 6642 2335 20943 12091 6366 13618 19654 5648 9804 14970 6920 8788 13565 4290 20012 5260 20681 649 25647 6746 17288
2321 224
2324 8872 9283 5448 19559 20183 18064 11370 9378 24836 12435 8026 13493 605 14688 16955 16127 9848 26760 9483
2325 16171 26392
2327 2523 5680
2328 12227 21712 23441 16407 21048 24629 23087
2331 22569 24538 1356 11717 2687 14266 8122 6807 16806 1683 26651 14135
2332 25533 17546 21839 10244 3670
2336 25668 9328 22042 5059 25460 11100 21288 4046 10393 15407 26499 2563 6790
2337 10786 22175 24992 18010 24555 25410 10979 22621 17212 1169 10140 14550 22211 17255 26484 12028 13501 26516 12361 26706 23223 5381 16302 26774 26781 6799 18069 20776 18890 12221 20347 26736 20848 18583 19042 20164 17804 7602 16490 4776 26795 150 11391 1902 3576 6610 15675 24947 22896
2338 23529 24900 23388 11922 23765 21627 21412 17668 19371 2419 992 25699 24004 6631 12981 5954 21086 6222 17428 22509 16935 25439 23080 25798 25476 19422 12668 21760 25905 12545 22845 14217 22749 15931 25787 26127 16620 24292 26095 26174 26106 10612 18534 22261 26118 6144 20135 15607 22885 11706 5800 22348 150 19395 9877 24213 15929 19968 13895 26395 16526 12312 26522 9933 22254 14827 26600 26508 16988 26468 26679 17654 19495 26794 18016 26909 9929 23537 26830
2339 24390
2340 18554 21912 3387
2341 21831
2342 21494
2343 24636 25529 16835 7546 22063 16882 25923 8264 11547 4850 10100 9536 17318 11817 7134 9958 5915 6480 9112 7135 21390 26398 7190 24602
2346 5942 19019 12208 19882 25872 11192 1311 6784 17944 24149 21927 26784 22806 3981 19692
2347 3633 827 21019 10624 2684 5401 1969 13429 2505 14157 2813
2350 8687 11575 13573 7099 12408
2351 8872 15722 5286 5915 6684 23962 8589 8421 26013 12939 591 13958 6781
2352 2355 2404 19478 5093 21830 10767 19423 252 2103 1353 1472 1452 382 5275 596 1769 2959 958 3984 2048 2156 1340 701 1910 13640 2092 1496 12204 982 20164 1534 2653 9345 24765 2098 9425 2405 2630 17193 934 8471 8835 2756 9299 3164 26916 2917 1785 1258 1576 2051 5534 2424 6729 2145 2413
2353 17768
2356 9751
2357 1076 10767 10442 5715 1820 4957 4497 15826 18310 2096 10707 5942 25913 633 21069 587 17235 12931 21625 5345 19913 13898 1687 23137
2360 1344 11921 19127 19603 21042 5733 15046 13661 20572 7267 20007 21480 25425 12903 18607 24756 8650 15015 23025 9580 18890 10561 9808 26781 26730 19315 16697
2362 18377 24329 23542 11287 18859 5590 18762 8455 10408 4471 21899 24916 18814 13497 8492 1703 2278 9758 24854 26416 18588 6254 1928 2184 1235 16783 15627 11868 16676 20474
2363 24253 17581 22087 317 25226 10453 23659 5400 11115 23675 19720 8646 17560 25815 13217
2367 13811 12695 23584 19685 25001 17937 25756 16437 386 8869 1385 26042 10138 7930 14920 15505 5339 5980 21335 24439 6434 9213 13379 11298 13091 2260 26615 26461 15767 14990
2368 9539 15953 25426 12770 23322 9164 20372 7142 3942 2788 4539 16275 22981 12848 14482 12730 23215 7134 26220 2521 16441
2369 23400 9279 16034 8087 16591 6934 5364 3752 9210 20072 22003 12227 12088 2829 22519 9165 6542 23003 6953 6672 1960 18147 11506 5335 16782 17926 2672 4967 4712 25206 10482 25778 2349 18283
2370 6509 5061 24086 3740 8622 12051 10779 16401 23739 17484 9369 10105 11983 23740 23401 24333 4758 9880 3727 9167 25593 3963 9633 5798 3974 7626 20826 11737 24062 1282 17171 6340 17768 22718 14828 5342 15595 9587 6930 10642 6226 3339 1237 14465 9322 16627 17023 15878 4259 8320 6287 18418 11787 6088 6199 12222 17609 23448 18492 24403 14632 5451 8317 18571 5521 11153 18944 24852 6638 14341 21467 1571 9950 10669 23890 2308
2372 11679 21050
2373 16071 21977 10334 19802 22960 19335 26783 16374
2375 1780 1769 1616
2376 10327
2377 10100
2378 9168 13470
2380 18719 24149 7879 3728
2382 20101 10127 24650 21357 20002 21712 24335 3344 7334 17583 11602 2513 26588 17282 23048 19504 16602 6986 9495 13412 18042 6466 23268 6524 25206 3150 3178 20906 18155 17150 9624 26826 10465 21474 3658 4552 26389 24896 24908 13199 22211 4377 11710 18114 1781 26877 7458 24208 12259 19885
2383 22687 24471 24116 21467 13699 16337 24419 25351 25740 1335 23470 3992 3740 3889 15991
2384 22563 23072 18710 15991 4910 803 26197 15829
2385 24779
2389 25970 16873 10912 169 15011
2390 14719 16253 23099 8393 20341 853 15768 6907 24838 9107 3629 5280 10533 3111 2552
2391 8529 10535 19536
2393 21040 2615 18361 10199 26489 25475 8852
2394 18397 12467 25374 11987 11073 6263 9806 3717 8998 16515 10765
2396 18902 24899 25565 14487 19508
2397 24473 25418 2636
2400 15692 26539 10839 15863 5551
2401 17882
2402 16277 5354 5631 25728
2403 1775
2404 24048 25167 25226 13284 23400 348 1984 3513 9611 19720 4198 24134 6560 17333 516 6260 24852 16982 20826 8349 9240 8839 20721 19209 5353 21940 17510 7981
2409 21867 1401 6401 1353 2738 970
2410 3151
2411 16023 19615 19318 14324 21302 20890 23106 4242 10175 20327 4546 24465 19413 4044 21826
2412 22978 17701 25236 2070 14983 9776 24852 19439 23470 22969 14553 22633 21805 6493 23953 23574 23498 21940 23578 6621 9673 5349 23740 454
2414 5354
2415 10111 11988 23467 23744 290 24460 15634 4497 25872 12399 23218 23406 25812 26042 10380 23790 25863 11928 25870 26337 26330 10162 13546 26577 15894 18031 20501 2615 18394 22416 15540 2894 7926 4867 15607 19910 23640 11481 19651 26907
2416 22414 5225 12435
2417 24826 23702 24529 25565 18480 23365 6481 19134 16842 19905 16374 6299 16361
2418 432 25576 7340 20345 15026 7442 15573 21284 5987 10216 11070 15125 22899 2236 24022 12358 526 5157 25839 2691 15913 6680 23517 18049 423 25956 20689 6202 18684 22321 25357 13999 24612 9980 14560 14937 1314 2248 6887 7361 24919 17212 11324 12658 16523 4844 963 1892 5301 21219 4473 15629 25345 12451 26682 15769 10232 5891 9780 7295 15856 4649 4416 2291 6321 6089 5231 5243
2419 25580
2421 13109 24473 398 2377 23313 18953 18486
2422 6002 7345 24219 21785 19352
2424 18130 22096 21919 18832 7475
2425 25862 25565 23248 26450 581 16626
2426 23997 24449 23058 24128 24763 23598 25636 17326 12901 13118 8315 25826 18550 24201 8584 14813 25091 24812 5177 14244 23776 26149 3956 935 10955 23132 8888 16861 21301 25345 26738 26722 21060
2427 23926 21481 25582 20979 24473 25067 15725 9130 9160 22053 25111 6951 7795 10431 25860 14631 5918 25031 14658 14436 22976 22674 7591 5152 5678 13028 10340
2428 11017 16654 19868 3884 17869 12912 17987 26846 26899 9372 12568 12995 8797
2430 4298 16305 14338 12326 21268
2431 23207
2432 20263 24944 22263 23805 23865 24521 8494 12900 23659 23707 17071 23330 22352 24762 6290 22600 3740 8691 15199 25481 1098
2434 17883 14266
2436 12107 25119 15594 25707 12885 17110 24997 23890 20174 9736 10169 829 15726 25025 12075 1482 12245
2439 14600 10317 24236 11310 23940 20442 16408
2440 23400 746 17752 8219 16964 14519 129 23970 17568 21649 1305 3007 911 20006 3378 2357 18131 25653 16691 17891
2441 3663
2442 3151
2443 3936 24490 26207
2445 3390 8156 7516
2447 18061 23486 12718 19595 18876 9700 8674 20833 8115 8190 10425 22304 6480 24531 7165 1927 7564 15278 25855 5533
2448 20387 24430 12409 20106 16082 7545 14552 6885 12332 4926 24088
2449 22926 24836 24524 23050
2450 22221 25621 25488 23376 5257 23206 19515 1784 10037 23558 109 1984 22698 7732 6116 19537 12320 9596 6251 4636 7681 11104 1574 19318 19595 11455 613 15951 14815 3040 24465 3250 19549 14988 15842 13570 24065 23234 5054 19654 19520 10938 12205 20789 7965 15 5036 24062 14413 23640 7022 9330 7256 9312 21151 13455 17931
2451 22461 11598 23495 22892 25386 9263 24126 14862 25038 25600 9740 220 8237 23143 24070 9031 21656 14427 737 1280 23997 3643 4858 1012 7750 8090 1088 944 24134 2557 362 4977 1187 5172 16461 792 836 18532 11277 899 10199 4935 2878 23295 7944 2195 6966 18627 3477 4285 809 7952 639 13104 26397 2556 7757 840 626 18605 17292 11089 871 10591 1295 1645 7957 23690 915 953 23828 15026 7492 16941 11077 2734 22895 16244 3020 1395 7253 14004 9062 4579 2761 17239 7629
2452 13276
2454 21128 6456 24055 9462
2455 24469 20918 20563 1288 6298 24233 11947 13442 8342 13078 18909 2988 19882 25849 25872 5662 10992 15822 4715 20334 11038 15121 3482 13557 2627 24068 1948 1152 6291 10781 16003 19140 20543 5023 3240 1513 5547 5541 25550 3516
2456 10170 24820 14656 7350 8365 20099 1945 18890
2457 20093 12233 7658 21098 25872 24947 2459 2494 10544 20611 9944 14013 20557 11774 19428 10164 23012 14681 13940 17629 26023 16052 26209 10154 23370 23151 17389 26598 8058 26919 15862 11099 24985 12870
2460 5945 15065
2461 23699 23206 6926 24924 26120 9051 20456 17179 12347 15067
2462 10209 5863 8665 18384 1515 12696 9032 20122 15823 2274
2463 26336
2464 23694 11604 21733 10888 4401 25706 12347
2465 18845
2466 16275 24533 8097 25322
2467 226 22761 23392 22304 4556 7012 20851 14777 15858 26175 14604 25501 7956 4993
2468 18717
2471 18121 19877 13192 22144 25040 18064 23371 18229 21847 15145 5005 23936 13086 14091 20467 6609 24723 12727 26011 10209 11515 8193 18689 17032 16816 14899 26207 13876 21773 15998 26565 24830
2473 12933 9547 21824 4622 20917 15980 5371
2475 15798 13427 4497 10273 25184 13589 7591 25723 25258 16532
2477 9084 1342 1807 4303 3683 12650 10173 26580 9390 5121 13983 23847 4903 9505
2480 22605 22876 23391 24589 23117 13629 25141 11016 23714 14299 19460 18289 16537 18558 19303 17840 26129 20582 24161 3306 25605 21375 8246 21826 23301 13022 26590 2376 24965 20180 13365 10184 26714 18249 17048 3259 26682 26504 150 6409 3467 4207 26920 10123 8832 23690 11947
2483 1327 22444
2486 24984 8778
2489 14067 6727
2490 9314 11515
2491 24020 3144 4981 2269 4682 14385 24838 256 5639 10864 23483 6719 24865 26399 18212 5606 11085 8235 1925 5488 11375 16776
2492 25476 23926 25060 23047 14650 3515 10612 14165 25857 22031 10958 13032 22845 24523 25820 25699 25995 16918 21984 21822 1768 11109 26040 26127 24266 12976 23857 21895 22891 20369 24288 26090 14380 26327 26315 24281 23918 19198 24089 26115 16761 26247 5657 26552 21297 26550 26662 8038 26405 17654 18544 13554 24600 26842 26909 22254 26903 22264 26113 26884 21132
2493 15709
2494 24638 15844 23449 25872 23838 5706 17966 12282 24934 7974 20379 16876 19913 18446 24495 26478 25195 26919 23322 13001
2495 18772
2497 20106
2498 16039 13553 13574 19532 6965 25681 9944 22310 15951 22897 23634 26465 13360 24184 4986 6251 19413 13067 15030 26346 18718 18477 19270 18903 4098 7234 7249 3080 17440 17473
2500 5635 23641
2501 14453
2503 12227 13264 10359 1055
2504 19922 24528 1956 2642 782 13308
2505 13439 19191 7231 16798 5154 18722 771
2508 24117 25535 16882 15205 18758 6358 14722
2509 23047 25439 14165 23053 24214 18740 10701 10301 11635 19850 10612 236 16382 21757 25779 25820 25798 25945 1418 26040 22845 21123 23857 14052 26055 26106 18016 26127 19653 26090 24523 21861 20521 23728 22891 24266 26095 26201 26254 26327 14522 26371 22312 26247 2655 26395 26604 26603 16988 26741 19296 2510 26468 15284 20353 26632 16620 26834 1417 1375 15788 26909 3209 16492 1533 26830 2758 7063 12459 21132 26888 6882 16445
2510 8097
2511 882 25038 654 3077 5958 24022 7202 3010 26551 10717 11784 8079 15658 2545 6815
2512 16464 9412 13646 21082 741 2594 23425 20171 8115 20091 23981 419 14904 17119 4393 15797 23931 1182 6981 11267 10606 1606
2513 8648
2514 9956
2518 16902 8756 9220 4171 4861 8479 11655 15143 2558 5888 2962 9782 10829 11784
2519 662 23634 6359 8459 6907 6675 7245 24396 3686 23659 19269 18009 15690 14059 16 6389 21391 4493 14774 7701 6109 12497 16162 24305 11085 2789 8690
2522 12558 24666 21856 3815 21630 25472 7540 13595 19107 12169 22369 23582 15554 14688 20799 14249 4122 16084 9416 20232 13211 26730
2526 21099 23825 24858 11192 23607 25275 7451 25872 7819 5942 26290 657 3292 18 10651 17383 9444 23140 9746 21873 26030 10191 24148 7023 14787
2529 18298 15780 4530 14488 11164 25872
2530 25824 15478 8824 19643 23073 9748 8282 9544 14482 19585 26866 5458 5844 16824
2531 11167 14305 23066 20399 25872 21402 22796 26640 20869 22732 1915
2533 24430 20808 22660 21927 6852 7516
2534 10766 15337 13192
2540 4484
2543 10345 20557 22051 5418 4019 5725 9224 8616 21724 26598 3608 5783 6743
2544 6598 11973 24197 14403 17758 23816 2194 20469 8595 25512 7859 17938 5771 21344
2545 10002 15900 22953 595 17280 22511 6713 15959 12901 7217 15047 13084 11406 9664 20855 18852
2546 25572 8737 8193 24670 15682 19493 18134 8665 12744 8667 9648 6801 7537 4851
2548 8529 16286 18088 26471 20529 20533 16620
2553 19355
2554 21481 1028 23997 23400 2621 16114 40 25095 25740 24001 1924 15119 8387 24184 4442 12481 19020 21915 4171 16827 16756 20369 13865 26318 21139 26231 26239 21911 4247 14075 19544 17260 15965 26714 23471 16537 7324 25280 20264 21483 26363 6406 11495 14261 21545 25160 26294 22410 17521
2555 3005 5197 8619 2858 2918 661
2558 18290 18518 13972 20672 23877 14119 24576 6503 4109 2332 18490 15273 10970 10105 14481 8788 22729 14807 23401 23400 19709 1440 7757 9611 26496 25939 7787 3750 3132 8716 21326 15595 8781 19594 17721 15815 4232 20461 16867 17581 25655 16293 5252 21067 10973 6463 19701 6143 20012 17315
2559 24051 25262 24832 25285 24892 25372 23997 6112 8778 16246 19958 22799 15030 7239 14212 19352 11651 9508 22708 12779 23496 25261 268 22279 8992 14354 26626 17605 17105
2560 13850 7258 18878
2561 10286
2562 11176 23365 1175 25920 1351 23601 11833 4608 2491 12212 24885 26456 7112 1050 26768 22258 1756 14503 26914 13788 22883 4539 10308 5066
2563 25563 17498 10112 24262 12340 15589 22605 3100 10172 21597 23192 3083 24390 15587 17346 26270 25831 17227 12658 3809 6313 4845 19648
2565 17429 2567
2566 15571 24319 3486 12797 17989 8155 24499 3024 17057 25688 25769 25943 24584 11470 10693 1881 26203 18469 9363 18772 20444 16118 23997 26374 3176 7294 26372 11155 5637 8742 21591 3262 22530 7157 19871 19570 17573
2567 3858
2568 4502 18605 14634 3678 20360 4087 15794
2569 2708
2570 179 8336 13474 7717 8251 24457 1509 25824 19783 25872 25848 12042 22521 21411 26120 25946 14121 15964 22878 363 22774 23206 24225 12327 5041 13587 22806 7568 22009 25489 1870 5052 4765 26668 5502 18145 4504 9092 5040 9772
2571 23241 24833 24746 18069 20319 8297 25829 26013 4899 25969 18989 10235 1447 23025 26290 7778 23124 24794 26257 17864 4671 3884 6009 12759 25684 9525 11807 18313 9093
2573 25619 25557 23062 21873 23584 733 11518 18651 12640 23285 2870 24868 25872 23275 9746 20525 15050 10520 26043 18445 15329 26290 19847 13678 26018 10427 9034 14488 15784 26730 6703 17217 26907 14781
2575 23657 11467 24077 23328 5547 1424 22605 23407 23425 25730 13714 4668 621 2349 5042 12281 4845 19220 4354 5236 11649 24132 2930 4234 2485 4741 4111 1668 14968 10533 6960 1581 19151 289 316 16467 3312 10000 23694 25655 12740 22131 13778 16692 9782 19595 17071 17090 19130 21383 13642 13067 26080 23263 10686 9339 16994 3289 4140 20522 15348 8509 1078 1556 12231 14846 1098 9326 21608 19413 8657 16977 22939 1601 9630 12152 6713 2011 375 24142 1594 3886 3425 4499 1422 13469 21528 17581 3744 2907 15079 534 9045 5852 25167 21068 24078 17163 20474 20923 4486 21016 15143 17292 642 12371 19188 2703 8184 5384 725 1042 9708 23797 2226 19481 12270 10899 12148 15770 12249 634 22592 14465 18828 12113 24286 3418 4431 2745 4283 17029 15333 5506 4433 16464 8075 26539 5213 16432 22800 4760 7519 3262 6456 6546 751 10169 2371 5499 905 11881 20804 14324 11195 3961 18766 2735 9369 14978 11607 2537 8965 16993 10765 12322 15345 7482 7145 9868 22211 24116 17402 5363 17170 15969 23805 6088 18432 23865 23886 13532 6762 1810 19056 2742 5579 24390 4219 9148 21394 19537 19476 9721 1291 6199 9846 1189 5557 6965 4447 23967 9003 15315 12302 11987 15829 1546 9146 17144 15320 2755 6837 7204 24456 26214 10978 3873 3601 12830 1388 20293 22923 6328 1322 5493 21075 10935 10475 4698 14989 5796 17483 22911 4087 9894 5850 4573 11705 7015 9552 7352 8057 5170 2833 19523 24687 16337 19654 14534 18963 2386 4717 8298 13401 11867 18458 25761 4912 8372 4489 18621 26608 19242
2577 13022 9568
2578 1865
2579 19426 20896 17118 4084 3629 12517
2581 3600
2583 15716 12678 8407 11161 13665 23398 96 18823 13246 24016 21430 20140 25763
2586 24892 18745 22902 18723 18567 14350 25956 7003 23745 11912 26075 25937 3750 23521 25668 11036 11733 22877 21791 23711 23496 14484 23054 26288 12847 20754 5484 6166 13766 17711 5808 7229 9933 10843 2842 5774 26323 15543 9840 10761 13462 8016 19999 23246 26555
2587 12501 23361 2842 6465 7076 26397 9874 26551 1382 3221
2588 6188
2590 4458 8144 17984 4670 24741 26138 17245 22285 13817
2592 1965 25753 2104 20776 5153
2593 1925
2595 6984 11987 25556 321 1747 23805 2551 20977 3502 17749 20838 14641 23997 3024 22800 22784 14666 13483 23427 6633 10933 24142 24973 4499 3740 8746 9313 1388 26239 26416 17659 25537 15609 20789 23931 15829 26539 3027 26618 9369 22594 1125 14495 1567 16443 4136 26197 22694
2602 25438 10182 10470 10476 17051 1087 20549 24490 13206 259 8043 249 3063 20565 300 592 20048 21867 324 25699 15132 10684 5221 3936 766 5093 5441 2048 1244 24442 2925 9465 1340 1851 1787 2653
2603 6985 23655 2517 7628 24779 23997 23516 17158 11256 23277 23883 21179 24137 19015 14234 22811 18237 19753 15026 2685 24887 21157 21273 23380 15237 22818 16296 14715 21741 10895 12658 10159 16464 14873 22496 2345 16531 9148 26593 963 14913 2178 23692 12818 1036 4875 2512 20288 21022 13604 20264 19064 3308 15887 9369 23648
2606 25719 24995 25237 24134 7693 7006 5478 23987 9476 6701
2607 44 9830 25727 19956 23476 16766 23874 10393 21491 17507 1724 1683 20540 8620
2608 1850 12843 23538 268 25784 11070 10717 18618 23328 21404 4915 11217 14752 10500 20931 26225 18247 25227 26714 8957 6679
2610 6517
2614 14663 20969 19203 17949 3544 4860 6321 890 13882 24833 15834 3673 11370 17418 20756 10195 19723 18006 10119 14362 21806 17937 21088 17360 12726 16150 17272 20482 7771 981 14482 14142 10993 21751 24310 8615 10894 20882 22235 24018 19387 10657 26777 17000 26826 7334 2180
2615 16104
2618 2755
2620 4542 8350 19799 5121
2622 1173 9434 16784 8098 4938 24132 14744 25352 26130 9944 5340 21075 13588 5052
2623 4410 5354 23245 10770 8687 14154 26320 23920 18446
2624 25439 23053 23047 10958 21960 25779 22987 25010 11567 24716 25795 22752 10035 14052 17261 20521 25953 26127 26238 13140 26162 26254 25629 22845 14360 26584 1418 1692 26883 26909 26888 26903 13683
2625 850 634 24184 5637 2122
2628 2842
2629 7793 26042
2630 340 20559
2631 24598
2633 16937 10470 14303 14562 351 11633 21646 18890 18895 23013 24281
2634 19822 4844 19978 22895 16148 15466 20158 7099 10866 5069 23675 10198 13573 20161 7931 15894 13981
2635 17784
2637 16711 24184 1150 25937 10718
2638 1476 7921 215 21163 15221 5720 2160 7331
2639 396 14441 23894 13922 8261
2640 25737 2689 16248 1853 23693 16594 17389 2370 26140 1400 12227 11774 12870 16902 13498 4777 22580 3999 12325 24927 9984 10480 14013 23892 2238 2274 6487 11515 20525 9034 18177 17508 2894 26450 19710 26648 11484 7223 4076 2094 24523 25789 8395 4694 8274 22806 1857 18134
2643 18895
2645 2340
2646 17167 25164 2886 16261 24132 5353 18872 1664 24048 23697 23676 13401 15237 7841 529 14989 1153 24854 4685 11481 2505 19131 567 4433 16300 25855 20263 7518 10938 14050
2650 8877
2651 21705
2652 20869 15695 11187 12007 9084 7658 8566 19910 6609 9090 25938 22806 12912 26436 9016
2654 21083 2842 19191
2657 16902 23029 10686
2659 6973
2660 186 9331 23794 10505 7279 12269 18939 15675
2661 8173 21678 13505 7668 18229 25404 20028 24533 3707 13958 10207 9191 9084 9784 9410 7877 19265
2662 18298 25318 8654 9797 12317
2666 11579 24943 11633 25794 18487 8619 14061 15822 25837 2716 26207 4026 18559 3395 26849 23469
2668 3071 1359 1045 217 4409 1690 5782 9600 1694 8309 9740 22268 24551
2669 24040
2671 6117
2672 23052 2879 5266 17875 20290 23787 1139 6129 10199 20203 23784 22976 12081 25146 19031 9836 20317 14280 8261 14515 21712
2681 6251
2682 21079 23787 24913 4964 26120 24616 23429 25520 22912 3617
2683 23811 10201 22251
2684 23058 19545 22697 15714 20540 23292 7555 21773 7926 20816 19116 3938
2685 11793 24986 20290 16148 25870 24451 10984 22817 20968 10371 25317 2274 26673 14421
2686 25264
2687 11012 14412 21663
2690 7034 26399 20060 9176 19277 23659 12676 754 751 13736 5400 5229 3616 7133 13054 7204 14616
2693 22393 17440 7070 8163
2695 23912 20117 18787 9513 19149 8349 16873 11142 24132 23195 16283 22511 4218 1719 23967 23987 13448 16089 18192 10238 25238 19537 3751 10706 18405 16549 17292 9452 17667 17372 14841 10710 24161 24944 16261 19523 19701 4187 16030 2582 11746 17038 7885 17573 3919 21239 1957 17985
2696 10560 3091 24642 23183 24390 18972 24868 25616 10641 20440 1320 23040 25704 25483 21133 23694 22799 24187 25275 21960 23926 25700 23895 23783 23332 24817 23832 19122 19688 11126 25003 16014 22887 9491 16136 18210 13460 12962 25892 3813 24280 15729 12655 22240 16296 25418 25886 25145 16549 25977 23231 15822 20412 10344 17804 20943 14512 595 13225 22686 20486 7495 25900 7046 9939 26003 11977 17144 23880 16172 24645 8039 17296 21178 6836 18587 10058 13931 15921 15314 12422 20174 26671 15670 16113 26415 20901 11672 17676 25160 5744 26818 13544 20180 26421 26543 23062 17496 12065 3188 18327 13748 26700 26899 20838 16087 16992 15414 12496 14969 16380 24177 14487 24170 25610 3426 18743 10999 5175 26560 15872 6725 26920 11596 26235 23081 4349 6161 13843 13847 8670 21599 18195
2697 16806 23799 6667 14301 14074 7585 22217 9547 6523 8697 12040 4543 18949 25620 26497 8192 19017 9348 26849 26914 5424 23682 12300 1711 1995 23028 1683
2699 19676 24214 10808 22876 16171 24868
2704 14000 20164
2706 9547 17935 13470 6299 7879 2707 7213 25322 21999 26783 5556 8313
2711 26320 2355 21769
2712 299 24944 25546 24260 16201 2320 4067 16457 8496 258 7197 25045 24048 23652 10472 17031 5013 23019 10883
2713 24423 18817 24782 4187 14715 20602 10459 5282 22170 3851 24679 9706 23769 21445 603 3740 2911 15701 9999 7285 22492 11029 3263 18854
2714 10470 10766 8542 10810 397 6940 16331 26011 20300 7135 14962 16836
2715 16278 19823 25533 20164 1343 4608 6716 14337 8738 21847 25168
2716 24053 25744 702 20119 23805 23448 7457 19253 18086 19393 17393 25231 6119 25903 8039 19736 9369 24052 25290 10906 9746 26294 9630 22874 26465 9662 17145 7432 21865 7766 12487 18743 26766 22906 3031 26762 7562 9615 6155 8543
2717 10470 10321 10766 297 4950 4034 7925 8279 6784 8501 11999 10885 22796
2718 14638 10347
2719 23185
2720 8862
2722 25269 13410 5944 924 17537 21831 25278 5275 7266 19063 26438 4527 18258
2724 7078
2725 19193 15146 25899 4486 5690
2729 23441 2509 26500
2730 23796 3740 24737 5400 25018 13507 20115 1235 8482
2731 2906 5443
2732 17212 12124 26866
2735 1115 2146 7321 12204 21867 9048 2641 3388 26031 790 3164 1492
2736 23739
2737 2708 23407 6347 15118 19390 15814 17405 9782 2093 11594 13408 17930 23997 10714 26917 8803 24997 13659 12676 19097
2738 23790
2742 19495 10470 25622 21806 10731 25647 23426 25699 16935 25439 25823 20553 25861 22488 22266 22869 6584 24523 25953 4532 26095 14235 22031 26118 26254 15613 19723 26326 23728 16119 18677 24089 20529 26552 25629 26662 10849 16257 26909 15788 26915
2743 3394 15197 23659 25018 3080 10425 20886 5968 25362 8555 14103 11272 11810 3300 3131 22270 15606 25352 3470 9846 20204 4408 21261 3526 7244 5314 1419 6634 21046 847 9243 5325 11755 23483 17531 8759 25855 3436 3179 20626 17458 16585 393 3304 2034 5190 13886 9272 18775 1896 2544 17384 3425 20296 18762 3616 4387 22493 14081 14616 10774 6965 16464 23384 21071 9944 15869 4426 7352 15761 4881 25681 2505 5099 23640 22939 24453 26854 26869 6046 20115 21294 1932 12194 1615 25088 7858 10751 6960 4441 1535 4288 6196
2744 12615 17658 16160 19197 23018
2745 17038 22011 5668 3526 6969 21403 6187 17255 3616 7009 11570 15761 4881 21071 14774 8520 9944 8508 1842 7342 17384 1914 14815 5356 13886 13010
2749 16491 12667 24839 25981 24852 23480 14375
2750 4656 374 8773 55 530 2850 2156 23323 6954 1825 6931 331 934 2104 5400 1891 1265 274 25522 1657 639 1003 1228 2844 23361 1421 3037 5789 1599 9318 738 12961 11773 11288 330 5556 1151 2691 9301 2695 2493 16308 16741 1992 2437 2120
2752 23550 22932 24839 23169 20695 25725 23480 8088 17809 20961 18118
2754 5561 13573 17532 10366
2755 12838 24201 14798 24187 13633
2758 13192 704 25872 12000 4241 720 10219 26138
2759 7534 19236 20454 18134 16739 9433
2761 7879 15243 9547 1452 21944 4268 2197
2763 7851 21312 2547 1781 24606 20969 8619 18770 17113 10666 8026 23225 9600 25794 25862 10353 25478 14126 13561 25923 24281 2006 6962 17091 10442 25847 19603 6481 3165 25639 23268 9159 14000 13155 26290 23436 18101 26264 26548 4440 24714 9484 26588 26619 26670 2180 16007 12808 1743 24811 25399 22888 22282
2764 2530 7161 391 1483 4918 25137 378 7410 10449 20880 14461 11923 5785 389 7634 15736 9227 25308 24744 4665 16097 23494 7851 22912 15953 4964 9314 20319 13194 16476 21554 9504 11931 5924 17894 18591 5321 8461 19901 7926 4473 9833 20138 26753
2767 10470 23916 21999 11343 23219 8309 1 119 2521 19747 26398 1683
2769 11321 18684 24473 18481 1694 19768 11405
2770 9019 7851 18329 5892 13469 8193 7545 11901 6121 4726 26241 1047 565 24579 9133 6715 10303 26670 26783 26650 6667 4430 21124 3928 19944 24066 26638 24701 12035 25884 6553 1995 19427
2771 9019 392 5631 20371 7658 21761 11716 12471 12477 13559 5406 20391 9032 19822 22985 17532 23518 26398 20364 7746 4043 9390 24066 16193 4163 26629 3124 19446 18691
2775 9257 847
2776 11488 14299 477 25111 5611 23779 5719 24386 44 23376 9031 9568 20393 25056 24526 1 851 8964 18240 22239 10223 5867 16412 17554 16106 23406 24967 19004 4204 7771 13189 1260 17272 9805 4299 22913 18356 16398 19706 14844 12135 4009 16022
2777 23039 22305 23400 8195 12297
2778 19865
2779 24898 3068 6784 5179 2370 8542 11525 6564 3482 938 15526 4318 10881 17993 25213 25661 3488 22732 13809 18269 9749 13562 8605 19432 25870 21927 3041 19301 26598 4093 26919 20223 18865 20030 19955
2783 1687
2785 25330 22051 13731 11599 17537 23012 25018 10109 18755 21359 3707 20371 7548 14355 1 25872 20581 21436 8264 4460 13486 12154 5225 22511 23284 25849 23805 25088 15348 1493 11768 8501 9119 20858 583 17235 16996 26031 19947 21847 17508 3958 23702 22996 3439 8773 18496 1870 26558 4938 12727 3842 4729 24985 24956 1835 3804 9394 9159 15165 4469 26673 6217 9118 25572 8764 16120 9121 22040 12163 15903 15693 14036 18673 21021 13192 14549 22636 2806 26565
2790 8732
2791 21501 25690 8534 14671 26397 14247
2792 25435 5257 12454
2793 4775 17152 22629
2794 25040 8869 16878 20506 21887 22334 21787 1385 22735 3332
2795 22892 22876 23587 22550 10983 23712 7449 16284 18146 16691 13069 7970
2797 44 24397 6370 6598 24379 25389 25114 21032 13092 15995 21561 9086 25849 25872 22288 25805 12933 1365 1278 2714 1009 16591 13855 25668 8778 15822 13410 17937 4883 25685 11929 8251 12043 9430 26452 13045 3169 19892 5 23958 20315 12715 9822 11384 13241
2801 17556 15813 3079 7375 26843
2804 22481
2805 1223 3791 12444 8856 24973 18632 6290 13280 21138 1042 12215 11297
2806 734 18235
2807 4675 20583 17285 3759 23178 333 10999 10120 22022 8153 2869 22162 16365 14299 25605 23667 494 16243 4046 6678 21847 5424 659 16484 1281 2257 19621 26160 5815 24868 22375 12492 25366 7001 12273 6446 16992
2810 16275 17532 2657 7899
2815 16057 26465 17405 11002 4861
2816 16135 4303
2817 24523 24390 22047 23805 24323 18020 16318 1976 22279 21338 18355 771 8756 6506 24973 14901 4778 10540 22849 1328 26059 18469 16038 21204 22945 19161 22388 18252 21185 3044 22314 19614 13225 21536 22394 9785 26421 9369 23202 3515 19431 17280
2818 13027 8816 11987 12670 15788 21545 3525 6403 7165 21299 16794 98 26239 23805 22889 16432 26303 16961 26231 19654 13593 16982 5557 3616 5501
2819 10440 14884 10767 11699 10910 22564 17467 23310 23930 17090 13288 19405 20386
2821 11902
2822 20300 24214 19723 22343 21692 25782 23854 15931 25959 25874 19296 14895 20847 11957 26217 26365 21806 22650 26349 15929 22898 26501 19509 14333 26535 26519 26662 6325 26468 21757 18137 26665 26834 26842 26903 23537
2823 8985 13809 11558 16216 20326 18865 21729 12995 26478 2237 23322 8121 4381 18139
2824 22503 24623 1747 13225 9606 23087 22279 21810 22605 13663 8479 21041 24123 8440 12646 17634 24342 19563 1254 18743
2827 16986 23666
2828 20283 9302 21287 25794 981 734 25533 12465 26312 630 22245 4539 7755 10384 20055 15233 24794 11608 21770 19028 2251 14438 5992 16705 24402 5012 23846 5296 11979 10861 1683 13330 4990 8442 25457 14510 24750 2945 3636 2999 23706 13264 5774 26861 6921 16468 26708
2829 5143 5625 1089 19400 26502 24644 26686 14183 3408
2831 3408 7 9385 6459 25590 8342 14264 289 22540 4094 12658 17586 12561 21826 11588 4926 4244 8369 12423 7937 8385
2834 22217 24343 24723 26011 17627 7746 21144 19824 20250 21414 12285 18113
2836 6594 4980 25840 19992 23681 25824 15465 25849 26156 15925 15668 12320
2840 25471 23053 22046 22839 19723 21973 10612 12981 24643 6598 12545 18538 15997 16705 24213 10958 25820 25840 23306 26127 21822 16751 13830 26122 15931 11584 14052 26095 26365 26123 26254 6487 26217 24569 26078 26284 10992 24451 26501 22459 22875 3093 26508 26657 26741 5949 26732 17699 12188 22276 23563 26603 2961 20452 9929 25781 17924 18634 23537 26830
2841 20394 24168 24025 24165 25441 25224 15335 19367 21992 7034 23234 7981 595 21805 15310 22412 4344 16350 9150 3381 14744 13360
2842 14893 7367
2843 22895 11516 24794 12794 13904 23759
2845 23053 20290 14047 12346 1418 16212 14522 24643 25795 22509 25779 25820 21861 25959 26077 20116 22752 24288 26127 14165 19422 18016 21760 26365 2805 11501 26315 24213 26162 26254 24266 19395 12668 26429 26493 26600 26666 26418 26657 12188 26665 22489 26796 26909
2847 25446 12030 12672 15570 9814 10643 23997 13311 25668 15763
2850 887 8545 8648 5049 17310 5782 17051 21454 16275 16996 1769 11146 19326 6103 895 10032 15443 11514 13984 6609 8669 7545 4357 3735 8810 3603 4950
2851 8199 23925 18137 23420 25872 389 26011 1842 10691 14472 11546 7059
2852 18900 14408 20487 26207 9409 14482 1180 3985 10102 12073 23296 11952 15202 18776
2853 21546 3024 14641 15747 22694 19234 26080 26499
2856 5751 8698 23788 26061 15836 15822 26203 18611 24411 25881
2857 16374 4377 24885 16587 8589 5649 14325 26448 18396 26797 4189 26467 23861
2858 4834 23458 7100 10585 22318 11690 24127 13121 25766 23429 10034 7454 1169 12658
2859 879
2862 4034 16479 9547 8309 15978 7979 21287 6121 11171 24800 4303 13452 15755 26843 21414
2863 2919
2866 9623 24655 22335 18628 14695 7658 9032 12317 13047 12973 21681 21565 2336 10258 13573 24343 22016 2799 2274 15233 11156 20287 24975 26096 14152 7112 18075 12095 8684 14549 20526 20623 15738 22998
2867 6183 7374 6480 22282
2870 13417 24587 9408 9582 24544 14247 18890 18417 19882 12567 23179 14645 23605 13440 18758 23185 3023 22477 4671 3716 5922 15665 15675 12398 11251 13059
2872 2842 14578 13309
2874 10767 1945 9024
2876 5952 16382 26062 22078 22758 16687 21120 22047 6307 2786 22209
2877 3267 1291
2879 11398
2880 10257 8255 22531 13182 25449 13167 13565 23763 8756 8762 16263 23466 8786 16975 5493 7416 15670 15869 8134 10890 16549 7720 18743 26526 10475 16223 7297 21520 18170
2882 11282
2883 1470 6508 12052 4816 19267 19895 15330 9807 15193 2179 13688 23144 19333 25676 2211 24523 6498 942 26479 21961 7356 21723 15391 24158 10464 16887 16069 20910 19966 10652 20625 19786 20898 5372 7678 4809 25021 17070 25244 26759 19572 12576 20832 17892 9981 21126
2886 5751 6112 25364 956 22797
2889 24685 25275 17458 18669 9454 16885 22658 5400 3649 24546 20820
2895 24385 186 15434 10120 10121 7667 23682 3981 2222
2896 20518 25328 10711 23273
2900 4582
2902 9818 3795 4157 17997 7340
2903 15980
2905 10766 8545
2906 19822 10445 16305 9729 4410 17614 7658
2907 13797 24577 19291 2049
2908 12206 23765 23053 25758 13748 24459 10035 14052 23854 12545 21984 25959 18677 9120 26060 24292 19296 5774 12715 25912 26040 25953 26095 15931 26254 22891 26158 26365 12747 26395 17699 26508 26605 26488 21757 10708 14217 26827 26260 26823 26796 20529 26893 26883
2909 10852 25180 5364 18050 23319 21019 21021 1912 5698 25872 7201 4859 16159 6926 652 11249 21827 8862 10328 9778 4984 26571
2910 15288 24114 24491 25849 16756 1474 13617 7173 16464 9456 26791 14672
2912 18698 13022 17826 13994 24599 26461 12150 26840 5381 3786
2913 8350
2914 6903
2915 19335 6819 19922 8712 9104 10632 10542 15176 17715 1687 6531 10199 13139 8310 20128
2917 17879 15272 8872 13824 3682 11236 18062 12001 18922 8519 7147 17092 17576 776 24882 19339 18891 2956 21712 18197 7534 23375 24269 8220 19643 25258 13263 16853 1964 4719 15893 3510 20415 8685 5050 11024
2918 21360 20676 15427
2919 15253
2921 2465 19660 4845 9330 8856 18560
2924 5026 14600 5811 15095 17368 3173 15041
2927 1302 25111 23815 10033 25734 15026 18289 11541 2129 18295 9793 23209 20757 23458 8497 17326 13444 22199 18550 19977 11329 3148 22214 20330 10420 18349 2611 26340 4098
2928 15645 15644
2929 13814
2930 26392 22738
2931 10333 4331 2349 16991 10475
2932 14759
2934 1027 17174 7646 23146 14572 25356 6117 14627 208 25682 8342 15006 20238 15154 20469 25700 20365 3224 3617 7711 24787 15086 24741 13293 9749 1385 22730 9032 19545 24290 24648 2354 3119 7614 6659 7773 562 8738 10617 26294 8859 17409 9124 22371
2937 79 23993 23022 23978 22949 3229 19223 16977 20162 20282 26009
2938 11615 13850 25535 22145 25028 15317 25620 24924 875 22301
2940 10470
2941 20705 22554 9848 19108 22741 8026 15495 5791 1224 4728 10872 2061 12632 3019 9689 18840 22124 7475 8246 1935 9609 26300 23488 4534 2292 1476 7921 18969 6978 3870 15358 13251 5536 8180 8668
2942 6733 1065 12314 12687 4303 17908 8501 25673 12602
2945 12271
2948 10767 12317 6306
2953 10716 12873 24352 19960 5836 24317 25872 1865 26042 17943 14342 19822 26011 2613 26207 16331 9620 21414 18277 7065
2954 23386
2955 10767 10833 13533 21654 19790
2957 3708 1527 24616 2383 23275 1414 25598 6523 471 9239 13115 16222 10805 3086 23952 12709 21665 2554 20154 8415 25264 12893 8697 17878 2970 10080 20808 7606 10158 5526 2691 17089 2160 24986 5418 465 10786 858 16039 13006 17262 7680 720 668 8246 13376 9609 958 26565 26619 26638 26667 26699 916 5815 26715
2958 3964 23160 5479 21270 1224 23503 26471 26778
2960 25872 19487 21934
2961 23319 11889 18429 10972 25142 24885 17286 6731 25830 9423 8862 17043 19226 2527 6193 12345 6142 21300 23973 7470 6272 20869 10845 21530 24503 9372 15399 20678 11942 8489 17981 5406 26643 1776 2671 9092 17240
2962 25522 21847
2964 1879 23483 18814 13242 11019 15674
2965 18508
2966 22969 24884 13892 8778 25963 22758 9852 23496 23433 7222 20898
2967 21288 21176 17840 595 25935 14554 19267 19044 17496 19210 14249 19221
2968 10855 23997 16252 24380 14641 24333 9369 24682 23796 25085 22436 2349 321 11154 25260 18065 25643 15045 11937 22352 16538 22800 23707 3319 21879 13153 25217 1881 10799 21741 3442 26239 9587 21804 15185 25906 26372 7297 15959 9248 11641 26788 14424 13250 13692 21384 13359 2367 22530 26881 26197 3438 6199 4835 23415 14231 15077 10686 10165 5784 22874
2971 17546 13192 21402 22045 17532 11790 6334 16122 13482 5561 5401 19566
2972 2707 351 23638 7112 24562 10465 20831 10565 10905 1000 2727 1364 1629 577 24885 20487 3116 13998 24281 10597 10755 15894 11544 23759 972 8583 5400 5942 14403 3881 3361 15436 18306 7849 934 3173 5167 26715 1074 18142 19505 26694 12524 14035 26790 5715 12404 11945 23452 13952 24088 22883 21921 20683 20988 1559 9515 19329 25946 15713 18307 25884
2973 21751 25166 10111 8923 25872 19052 9318
2974 6807 15457
2980 22819 21208 20464 11836 17963 21431 15922 11620
2983 17715 7914 4926 26689 22235 3690
2988 24454
2992 23400 25244 14873 9787 9972
2993 5579 8112 18180 18723 25526 17405 21195 6450 19008 16005 18672 22828 1251 624 17013
2994 10594
2995 18439 20723 11412 186 3681 934 1199 4729 18395 6648 10805 15373 25564 25419 9953
2996 10409 7179 1088 5888 9249 1097 2349 10906 6516 2691 7653 1275 15036 656 405 11507 4861 5994 60 9621 13791 4227 6424 26194 6084 19756 9588 2864 19145 19926 2983 26465 24184 2683
2997 3946 20741 14439
2998 7938 16429 5182 275 23699 18072 25490 25306 21144 10423 22575 8761 22505 19370 20423 25783 21803 9469 25107 9032 9746 8552 26056 20600 9749 5778 26235 1178 26216 26337 24513 16690 2920 26096 19372 7058 26907 19501 10495 8990 1712 5096 22813 2274 16336 12089 23936 2671 5414 18931 22004
2999 24799
3000 7171 3193 7451 19722 18719 24283 20911 16980 7412 25312 22844 4953 9193
3002 22231 14930 17952 21257 13239
3005 22006 21709 7752
3006 1197 15823 1065 23958 4303 23682 3760 20045 24506 19005 9212 12951 8501 2788 4572 11298 11966 12537 22277 2807
3007 1842 389 15360 26148 13471 22985 7899 14606 9566 2788 1134
3008 24350 9227 20314 35
3009 15951 11311 3740 23949 8155 2594 15104 18237 21663 8788 12018 11947 19469 12376 11233 3264 343 18538 22799 9083 26294 23291 23400 13391 26682 13697 23480
3012 18633
3017 23946 17045 6680 20260 21284 23787 14384 10896 19327 6971 3347 1469 14299 22199 18115 11803 19472 4927 12810 8016 6279 5574 15395
3018 16453 23933 1300 8106 3091 22238 4209 16100 4057 6668 20003 13967 8695 23843 12963 10114 14173 14289 24232 5812 14057 7689 16549 20939 13517 4617 3992 22980 11626 16014 23372 15588 22892 529 19099 25771 5067 22951 4029 4073 10135 17679 4915 5493 25424 10058 13000 26153 19665 524 1230 5391 15285 1463 2140 5676 23060 2200 20339
3019 24914 23012 9260 5845 21651 19910 25870 26414 25040 26380 26398 7746 13419 14486 21023 18997 22868 24111
3021 13410 23185 22280 25745 22829 18781 24781 4026 25180 25544 25426 23288 9767 21893 26241 19854 19134 26478 26434 25564 11740 24643 24764 26783 4129 24794
3022 4540 20228
3025 3336 5736 7116
3027 2520 15829 22439 10799 15770 5023 24852 4187 25556 5757
3028 14037 9409 24691 12703 21550 12650 11398 15755 11640
3029 25028 22546 6784 9193 7266 11793 10149 25872 9604 19203 23968 8589 4898 9400 26425 16068 7560 11401 24898 21887 9784 6383 10217 17800 23175 7203 24690 20751 15517 18307 14525 6036 13317 8121
3033 21747 20943 16748 5464 24471 4628
3034 10303 13606
3035 2011
3038 13125 23360 555 13297 2264 8433 22193 9680 13455 6220 2789 6242 627 9040 1183 1217 6547 24055 22534 8993 8241 20133 21050
3039 2402
3040 10565 1104 13831 5561 8498 7898 5910 10845 6012 11327 10824 21098 26726 22357 26598
3042 22960 3066
3043 18319 25127 25024 939 6619 25327 13856 23787 13236 8755 19591 9746 24134 10315 9786 23690 21529 15725 26502 8799 950 3975 5034 7415 12674 8902 24187 7289 26774 23637 3600 6488 7929 6128 26855 7965
3044 9875 25872 24741 15732 17682 13277 10269
3045 21402 1960 25410 19702
3047 19797 2657 1332 1185 2424 4828 4994 1033 13640 19290
3050 25713 22540 19598 12104 6164 26766 8385
3051 18872
3052 13585
3053 7240 19768 26398
3054 26479
3055 23936 5319 16637 20654 25872 15353 19927
3057 11615 11633 3920 25554 13538 21614 19158 11490 10353 9400 22250 2260 24794
3061 13872
3062 24219 25275 16850 8127 23678 13036 22141 10936 339 23500
3063 13756 10070 13075
3064 1687
3066 20347 15161 19134 6687 19094 19218
3067 22086 21502 8291 24473 23805 19430 5039 8561 13111 23941 4549 12256 20846 17018 4548 9853 5590 9666 16995 7149 8675 15911 20199 1186 8455 23806 18901 5140 4862 10813 26334 24949 11273 7252 18476 17841 14324 11387 12500
3068 25275 6205 22988 12227 13058 10225 13907 21708 24748 2472 23805
3070 498 4497 734 15549 17258 12606
3071 10470 10767 13883 8737 23323 13562 15615 1303 7484 5712 14342 24987 11505 13419 5041 15894 2806 15704 13278 19399 21773 22546 4879 26565
3072 18992 20249 4475 16134 25562
3074 23805 25556 24134 17819 12401 10333 11995 24779 7471 10978 11998 23685
3075 24410 22217 15643 25142 5739 25380 20567
3076 23062 25468 25110 25564 1815 23240 15972 13661 11386 8026 25848 1960 10448 26596 17853 2521
3078 24320 23999 23704 25393 25637 22161 24747 18541 24433 25052 6022 25113 20786 13338 18925 25170 5898 25956 25411 23171 26502 3587 14696 3598 11394 22391 14873 9267 11324 26889 13697 24201 25177 12658 14306 16708 25560 14271 24590 17054
3081 3387 17104 21141 19344 21376 2030 16281 26551 17669 2085 8425 24341 17209 5766 23957 876 24544 5202 8192 19490 17945 13755 8269 26364
3085 20211 23617 7668 12588 22416 6564 9749 13949 18169 10806 8121 6036 14594 16617 25930
3086 25493 25147 8315 21412 22679 2928 16702 24496 22821 17197 24280 24918 4845 21557 8602 10257 23448 24453 25483 21792 14846 24116 20887 2764 10765 2694 25363 19225 21195 18484 25341 19274 6537 24255 6405 11812 26527 10999 18253 3372 25030 26491 1704 7774 7766 6380 26743 9570 2743 11643 15696 8806 10641
3089 23261 22658 20484 22364 6662 24164 11445 9482 14358
3091 14090
3092 23766 1191 23819 10767 12727 2495
3093 25400 5127 8938 3250 22055 6454
3094 10767 22990 6926 937 18306 8475
3095 21834 20048 7384 25872 12850 15940 4895 5791
3097 25691 25334 21799 685 22927 20421 16746 22308 17323 13656 19674 10531 17240 21850 1797
3098 23712
3099 10896 17278 952 22465 6391 25457 7249 20487 7266 16718 25564 26619 5002 3764 21098
3100 5825
3104 14427 15348 15260
3105 16807 17185 23419 1212 22625 23234 9583 15250
3106 11478 1203
3110 10766 1774 25062 25653 1777 16729 22209 24796 9492 423 25872 14766 22876 22090 23458 437 16150 82 26446 5936 10518 11406 7800 21068 16332 26521
3112 10767 25005 17219 23022 23931 18567 13887 2867 24375 25702 484 5935 20813 7911 24267 19009 17702 3777
3113 19062
3115 8458 5173 7662 4831
3116 15938 13429 5250 3831 5971 10985 21000 11049 3170 20299 16592 9251 9426 14407 8865
3117 23116 1035 19056 17581 22678 17471 19469 21931 24134 22087 7970 14756 24183 23624 13596 17322 22892 11765 15585 24622 8758 1124 418 7010 650 9888 23692 12737 18477 24887 3959 11269 15034
3119 21414 23800 9409 16052 23381 23590 10355 26536 26341 9784
3121 23429 23273 17761 22569 22234 17683 25508 14722 14442 12550 25727 25839 10085 20317 4482 26120 24833 7156 14429 21986 26730 26760 26502 18213 7475
3123 1965 16544 132 59 11599 24744 3517 17364 25400 16619 12289 12757 21465 19783 15142 9212 26120 26131 3805 26179 11804 26222 12558 22806 7521 562 22310 5508 17503 5978 26138 26164 25315 1805 1870 26462 13587 18941 11976 6929 23610 7882 7862 16343 21934 12352
3125 20472 23937 25264 25564 22153 19378 18315 21743 16148 23114 10199 12568 20881 22113 13227 25923 7213 25872 18651 25620 23064 25806 20186 9086 22960 26312 20151 4030 734 7408 20326 3465 26524 11979 26633 22571 1683 7437 2657 17978 11980 26914 24087 12203 24131 7545 125 4611 12480 14362
3127 11848 4895
3129 15327 10695 20404
3130 23894 8872 3148 19646 12589
3131 4973 12808 26068 5636 4867 15894 24578 7240 17508 7316 2615 26461 24202 5041 15165 9032 2309 20512 7082 17239 13546 26341 13398 25366
3133 12847 8790 7007 25937 4597 12058 26085 12013 22209 8744 16952 11933 23735
3134 6555 10906 1943 4643 12074 14628 12333 10518 24767 13880 26608 26654 9722 26738 8716 16700 15417 16546 16404
3137 14730 14307 3572 4112 7817 3645 20366 2836 12525 3313 21345 13287 17837 7010 23170 6284 13563 3420 16013 21588
3138 7928 3686 13242 4362 17717
3139 16297 24882 24498 15522 18064 12141 16339 15894 15397 19875 2691
3142 19288 19815 24870 3130 819
3143 16427 11909
3146 11685 12793
3147 12215 823 12419 7094 18000 16467 16464 9670 18405 7586 7124 10425 14777 5722 23818
3150 3979
3151 8871
3154 24162 11006
3155 3825 349 4298 6398
3157 6992
3161 8872 8026 18890 17188 4924 8763 25062 19317 21605 22259 6540 21414 471 14 20512 25682 12163
3163 20014
3165 19865
3168 17971 25535 25195 25410 15687 22959 23218 24224 24714 25923 5052 22960 4775 17339 22571 3121 4199 17532 4534 25921 5141 11239 13251 1814 7178 9372 23675 26914 26093
3169 22505 21927 11080 4258 6554 10480 24133
3170 21381 24947 23819 6104 21375 16243 4439 24703 16262 18010 26614 10393 8163 26783 21847 20500 26487 7068 975 6790 2363 6076 26877 26908 16986 2158 26811 4656 13412 4632
3171 23521 22361
3175 25317 6078 24952 7366 3197 13031 25368
3179 24781 12801 6716 8880 9607 11094 9124 9544 13782 22910 21225 24774 20881
3183 15126 3167
3184 9034 17934 2156 3311 10199 16297
3185 24187 19681 9896 20408 22776 18446 8196 8146 26529 26795 26802 3678 18241
3187 22006 10298 24621
3189 2340 8063
3190 21091 7211 9032 19629
3191 24214 21656 24185 24587 23421 10227 25897 22768 21169 13748 24664 24523 10708 11708 13228 26062 23780 22201 26288 26255 26397 23314 21311 12859 10393 15329 14977 24124 23367 26502 10947 11491 26619 15206
3193 22377
3194 12294 5532 17443 19405 17440 7165 19087
3196 9513 21374 3306 1009 25017
3197 18268 21515 16537 21420 21159 23604 11039 23659 22897 8050 22518 16618 19474 5173 23692 23400 21805 1875 23796 15413 20446 22997 10396 25314 23912 9230 12792 21355 15815 20977 22163 13081 106 16691 5871 9891 25364 18434 17088 10725 6278 25411 21764 19014 19419 26361 9832 143 19787 13731 13709 104 10592 22583 21350 23950 16464 7998 18085 13615 16716 26714 26229 12065 2755
3198 7306 2137 18375 8432 19522 14094
3199 17255
3200 246 1048 10670 24498 1065 12602 15823 2613 21241 1449 13627 25307 2156 715
3202 13410 18536 22605 25111 12453 35 26392 3226 2543 7319 2453 6687 26889
3204 8837 23137 10766 10767 24924 8545 8350 17235 4607 12381 17068 24485 10465 14149 4377 2931 8589 10597 10125 22981 10233 18282 3199 7190 12564 1807 5400 5633 10360
3206 24781 19840 24643
3207 5892 2348 3459 24539 19595 8199 24251 12374 23127 5103 7415 22096 19017 4611 15894 26760 10230 13410 19119
3208 13383 25522 4632 26538 18231 13443
3209 23799 23455 24207 25441 12317 18426 6856 1324 14837 16382 24209 2174 24134 24589 3617 23805 22011 23166 25769 22781 16041 20115 16756 16641 14756
3210 24628 6941 8887 21313 9434 24396 8447 5643 9551 9971 24546 4863 7401 4149 5280 10600 19925 19663 2785 8722 8593 26578
3211 23721
3215 4889
3216 8988 17440 19967 589 17186 6965 14978
3217 5179 20727 21134 7579 5622 865 10961 4192 3124 6342 6255 16539 13300 11709 7949 7527
3218 25387 21267 22947
3219 13037 7190
3223 23997 25133 16837 24267 24145 25937 24644 14858 5920 26502 7233 7605 5660 9331 8647 18115 10673 23062 6992 23957 16388 524 23639 24947 16484 26887 1570 6680 7515 16474
3224 9851
3225 10600 14170 5201 11703 4981 7043 6881 10024 5668 17082 21106 111 4041 5164 13124 4503 14719 3704 16730 9144 14978 4831
3226 19183 25615 20463 24900 23517 22605 21026 23429 24947 21202 8082 25052 13844 4283 20628
3229 22960 7516 2945 16451 26251 14154 1865 17051
3230 11337 17455 14115 11585 12756 14144 13074 11894 22187 12030 21847 23065 14601 18584 16053 13322 16758 20541 21437
3233 5928 16626 17469 24345 25507 25253 23628 906 17418 24485 6556 13226 16606 24202 22896 15534
3234 14109
3235 1690 1396 9299 374 5658 882 4181 3126 7846 18446 23523 536 907 7122 639 878 2292 23846 2810 24080 1978 23323 8549 19052 1014 2420 15499 1015 1812
3236 10470
3237 13727 17008 20855 12845 389 23240 9609 21061 2649 25946
3238 16085 7261 964 22040 6480 9352 16965 6334 6080 7135 4580 9016 15823 6975 7134 8097 8071 18619 15693 21253 18800 7807 22166 8570
3241 24859 23510 9386 24485 14210 5117 2555
3243 21229
3245 26866
3246 25264 21402 23416 13464 25180 21847 23952 22587 23180 23807 2615 5400 17440 6953 13979 25204 16429 19661 15130 21894 3762
3250 12715 19783 23384 6321 24155
3252 532
3253 3144 24546 16647 18373 20508 17632 21019 17680 19413 20820 10214 13512 16642 19617 22152 5209 10600 6152 16374 7633 19090 16460 26126 22743 640 21104 17004 20296 4760 24879 15155 16947 14749 20597 26696 19043 11570 21485 15148 10931 5062 19255 26816 5756 26514 13361 5450 18453 26792 25197 7392
3254 20508 15434 25488 6420 17440 25949 21077 14535 11920 13264 20815 8196
3258 24207 24779
3260 24898 5656 1065
3261 22466 24390 25314 25595 23843 5364 25145 12655 20121 14981 15116 8800 15851 6475 24236 1095 19667 2867 23355 19661 20504 25925 18195
3263 2298 23778 20576 2382 1150 21785 4885 5691 21039 709 7764
3264 18156 26615 26668 7385 5461 17728 15253 13308 9337 26426
3265 20955 13371 2022 20863 1063 25098 18051 19220 10937 1972 5400 25681 19967 4222 12309 16464 17255 19200 16180 9846 3779 6419 19286 14324 4791 13497 1333 9040 11703 5046 6919 14989
3266 24721 23445 25946 7134 25312
3267 25555 23347 4902 12304 21576 11655 24900 23931 2382 12023 12375 23401 25545 19789 24086 25160 21006 6268 8715 16223 6537 25771 16640 17634 20950
3268 10905 10767 2322 5049 6138 18272 18813 26207 2876 10375 13056
3269 679 10322 1508 1769 7261 1410 5465 15592 4950 14154 18221
3270 24898
3271 2837 2842 4722
3272 22020 25151
3275 7545 26207
3276 128
3277 21198 5633
3279 22196
3281 18962 24175 18628
3282 19007 21789 24833 2749 25651 18514 20480 26784 8163 17698
3285 2174 13887 13567 15605 7884 4385 6551 21043 10299 15869 187 8571 8941
3287 22494 24807 25350 20189 14311 11203 25160 20548 18595 18567 17768
3288 8155 13110 20630 1965 23264 10478 18437 5973 11235 11840 25337 24362 6680 22250 18663 25422 11280 1127 5057 9571 24998 15494 18645 23957 23949 18681 18331 5694 6122 7790 11964 4972 4274 8163 5678
3289 24226 25862 4517 12912 13560 23995 16191 22019 17150 3681 5861 15708 6082 3387 25564 10378 4927 26198 21072 18383 7759 22285 21225 2957 7251 14405
3290 59 5216
3291 20911 203 24409 5147 8026 24394 22040 10276 6784 19384 7535 5791 9385 16718 9492 21896 23230 12460 15492 10225 24885 4325 23566 10509 9550 5649 18285 17934 4134 9556 8897 16868 26068 2214 16617 6055 2521 3061 1683 4719 1612 1761 17409 13940 17958 13511 22420 17705 25288 2657 18475
3294 6245
3295 8436
3296 9329 22128 306 12236 25523 290 18890 19195 23084 23375 24831 24989 13999 7406 17010 18138 19556 20574 22201 9975 17955 20756 20395 24389 19435 23743 2691 7546 12893 8595 14339 8246 5026 5454 7337 3759 391 8869 2829 23900 24220 2031 16659 5956 21208 22010 11992 9487 21121 6564 5233 21402 4155 4257 26111 21666 5181 14136 23320 23641 22985 18142 22866 770 7751 26290 16542 8749 13621 9163 21470 6805 18662 20606 24008 18112 18915 23932 14771 26434 9809 15882 5400 16039 26907 13797 26783 22003
3297 25258 20302 9496 951 11443
3301 14652 19786 14987 20834 683 13444
3302 4653 23303 18233 24604 938 20231 19706 19696 20855 25756 9644 15369 14822 24440 14569 68 8378 9931 8723 9592 13103 6192
3304 6231 9076 20820 8710 24168 2418 2864 5587 12011 6456 9569 23055 14691 24238 26578
3307 6212 24455 9128 23692 17797 23805 22270 15030 23401 5397 22717 6157 22756 23876 22683 23690 19940 24033 23630 18560 25939 1927 7915 12156 22799 23299 1618 1379 1298 632 22800 22400 11728 26120 14537 25958 1880 9988 21220 3826
3309 15775 3227 9012 20813 14166
3310 5252 1553 24543 16171 20335 14389 24973 17359 3617 8342 23953 19274 3479 24364 8219 25290 11266 18768 10580 5751 969 9759 25113 3166 13058
3311 18665
3312 9086 14594
3313 6731
3316 9032 25040 5354 8687 8350 16645 23012 26031 10120 26011 24385 22037 14927 16524 11716 19727 16495 18628 17025 8732 19822 21773
3321 13974
3322 8050 17990 15908 24995 23725 11825 23180 16030 18366 22011 25548 23739 24632 22016 17828 21460 6364 11234 22977 21555
3323 10766 10470 23937 25433 976 23493 697 866 2167 4412 11490 3174 16193 11408 15092 13723 5458 22055 16441 22437 15681
3325 22895 7999 1228 323 1086 22929 5454 2437 21208 8619 23005 18451 18216 9216 25817 958 2905 3128 24464 21816 23957 20855 25559 17684 25839 9469 2369 2476 25961 26290 2826
3326 4950
3329 24209 3877 21137 12215 6557 15043 3151 7619
3332 17532 9729 4751 16746 8687 21392
3334 10364 23492 16184
3335 1103
3338 12409 23175 14626 21256 7613 15224
3339 6295 16699 22650 3320
3341 1679 860 330 22990 2659
3343 17722 3936 8648 18895 7659
3346 25268 21003 7642 24198 16806 26392 7158 10291 4776 12290 9134
3348 10447 11581 12872
3349 22454
3350 13766
3351 25441 9513 24973 19724 17291 25659 23058 11540 23574 2349 20853 14413 25141
3353 23273 22738 25535 23281 20058 23253 6262 19109 26002
3355 11191
3359 12630 8361 23203 17669 23281 17440 24889 25968
3361 16756 12816 12317 13163 20193 25747 19573 13748 20834 25305 5646 68 22305 18549 21288 6563 11756 44 7970 17628 26446 105 3358 8536 11324 18743 15585 25021 13530 21301 10083 18127
3363 18799 25441 18186 13510 16511
3366 25727 24573 10520 8589 16039 14015 7303 2518 26448 5815 23016 5524 5474 16219 1724 8163 8464 1945 13464 21491
3367 10896 2053 4112 15301 10145 10044 17095 13242 14381 4689 15098 12189 6766
3368 9915 17245 22896 5761 11776 5117 5910 25715 16282
3370 1264 1879 19191
3372 23592 21778
3373 315 23592 21997 23805 17613 4546 8954 13217 26619 1608 6244 8216 12569
3374 25657 11551
3375 19961 15275
3378 25457 18895 23794 4303 20642 22118 10364 24490 7756 18890 20207
3379 18118 25649 23451 23058 15125 10301 4919 19576 10221 23482 16293 9338 10843
3381 24346 24491 5082 383 24973 8909 24286 19009 6873 17321 649 22473 25464 6826 14706 21027 3496 16918 17902 4477 6025 416 9287 16551 17634 5493 21114 24284 12658 17405
3382 11701 25507 26220
3383 4046 19598
3385 19150
3386 7313 8391 4578
3387 5329
3389 17874 16374 11489 1065 2707 16153 23354 14154 966 18307 22290 24066 20362 20567
3392 11848 24506 11144 17962 26358 2759 12709 16122 16314 4253 9467 13831
3394 234 9369 8988 1183 10600 4989 24257 19313 10475 17098 7501 8636 16948 20837 18604 25276 5966 11882 19438 10295 19794 3526 12261 8140 17125 7200 24683 303 23660 16402 10575 22933 7143 19521 13125 24521 8656 9739 16434 23707 24738 6232 15332 13743 2575 23675 1864 16023 18993 22997 22697 7127 19545 6550 417 4556 4657 23872 11755 8769 19548 11820 10624 19663 6731 14390 3295 3217 6862 8021 845 8291 14010 10583 12369 26325 11049 8691 20484 17635 23579 9148 20202 26175 6771 21662 26416 6360 14565 10040 9919 21773 13655 20077 13704 24055 115 106 22352
3400 7535 23936 13144 13752 11220 1694 13085 4656 20625 17567 3766 23328 3617 2836 16464 18545 23883 18560
3403 6146 6798 9111 18891
3404 2883 21198
3408 22819
3409 2906 10767 14744 4950
3410 23386 25767 25794 13321
3413 24578 25849 2429 8857 22232 26011 3780 11564 26558 19558 4792 22998 10954
3415 24636 19674 24923 10592 25426 12622 21831 14351 16303 6480
3416 20513 24607 15221 4043 3936 7261 21979 7516 20964 711 7746
3417 25667 10767 18047 26207 3126 10309 14301 1351 25340 25478 511
3418 22455 11743 25776 12381 5944 15607 12765 4303 22113 3607 25859 19884 2889 4026 24985 2317 26144 26308 22960 26298 26241 17742 26320 26138 15054 10323 11667 26724 18348 26715 5910 1683 9390 26832 20870 19511 26851 3123 2223 15631 8687
3419 23592 22840 23926 9878 1128 9562 12195 16096 21460 19733 26285 18612 19352 26841 23400 7943
3421 21978 1315 24066 2657 18471 5141 2173 710 20428 5127 18771 9206
3422 18373 20327 1153 12215 14731 19663 1879 8931 6731 1760 13402 6559 18807 2958 5989 12139 21988 4433 16376 21796 22658
3423 16374 4303 10874 4670 6188 13343 10952 10487 8871
3425 23022
3426 1143
3428 7016 545
3429 10146 9398 15737 26846 21919 12824
3430 25668 1460 17539 13308 2823 5873 19470 17068 3870 21417 7703 14232 17246 13273 24361 14995 2447 6728 10310 11313 6983 8068 25113 12250 14254 2742 6307 19166 17255 14267 1533 2691 13410 1902 10431 9155 23562 21847 24172 5770 25767 16788 19911 19998 1191 15815 19122 22285 12565 26774 16689 24379 17388 5045 8681
3432 24779 23400 16861 21555 8656 8432 13438 18802 21911 6928 24973 7024 25193 22695 18672
3433 12473
3434 25111 24013 25794 24616 2031 21976 6554 22857 26042 1724 23631 1683 21440 26849 4971 18281 17140 16488 1229 18112 22367 10815 5808 22702 23936 22835 9914 19580 4030
3436 13573
3439 16740 7946 15437 25648 3617 978 20799 14892 4001 549 6793 12906 12167 19666 19065 13881 8251 14920 26237 21688 26461 14441 20456 12347 9903 9926 5977
3440 976 814
3442 1758 10950 13940 26598 24255
3449 20855
3451 19812 12046 26074
3455 13475
3458 4610 13045 2657 25039 12602 4131 1583 5442 17946 18796 3557 8869 22282 3800 3173 1245 3982
3461 13101 8656 23805 8865 8383 16954 3234 13429 5155 9102 22665 2581 14546 14324 24790
3464 16628 13887 2140 9702 25709 25979 18775 23472 9782 26226 4588 22790 19186 6268 8141 17749 19225 26346 5394
3465 20808 4093 9032 24927 10070 24982 23936 16589 24745 4953 1323 12088 4427 6458 13373 22985 25436 9084 21705 15233 4026 3290 18927 9987 20364 20810 308 13898 11189 4497 2492 20696 20804 11754 5400 10024 16376 18212 14103 23932 3636 8582
3466 24467 25657 23457 19010 23284 22336 8336 16938 18099 3050 15176 11490 12647 21968 11215 18396 21933 6036
3469 23269 23084 15708 23139 8463 14363 24744 21333 13415 23114 25829 5225 12306 5892 22282 20979 6055 23834 24735 14767 24598 11149 26207 24670 22812 10532 17561 13582 24045 23442 588 23628 4099 3067 20046
3470 10514
3471 17245 12785 19511 23773 25066 22172 11569 13727 18079 13640 19861 13322 23589 20055 10770 13099 10954 15758 17068 21849 17009 15113 15458 13978 24734
3476 20394 7236 26816
3478 146
3479 19131 21706
3480 8517 24794 14254 15805
3483 23700 7277
3484 20467 25290 20753 5383 25564 9486 5423 19764 20222 5454
3485 14653 20456 18306 9957 25794 446 340 18439 3002 16320 12200 21919 20383
3486 25148 11803 11814
3488 26137
3490 20764 4842 1759 7012 8127 9775 22352 23859
3494 21844
3496 18890 25410 16746 25457 14001 17532 26571
3497 11301 6080
3500 1765
3501 12727 22796 4298 10770 6784 20421 4303 24104 3936 2156 7659
3502 13292 22113 25301 15567 19741 8916 5364 17670 5406 1267 18496
3504 19506 2906 10534 10767 7154 310 940 22310 13546 3181 23973 26916 4833 22416 11112 15389
3505 6367 2365 618 14769 2301 10645 23255 378 5355 5747 2497 12360 3821
3508 18157 15466 1521 7267 8841
3510 13464 12794 21042 25839 25872 10857 19766 14794 21927 15295
3513 1503 696 10974 10476 20868 24396 24492 19765 16455 20134 15194 16931 6242
3514 20686 9314 24664 22164 9797 21761 26565 15481 6033 9857 14702 22377 20205
3515 17263 18406 24729 2702 5754 24778 14821
3516 14553 20625 7699
3518 71 25265 8437 24423 8778 10584 6575 8624 9548 24947 16560 7221 7125 3220 18304 3099 20767
3521 18207 9992 6914 17119 12317 9508 11813 22978 6346 9369 17259 20453 9147 21883 12598 12257 24134 24082 9669 2660 3617 16347 18441 7088 25971 9622 20269
3524 23574 11703 12223 16382 25769 15542 6923 4465 17677 22693 9665 8238 12784 21192 3558 16969 17672 21983 16956 16030 19526 22622 4643 23164 23393 18268 23360 24099 16025 24591 15497 12598 3616 15869 4642 7151 26807 9248 24390 24284 7508 22246 15093 4909
3525 11322 11731 6117
3526 24632 2657 20467 7859 21847 9801 12227 1657 18979 14438 24787 13610 17795 6653 13901 22960
3527 24492
3530 1223 7207 9627
3531 25284
3532 24116 23694 14365 2174 17910 14760 16407 6647 8905 24106 20994 810 25140 24544 5743 9115 5173 25118 9147 23470 9586 23097 1838 24403 23128 4657 16775 14143 23723 24284
3534 13175
3535 8604
3537 14527
3540 8136
3541 15434 4953 15592 22282 7807 2876 14514 4895 5147 5381 26290 465 9609 3721 16254 916 8668 2945 25322 2615 26422 18449 1010 19780 9499 3395 13487 14218 16312 21847 2896 26784 2957 19158 25598 5636
3542 23939 9535 21476 1833 7652 26101
3544 24898 13251 23118
3546 24048 1027 25653 17287 2298 8598 864 8409 13956 3247 5632 14761 14913 1266 1849 16565 24134 5025 1902 14298 1871 231 23881 7206 11808 10419 7934 5753 19217 25738 9589 13145 11299 12752 15222 4774 21833 13856 3523 15130 13737 9269 12456 1757 7006 8590 14094 10836 14248 9313 10896 17440 19183 9040 15585 17675 24033 908 23346 15817 14559 9654 1551 11067 15349 15309 18437 11236 15970 119 13658 10522 9764 7880 6039 13782 3847 4188 11095 5697
3547 16674 24778 13990
3548 10791 3438 24809 25217 19640 21576 14966 22897 12357 19165 1937 15878 3852
3550 20173 23805 12086 15031 24048 23692 4374 10918 22613 22518 19494 20992 19762 17431 16879 26066 19080 17112
3551 16472 25507
3552 22526 24785 25685 15979 24507 25578 3452 22466 26270 20438 23297 22682 17759 11070 7029 25597 2188 13181 7289 624 20453 26479 5382 14938 8640 15650 14849 24280 5292 23526 12902 14207 17219 2643 11226 10123
3553 17715 25742 15221 19134 6118 26261 9314 1351 12409 20639 23603
3554 13672 7331 16275 7516 6370 1687 8097 21454 23864
3556 22274 19769 12352
3558 4630 4473 18890 9432 4511 19092 8852 11920 6426
3559 23883 23740 3769 24558 322 107 25979 26080 20162
3560 13075 267 330 15536 3742 8458 21267 10120
3561 25892 6241 12562 25668 11683 8294 12907 25584 11903 17217 26767 6971
3563 24684 15889 23400 22708 169 19327 24201 10230
3564 25111 5896 4934 6502 23178
3565 18946
3566 213 10624 20168
3567 1287 2769 19696 6681 4974 5049
3568 25116 24445 23068 25431 23634 10887 17247 6731 22801 848 18007 13553 23483 20327 26403 16253 15841 19849 25352 24879 3097 4051 22946
3569 4950 4851 18719 1577 16275 5164 24389 6731 9175 1373 2300 20148 5447 24670 19822 7818 7474 9648 4580 12285 12588 24946
3571 25205 16032 18470 19695 23400 21639 1095 22436 16798 15156 14795 16424
3573 7841 23158 1703 5357
3575 25872 5401 7654 4608 4527 23322 18890
3576 8687 712 4213 12760 26207
3577 17460 3752 22306 16086 26207 21680 12317 5829 10421 18663 5191 18256 10122 26709 20869 26641 4257 17533 9042
3580 18127 4845 348 16424 2877 11180 24973 4799 5888 9710 2093 2594 22897 20963 1948 19020 13475 10548 3593 25958 7019
3582 24771 20391 20869 9238 310 10805 20947 18064 25872 1634 22331 15522 18582 19934 22175 4440 19499 12325 23193 2274 9016 26647 6107
3584 6113
3585 22905 15648 17475 20944 19498 18854 21911 12367 16747
3587 15515 25354 24789
3593 6731
3595 4093 4112
3596 5127
3597 7076 16619 24299 25630 17143 6580 10276 9962 23754 2716 26392 21986 23596 26487 21941 11903 7921 8576 24616 16180 17209 15380 1666 4796 13327 8206 3605 20013 17806 3928 3160 16338 26476 9380 16398
3599 18467 13955
3600 12603 22286
3603 1169 4117 21516 2691 26866 2851 18979 5400 5881 8809 8385
3604 20514 6540 19790 21400 26476 16059
3605 13026 24209 21805 19430 23953 20097 1493 23805 16035 25160 22613 23903 18976 3205 19481 11177 14463
3607 20603 18541 8062 24993
3608 5049
3610 7447 8695 11126 23890 25024 13105 4221 10401 22635 18876 6133 21598 23180
3612 20278 23786 16456 14964 25307 19508 10858 12956 1888 9620 26104 679 9032 26138 10368 1303 19893 22117 23037 26195 26737 10628 15695 11658 20364 2239 2767 5944 4739
3613 3736 16908 24525
3615 24491 25102 8778 25594 22378 25049 25217 23997 25763 18565 9963 17349 16711 8207 20369 17540 26067 3777 3024 448 26037 21237 16902 15640 1282 8039 9289 12218 22949 23426 16088 13967 17896 25409 17346 16827 9065 14861 26172 6155 3993 14938 26003 4288 11596 3364 12147 9570 25227 2892 22184 9033 7482 18253 13761 26496 18938 10655 15585 26682 14122 26363 10491 18464 25720 26837 26887 20867 21647 17659 12278
3617 24643 19560 24451 26207 24026 26490 13573 4539 4357
3618 24184 17148 10188 24802 26175 15946 14397 25411 24872 8940 26164 21634 23808 23419 4606 21647 10596 14232 11122
3619 25564
3620 25270
3621 6874 19830 5620
3624 21067 18311 11131 19716 12950 23043 23342 17994 26002 16827 22830 7322
3625 329 25579 24539 15434 10999 21996 21817 9385 10223 20627 12344 9884 25824 21608 25860 19417 22821 19267 11724 9746 9996 20553 21828 9749 15568 15638 20290 26306 17655 26650 26507 16795 26786 2168 9449
3627 24911 10666 11563
3628 13177 16167 17879 26448 11575 7561 9729 11710
3629 25389 6299 22006 23062 1965 24214 11370 24898 11253 20733 8163 16277 1683 8442 25946 23973 3860 14476
3633 18918 20513 20911 12374 1949 5655 13241
3636 7036 15536 24490
3637 4121 7311 13650
3639 1549 5381 1252 3245 2585 6029 17215
3643 7470 24898 25794
3646 18966 25073 1414 24485
3647 25535 25275 4771 25872 15614 21128 9566 18807 13429 21315 11019 19250 3762 13185 2615 11123 21930 16617 22844 5595
3649 5209 15933 20394 6731 10897 7958 18286 12617 11709 24470 3066
3651 3986 2682 8315 15562 12210 6566 7436 23825 22352 11686 9059 24309 676 13063 11506 17210 18087 22511 16964 7003 6828 3642 7289 26616 13008 13132 12826 23904 6508 10946 21564 18546 25584 24973 26700 26818 24699 5882 26887 17509 12156
3652 14211
3654 11609 15447 12358 3730
3656 23934 14117 18719 6334 24317 9381 23381 20751 7899 3603 11534 26848
3658 14535 17532 24410 24103 25410 15447 24714 24602 20158 16374 18840 25322 22251 24670 2615 5550 21977 11979 21140 25333 18501 11401 21897 18761 6193 4819 15523 15894 25598
3659 22970 5976 15464 26436 18120 16277 3482
3660 10665
3662 19107
3665 22876 339 23805 23524 17253 11994 7800 20520 23458 7584 15043 22920 22466 25411 7042 4805 8087 26416 18757 6278 15836 26714 20700 23959 26774 26346 5917 13173 3617 26654
3666 956
3668 7841 14479 14976 10600 19548 2808 3111 7096 11820 589 15603 4475 3478 7034 9268 14232 22380 22297 18762 17440 16730 15098 8240 10533 6442
3669 16031 6201 23618 7284 14762 18167 6185 23675 6564 10385 20702 24250 6317 7288 20249 10721 24990 22412 10059 19950 3342 15841 9661 13685 21807 26128 26854 7577 11467
3670 23242 23638 24088 24866 2064 14916 15286 5147 8276 25268 11493 25802 8463 369 25862 25425 15980 16634 8589 16085 26258 14721 10468 26478 1378 5395 25340 4241 11539 26187 15603 16441 13940 26512 2521 1724 2806 5289 4719 23973 22420 4504 26783 4282 23179
3675 2842
3677 2065 2585 10032 7746 8156 4950 4163
3683 49 18214 16528 24839 19056 23804 3229 15321 25062 18519 10843 12218
3684 15204 11523 23841 26319 25400 118
3685 6859 23141 15006 3511 6399 23127 20400 12921 13859 8637 14873 22391 21987 10724 4649 17660 19786 6943 26784 4966 24489 19027 9997
3688 23592 23013 25699 1782 1965 24290 16009 1650 10773 9213 15451 22896 18622 17245 4704 5167 1683
3689 7746 10334 11498 7645
3691 25314 16491 477 24048 11089 18545 13971 18541 3740 24100 17154 18186 9841 8208 3529 11052 4896 2998 3750 19392 9585
3692 14829 5414
3694 224 8141
3695 24490 12498 24845
3697 24931 15580 23736 10033 17441 8895 11250 6452 12558
3699 15999 22806 6784 8264 20578 5705 22189 13470
3701 24997 5400 23740 17685 22436 25531 15344 22733 24429 7406
3703 24573 12625 20992 9331 23302 12682 24781 4853 23059 13941 18538 11894 6803 25334 23070 24623 26120 23417 15861 19809 10328 5944 8589 16403 19232 4217 12650 727 9010 26471 25 26619
3704 3329
3706 5373 7658 1577 23262 16275 2116 758 24898 19822 10303 2565 23800 6480 18364 13216 4950 6138 4357 6342 10770 10865 4895 13555
3707 5218
3709 10805 10018 5457 22144 23381 19824 10873 9034 20184 17389
3712 17496 25813 6800 19052 20791 7849 8424
3713 14038 13321 1979 9884 25662 3698 354 3540 24795 441 3839 17648 10661 287 2716 25522 19157 18774 2966 23997 24880 23795 2371 25667 2412 10903 25258 14856 17839 2588 25685
3717 23482 17809 22266 24841 5579 25231 783 12595 1112 7578 21889 9656 5077 11297 17711 14560 3370 24852 18899 20635 23867 15590 361 15701 3794 12959 20994 15992 4628 22874 20264 11673 14174 3740 1642 20011
3718 23488 10470 10767 18424 5049 11790
3720 397
3721 10214 2426 24236 8597 20890 1942 9638 16876 3170 2121 8333 13429 17064 15174 9268 11547 24024 5698 5406 1956 23634 14777
3724 11794 17740 16261 21457 1970 19762 1493 1818 6835 20862 20834 14675 16632 19595 15348
3726 16696 2603 11444 5443 7302 18383 21198
3727 18890 8687 23208 14567
3729 374 1756 26158 545 2918 5667 15879 13251 7090 7849 1776 6829 1178 4994 1690 3258
3730 23628 10551 15441 25638 21287 8986 26319
3734 19855 26369 2657
3736 22339
3739 11768 25244 25601 24747 7131 11341 14031 11594 319 16045 21471 24048 22177 2948 14103 3555 2512 26850 20264 15625
3740 24214 7084 20283 758 13482 2274 7112 9729 15198 19119 7516 9784 19822 17574 7746 26670 6718 20048 19358 5041 1865 1899 6554 26864 16433 2521 5572 20512 23736
3742 26207 26670
3743 1307 3877 23866 19465 25062 23400 7865 7136 23355 5965 16366 4711 14846 20230 7105 17115 19149 26446 26758 19871 9832 23890 18557 15263
3744 10938 20798 2703 19313 18265 21046 19097 25731 7939 14976 12156 1248 593
3745 934 16776 23960 24485 11681 20319 328 7845 239 18892 14150 24602 9253 21390 704 4534 7660 2843 789 2657 23682 1062 11164 675 3465 11285 21981 26480 18498 2759 2615 5167 10319 20856 4656 23589 4807 2251 8986 12837 507 12089 11351 26832
3746 89
3747 16277 2012
3749 21380 18890 4043 22096 14228 20135 2167 34 26290
3751 15695 15607 10374 8158 2961 18075 14899 16120 2613 12073 26649 17948
3755 21343
3758 21801
3760 26358 2565 19848 13251 3151 6806 16331 2713 13573 16277 12494 10825 18691 18890
3761 6680 19692 8429 25100 13609 8497 16197 21622 25305 16209 23812 9109 13447 19561 21117 5544 10015 2540 13565 12902 11497 15640 14685 14998 22158 6108 26120 17925 14299 11162 21606 16453 24457 11373 15483 5216 10783 5621 23295 955 19295 10674 3896 5728 20600 9328 11823 20898 26255 1127 18538 18816 24179 22067 25608 12003 17081 19656 26502 3964 9996 26812 15000 8640 20937 11989 7212 22802 23543 22165
3762 5477 12995 7845 21103 20102 24764 11013 22619 23114
3763 6334
3765 18812
3767 14026
3770 2615
3771 17736 9331 24013 25469 25478 22851 8336 23334 18191 24602 19378 13541 4990 25556 25716 1971 4377 10303 25733 5892 20881 24885 8193 5147 8589 11399 6962 25837 25530 19409 12184 18607 3382 18069 12805 25872 20253 5645 20534 14312 25969 1385 9142 6350 1658 1311 934 12267 8430 11251 14618 13782 11974 9081 8859 8442 10136 21100 25607 25419 8814 19946 8592 9746 20379 3156 3165 21174 18163 26290 21269 10603 20001 26280 18265 22855 20272 26302 983 9996 2521 2199 8603 1000 12875 2969 19835 2788 974 8060 10198 976 958 19795 21074 6710 11556 10368 7705 8880 6480 21951 15130 26300 26286 24202 7470 23589 16986 875 9032 26168 12129 26467 26548 26138 25195 5052 7560 8163 18842 720 1533 26518 4145 2251 19019 8275 26547 7456 1683 1378 2457 9304 9336 13113 7937 15322 18776 7772 3107 9576 11231 20799 5531 21529 13788 5381 24820 2961 16773 26799 3395 2094 3465 5502 26220 8306 1905 7023 10392 24723 23962 12282 8132
3773 25073 25522 3367 220 9311 1162 22231 1607 9317 14842 17942 21679 13935 16563
3774 8917 23774 26144 7141 26015 15896 577 23568 8542 6480 26478 13230 10447 15451 9372 26599 8442 17913 3790 26699 22554 14138 26900 14817 26677
3779 179 192 5181 22629 7054 10739 2209 1485 11428 313 7535
3780 25136 26207 22075 15253 26622 12764 4817
3782 7516 4256 4895 9118 13573 8193 4069 6342 3067 3649 20284
3785 10227 13952 21414 7077 242 3307 24594 6913 733 21838 19327 3543 14948 2230 12435 11899 21287 13989 15755 6343 21553
3788 10257 25228 11594 23657 8375 15821 20977 20293 12945 22169
3789 24275 20898 16319 25872 1614 19827 10629 9618 26387 18695 3396 12713 11784 26500
3790 22118 389 5401 16746 12462 24447 24426 12933 16062 25533 24537 17946 21841 3250 14714 7160 23853
3791 12252 4912 14928 22292 12189 6456 9720 14728 24132 422 8333 18901 6152 17632 2388 8828 11170 1938 6042 11839 8555 7149 13647 2662 3436 1225 6999
3792 7440 9925 2246 3478 10600 25678 21611 1669 16261 21046 21798 25855 13145 17064 4604
3795 7973 23392 14640
3796 24350 3356 25073 25174 8736 8824 9039 12037 11205 11974 10903 3023 22024 24290 7879 13767 4568
3801 12227 19990 4518
3802 16339 8654 24395 17889 13343 22903 21225 10646 6452 1030 9516 16701 13808 18417 1724 21886 20567 9580
3803 26063 26350 5936
3808 11332 23417 21040 21543 378 7208 21912 17104 22488 8620 12600 13052 4335 14146 4177 17645
3809 8479 7523 6074 10148 7541 4676 7037 12215 25766 15371
3811 3686 19663 9944
3814 7091 25598 5892 25264 14218 24781 7546 22652 5830 8533 5461 13585 7836 24616 21491 12320 26120 14403 9492 16121 26042 11577 22806 3804 6299 9239 6021 16243 20651 8121 7641 9556 26734 16937 2896 13464 13924 3532 8668 15295 23322 2061 3620
3815 24011 3070 2509 15458 13469 19980 5747 25041 4715 24435 20475 20563 16587 21793 19244 15061 16238 3510 26784 8336 12985
3816 1729 15815
3818 20822 8026 10679 12964 21684 7023 22282 659 4266 23592 23062 25356 726 19621 19300 25002 2194 25271 13058 2816 20358 7824 17599 25849 15162 18278 20359 5854 21335 8356 5554 25230 26670
3820 3077 276 840 1762 8237 11197 220 2577 2306 14570 9657 2826 22625 4609 23824 20193 11372 24613 23517 20248 21434 16823 20595 21753 4947 799 7991 26075 17711 9786 17563 21906 1946 12258 18682 26437 1064 8208 2417 6538 9723 23234 8147 8779 9392 6524 8391 16754 15490
3823 13779 18976
3824 4131 4872 307 24064 2012 2146 22341 19424 2653 2701 1340 1647 2244 4736 1291 6188 8694 21970 5705 23490
3825 16452 22758 5613 20390 6419 3512
3826 7036 21577 24506 148 24485
3829 17405
3830 1813 15587 5314 5086 23678 20824 21134 3798 2505 15880 6456 7536 3526 9058 5222 24429 5346 2733 11030 26215 18183 15518 6480 22665 5328 8140 3616 16376 2451 13803 22374 15227 133 25135 13953 7992 13060 4781 7219 10196 10619 14777 12989 24670 20515 1535 13914 4856 22297 20215 15435 6584 26854 3910 10210
3834 4358 13319 19384 13464 9082 4789 22568 22689 10565 11911 162 14001 20287 18184 5600 21847 12111 25559 14483 19289 26379 12283 26596 8200 22341
3836 22619 24451 24764 20664 25564 22960 11321 15424 3119 25745 16303 19730 8862 26207 21524 9905 5910 18741 26462
3837 25357 21305 7031 12164 18835 19424 15069 20050 15612 23656 22809 20573 23894 20184
3839 4529 11493 11276 1865 21514 10767 17856 11471 6058 26442 25642 7659 3936
3840 17607 9279 21202 20090 18231 23614 10232 6540 25839 18179 9998 13163 6417 23321 18592 10104
3842 23370 25474 21761 22138 22952 18864 21175 25 21941 11500 13561 17240 25872 25864 3277 664 21743 7073 588 9086 19843 12640 7698 8589 9314 22990 18296 14487 4516 9302 5406 26302 17345 24720 12706 8242 17594 3139 19566 25195 16821 5828 20987 23268 25258 4795 1980 26564 1073 11491 9784 26565 9016 20650 17264 9032 25620 18481 8464 875 15251 23381 24837 20681 5407 26629 13794 11250 26904 22998 14927 21773 23453 3363 16473 2238 7082 26919 18546 24655 7587 23243 1685 21888 21874 22636 26648 9463 10149 20367 7889 17043 20413 15906
3843 6745 22896 14228 25773 21233
3845 7735 21155 13086 12709 25809 16525 25564 26367 26308 26148 26615 26461 14460 16472 5406
3846 13540
3851 16171 25386 22860 23522 9109 11360 11618 10978 1473 14765 24523 529 11947 20964 24947 15414 15729 26812 26465 12101 24134 4814 17515
3852 4530 389 8687 13192 22274 8545 13573 1537
3853 10150 7514 17144 2211 2133 7471 25900 23594 22783 8522 4141 15157 18468 6329 13461 6899 21700 16183 12876 12283 7911 17823 4401 12947 21811 18160 14858 8184 11188 11864 12658 9199 20838 9555 5368 11127 17416 9570 13408 19520 10911 23400 5256 5623 9351 14761 16117 1664 18979 18488 2029 23930
3854 25598 1683 26783
3855 18272 24485 21389 17272 17706 23175 19746
3856 22623 22280 17603 26052 11363 25136
3857 10766 10470 18075 16456 15823
3860 23595 11810 12189 26615 17202
3863 5737
3864 13478 22803 21393 16668 9779 18643 3385
3865 12215 10044
3866 2547 10767 9072 6599 23464 24794 1120 246 17235 18345 25872 5127 8146 16937 18633 24295 9784 20751 26840 24130
3868 7683
3870 13607 23063 20778 17015 14897 7568 7790 11752 3466 19590 13775 13578 5774 11031 5525 19532 17569 23227 19540 13008 12358
3871 6647 26044 8231 24284 19520 16285 25919 2594 4259 22243 23805 10704 14989 7151 6853 18413 4835 26758
3872 21113 4319
3873 15569 24489 10375 4303 19453 13410 22156 10656 13467 9047 5366 18439
3874 21680 10624 11709 4423 770 972
3877 14029 20048 25196 9547 17570 5765 4220 8841 22260
3879 7571 24487 15034 20912 20520 24887 24017 19391 2396 16382 15590 19648 23426 24086 18828 10317 17040 14955 16006 9804 15589 23993 4766 10973 13839 21404 14641 13834 22184 11450 862 3530 26239 12159 18374 25227 23128 6747 25831
3881 11849 23387
3884 19896 22719 17837 5224 9559 16995 5588 19663 25903 7966 14777 20674 481 1674 4132 5187 4889 25352 6731 5444 1564 5509 5276 20846 4636 3111
3886 22884 14941 22568 12863 2660 3796 15206 6269 6680 11703 3846 20256 11070 15605 20486 17298 25046 3617 25872 25968 15274 7185 7916 21263 4677 8942 22066 26120 20365 3103 25653 13153 4915 17271 12125 26046 6668 18538 1211 26161 26311 7875 26155 14686 26242 1613 9017 4190 3323 6537 9661 26454 1968 26502 5882 26616 13329 10157 26530 9626 18255 20664 16347 26416 7568 19352 26690 3917 4071 18714 17416 26786 18253 4274 11467 7238 10093 26722 22212 4379 18852 15297 165 175 4650 24612 1711 1735 22614
3887 24236 20520
3889 7325 10518 22176 13592 20162 40 4845 13305 26157 3826 8231 16393 17393 79 23400 9401 12038
3893 8605 10563 17887 13728 16937 2402
3894 14420 19863 10849 19482 23860 22158 20518 24517 23066 24130 9815 23395 9873 4046 25110 25340 21584 25860 22757 18446 24229 12111 24616 19315 11185 13013 12163 9387 25334 19166 10466 18985 7763
3896 12503 22892 24586 17440 16093 11878 18492 14982 17515 16296 21229 20388 11000 23931 13602
3897 10733 2159 9513 16315 6533 24277 14280 22714 15582 12429 20969 5044 14985 15894 17134 4803 26760 14472
3898 17269 17703 23589 24616 20637 21529 19027 18514 5694 1456 5706 11334
3899 404 10767 8275 10303 7134
3900 1317 433 2282 16173 1049 4928 1398 8409 8922 5958 23001 23997 4140 2128 9399 23664 5074 780 5211 836 2201 16976 22897 1627 6721 17334 15590 20193 2550 5495 16028 21199 5579 1937 24048 2003 15598 2514 6367 23805 16047 8639 25647 1737 23740 13799 10921 16811 5957 17427 22892
3901 9212 24400 19791 13573
3903 776 3063 24258 770 21787 3061 283 2869
3904 21113 11551 9409 10125 19627 685 13046 13727 3941 14869 7700 20584 3700 19747 9784 17719 3913 19360
3905 15967
3906 6597 13022
3910 4670 18047
3912 7567 10196 17811 12900 2514 11660 4889 9811 3573 7919 4583 12509 3616 15957 10946 9944
3913 24653 26534 14429
3915 10100 26031 26011 12055 24898 11514 26320 8750 11181 13785 15695 16717 16275 14927 24830 4880 6388 11148
3917 8093 7686 23791 15198 17536 19224 13202 931 9032 20311 19832 1960 24367 3578 21649 20431 10773 24305 21423 3329 9578 11775 12425 750 4469 17286 4172 10864 9720 5317
3918 24670
3920 26490 22677
3922 18902
3923 10149
3925 21004 7516
3926 10671 11676 23768 22092 16881 19025 256 12825 18469 10953 15657
3930 10906 922 16207 22182 15795 8261 4473 5925 5454 5009
3931 9258 1687 382 16746 15727 16525 10149 21743 8589 1351 4380 6926 10998 3023 545 10960 4303 5406 482 2068 1022 13585 6334 16374 972 2707
3933 22910 15284 26093 2667
3936 24836 24485 16558 15367 8545 13589 10156 25253 24811
3937 2964 11924 14745 4542 6784 5960 25287 7883 7240 17419 10199 23920 22454
3939 13520 14903 2898 15041 10522 17212 6315
3940 24067
3945 16445 7801 12351 4005 16056
3946 23898 13054 25098 24465
3947 22961 1365 24736
3949 8576 20186 5354 22712 389 8467 21847 17715 19192 11968 22289 15176 22619 25478 22319 18054 842 14446 7470 9784 10758 875 7135 5498 11401
3950 683 4018
3951 24652 24945 22900 24449 450 23740 23574 16362 23668 167 15401 23883 24759 24247 63 17466 22905 24839 25613 25551 10813 19312 23697
3953 19679 2799 2968 9409 26000 20379 26011 3958 20619 26241 26259 22883 15267 5414 26302 2238 13573 26404 8687 26464 9032 19938 15894 18396 26021 20490 24775 8121
3954 12061 14299 17371 21413 22299 23779 1127 1607 7771 24661
3957 22343 446 8619 1414 23322 24820
3958 25610 19764 13649 8864 3019 25605 25892 7276 25863 24695 5475 10199 14155 26164 23923 3617 14321 26311 16699 21501 681 5872 1260 13379 23062 3479 4653 3188 11550 4473 26306 21402 8640 6017 25138 17899 3249 24440
3961 25322 7879 13831 6235 7969 21856 10038 14041 10403 20631 15037 7470 18297 5458 3154 9219 10861 4112 14518 21743 20918 15689
3962 22253 19549 9240 3740 7186 4248 3808 6843 24048 25236 440 9389 14882 4305 23762 11953 8401 18729 3408 20898 14064 18839 14572 24688 22518 4785 7699 8065 12191 22838 21998 10098 17253 8006 4649 13107 11234 4809 1643 3145 5298 14561 6045 21039 8222 12343 19352 20486 23401 13565 3589 6224 17567 18634 11732 22381 7669 14761 13810 16467 5843 22047 4090 18280 8696 12357 14034 21611 4144 9940 11316 21911 12059 8802
3965 21831 1159 1031 24341 4594 7417 1130 3120 23429
3968 22922
3971 5400 14437 10373 22921 14762 24916 23360 6042 22584 21774 4912 7089 22968 5346 19425 6215 2505 22292 6393 10812 15198 26644 6236 20076 11755 7077 5814 9234 2681
3972 4298 5106 21429 23293 17207 20015 9595 8871 7016 8986 21633 15477 12865 7240 4926 16176 18923 10391 18395 21644
3973 18779 20267 11613 4780 17420
3975 8445 18213 5465
3976 19594 3617 17567 959
3977 10766 20307 17507 11996 22040
3981 13645 19458 16951 7359 23805 22412 3478 16144
3984 14321 21724 17946 18971 22602 11224 7470 17273 21813 17629 4382 5406 16519 22282 22802
3987 19034 15792 5394 10021 14616 14815 22921 23640 11467 22297
3988 23271 23050 23098 23582 23137 6048 17784 25829 23061 25872 19074 25923 14540 9034 19875 7724 1449 10351 10532 20423 18379 21642 11283 11024 4792 22217 15364 15576 4226 17273 26272 15238 26554 12826 16678 8423 22159 26769 26849 23267 3800 19342 25620 22237 14822 17008 19766 5052 21840
3991 6015
3992 17711 19304 23040 17552 796 25557 4468 14321 570 24947 25294 24128 16614 23926 6680 18225 6073 20011 10942 9043 1179 5646 1166 10788 8001 1757 1215 8839 20108 4711 20778 15249 15897 21350 9791 12317 9701 2295 15729 16930 2679 19112 6994 164 24183 13832 21168 4249 5634 13890 16847 5833 7111 19364 7672 4211 7713 25705 15134 7977 11876 4396
3997 116
3998 25746 17875 1812
3999 5812 26255 16546 26738 20681 5150 16827 26465
4000 6647
4001 24820 21847
4002 22605 19220 16206 14739 20540 3726 25101 8793 23675 8601 10523 11660 11155 8930 25033 2949 7909 9898 15391 16585 14502 9834 15320 8522 16144 19020 26186 24608 23890 17356 20585
4003 19616 21225 20869 24898 6188 20362
4004 10935 24390 23997 3720 23263 1986 5788 23657 23043 18274 12348 12937 3222 16382 24375 3836 3638 19323 26157 22790 3350 21379 15846 4718 2406 15948 23071 10701 13307 26214 3408 23644 4054 11951 3371 6945 14490 9424 1808 10892 951 12065 12592 9719 19563 5292 26363 14725 12504 8134 7344 11917 26714 6413 8613 12638 19139 9288 26766 18743 6529 2573
4005 24909 9661 14863 21068 26530 13329 15414 21168 9153
4006 20830 21331 21402 26000 25837 5625 11608 25828 6066 12493 26444 24201 9792 14781 3706 18485 5018
4007 23345 3056 3760
4008 21680 18230 21979 3066 22571 13344 17136 11479 1577 24976 15732 10949 6274 25894 11286 25800 23282 22602 25849 22692 6968 10194 562 13504 8675 13269 26336 16121 23037 16717 15522 22868 20210 26598 26553 25478 21491 26647 24723 14623 26376 19780 16232
4009 277
4010 25728 8837 5916 25589 16438 6688 22399 15445 10906 7971 1363 5534 21878
4012 20394 1934 5400
4013 7213 18890 4303 7112 10881
4014 12109 24854 13594 21097 6771 9174 14967 5470 3719 10510
4017 8545
4020 7541
4021 23711 3128 13222 2285 17557 5669 20992 22877 25839
4022 24048 1502 17672 6550 9671 6862 19680 17404
4024 9303 12227 16570 8285
4025 3269 5578 24706 23867 21002 14469 23423 16029 5788 8850 23712 24219 6207 2242 18952 25771 2076 7512 3568 822 2079 16710 18115 25934 5302 14054 26465 5882 26714 25368 19695 18743 12274 17346 23060 13822 20888
4026 7094 20418 3289 5291 11315 19068 808 14314 12231 17581 4141 7241 13283 9043 19056 8435 3656 17495 12229 3811 24970 4747 12198 3989 20748 23953 4105 10973 11267
4027 5350 26609 17737 1779 1141 12445 25398
4028 16144 21457 8195 1215 15595
4031 83 1102 23036 20129 123 22511 7990 8693 21149 11748 21008 23246 8652 24747 3905 6532 16109 8124 22155 877 786 6988 24523 14343 1284 20333 10441 12391 929 16003 2382 2372 16716 24267 23234 2755 11638 22876 4962 18255 15014 25094 4055 21301 25368 26889 18202 12356 22605 4290 20669 8002 16453 21785 26408 20965
4032 3846 25841 18898 21599 22997 24554 1095 23953 17536 19537 20600 10614 18419 11776 23796 10554 11077 10106 22683 22175 26063 26059 22337 15195 17480 10984 26479 26153 1006 15671 26214 26786 26311 5936 26920 8039 22698 23690 11407 21536 15947 15916 23426
4033 25717 9328 7810 17916 23240
4036 10770
4038 18108 18422 21229 18076 13469 20115 2582 6065 20196 9987 23931 5947 3616 12065 26809 14448 10842
4040 8542 16374 21392 9509 25872 25794 717 14421 9314 8589 16672 4994 7331 26013 12442 26241 23968 8527 15894 3450 12282 25620 7470 26715 15680 22779 15202 22210 25728 21415 20364 26252 8166 20698 25786 12140 10873 6299 25946
4043 8837
4044 10996 7087 23442 1687 10851 7112 1515 7261
4046 26091 11221 21122 17891 23060
4047 15557 9256 12092 7700 16335 22574 26622 18500 17411 26765 14518
4048 23084 23779 15526 10534 19732 19972 3482 8862 24503 5053 1731 9019 17794 18446
4050 24781 23649 9254 23439 13919
4052 16937 16781 11842 16339
4053 2554 7036 25401 25307 5896 20470 23819 3023 22080 10956 17547 22908 22569 2820 19593 18925 23179 26636 13008 10913
4054 15113 7840 6847 10421 16766 6372 10406 8589 22446 22403
4055 23799 19613 14307 13151 13353 16399 14846 16896 17475 1248 9513 11991 22589 9673 17514 868 22969 16798 6046 20461 9529 24773 25140 15222 23629 9508 16641 23692 3733 22678 20890 23897 12215 1580 7034 9810 11604 6019 8963 6837 23926 7471 8198 20471 17170 20970 7186 5521 19260 17205 625 14685 3998 9757 21833 15418 7760 21324 16616 3857 18954 15442 811 13665 3963 7024 13422 24086 12241 24183 19979 23170 10486 18665 25157 24099
4058 26207
4061 10481 24779 17581 10266 19631 24106 23805 9673 16332 6680 21568 8120 13077 25891 23997 18108 21911 15333
4063 9934 21173 5102 18191 23103 2359 5454 13727 14454 7777 975 23227 25668
4065 10863
4069 20640 4797 24644 13354 10317 23401 25892 20270 14970 13170 26454 7506 2325 16546 15856 26690 10079
4070 9202 6480 18446 23936
4071 11750 20646
4072 24652
4073 14984 18340 6102 15242 6561 5863 16838 20517 15298 8242 10490 19224 17662 12661 19288 3056
4074 890 24376 24539 2383 15140 18497 8389 18408 7336
4075 2142
4077 4804
4078 25742
4081 15226 25217 3201 13683 8763 25003 4206 21924 19172 9032 25872 8193 18679 24506 23805 10888 539 24134 8501 24031 11789 13976 24267 12653 22679 624 3229 19640 14938 10157 11730 18468 2266 16583 17380 26446 11829 10146 24735 18945 11869 13326 16397 22511 26916 25077 11236 12733 15768 21365 8160 16297 14327 5227 20278 25974
4082 20255 427
4086 5406 23193 15682 19040
4090 2691 15434
4091 15595 22194 23805 4288 20821 22887 20044 2382 19379 16627 10301 7285
4093 19300 16723 16277
4095 23873 22248 17471 9611 23801 12061 383 4766 17357 15131 19959 11787 13517 9844 23796 3713 9762
4098 22708 18352 13951 15246 22312 25010 25779 18550 16918 25876 25747 26126 20863 26127 26234 25774 19457 26106 26095 26387 886 10427 22780 26376 22522 26468 26679 26749 26698 25967 24716 26873 23642 26922 24281 26909
4099 10214 5046 26004
4100 16120 7584 20364 3746 25877 25872 15221 26120 7385 9032 15773 20866 13196 25230 11952 18463 26866 26899 15295 26670
4103 10722 13026 19660 18937 23328 17667 16464 23959 16092 24207
4106 16977 23694 20739 13387 3616 15093 23955
4108 10766
4111 1035 2922 5370 13755 23943 23058 14176 14475 20681 18659 11360 25087 22511 11637 19594 9983 16560 19609 2382 6774 4288 24048 8112 10620 9221 18320 786 15538 25305 8208 8978 6693 22272 642 6854 4187 12378 12080 21407 14361 15030 2911 2038 17796 20695 4474 25883 14278 3777 9480 24267 3974 19256 9167 15829 5249 3339 14970 6878 16006 4930 5544 3896 15684 3750 22191 11597 16757 19718 8522 19654 21230 12648 19537 9762 3024 16827 24630 4961 5579
4112 1229 22063 22118 9725 6833
4115 1679 6099 23800
4117 25887
4118 11079
4120 23893 6934 21758 9613 4315 21050 16829 25668 19376 6288 6623 9571 21535 9622 6450 6683 22451 13742 15314 9771 10901 17297 2304 17812 16453 13368 26149 22881 3892 5104 24449 7576 3592 8905 11045 7690 14921 6769 4126 20900 5466 9806 18507 16870 11436 12638 16406 19640 14870 18538 26340 3903 23990 21166 25118 6828 13748 6402 23211 16827 26682 9229 3467 6764 7835 2702 1779 26889 19656 21126 26700 2768 8562 18122 5628 4837 25127 6463 8016
4121 22979 23238 19709 23879 9032 10570 8166 24372 8761 6351 11164 1960 9051 14474 16303 23699 20469 16064 18827 21402 25872 10255 20078 1373 14562 26021 25950 25966 18628 26011 8857 1351 26290 19063 25864 24008 26478 12079 8089 18569 22725 26628 2941 4738 6076 24322 12268 23381 5694 1091 22616 12727 9016 21773 2192 21933 18517 9801 18463 5258 11979 18781
4124 23078
4127 22988 23228 19205 21202 3617 9559 19537 22876 5971 12490 24616 26166 24992 7156 26478 9454 16359 23589 9323 26623 22211 7792 25956 8727 11729 25113 25747 15936 18583 20180 15942 4541 7295 5138 9619 9805 16839
4130 23345 13230 2521
4131 18982 3128 356 10989 526 2545 23458 23314 7503 8016 4042 2281 4521 26288 945 15725 944 7492 6114 18341 8663 11007 11922 1314 3387 9461 1960 23521
4132 24698 25457 18837 20988 16472 21580 23411 19560 15904 14003 11569 22445 24135 11011 17849 14535 20445 15799 15547 22508 11135 14817 16451 21359 23218 20158 16110 23272 23175 23149 15909 23282 17068
4134 22821 11252
4137 2447 24999
4138 23163 8959 3784 15426 5110 894 15532 20115 4161 8377 14407
4139 4534
4140 22520 13852 14264
4141 20550 8985 23957 21752 10557
4142 494 16986 15481 23090 5400 3292 8592 6480 10378 16243
4148 1965 24947 8083 17423 17566 22858 5746 8609 1169 24201 19205 7120
4150 6953 343 24631 14357 21818 23672 25767 25932 24765 16606 7710 21526
4151 21403 18150 24236
4153 2701 552 3563 693
4154 17950 5625 25494 25404 22090 24908 23268 26412 14781 9400 12347 3938
4155 13022 22011 9754 11481
4156 23314 19882 16580
4158 18451 6680 13071 25062 23273 26714 22573 11752 14740
4159 17410 25601 388 23612 9369 19718 14103 5594 9363 21299 17253 22279 9673 8758 6369 16549 21510 10491 11130 649 13232 3617 23556 24779 24114 9147 1938 13926 6366 4434 7970 12418 4378 9586 20625 7748 15248 6938 12444 8094 8781 23883 25845 818 13708 2132 11612 22213 20096 26714 24041 26654
4160 14592 20405 577 10048 5127 15755
4164 25149 18266
4166 20897 2876 25872 4824 12409 17532 3936 13733 21901 25369 14091 15378 6255 9800
4167 15881 3632 23252 26099 26420 10894 26210 25651 8261
4172 24794 12151 14123 12924 18816 22392
4173 9755 1927 20335 1187 1632 561 2093 9542 22738 9704
4175 19772 23218 21019 23334 7531 19791 7756 26544 2177 19821 12209
4176 11889 16513 8333 16730 5400 13455 1304 3616 10936 19967 9944 25352 1890 14275
4186 15020 25068 24681 3758 14755 288 13904 10128 3815 2579 13082 7303 9164 23062 19307 11362 22124 11420 8163 11979
4190 16851 4718 6680 23824 20115 9170 21435 2571 20695 14183 9696 25305 20834 17287 1600 5249 19594 14204 18839 5745 11052
4191 16746 16315 22753 5996 25709 8309 10476 9390 4357 15904
4194 25090 11765
4199 23234 8393 20972 13242 20763 22450 16621 22507 5684 26644 8610 16444
4201 15329 14395 214 13954 20697 6515 9210 21282 21602 18481 252 25264 18739 26258 26218 24056 11999 21803 24170
4202 4450 20638 1965 24489 13175 261 22861 12344 14983 4415 14559 17842 18141 7641 1686 9942 9838 14315 2351 6346 6802 5347 518 3023 4293 5154 20722 3940 1732 1285 25937 15253 7740 17509 18521 11443 2474 11649 1026 6584 1680 24290 1215 2910 12458 4117 11370 7993 6008 6222 1238 11989 14299 12089 5800 5954 18421 13623 4246 4279 8475 8345
4203 22876 7427 12658 26346 10104
4205 23134 25073 24359 16708 13579 5231 3100 4649
4208 9331 22601 13486 15894 24261 19017 10348
4210 4564 24372 22440 18714 26290 6801 1372 19134
4212 25062 8230 2870 3805 4464 11492 3946
4213 1499 3900 25535 8206 25727 12849 15379 21118
4214 5698 13006 24564 12189 8997 10616 2552 4548 13333 21414 4983
4216 21629 9916 25356 25315 6832 11649 3897 5654 7773 26311 23841 9746 11360 17440 12206 20065 8627 15733
4217 2657 10767 22287 2645 19931
4219 5096 6990 6398 19423 8542 1603 22469
4222 2166
4223 19423 23960
4224 12317 770 25772 7023 3879 1364 5461 17455 7809 12368 3884
4225 5946 6096 1594 11754 3914 16730
4226 19181 22495 9513 14196 10015 7853 24434 3462 4359 3740 4515 11152 19709 23223 8580 15332 3232 16381 10982 14324 16283 23805 9040 24589 851 11699 25889 6464 3617 15858 22943 8812 8656
4227 13242 10928
4228 3644 1815 24890 18075 13682 15749 16153 13269 23819 17409 14110 15607 25589 24986 3119 21113 5715 25292 22670 5944 19415 21253 1351 17537 12432 9407 23702 25509 20078 23693 10429 25340 13645 11554 17995 20974 25081 13056 9030 25901 302 19040 3021 20062 10997 14792 21091 10861 16472 12471 8589 15693 18071 2807 26138 15708 23048 7550 16036 5685 20342 20843 23250 18427 25533 4195 26478 12906 20743 21680 12395 26558 26599 25457 19868 19309 6383 11286 15773 1611 4324 7751 9016 12470 1180 11847 19350 2482 161 3634 2784 1214 12014 12461 11442 18974
4230 10511
4232 16740 23503 25898 23766 18133 2781 22957 2650
4233 24779 5646 12371 22199 345 4773 16522 9132 11126 84 3553 8368 9762 13838 1461 10973 19068 22862 1517 16593 20834 22279 21810 3404 3645 21299 16402 1663 11865 12467 17253 1881 2847 9040 16756 23342 2133 7285 22662 3420 17612
4234 22217 2657 9084 10354 21787 9008 7082 19768 22319 16472 8797 24202 24580 13638 20869 18637 25773 23370
4236 13798 21847 18037 25872 22547 11587 10950 12674
4237 23319 11254 18113 23702 15224 10851 1074 3607 6334 21330 23659 8127 8140 4689 5590 19926 22865 15902
4239 18776 397 19500 8589 15646 19046 23237 13790 23568 4398 11884 19424 19167 15221 26715 18161 12250
4241 11939 19463 22003
4242 17182 22587 11342 25277 17446 19624 19650 23314 22748 14768 14553 16230 14376 25046 16382 15115 26654 11440 15893 12719 16048 8201
4245 4066 23432 24833
4246 25215
4252 3457 444 18838 4112 2167
4253 930
4254 22685 7106 25426 14460 12805 25710 26207 25728 11809 21787
4255 10950
4256 22098 24022
4258 1308 19603 1527 23494 1874 8824 577 6564 8442 1414 21088 2340 19017 12844
4259 5147
4261 7361
4262 25897 26471
4267 21501 2999 7951 16084 18396 6958 17907 24281 8287 24828 18638 25550
4268 24706 20983 19467 10079 6680 21173 23236 24243 18696 23824 11910 8439 18091
4272 11591
4273 21381 25415 22457 23223 23915 18186 12358 3615 9740 19112 13265 24947 21248 18528 20054 13731 6793 22408 24743 9074 24187 2687 9791 5868 7678 16274 23616 2747 12620 24606 23534 12619 8413 22199 8390 21883 15927 3208 9449 20058 19267 20982 14321 146 2389 22119 18347 6695 8845 18148 25226 10085
4279 20263 25012 19220
4283 8959
4285 22605 11222 13416 14804 12029 649 20602 10241 23974 23703 24048 20613
4286 26917
4288 9856 6784 13296 24819 15221 6921 16232
4290 24643 1519 25794 20819
4291 22597
4292 6286 17837 23872 7034 20204 13154 3478 3967 527 10600 21755 7017 1866 4989
4294 15694 21994 19978 5956 13998 4271 17995 10755 14741 13645 7106 17978 1351 22960 4829 2535 26011 4478 7074
4295 21532 1218 6985 21877 15750 20321 19014 15640 9289 18492 23147 17768 23313 24365 19920 26446 8645 9933 7950 25270 18301 16787 4290 9662 3132 9807 6281 14658 25077 13801 4866 26759
4296 17022 10616 8175 22188 23403 1535 5280 12189 24132 23158 6766 14214 23004 12515 15196 851 8447 12984 11135 23634 9482 24546 17384 18751 838 18258
4300 14761 10767 13381 15610 16902 24114 795 19523 16724 6925 24669 22530 6212 673 25940 8407 13362 20263
4302 13484 12283
4304 11526
4305 6972 1109
4306 8355
4307 21632 10521 340 22252 25872 25829 4665 2956 12781 23819 12313 17407 5341 5913 11739 14074 6773 2578 7947 25397 9231 18902 6804 11377 8896 4949 8801 9941 20857 7806 20159 10357 26899 4545 16115 4077
4311 12669 22892 24028 24856 19726 5759 3433 22681 1736 9864 26375 13909
4313 12336 23725 17690 18469 24211 8656 22613 23953 11552 22799 23789 14973 14748 23393 7821 22789 24007 11325 22680 21515 10062
4314 2167 2964 12687 10770 9718 13573 6434 2965 22282 7516 26497
4318 12367 23997 2974 9611 11962 24241 14863 10660 1745 12202 15034 19720 24887 1016 24852 7159 16608 26185 19055 8944 14841 14433 17103 14167 3378 23470 20991 25295 26331 9804 7270 19701 12658 7477 20652 7817 12298 6008 7427 18743 5850 18108 11212 3792
4319 5179 23635 16515 15682 24281 11650 10164 9120 12308 1548 16587
4322 4666 9655 26392 9933 22294 1157
4324 1965 25556 25563 12570 25289 6566 17292 20345 24453 20682 25393 13022 25668 23040 23401 6356 19223 19695 17014 19412 22064 11499 11599 25160 13412 3148 14747 13488 6340 24539 26120 10015 16621 11480 6413 18743 16798 22694
4326 11476 18231 11751 13610 2059 4565
4327 1493 13971
4328 9417 12042 14347 25436 181 19288 20267 25844 4440 2615 1231 4867 15522 3261 3923 20026
4330 21743 665 16589 19791 10741 10394 18032 697 17516 17880 19156 14342 17273 26178 7749 3109 12697 2613 14347 12684 5115 19798 12691 24723 2565 6249 20078 16997 23334 23274 16076 2094 17286
4333 11027
4336 3936
4338 13610
4339 17064 24011 6113
4340 23357
4343 4542 8435 5615 8092 3170 397 10322 10233 17613 894 26358 10062
4344 1109
4345 23270 24465 3240 12385 12444 17090 19220 16464 2553 4708 18350 10669 11649 11347 13731 3550 18128 5400 23897 25160 26539 24048 17061 19520
4346 23847
4347 20257 12435 7398
4348 15115 7195 16181 11822 16347
4349 10766 2645 24162 743
4351 20130 11236 16622 3624 24201 15414 16205 18207 4225 6419 3882 13336 14016
4353 24737 8040 19654 18273 23985 7565 20929 6473 2851 8959 9313 15114 24142 21403 24553 10373 19087 4525 9068 8679
4355 12757
4357 17702 11935 12562 14560 333 8537 20174 25368
4359 4399 4497 22045 19816 23482 22352 12467 23920
4360 11786
4361 25111 10079
4362 11285 958 10767 5225 20228
4363 5153 16293 2211 1894 7095 23029 11760 2020
4364 23140 21481 25131 23894 8778 20112 22876 2719 7366 26392 7705 12347 21712 3408 20439 20104
4366 553 10364 21571 10247 20143 8180 18013 4047
4368 7477 10746 8999 23234 16186 16261 11467 16464 9944 10600 9824 15016 4537 5686 21234 12103 8860 17330 25355 2808 18588 4041 13400 6925 6448 6113 1879 21706 9068 8962 11199 11954 7204 24843
4370 16746 12738 1091
4371 25283 25710 23179 25246 16777 23371 12609 24691 15496 19355 21845 22149 14468 11398 15643 15176 24634 18497 13861 18379 23852 18687 16955 5281 11551 15755 1683 3456 19875 13515 13816 11346 11083 19508 2521 2945 9957 3063 16562
4372 20741 6874 26397 8546 26784
4373 707
4375 63 14529 24997 17129 18354 21355 17595 13852 23931 14566 8522 606 20401 18488 10262 1095 19464 16044 4741 13818 3686 850 25520 6544 21162 1604 17280 23897 12245 13431 18020 7903 22412 26214 13408 5165 23572
4377 13496 18466 20608 24344 24947 23597 20237 7313
4378 9018 1317 634
4379 21353 22933 19273 17440 736 348 25160 7736
4380 6784 15145 21629 25533 3728 22883
4383 9356 25910 22037 13174 2622 3167 4535 14403 648 10368
4384 23675 3382 22060 13126 22824 5983 24539 9318 12569 14254 7099 9705
4387 24781 15272 3135 11346 7160 26892 16441
4389 14661
4390 10253 24103 23683 5275 19012 6349 19387 12408 22878 9314 21377 15607 25340 22295 24482 872 22895 25425 13860 3984 21770 19746 6589 23734 24279 24643 26769 2160 10400 24986 5162 26919 10347 13474 9238 9580 13538 4043
4391 19238
4394 1687 15496 10418 6432 8404 16488 24135 23827 14482 20774
4395 4965 23040 23636 25691 19505 17747 24113 2447 13738 15044 25395 16224 4834 5720 20549 24684 23440 9225 14953 11770 16034
4401 25872 23841 2876 8309 16275 18890 25657 23790 2647
4402 7962
4406 8005 617 23705 23234 22137 14929
4409 23702 13788 23554 12635 16275 17350 9445 20594 26107 8948 21864 24986 6778 18622 8797 22487 5167 14656 26596 4147 12242 4719 6245
4411 18575 16746 4446 16374 15668 12320 2317 5892 14592 11171 9609 1683 21999
4413 257 11335 23964
4414 24022 3389 15473 23807
4415 25333 22638 5112
4419 18439
4424 14662 23846 23218 2858 16968 11521 25794 8619 11769 18671 675 2354 2716 1385 186 1414 25180 8511 8852 5913 18446 2100 11920 546 3497 7405 3107 8019 21735 5774 2742 9032 12206 5668 13676 10733 11677 6926 10022 25533 26396 4539 16216 26518 25434 8163 11979 13941 2806 10393 6320 13787 18310 26783
4428 19603 3897 16746 13538 1015 5790 5279 8246 11304 2409 4117 12035 9112 6426 5770
4431 22867 23029 14870 5777 15814 13599 18170
4432 3087 9301 1496 4882 8113 427 619 20155 26273 3106
4433 6784 23842 23794
4434 630 24530 24943 22554 22741 25794 13858 9314
4435 2844 1065 9308 6138
4436 14818 1263 24024 3674 936 11774 2692
4437 2465 16590
4440 3740 10256 18490 17465 4687 9240 9044 5605 3757 23373 18682 24048 17177 21732 21942 6680 26446 18374 26682 7498 7631 11729 26766 6552 10529 20681 3697 4769 20264
4443 12599 24684 24049 18602 24264 25133 24523 3208 14921 13615 435 11033 17631 12948 656 8168 25803 8347 15838 24095 13248 17435 25963 21279 553 20022 9164 2842 26075 2857 18138 12792 25933 23382 876 26018 18783 14116 26083 16691 25843 21433 19739 8521 12637 14240 13682 24401 18746 925 2631 9426 9996 7006 19742 19991 5658 11943 7253 1206 19124 3631 22158 23564 26159 2281 6330 20615 8400 13882 19552 12619 25350 15382 16344 21722 17605 9267 1025 16837 17899 24663 26253
4446 25098 25406 17001 24968 25355 22353 9367 24773 15120 2123 815 2410 13500 863 26229
4447 10122
4449 16668
4450 13174
4451 1942
4452 14324 15041 14425 18227 25862 15897 9178 23957 12944 21064 23196 16572 1349 23659 3030 20948 7814 11357 14176 12168 7360 14772 19633 5933 10230
4453 9290 7330 23856 15768 428
4454 490 5609 25450 9170 9945 23401 8778 3415 5241 8392 26045 6435 25303 2661 25042 25157 25 13556 3330 12658 26479 24284 2345 5394 8045 10117 3774 7441 13793 16464 26363 26496 21765 11152 9951 6281 24240 26738 20649 7985 15025 6155 26623 26889 2595 25784 26780
4455 17468 23648 8418 11705 18710 10523 24047 22964 8231 23740 11424
4456 5071 5808 893 8336 18986 11902 5097 6780
4458 2964 18986
4463 21684 22080 4349 24539 18907 19790 9281 8267 24947 10386 17496 318 15300 15135 9164 23409 19649 20799 25062 24632 22701 11579 10909 9928 11920 23103 23747 17904 6953 8607 22279 11947 2999 16487 21586 11936 26774 24919 19205
4464 19895 8497 13540 17251 2236 17673 462 23657 14299 20400 23273 25778 11032 14950 517 771 8755 6680 8442 6234 17804 15675 10241 21606 22160 24523 3165 17326 18010 1960 12030 23026 18041 18492 17577 15193 14791 24187 2895 26340 5887 18362 22305 16851 3237 5515 15490 26527 6897 9491 15130 3038 3466 8911 24796 15112 9109 15794 876 24344 20178 3678 7346 19409 15726 16992 25160 19056 25244 4852
4466 6971 23885 21340 24589 2545 22907 702 15936 4823 16638 7642 19709 8911 16169 3220 12648 22211 613 12143 6680 25685 13777 1368 6061 24893 5145 12835 4852 18266 164 9508 23592 18019 4294 18374 124 150 25357 3165 17751 19744 8127 22540 11920 17822 9246 22852 20071 26288 950 12465
4467 24368 14670 23022 12382 2880 24036 3027 11768 23955 426 23482 2095 22483 2157 268 508 805 24267 7839 763 10257 25456 2394 11955 514 23690 2140 15109 1819 11269 1536 3186 8515 25784 20634 5637 21237
4470 11417 22438 923 25653 6253 9474 7047 23696 25504 15041 7973 6419 12030
4471 23739 9988 6967 13072 9650 23550 8290 19469
4473 2547 23960 25433 23478 23628 5672 4662 6784 13224 14210 26287 12308 23322 12969 17264 884 1180 17888 15894 26576 12730 2671 7769 112
4476 7144 18067 8103 8654 19117 26207 9293 26625
4478 14235 21964 23462 17517 16105 22430 25277 25098 25775 5255 14295
4479 17865 16127 17277 24178 19535 2956 22434 1453
4480 5425
4482 25728
4484 7516 10852 15536 12073 20142 1941 715
4485 10015 25430 21510 22610 9947 14929 23890 2984 21947 9673 24046 8905 19118 10820 24144 22613 15074 9756 22727 26372 10462 17567 9791 5722 10680 23959 10944
4486 1970 7200 16786 21373 19217 22495
4487 14356 18780 23241 18886 21831 24548 22458 22938 3619 14520 14147 13321 13566 10292 18436 20902 25067 17267 14923 18890 8719 25833 10881 14900 19134 21651 20364
4488 8974 8297 25872 10873 14440 25885 9032 18446 20364 19824 18920 5323 18315 15508 2950 15233 24389 19877 19768 13559 10194 22186 13611
4489 16612 22705
4491 21327
4492 12615 8853 4450 18423 16467
4495 7516 14338 8156 10041
4496 7516 1865 16825 23790 5799 4775 4938
4502 24953 8031 12303 8027 8666 5352 10943 6654 8585 20084 26291 23155 11680 26331 2836 5573 13028 16901 9066 22874 23315
4506 22325 16293 19595 24033 9794
4510 17549 22403 19841 11508 18396 18890 21098
4511 15048
4512 21134
4513 24022 9956 512
4514 25073 2654 22721
4515 13192
4516 23171
4517 1175 2652 274 12037 25457 11251 24290 8824 8430 8880 5147
4521 15399
4523 4271
4524 16227
4525 12442 8835
4529 20242 17597 9910 14437 7794 8807 7807 24445 17327 16357
4533 4548
4534 22391 1169 2944 8640 15041 15318 26636 24653 25472 14449 7734 20807 26778 5870 3366 25305 20058 6763 11168 13444 7003 14182 15247 2030
4535 507 21847 8026 3688 2810 4160 2716 354 269 20880 1910 2869 12435 25522 2641 2268 5510 17684 26595 22637 26846 5275
4536 24833 22231 25207 17840 22984 11107 16319 16257 18289 11837 23995 9759 25668 15429 6763 15455 13210 16822 14647 12710 17383 26640
4537 8325 4858 2819 10285 24958 9200 7936 19157 20576 1450 2823 21107 3870 20722 21176 553 2734 1999 8721 4935 2637 18647 1513 9408 3120 11205 15725 3007 2147 17720 2934 10352 1252 5669 792 4628 2165 26759 7894 8016 17444 26887 2180 3938 6897 2044 4693 20295 5747 3839 12783 3611 20080 25067
4538 15828 24800 3390
4540 22045 11063 8687 6731 17935 4382 17849 11345 18945 10414 24533 6784 9084 25183 22706 9193 25710 7134 15660 26011 26241 9409 14723 4950 25728 25533 7266 20799 6716 12568 10490 17570 16336 3390 8060 20364 23064 6751 8160 14794 7775 23617 11892 18736 19823 5431 1566 12284 11024 4983 23086 6121 19910 8015 2894 9372 24602 1091 22063 6245 15048 23589 9304 26783 5052 21813 3521 7308 1853 16120 14080 21969 11667 19458 17943 16985 20186 22416 22546 10353 24764 19310 5528 18032 12137 8089 19844 3281 1327 12726 18563 16603 20445
4544 13878 17836 15965 12052 8733 23644
4545 20162 16261 18127 4331 19537 22561 25025 20175 2232 17775 11453 21557 23328
4546 15567 21045
4548 17202 12681 22091 22825 15468 23119 23849 20158 26241 20488 18781 21933 22824 10353 9767 12686 15894 13538 9179 16315 6076
4549 22644 25932
4550 16527 9666 4998 5807 828 640 7822
4552 19318 24419 17738 16736 21948 25029 21240 3943 11416 4862 495 3381 24065 18422 21230 10425 23805 20286 3616 5722 20204 829 8769 7919 12215
4553 20115 271 24049 3100 21260 8580 6004 24048 18772 26059 24773 15348 19537 17712 26346 1386 5139 9419 15951 7285 20718 1541 7890 13391 6504 11687 26372 9639 10003 11672 16173 19217 15836
4554 23934
4555 9477 20464 18064 25585 15522 25356 25457 20061 22306 24103 21743 24367 20559 9032 25865 2498 169 9515 10146 24741 8549 15303 2633 9445 22365 23760 3482 2233 26042 25183 2156 22706 14403 25476 5279 18050 2238 12999 6838 2615 16506 13376 12727 24503 12193 2106 13552 19290 3923 24162 10471 26783 26640 12452 18306 5367 16275
4556 15409
4557 9446
4558 17242
4559 17950 7721 9746 24283 15137 5454 11750
4561 11782 21834 9021 24781 11527 26010 26156 19992 20078 23936 13608 11493 12446 9784
4562 5052 5830 10542 6385 11782 22422 4850 3419 1296 5633 13851 3618 19146 5615 409 3458 8448 23503 12709 2790 9117 4670 11201 19505 2221 972 6275 7385 9577
4564 15149
4565 20594
4567 4263
4570 23461 12935 16853 18517 21428 4343 12435
4571 22352 24632
4573 20834 15625 16352 19537 24144 24207 10576 13233 18400
4576 24390 16261 22876 23515 24214 11029 10818 24110 25160 21420 5568 10982 154 25535 22222 23426 25440 21137 25411 37 20928 14049 19777 1317 24523 21718 23836 17423 25465 16407 12614 15342 23234 3555 12720 26654
4579 23062 10906 664 6918 4217 26448 22318 18514 9777
4582 17849 24623 15434 25264 26042 5454
4585 10757 25551 22905 3100 11614 22605 23997 23769
4588 26530
4589 10470 9381 25938 18895 6480 11473 9580 18641
4592 19333 22325 17115 22964
4593 13990
4594 20517 2565 13482
4596 7742 7135
4597 5414 1410 3167 21673 24425
4599 17644 25351 23525 18236 11576 25405 24207 25241 17410 22052 3000 26149 12100 20040 19066 17563 22727 23260 22955 6703
4601 9957
4604 7461 9513 13933 8128 9021 15953 12805 13427 8651 928 659 7026 23962 704 24744 9409 13582 5188 26656 5562 6653 23973 18417 21053 13767 13546 14855 24162 26195
4606 25872
4607 23012 7516 9212 2657 20234 13631 25923 8193 6480 19877 22513 1180 21769 20371 4580 22115 6388
4609 16595 23634
4610 24783 8549 22185 22029 26428 18344 6986 15122 3694 15462 11792 18030
4611 21546 18797 13838 24973 21290 11616 7304 14022 16425 2039 21138 3734 3813 4652 25275 13202 23483 22921 5042 9369 8769 4659 8959 595 11818 15315 625 5902 12809 4219 3318 5883 8402 24545 9503 9698 8955 405 19383 11113 7736 13565 18488 4029 9846 445 23938 20174 16607 6641 14989 14584 658 8839 15392 1362 14732 14910 15344 8762 1248 17528 16992 10660 12900 22471 20827 20509 11224 5993 1560 17772 11323 11069 11098 7871 94 17975 3547 7352 6043
4612 5045
4613 23574 5408 22969 15034 17581 17567 25430 11576 7647 3617 3623 16780 23725 20949 7699 9982 9675 12782 420 15593 16775 10105 6366 17322 4394 21510 11402 3665 10908 24584 21299 13928 25236 6005 2169 735 440 9115
4614 24391 20434 10160 15233
4615 25160 17167 15134 11069 5602
4616 24778
4618 2788 964 1231 8467 24278 1746 20308 23973 3386
4619 5320
4621 16959 19110
4626 5400
4628 24989 14256 11928 4895 1055 12192 2274 26619 16277
4636 23367
4639 12615 18393 13377 5753
4640 13720
4641 25133 15747 14841 22876 22758 19460 345 19594 25236 14876 22697 11126 18159 13635 22897 23578 22518 18518 19023 15343 18908 2512
4642 12152 20904 4197 18405 4477 18176 11353 9555 25562 15768 16636 5375 24132 19026 9898 4776 7674 595 23707 23522 15348 12156 19257 25730 4659 8013 881 11356 23818 21143 1063 5128 23217
4643 24737
4644 9529 25682 19365 13822 3974 10978 26152 14997 9618
4646 513 1511 22380 18244 10202 22297 20655 15655 9243 20996 7832 16307 19086 24238 5807 7569 10931 24879 20800 17186 20174 2575 2581 4754 13006 6820 15230 16657 8996 11820 17247 16595 5062 6323 11648
4648 12435 15020 26449 26710
4651 4147 13992 2402 13143
4652 14385 4303 25872 12189 5304 25340 1644 22947 21047 6976 2776
4653 22040 3721 11196 22480 20364 23256 24820
4654 17879 19907
4655 2049 9052 1113
4656 16374
4658 202 13974 13656 15402 23225 20988 20365 25794 25872 21253 21023 20290 24996 21847 21538 5706 11404 1960 26111 8862 24118 24369 25985 12219 12577 14206 13454 16379 26216 3329 12037 14701 2214 18396 9213 18072 11284 6117 3515 8379 6758 4095 1367 14432 22802 23477 26866 150 22229 18313 5101 26774 19868 26441
4659 20286 23952 12215 10133 16046 13125 15348 5406 1409 25297 24495 23119 24986 15602 6574 13006
4660 9976
4662 2555 25532 1728 7397 12732 12671 9371 9164 20541 19715 26424 5815 5529 3906 21242 7812 20802 26672 22981 13992 2638 7348 21779 1385 22910 21309 22329 11792
4665 1133 9951 22758 24219 16382 356 22876 14235
4667 22629 24371 2142 16374 25457 19489 9729 19177 17662 19805 18361 10865 23589 13470 3193 15293 25142
4668 21860
4670 25465
4675 15672 18535 15501 20559 25872 17859 4585 24149 23973 2657 1675
4677 7227 24415 5669 5936 24427 26820
4679 19958 12816 11350 16711 2993 19323 15616 18477 21328 21662 13104 11852 14505 26437 6281 11698 10817 26714 3853 19526 13243 2295 18743 26654 13117 19698 13420
4690 705 4112
4692 18890 23206
4694 22553 12691 23339 2647
4697 19816 15976 20421 14316 8542 10124 13315
4700 1245
4701 10212 20556 20515 8326 19497 24888 8687 11445 18124 262 6934 19078 7077 1377 7359 23079 828 1441 12934 17218 9631 9551 5209 6049 4669 24259 10133 23352 3629 8747 16876 848 10010 5158 17621 5639 26399 9579 13836 7013 4760 1436 8934 6825 4986 1951 17421 15227 15148 25116 10600 6109 16 3257 3475 10940 4689 17225 26894 6186
4702 24943 18633 13857 21789 2869 3755 934
4705 6704 10766 7978 9995
4710 13528 24236 24546 20394 16410 24838 5136 14783 23634 23646 23896 23800 18870
4711 8687 11940 17439
4713 727 10393
4716 940 4206 13410 3351 6678 17776 19790 18986 1414 5642 2852 19892 1462 13008 24425 1515
4718 25388 16633 22644 15445 7955 14315 10230 22023 2957 988 4208 7277 20059
4720 22602 22328 13823 21867 5162 6172 12933 3958 25987 6342 4026 10630 18282 13771 24237 23649 7834 17235 26207 12225 11186 6631 19427 4241 24579 24927 10490 16433 23932 7876 24894 17941 24297 23892 17270 10769 22702 16062
4721 19291 11038 9777 17925 5771 5157 8410 1430 18714 18301 25668 956 5954 25605 11557 12658 23120 2271 3613
4727 6166 7439 4106 12317 15567 25307 1140 25650 9283 22124 19107 4216 25111 25425 2409 9904 12219 5695 9956 22072 13074 7346 20701 19311 11017 1607 5896 25565 19372 14061 5458 18487 17763 22089 10601 21790 734 2749 6667 1072 8144 4182 8163 15894 17217 8852 26546 13913 1724 26682 3389 2599 5473 6320 26899 9744 18741 10733 2363
4728 14857 23639 8778 23894 25248 42 22822 15434 7783 22907 16313 13022 19359 14757 4578 9349 25368 4637
4729 8778 25233 24011 21848 23779 25590 16591 2820 8497 26120 26131 14532 17733 24535 24223 2691 7641 15357 17246 22707 16621 25932 20473 2222 2273 5058 26500 7717
4731 25174 15186
4732 445 193 25461 12838 15570 21847 560 18676 10310
4733 22527 23423 11406 24539 14535 20154 14886 25794 9532 1117 7800 22967 25813 22310 16534 10786 9808 15084 26774 25317 17599 23395 24703 23227 26849 14135 19126 18265 18187
4735 24799 5357 19981 9454 23640 5846
4736 21173 17786 25777 12115 25738 22590 65 19751
4737 4327 13195 23682 3056 6777 8336 15546 8549 9032 19910 25307 23399 2336 7660 25849 25872 26140 8324 26138 9305 26548 22059
4738 13774 10338 26002 17851 1064 11698 19191 7691 5000 23688 25062 4878 6344 1025 862 705 26529 2272 2829 20363 9247 6764 23690 20322 17033 15878 8640 4773 26795 3794 3038 16907 5378
4739 9922 12722
4740 16746
4742 6520 2885
4743 12978
4744 14133 24947 19327
4746 21527 7705 3617 2377 17584
4748 3521 24632 15221 13751 14887
4753 13716
4754 21091 7211 24473 10303 15721 8501 8193 23284 1577 9423 15928 16817 11283 15691 19445 12089 18730
4755 5486 11429 22352 7449 14480 24215 23360 14059 24799 12011 12934 20801 18425 11047 25689 16971 10600 21414 19744 25562 9296 2612 21243 4986 4051
4758 21831 24533 19415 3739 25811 25269 25830 22143 22390 21447 13241 15557 21074 2 10207 5808 14135 20205 14055 23568 19956 5090 25454 16259 13848 1180 23609 22574 8309 7877 13606 25575 6922 9101 17491 22895 25203
4759 1276 4014
4760 23707 3526 20419 3355 10196 15217 18215 13469 14777 1248 20327 18632
4763 25734 25555 9065 26465 4660 23532 2952 23588 24184 11601 16327 19333
4764 11264 17378 20551
4767 11585 15434
4769 16798 5579 9959 4
4770 3390 1814
4775 11514 25369 17831 18032 24111 1679 3958 14151 7849
4779 13003
4780 1003
4783 6446 25067 5884 5805 10920 19993 5983 18891 17440 19451 23267 21526 17779 4106 3604 7524 26899 16358 15048
4785 25794 21493 12738 12969 22548 7456 25657 26668
4787 23280 7540 13388 22280 24413 22554 10207 21088 2064 19880 8650 4026
4788 2647
4790 18010 17374 21145 9279 4927 19786 11430 26826 25345 10451
4791 20601 4394 12196 24108 18723 25123 5882
4792 24632 21019 24734 4184 9477 25457 2906 15434 1657 8285 13078 8869 3804 8210 22960 23784 934 5136 2167 958 8010 8678 2426 590 5016 826 15587 7403 16885 3089 21774 476 8704 6448 21104 1542 4475 1879 25872 23744 22045 23284 488 13470 7979 17532 10923 10800 14989 6337 5401 10334 12416 11019 330 21847 18395 8333 21000 7746 444 7747 23693 16076 758 6848 1528 22806 10371 5996 13569 11171 2585 4850 1930 679 3600 5774 4777 18446 1178 12741 6805 5782 5447 6520 3290 22454 4265 13631 693 9149 10086 9915 12727 24660 6947 7317 10160 1228 4953 19489 18714 26207 15360 4320 965 8871 17451 5603 10902 14639 5783 22040 4298 7659
4793 25287
4794 19978 23923 26398 3266 15894 21191 4608 23381 11490 16679 20736
4795 25872 7298
4798 16583 15901
4800 16000 22021 10554 3023 5423
4801 8687 7939 573 24541 6456 25112 7564 23158 24546 10369 21634 7701 15655
4802 18897 11496 23754
4804 15995 25872 9120 12715 25877 9385 7366 12736 15726 10458 23089 7376 1413 3961 20368 19510
4805 16357
4806 13253 25449 23022 25720 23843 23740 21265 13829 12978 6668 24645 3740 13517 2349 18110 15587 9282 2254 10790 24365 15030 5220 5493 6914 12657 3852 22897 10426 21702 22740 26080 23198 1201 21581 5080 10867 16711 22466 8177 14169 3496 14673 21195 10822 5812 26003 1420 21394 9369 10744 4667 16453 24262 5145 1312 18917 19736 4845 24523 10061 24453 7288 3617 23805 702 16151 4288 8945 22694 8039 13642 14246 13778 14958 21915 8134 16185 1103 18362 11954 6946 1408 22874 21512 8739 10642 13544 11348 17601 6126 15285 11674 7973 13492 18729 3227 6988 8006 18127 7884 9507 4021 8268 4072 3555 4573 21698 9587 9630 10009 12925 8781 6752 9662 2867 25452 8728 23043 2618 18586 11396 4233 24284 24973 13258 26809 18223 7092
4807 24211 23997 25062 25430 25160 22008 17249 10674 1771 6038 23458 10682 2874 10522 4437 7594 17755 20414 26446 1108 2376
4808 23319 7489 25008 25170 24934 10755 10881 5406 22357 10770 21287 12242 20028 26277 25691 24670 7099 26558 14243 11215 5910
4810 12069
4814 10187 20439 1968 18816 8862 4665 16281 26478 4117
4815 24958 9611 2394 7186 23938 7094 23890 6503 14652 17275 19762 23197 851 943 5839 6196 24203 8861 14260 16908 8127 13642 8769 6168 19106 608 9233 16676 18375 18402 6457 5802
4818 15985 630 9193 7879 18306 26828 26919
4820 937 25915
4823 1204 14981 23657
4826 3595 13902 24485 14946 22835 10733 13222 19117
4827 26341 24964
4828 13609 10526 3970 23405 17495 7225 11516 10322 20351 23932 3625 20124 18446 13264 16120 8583 19546 6627 9942 9987 12458 2009 4195 19384 17979 6897
4829 21121 8975 16954 5054 22917 8380 26673 5168
4830 16144 23243 10064 25601 17766 658 19252 10143 4288 8290 19568 22969 20012 7760 15082 24718 24048 19537
4834 13242 14507 10647 12215 23634 3149 2256 14802 23158 9944 14989 7149 10719 17122 14691 22310
4835 21046
4836 23067 10770 18530 16862 18892 25872 17556 2815 17787 13177 4298 26398
4837 25700 25356 9034 17929 16039 23702 4622 9032 6053 19776 9469 11939 17592 23671 359 25812 958 25966 18628 21787 22806 10383 22815 8434 2274 15163 12089 19727 3868 9133 7240 23738 9576 2767 21970 1731 20646 3870 11359 6811
4838 510 23805 575 21194
4839 18719
4840 22182
4841 11312
4846 529 1567 303 6236 585 16355 7127 12256 18176 8009 15070 3876 16330 10574 9671 9514 845 3217 2864 5569 18162 19269 22270 7185 2379 16402 12899 24055 17647 7902 1921 15630 18007
4847 982 2167 9477 3390 10247
4849 8137
4851 13496 12483 23656
4852 1569
4856 22876 25839 19738 21726 3408 25021
4859 3155
4860 16594 24836 23375 24862 9385 23084 25849 9254 7602 15844 10733 25860 12389 26120 5936 22070 22040 162 23973 20244 26485 21377 24131 2949 3868 26899 26916 1573 9369 9809 13022 17089 5678 6183 5983 10018 7273 5414 4092
4862 17945 16319 6874
4864 9873 17770 17884 24011 8366 16160 1945 22285 26760 11192 9093 25368
4865 14 10767 20015 24859 652 7746 9023 21319 4357 1634 13344
4866 843 9606 2203 25759 7707 25381 2953 14632 19600 20707 6534 25029 18788 7736 20063 4118 11455 25653 11339 19781 8400 23400 22011 7942 3355 4691 13729 23360 2914 21947 3899 22586 26243 4862 25484 16093 26231 26184 19061 25891
4867 15027 20911 8245
4868 19323 8050 19570 23456 6680 13151 5754 11269 20728 13820 24817 20879 15913 23924
4872 25202 25211 11928
4873 494 7898 7746
4874 22457 25741 9568 14625 18082 26507 18841 21922
4876 24820 2714 2876 8677 2523 22876 16586
4878 24219 23755 17319 19039 1950 25730 16841 11877 14441 20680 22218 16594 5398 7641 12389 12210 13264 1473 17211 16575 9340 17359 24808 2724 166 19763 8333 18235 26485 20662 26607 6726
4880 19735 19187 19682 24385 20736 20351 12088 23952 5513 21895 15375 13667 3021 1432 16010 16663 25564 8615 23044 12305 9112 5254 26753 26783 11518 24742
4881 24012 24049 21459 25382 23094 9240 40 4200 9804 13138 9870 4290 11995 26045 4766 5613 23931 1440 9429 180 7270 17766 19720 14983 2169 12124 17103 17069 1768 4759 6281 14789 14761 9587 26059 1868 8065 7498 18682 19468 17315 9622 3658 16246 10389 19023 9473 3816 18847 15262 11672 19217 3100 18710 23997
4882 906 1065 19339
4883 16559
4884 24452 25129 6393 19174 20846 3015 23164 8267 8522 16881 25098 14880 18877 25527 21611 23191 9369 10978 17526 10261 22538 24541 9462 23520 18333 24268 23330 5807 13529 22305 22658 17384 24799 23872 24055 9517 18828 17001 24523 4546 24453 9068 8127 15089
4885 1143 22045 2436 6095 16746 26320 2408 3600
4887 16382 15265 24300 24390 25740 22939 22953 22684 415 23724 6923 3889 3740 4465 114 10042 24973 20707 22923 4197 12331 19537 14278 21006 19583 2996 24094 24114 8479 15640 25238 22028 23522 22661 16549 5760 17224 14693 20777 22889 21162 8360 15093 22427 5472 23701 25908 5255 26112 18952 11855 149 8127 7985 8733 26436 26372 8236 6035 9414
4890 10193
4891 23868 13470 13656 5505 2597 22632 24898 24430 23638 2613 6784 26241 20311 18392 10350 1716 23589 24301 23748 16275 12409 1756 15894 9423 17245 16440 4670 21390 4819
4895 8063
4897 20855 6625 13857 21996 18633 25769 26120 9271 18398 25999 17810 4620 25188 5693 25722 15063 26629
4898 261 23783 24134 22935 113 12963 24574 14173 9358 7105 3096 11396 12087 17783 1856 6747 16073
4900 24313 19077 21216 17097 20503 20476 8774 14839 19307 25767 12615 23406 9749 22124 1356 15748 15894 6672 5406 19933 8136 17491 24957 26919 18313 6180 17217 12089
4905 1853 10470 19427 25477 18848 25565 25777 20958 6962 19910 16519 19446 26290 16717 21773 21335 22675
4906 4298 12351 9784 13573 6094 7746
4911 11146 2156 4895 11022 14305 16120 20869 22796
4912 22270 21755 20800 13404 10624 5590 9660 4423 10538 8863 13573 18359 22970 13768
4913 11921 17864 23754 24921
4916 6801 24410 17904
4917 17505 17604 23985 12497 13429 8171 21104 23276 11019 5406 25116 569 10647 629 5357 12193 25855 1938 755 8863 6215 23055 4426 26752
4919 19695 11126
4920 11587 17703 26641
4922 19695 10067 18688
4924 15385 20363 18769 22499 15726 24022 13095 10199 21911 1481 917 19624 2975 6365 25709 11062 692 16115 9476 13543 16561 24850 9377 19777 20898 21350 10906 20905 12880 26529 26714 26346 2536 18603 9764 13390 4809 26654 21342 14622
4925 2186
4926 11978
4927 10182 21450 8589 4639 21140
4928 16464
4930 16525 22960 17998 5366 25564 7621 18070 25872 23187 16331 21867 26414 26480 9848 5910
4931 24514 20249 24084 24267 23550 24390 12963 8233 17936 11252 23993 6201 25831 23578 2026 3551 23400 6115 13357 6124 11174 17530 15867 23805 15185 18411 15968 19695 2888 26714 22625 23972 24340 4082 13083 13502 23023 10771 14177 17729
4932 8837 10766 25469 10767 22804
4935 23568 20257 9086 16667 22462 24018 2956 23110 6783 17558
4936 5983 295 1788 1496 766
4937 961 13022 6800
4938 9086 3738 23544 18357 20612 2466 17272 3860 7166 15894
4939 20830 4088 21498 24150 12317 22209 3591 23659 16720 20540 25241 63 3617 17985 6550 26074 12523
4943 5932
4944 17469 20099 21680 15896 20622 11228 9749 18815 17495 1341 21970 24064 16965 16348 24959 21304 14794 18182 9800 14138 17966 21767 22171
4945 13536 23247 19341 24872 5481 16089 5847 21306 22719 14232 18828 16617 24990
4946 2691 18826 4473
4947 17051 19288
4949 9297
4952 24183 8418 6134 22767 5951 16195 5489 11413 4004 4087 25446 6621 20898 15083 13104 20531 25455 26718 7737 14464 5409 26575
4954 23090 24042 23395 25714 8016 16421 6834 4074 7161 25190 26120 2691 15355 6441 23535 23249 15891 17217 22173 14429 26781 14607 23220 4584 16196 1258 2559 20267 15087
4955 6526 18204 12253 110 13622 26240 21621 26239 26334 23997 19537 1192 2375 5763 16898 11861 26262 17454 12678 22400 17567 18734 24207 10379
4958 4808 16067 24048 23022 13356 22902 23990 24747 6635 24421 16524 23462 22892 12232 20950 15585 23496 19979 1200 19704 14447 3189 14261 24134 12634 16902 16976 12356 23690 22404 17405 13742 19625 20193 23132 3720 18433 26499 26663 12658 14235 22543 537
4959 21366 25133 16382 7315 25411 1264 16101 23549 18234 22758 10083 24134
4960 7310 24132 23403 13007 14719 2418 947
4962 3617
4965 14920
4966 10321 15869 7516 17532 21963 6117 11790 5270 16442 11611 22118 1476
4968 24214 6731 23988 7736 13067 13868 17292 24799 10425 19286 21151 16931 14978 16251 11610
4969 25334 14312 23139 17418 7147 25778 13881 10798 5460 21561 19384 18263 25829 1029 2870 17092 21783 23084 22961 5928 25766 9661 20875 26120 1039 12568 12482 17550 15580 22402 19490 1724 26476 7623 10607 19085
4971 22878
4974 12328 21901
4975 3388 19158 25872 9084 19931
4978 17576 17570 18656 23731
4981 6681
4982 3893 8204 21636 12738 6905 25896 25434 18840
4983 10836 17119 16173 11339 14253 25430 10566 22168 11000 22672 19069 19969 18477 20082 10820 10315 19356 20256 23351 12006 18686 26229 17191 8127 12062 13803 22897 24591 21533 21194 25457 24170 14928 20656 18286 18339 13626 11277 13413 12863 18673 13706 18547 23483 11956 13005 18975 14198 22396 17519 14235 14456 20171
4984 10767 6175
4987 479 20808 19551 9032 24513 5454 8644 18153 24376 9746 8410 10906 24765 12699 17105 25420 11994 23178 1358 9996 6597 26538 2339 10431 6356
4989 23529 9013 25820 25770 26265 26254 26273 26201 26395 26550 8673 26405 26794 12758 26842 26847
4990 14465 16944 17031 6281 3658 64 11161 16780 12412 19786 10973 11178 11995 18560 24209 12444 5043 8045
4993 22020 21847 5381 4844 5418 3730 15048 678 15675 6178 459 13498 15603 12317 4700 19344 13440 13169 19740 20799 16476 2716 17842 14559 13776 11608 3306 6188 11095
4996 18142 21847 8060 19548 11868 19269 5445 1866 13404 2751 3133 4408 7149 18608 303 20972 25855 17276 755 10179 6582 4753 5779 8828 3301 12517
4997 44 12251 16367 23990 11342 24086 11040 22150 18122 8979 5905 752 26346 20576 3973 15698 16327 6085 25467 15417
4999 17412 19988
5001 25072
5005 18701
5006 8088 18320 18899 24998 11100 25668 10921 23956 5059 8053 13498 25268 16291 24627 447 146 23924 14261 25942 26359 26110 17217
5007 4670 4607 22220 8026 13855 18047 11377 24737 5633 18306
5009 16083 4523 19191 24086 3750 13542 10168 708 6063 17324 18301 17154 22890 558 1392 14740 1112 22286 17304 23711 20787 20330 12356 18899 14343 724 16417 21301 11977 23295 14654 5929 3720 9585 12669
5011 4644 21867 7067 937 23984 19146 9266
5014 9755 8392 9207 21006 19589 24743 5174 4745 4400 20296
5015 25348 22035 7232 24214 25960 784 826 6573 15274 3864 3371 15558 15137 26502 13132
5016 8107 8840 215 22709 19855
5019 1994
5021 11019 24452 1960 5723 19411 16377 20968 23678 13446 18363 24259 10826 20367 24523 16330 23216 9666 12553 17064 3526 21703 14415 23119 25752 26126 22836 21259 20816 25098 20164 20004 15227 15875 14187
5023 16458 12675 21090 968 9508 12021 7442 20834 14938 14174 9780 8384 11393 26714 11067 14643 1723
5024 6904 13779 24779 23574 10481 13111 19159 10268
5025 10070 14006 2876
5028 6963
5030 25872
5031 25923 25872 25864 12763 17972 2238 11484 24361
5034 8950
5036 19680 10604 9286 1954 3259 5521 6550 4474 4141 8222 3443 21568 13242 16464 23261 8393
5037 8648 4303
5040 4206 5852 13519 23953 3419 15675 9499 4524 982 25823 3351 16312
5046 21023 21927
5048 23168 19472 14123 16865 2354 17599 824 19052 16530 5954 23842 14257 22029 2509 24947 8821 23824 12248 108 4978 24386 3208 20235 2453 9263 19666 6467 20132 24616 340 22119 700 13241 1602 14782 6238 2991 5125 9332 18157 19030 18416 21042 17045 5615 16115 4601 3387 22852 26027 11563 9987 20481 1781 9590 6445 2477 26633 11952 21638 25518 15578 20762 7772 17217 22895 18561 16696 18446 18291 25264
5050 15828
5053 13192 19910 11716 9032 22602 17915 23012 7527 8253 7154 25040 20364 26011 17398 26241 18628 4518 22956 22232 20093 2631 15899 22319
5054 10053 13585 6440 20108 25556 9032 18778 9034 500 16261 18931 23805 1867 18976 21016 15657 16144 22539
5057 4744 25048 11142 11074 17076 8703 23360 6582 21239 20541 2886 567 18762 16363 14298 17004 18588 25018 16931 5245 8833 4441 18128 12189 19313 23675 1648
5058 9423 26031
5059 15768 20583 23400
5064 16876 24546 21796 20354 17074 3236 23634 6731
5066 23488 9465 24430 22399 15358 4497 23406 4220 4303 895 4265 18719 8570 4811 16612 2788 1250
5067 24679 12534 16944 22605 480 18507 24852 24839 25179 8035 3750 24106 4290 25244 23574 23805 9673 8432 20892 24779 16293 8349 9481 11212 4374 5900 9675 834 23006 25903 18176 11947 12584 24809 14322 23463 3989 24973 26184 12551 21064 26175 8034 22233 4743 11389 23692 15383 16918 17430 17567 4286 6503
5071 24892 25157 24390 8155 21412 2212 25614 10919 11994 16856 14284 11920 24187 25411 14104 25619 7584 11601 25991 20832 6072 19557 24453 4660 11157 26346 13335
5072 6874 3019 7448 1349
5074 23316 24375 23745 25044 10112 24267 5239 25310 24487 674 17210 9724 1943 6345 10397 649 23569 25024 18173 11589 25147 5368 15969 15419 12510 25850 26080 21825 25980 23128 10438 16902 10749 8315 22738 11995 5553 24669 16005 13151 16993 18952 16827 26214 4916 3845 1053 21332 3243 26527 7985 1493 9570 6418 5888 13962 6089 3648 12645 15589 4309 4718 12283 2818 10847 9245 8571 17220 1832 6263 5493 13326 2928 10978 15209 23042 7766 4620 1166 5375 4962 11730 26496 22874 6611 23415 18917 13055 7798 15073 15701 3420 21659 14791 17219 16101 6883 23425 19767 23657 7471
5075 20263 5888 16902
5076 2566 958 16862 1228 16315 23682 1611 8306 1695 6838 25872 22118 8060 19052 9477 6857 2554 6502 7036 4534 12875 1657 7560 13590 18182 19144 21565 21287 11633 5414 23846 14422 934 6978 2155 9460 13879 5321 6142 5026 5007 22354 1650 6688 3804 18943 21847 15654 16986 3961 2585 4749 7470 5449 5418 3984 21113 3173 21665
5077 24781 22282 17146 181 8697 3984
5079 25062
5080 11909 25470 17234
5084 198 1687 770 10770 4131 6659 3124 1178 13143 17286 10173 9372 14408 10881 5720 10805 7724 19458 4694 8675 21927 3066 11677 7308 5367 2292 4749 5458 3965 2585
5085 7896
5086 3087 18504 14029
5088 24514 23972 15890 24554 10019
5089 17767
5090 12741
5092 25769 23516 23400 24211 25719 11875
5094 12043 15815 23264 15675 10651 22431 13464 1074 13008 22310 3961 4756 21736 9096 5381 23395 5052 8595 9746 6361 1558 10999 22691 20981 4632 8056 19292 17281 1895 15531 4156 12243
5096 19430 2062 9097 16261 2330 23158
5097 21050
5098 6450 19223 3408 1413 26479 26306 26270 4290 26887 26003 16095 23401 26496 26910 7289 3577 4453 16829 9662 17015 21594 22793 26467 24170 22378 17540 18538 26363 17259 26920 15640 9369 22933 1954 14997 12516
5099 16932 25307 3575 7585 20559 11553 22026 25872 1888 22195 11295 1180 25960 7261 1985 14498 5583 19387 26670 20639 24131 2369 12025 1229 21514
5100 21705 6627 2053 11406 18512 19463
5102 25049 13252 26044
5103 3008 15265
5104 11826 13736 7403 22102 25275 339 16920 17149 18828 19537 23890 8891 3944 19481 22605 22612 8522 18186 23675 25556 14811 7265 3240 3210 650 4422 12083 22672 4323 8591 23985 8482 19220 15288 5760 855 20752 3617 8769 23392 25080 21097 13805 7230 14909 5908 21826 4260 1703 7814 23897 1867 9068 2403 17098 1643 19654 7729 13743 19981 5859 9791 9944 8003 24025 14616 13329 5231 14433 1951 5936 4273 7477 5201 13202 5049 2604 13455 8679 17129 3503 6519 19305 24737 8575 20009
5106 5863
5107 20484 6661 12944 14232
5110 18890 12012 19334 25256 10407 13143 3542 23135 8603 24091 8797
5111 25855 16713 8127 4006
5114 15976 24602 7291 19790 2773 5052
5115 13026 16464 17837 3100 24134 31 3319 16708 3052 18634 21911
5116 3062 4950 10767
5117 25701 20100 23659 23234 23419 8355 9368 2789 24204
5118 25133 8827 13104 16652 25004 4979 9696 18289 18672 24105 15768 18237 18510 6680 21210 24532 7421 9200 23246 16711 26359 20492 642 773 25956 21373 18839 3132 4290 21301 821 18218 13822 11355 26714 23997 10840 25368 20873 21529 19421
5119 10885 17987 24295 17869 18388
5120 10145 14103 22304 3686 25501 10600
5121 1687 19389
5123 24586 21397 20021 16680 24526 3102 25424 6559 23785 23328 24557 12540 22971 23954 22557 25100 21421 1257 24633 24649 23071 25980 23448 22267 20887 24481 26214 22953 24648 21526 26153 19759 25229 10259 18931 25368 13688 133 16075 26294 24645 18527 2725 13762 15379 14791 12156 7423 9630 9662 23496 17490 25616
5125 19982 20830 19409 8403 14553 11326 25236 9020 20418 10924
5126 13784 14983 22769 9582 24839 9790 24544 8845 13244 20898 6281 24308 2792 4232 6774 18828 15878 21487 2842 26529 19496 9734 7504
5127 7419 24390 11655 16992 19223 22605 13213 14724 6837 9951 4058 13181 15512 3859 19624 3832 24473 7043 15132 12156 17836 2828 10431 2131 6047 21726
5128 10706 23707 11787 19248 8522 23217 8494 25681 21546 10123 24456 18378 9798 18482 10937 13136 15860 13642 8904 13157 21149 15011 4477 10938 24329 9128 5652 24871 19577 9754 7297 3550 7105 3593 5029 9066 9068 7850 20108
5130 438 2514 571 850 2351 25936 5576 427 5511 6243 13381 5443 1539 1647
5131 22262 12256 13584 19426 7579 20327 23151 21473 5586 22050 21954 7310 829 22472 26402 14385 21703 7109 22431 12486 19087 15071 6841 9632 26696 5985 26798 13396 16039 26792
5134 24726 23482 23997 24679 24085 6914 24852 9673 25140 19709 4613 23574 16008 23629 5979 13422 25084 7622 8653 10433 14538 21659 3740 24521 5173 20923 3808 8291 24048 25179 8124 23931 16464 13184 11212 19347 25335 921 26654 13298 17405
5136 25732 1915 19629 25288
5139 24530 17591 14554 24161 25516 9021 14441 25443 7206 4844 24413 24794 25653 4858 24889 10999 7239 22595 16742 23894 16498 14439 12745 25700 16624 9491 23917 26288 6041 16604 11328 8369 3165 18851 9996 20092 25422 11949 26297 25421 26198 2461 26688 26781 26774 8567 7215 9337 15514 3120 8607 25418 26765 15072 7600 18466 17551 3587 7063 26795 21768 8517 19325 10405 16941 5948
5140 8204 10100 16312 21367 24175 5147 8595 1434 24947 25665 18403 24336 3169 3173 3154
5141 402 4791 2642 24134 6881 6448 2043
5142 23597 15869 23993 19554 15860 1155 18065
5143 5353 11565 10767 10800 12925 12854 11900 22726 6676 834 23558 19670 10062 2147 21089 6331 23931 26126 13966 7101 11454 1867 24539 14292 2307 12295 17524 5722 3616 7105 5083
5146 8706 24022 4636 395 11605 13920 25681 402 481 10461 18338 589 24218 11074 2256 12721 14714 1932 6731 9068 23234 14739 9944
5147 24450 25307 24820 6979 5096 7023 10322
5148 21103 4670 17479 24272
5152 21847 22345 25972 21712 16853 6804 9904 10250 13662 1361 4927 6346 23803 16247 9123 3701 4403 20857 7120 7295 5138 10694 2383
5154 13573 13631
5155 15536
5156 23926 17581 21818 24374 10015 22174 23711 3165 22314
5158 21746 10405 25533 12358 2597
5160 434
5161 13947
5162 2644 13470 1865 14154 1577 1679 18361
5163 14481 24262 11163 21229 22874 24531 23713 14635 14974 23883 14652 19023
5164 5891 24488 24928
5165 8837 5916 24430
5166 23080 22192 10470 25459 22312 23929 16935 22737 25825 25782 24523 25959 25879 26115 21013 26053 25990 12668 26146 26238 25804 26254 23728 26217 26327 26365 26468 26333 26440 26326 19395 2655 26501 26352 26494 26533 26604 26657 3515 14735 26695 26698 26916 26729 26847 5983 16322 3673 26888 5097 1507 7063
5167 8382 1819 14302 19640 3229 7032 8067 21971 23993 17663 24444 5260 387 15829 14938 830 10764 4835 4961 22211 12909 25036 6668 13479
5168 6680 24219 5519 12526 21117 11837 25504 10456 12043 9532 10065 12720 11965 15954 1607 1220 3905 24475 23087 5659 3659 10591 18724 11508 10681 17263 18321 9280
5175 19885 14018 12621 10124 12568 9365 3255
5176 23238 25143 19924 7267 9532 23504 18194 9380 7042 3888 1220 4575 1980 5992 3667 2504
5177 8687
5178 21169 25128 13410 2719 11369 23203 9458 4315 3088 23568
5181 4303
5183 3093 9019
5187 9331 5939 24616 25869 21127 17804 3650 6439 13949 22211 11979 6958 26907 12666 9493 8212 22004 15399 20143 20681 16617 18781
5192 1062
5193 24370 11390 12646 14365 12115 25450 12965 18825 12950 22790 8317 21889 4142 10265 14207 12651 5703 19083 13145 14444 3029 18667 26502 13568 14654 12171 21018 8637 18587 14787 4046 16319 3422 26590 10134 6264 25998 26759 26887 1108 8631
5194 14934 15207
5199 24184
5200 23758 3996 26080 6472 13151 1157 2594 9059 9351 19204
5205 13022
5206 25174
5207 916 20964 1105
5210 2254 24747 2261 142 8649 25551 23750 16756 4561 16425 25504 6134 149 14561 10982 8111 12317
5211 2876
5213 13276
5214 22192 23053 9540 25779 3219 25959 23857 26117 26053 21297 25953 25945 26127 26146 26274 25787 23927 22264 18538 26365 26344 26352 26326 26605 26411 26749 26771 26664 26698 26796
5215 5567 22837 9734 16445 24374 11883 16319 23390 25660 3740 9812 5298 9785 14116 8176 9223 23824 6680 20321 7280 25446 6246 10141 9138 9211 183 24797 5745 5517 3520 23692 9571 22707 23337 11243 14873 17260 6895 20681 13166 4198 20051 6974 9247 10970 18085 5301 24022 5903 16308 26889 11388 10620 11394 9662 5820 9764 9064 11097 16749 6568 11719 22874 15421 8152 11070
5216 2854 14847 19962 11858 16585
5217 177 2565 4950
5218 10452 10297 12267 13410 9676 22377 3737 1781 20678 21529 17804 24233 8782 3356 6540 7180 3359 16187 7636 4377 25425 20164 17872 5008 20799 5257 8814 1385 458 21967 21847 2104 4878 8982 4560 22090 17891 5697 4334 22104 21443 9930
5220 11 3266 7783 25630
5221 4233
5222 11298 20361 26858 16426
5227 22020 19863 20494 8517 13228
5229 10767 2810 10766 7516 25507 6306 16331 8193 6480 11401
5230 24054
5232 1059 5445 6731 22352 23459 11019 21128
5233 14656 966 6784 11742 18139 21017 18749 21968 22202 5739
5237 25185 22830
5238 9317
5242 26174
5244 24159
5245 23158 13411 3234 19762 2255 8235 15657 9944 1703
5246 25144 24371 8350
5247 404 16525 2707 21392
5249 20059 22072 24960 21709
5250 10470 10766 283 24345 976 18022 5200 10767 16451 24430 25400 4214 1073 22465 5049 18429 8405 14 4666 8872 26054 5414 6138
5251 20773 23171 20593 26506 12985 16133 11361
5253 23660 12893 11709 13022 2552 24543 13942 21680 11993 20099 25570 12436 10235 9186 9661 12799 23953 26341 6080 26422 3870 25522 8336 9103 19812 14564 26854 26858 26275 3938
5256 25720 8315 2517 24623 15640 8795 24944 14572 14754 24773 25958 1298 9630 17346 7699 10669 9267 3090 9389 6281 15152 16464 26504 23023 4843 9451
5258 11836
5259 4399
5261 21898 25340 24485 4850 9727 734 1807 17493 22255 12704
5262 24546 2813 23174 18124 13680 10060 13242 21211 9666 20749 20195 11834 23800 5450 10619 8868
5263 23805 14452 9232 6371 9094 3425 21029 24852 21611 25224 19605 8828 24970 5798 10522 10572 9762 144 845 14785 10562 6774 12126 16067 24813 12098
5267 9106 17208 8705 11301 25533 24149 13557 25015 24578 7658 19248 15384 5201 22916 3153 14290 23709 19307 25661 19432 23250 23916 10111 13427 25872 4497 17116 17859 6146 14071 18352 20472 12145 23760 7154 13585 21009 14033 18489 24439 23005 9876 21827 26182 17887 11405 4705 5040 26290 2788 16146 6055 24104 22260 24681 21773 11061 16232 26322 2274 26398 2767 2050 17268 16637 24598 18504 15540 26648 19121 25103 26042 9060 3281 7568 25138 20513 1485 26587 8311 11158
5268 25794 21871 20899 18620 21661 10549 21392 23224 11083 18439 581 19119 2185 17746 25163 22896 26567 9124 26740 26897 2961 24135 11090 22230 23577
5269 19554 23310
5273 17460
5276 21785
5277 12042 9184 13174 25417 5930 11963
5278 1960 6663 19638 6671 6545 25897 4853 12641 24794 82 15584 9134 4620 5674 5148 21847 21684 5102 26622 8790 18082 20191 8284 11979
5279 22308
5283 5638 24365 3403 9114 8806
5284 2552 6339
5286 22011 24209 88 26 7842 442 7650 23019 16290 12336 13623
5287 19952 23264 15511 7361 4700 15458 21991 9879 10199 4994 16758 1086 9624 6515 18446 19532 4787 7703 8146 26502 9890 5754 23011 3501 14582 10999 2702 15046 12878 5861 15004 18301 16053 20337 4152 949 23531 2545 6858 5660 10661 1607 24635 10960 26477 8647 3755 11077 15688
5288 24134 24463 25515 5969 4766 17465 19767 10014 15034 11315 8754 13732 3052 13145 19469 6814 4404 7471 5011 23813 8842 14736 14831 9642 4141 10475 2052 24007 7270
5289 3768
5291 25562 24080 8868 14480 5807 24259 21714 21988 6167 848 23364 2575 3218 15690 9434 11349 26292 523 9482 23634 17421 4760 9565 23234 1969 16377 2684 6389 26696 5908 21211 26455 5400 23952 5713 19926 6109 967 17238 9431 6049 21402 21230 5450 22358 25478 26792 20320 6218 6841 10574 3141 3144 6618 16321 6323
5292 16879
5293 3839 2731 15377 14254 22876 19197 17440 7280 13766 11007 12642 18681 13697 15554 14937 24653 9262 14873 8543 20520 13410 5945 12658 15000 12347 12638 16711
5298 936 1890 25661 2799 18677 6961 619
5299 7261
5301 20641 8473 348 20790 13329 8427
5302 25469 9019 14131 21680 15823 25872 20083 11835 21023 7018 4019 23064 21927 11286 13177 20908 9032 19446 24202 6334 26478 26398 15566 1566 6480 2799 7364 19824 25870 18619 24956 19877 21901 1180 4501 18001 7882 20222 4830 11653 1887 21115 17202
5303 7539 2283 25734 22888 5812 25937 9443 22647 1136 26279 26689 21148 4915 13649 9348
5306 25522 23241
5308 4284
5310 14867 12875 2816 2233 9838 21119 25436 14022 25872 11405 2274 7066
5314 22949 25929 23532 25545 19592 24739 23690 26063 19262 24554
5317 21705
5318 24892 7319 23317 7295 3447 24820 8550 19729 26412 2910 13808 668 1573 6832 16036 12297 1360 14396 8692 5138 26826 5417 7623 20191
5320 10975
5322 5218 14068 12485 4819 4043 2657 3049 13080 3258 6245 6520 11472
5323 24729 8295
5324 21426
5326 25872 328 6117 10966 20119 474 11980 12801 21970 651 10138 3156 10471 24787
5327 6480
5328 9032 2472 8804 2336 20364 7071 15068 18800 8501 18739 1566
5329 12609 21562
5330 23110 25022 23641 14895 21691 25470 23879 18962 4656 24399 23442 20817 9604 5456 13465 16329 7704 1746 26478 26556 3395
5331 18248
5332 23592 2956 5143 15879 13973 6794 3042 17081
5333 7786
5334 10891 20845 22306 15977 24208 19899 19783 10274 25856 19384 22879 1 24523 22852 9742 23111 15942 6235
5336 1865
5337 4468
5338 12094
5340 5550 23861 8589 5944
5341 24607 25794 19019 13018 24202 20581 9556 13264 21305
5344 2379 9770 10695 12156 14604 10848 9946 613
5345 24261 9032 9210 15695 4246 24781 7709 1385 3465 15399 2945 26918 19532 22711 20364 16986 23738 21196 13961 8852
5347 13019
5350 21847 24781 25333 21831 25923 14535 24410 18443
5352 15567 10328 24794 9023 10594 26783
5353 24698 979 10470 17561 7660 21981 25078 3761 2585 2653 15181 11514 19813 4145 6188 21304 17743 11386 9972 21040 23267 13827
5354 9360 15057 1983 11646 2136
5356 8545 2788 19907
5358 16587
5364 8309 24506 23767 8916 20574 15567 26072 26109 9409 14533 11496 26209 5127 4377 24692 7405 7135 11901 4971 9112 1239 26518 2649 5999
5366 5400
5367 17715 10770 25507 5656 4381
5368 24056
5371 6681 16624 18496 9624 5406 24610 24170 4726 26619 25858 8968 9808
5372 21478 605 20494 3039 6681 18334 22638 4656 24965 14887 7854 5034 17440 8136 9695
5373 18790 8368 1641 23328 4018 8189 3832 2189 8655 8878 16605 18227 3806 10686 5283 9901 6347 18255 5287
5374 6975 389 8264 16586 3037 1842 4298 2240 18620 4153 22568 9881 3557
5375 16037 15375 20765 23458 17984 8241 7371
5376 24473 24973 6151 3617 18604 17837 914
5377 20369
5378 9292 26046 17491 26801
5379 23805 1931 23525 8096
5380 7142 7470
5386 551
5387 25250 10767 660 1153 22841 2639 3907 10297 5675 2552 1372 2696 5916 7137
5388 7419
5391 23794 16472 24485 23773 23333 5257 14656 17085 23206 1167 10998 23085 10124 11321 17627 17570 12697 22554 20469 15224 10868 3448 6908 16558 10597 14503 16937 5090 7213 19487 14460 12209 21981 7613 18736 16414 17272 17506 16216 19511
5392 11935 23877 16708 25535 24162 11383 25828 22969 21308 24532 11324 14800 25368 23060 21276 6322 19199 2939
5394 19003 24864 9379 20488 5400 17440 11132 18073 13351 24976 11561 22144 19458 25872 14060 9308 15464 3409 12765 24367 17496 26011 382 13678 24733 2806 12622 9772 4505
5395 11657 1098 4028 20570 14672
5397 7096 9462 19354 353 13413 17024 2505 5684 16267 7958 19538 23891 3548 6494 6877
5398 7261
5399 9699 16920 14624 23483 24888 1596 13273 12187 9660 23898 853 25247 2505 11873 17257 22562
5402 15218
5404 10663 21258 20639 14735 18137 18648 20866
5405 20108 1641 25556 10174 8672 24779 20782 4185 25611
5406 5387 24152 24216 18220 24521 7176 25085 2621 5879 1726 25449 334 24456 24083 21422 11987 8231 25683 6408 17233 23094 3889 9147 22661 17951 25632 25928 3740 20256 16685 23006 11150 9756 23385 1517 26294 10906 8159 21810 26373 26562 13891 17764 26714 16285 13517 11455 2505 9806 10515 26239 15619 18984 20543 4932 23401 26916 26539 2205 26766 18818 12307 22511 26817 5853 26901 23997 26822 19926 2000
5409 21481 24936 24928 25771 17304 21210 10397 25665 26062 15847 21202 21785 25368 7404 9764
5412 19888
5413 10797 6609 5212 7213 2353 15478 9314 15834
5414 11712 201
5415 23652 22047 23190 4000 10104 14756 19217 10256 22590 17322
5416 17469 14067 5964 10876 7548 23493 25872 9409 15672 13993 4497 15076 15505 14071 21680 19516 23133 21946 13669 26031 17202 6117 25710 3135 7545 13050 19380 8309 26105 20283 16414 4303 26919
5417 19885 14594 16034
5418 6513 17714 24623 18192 8983 17275 13778
5419 20497 4589 6306 4895
5420 19882 23287
5421 16977 1482
5422 10010 2984 477 16089
5425 15192
5426 10182 25028 224 7426 12760 15592 18715 21655 5480 1675 23363 24485 24655 305 2422 10048 9331 23137 15470 10457 18987 20460 7411 7135 1 18221 3862 24506 9112 6480 713 7868
5428 22511 9755 25566 11098 23657 25035 4432 11093 5812 24086 14526 19220 25846 20416 23694 16590 24973 24947 26157 26192 1639 20520 13650 19139 26230 13153 138 19694 24554 69
5432 13779 18076 20511 23652 24872 17740 8769 8455 8522 9517 24196 24059 3811 4930 16464 20040 23897 21948 9781 12817 13367 17280 24065 21710 12488 18236 12156
5435 25332 13114 9746 26288
5436 25473 22113 7489 6953 10873 15160 13667 4975 11942 25075 4377 18345 19028 4901 23779 18455 20379 17134 11354 17617 18684 26348 2453 4552 17678 12969 23738 16473 17692
5437 11841
5439 12855
5442 1793 8154 9961
5443 14006
5446 3692 6450 26714
5448 24134 25045 25062 23966 18176 25167 9669 14371 25224 20115 21445 23872 11339 12156 26063 1095 13668 8839 5946 23692 20355 8482 1198 18769 24161 16295 6771
5450 3420
5456 16363 12254 13400 20846 15377
5458 18969 6731
5460 19119
5461 22059 1074
5463 5354 8545 25710 340 17940 22566 8687 8324 972 17570 9016 9784 2615 4819 1566 7845
5466 15702
5467 13908 11752 3762 14697
5472 23563 22515 24332 25459 12981 24458 10612 19653 20521 10958 22617 25947 18538 26073 20529 26040 14052 26022 26060 26088 22839 26118 5299 25795 17725 23645 17814 19395 19422 22885 22891 26127 12729 25874 14522 23109 25721 26327 26162 26254 26466 26550 24459 26508 16526 26418 26605 26411 24170 26494 25712 26600 26603 26507 26666 14360 1309 26771 26805 16430 26749 2873 26796 26883 26870 26893 25973 26534 26873
5473 19695
5478 24190 26611 26849
5479 1650 24457 10132 14549 372 18786 25833 18446 3078 5268 25397 10305 24022 2030 26497 24295 10393
5481 24352 14521 12203 4512 22629 20017 18890 6299 8599 18622 4377 1761 5167 21847 7213 10199 20410 1351
5482 18792 22244 23682 16277 2222 9547 23045 11227 18596 18263 4068 3557 23601 26471 4879 14406
5484 13803 1866 8828 4423 5274 6332 19011 3901 21050 11889 10800 25098 3436 22511 19181
5485 22352 17523 20947 6689 10624 8428 4549 22188 21714 13585 26126 13400 3234 24259 24305 23483 8204 940 12351 3068 22806 13733 3482 9032 10369 13584 4285 14358 18390 20896 6125 21310 14326 24879 26042 5775
5486 24281
5487 2528 6851 274 1533 272 8325 2552 1999 3633 4320 546 647 3870 494 22255
5488 10999 5792 6580 2431 6235 5731 25680 22554
5489 3079 1002 12016 4879
5490 11678 23805 13339 13298 7650 16780 14404 736 17454 23997
5492 17440 13429 10746 15674 9251 745
5493 20720 21555 15585 11341 15951 23805 841
5494 16059 12149 295 2355 619 1226 1910 2340 8113 26125 22062 1242 1680 2598 26595 19657 1492 5436 1587 26845 3775
5495 16055 5847 4198 24779
5497 25522 5279 13241 20591 17460 25264 22231 2 19017 2316 8589 20668
5498 895 8309 3056
5499 23386 20245 20518 8483 11771 22104 19683 2687 25923 10712 13755 18875 17073 6219 23800 9903
5501 9088 25258 16441 24159
5502 1090 4610 958 24903 22063 21531
5503 2352
5504 16041 22932 23739 21805 10115 24951 25916 9147 7963 25951 17877 24678 25763 11070
5505 23948 25316 8872 21658 10547 22020 16718 1877 1455 1710 18781 1224 25442 252 9238 1971 2788 9479 23922 3928 21393 25317 23488 9314 14743 3059 18919 21959 15397 24402 22118 16955 1219 26760 10922 2160 8454
5507 644 1879 17440 4697 16376 1938 7381 3236 7485 7507 567 3297 3478 8863 23985 1202 17632 24445 7094 2121 629 1146 22584 7701 1942 21796 17545 14388 6615 9636 10774 16940 23634 5274
5508 707 16746 4112
5509 1104 4303 9547 22118
5511 5197 16705 13169 7385
5512 22063
5514 19996 17570 4907 16427 18890
5515 10046 10249 21412 4360 6201 25095
5520 14123 10393 24410 17496
5524 14664 3615 146 23103 5851 20666 11023 8802 16177 13856 4866 1317 6223 26502 23223 7251 24195
5525 1465 12419 17202 25400
5527 8501 20955 5400 7514 8189 8640 10938 16798 21184 19070 23890 4432 2039
5530 22798 19020 23328 25757 17292 10548 19151 20108 22622 10978 15589 8450 11599 22897 23401 19701 2865 15785 25562 14470 21015 25259 15261 7719 8108 4826 5486 22493 6881 14802 25160 10196 7012 14560
5534 24390 22693 23884 6026 23978 3229 11688
5535 3087
5536 19680 12444 18422 23194 18995 503 20192 24253 8601 21568 19675 25055 11970 14176 25276 6946 12959 2196 7360 3740 10596 12531 23692 2307 26372 7197 3729 26416 9919 3617 26758 21942 13693 10606 14772 12260 15752 19181 12238
5538 8872 22851 19107 8445 22843 10542 8336 26108 7373 26241 704 26290 24680 26259 2668 26548 17083 23322 26435 13861
5539 19589 22939 19287 20414 13280 23805 277 11098 2196 13039 1972 6914 20263 16357 14309 17592 15278 24465 11597
5540 264 2167 1572
5541 7213 16441 19559 3450 8442 6553 20178
5542 25737 25932 5665
5543 19290
5544 19862 18931 12860 14327 18692 15721 24102 776 10501 10954 18079 240 19996 10199 16120 4206 1349 12995 2274 16297 12823 546 488 15823 15458 3633 19373 962 20524 11536 25340 21847 12785 15738 16649 21949 18150 18732 10805 19427 20150 10850 16135 12149 26011 26042 485 15866 19387 22806 20589 17376 24707 22954 12406 11253 19898
5545 1956 2012 4475 17129 1669 4906 84 2771 2847 571 8235 837 380 1059 2361
5546 3616
5547 7429 16169 7158 19134 9241 18830 6610
5549 1099 4183 14382 8815 3432 6687 8858 7295 8037 11007 490 8517 25106 3398 478 7884 13059 16237 8853 8082 1705 16040 2305 6134 8317 80 708 17713 9495 20305 25155 26323 9261 26700 19635 14119 21766 26889 12196 16577 18843
5551 25140 25344 18994 25501 22997 24944 18787 8522 25556 8291 23415 1035 23997 19605 21911 14153 9898 19675 19165
5553 10874 8286
5556 5414 6398
5557 3879 6822 11633 3126 24585 21287 3194 20343 2781 4147 1486 4112 17460 17495 4764 5406 4298
5558 7772 21247 18266 25166 23281 14798 7660 11336 25839 13450 9703 19744 14155 20640 4419 18679 12673 11747 17692 22521 5867 5324 6685 1699 26447 3494 25519 26760 22912 9490
5559 20328 11894 1772 16958 13821 24350 7366 22605 2755
5560 3521 7261 6863 5406 9729 9032 25872 7135 17920 20858 9308 16275
5563 14413 15870 25141 3944 20161 14757 13124 11603 22412 13492 12947 4970 17135 9832 5256 5722 10364 5219 2711 7105 26215 2948
5564 13836 19682 653 5231 6675 4960 16340 4503 14418 1346 19426 2187 16595 13553 23830 886 9309 11755 7553 11275 10738 18009 13636 1173 22919 11628 47 8690 21211
5565 25257 9521 22800 12160 2374 21579 19647 3772 1517 23850 10589
5566 26241
5567 5443
5572 13346
5574 5708
5577 20228 1476 14247 6784
5578 22844 21809
5579 19910 23830 6167 18184 17545 8687 17532 24236 20945 1687
5580 18458 11987 22352 9839 16736 18238 8981 26214 5082 2367 20661 5292
5581 2011 10214 22374 20804 4287 6251 5325 3293 6013 17206 1637 8333 14762 25681 745 21019 10233 22823 7124 26436 7919 11199 12256 14978 23930 4433 14359 6817 11204 8524 3763 11232 19034 8901 18154 1160 1938 2662 1516 5190 16408 13446 10888 20996 17495 8597 16923 10600 16730 15098 20978 16962 2958 2279 11019 7149 13558 5164 3778 6215 7573 11570 20247 3436 4831 7241 9826 18271 25165 10848 3910 5968 7094 11297 22221 9751 5363 6691 22921 5722 11005 12070 4798
5582 17460
5583 16260 4676 24424 1402 23062 25810 15507 15342 15583 10678 25668 26137 23458 20968
5587 24132 22221 10408 23309 18924 1146
5589 16746 9019 24281 7658 19290 6372 3192 26505 10322 4995 17202 13392
5590 1514
5591 23116 24779 13249 15193 25094 24007 23890 15858 23959 18236 25681 18382 8522 24997 6081 8455 23805 3811 23158 16650 19257 2855 18571 6900 15556
5592 22691
5594 25604 10749 9132 24267 23745
5599 8467 10810 22347 1258 23020 10160 8309 15654 23682 17931 23589
5601 7516 6480 7385 13984 3728 23175 22525 18504 1629
5602 15720
5603 12031
5605 24636 25872 26676 26393 22998 3281 13740
5606 11451 3740
5607 14542 23617 8752 19779 10199 21323 24034 24787 25069 23981 19873 21694 17042 16981 10189 21808 19265 14859 24460 10874 18182 18719 7286 23284 12477 3050 10750 10755 21863 17582 25505 7067 369 18679 12961 5064 9536 17950 21847 25982 8862 4307 13640 6090 20581 26409 9032 10845 7937 4729 25946 12089 24626 26619 2913 11215 10602 972 20236 26916
5613 15869
5617 4112 22045
5619 10767 1002 19931 19907 24091 19798 7849 22079 16076
5621 26156 25913 26263 12516 23568 8619 23709
5622 25374 3427 25496 3024 9513 23955 25276 25117 1924 9249 1306 1744 24239 2782 2454 25842 26076 14467 491 24455 5637 26192 6709 901 26059 26190 2485 15936 1545 26239 17084 12644 17910 1824 22731 1179 12223 1049 26436 2033 22468 7499 13381 12102 26741 9882 26913 18828 15285
5625 21375 20508
5626 19216 1 24881 1351 2521 11663 1683 10455 19182
5627 21098 2959 21414 21402
5628 20745 1965 24947 25556 204 18838 10336 25766 7582 20400 11339 25760 3654 595 26179 9746 26304 25411 26502 22350 4348 11143 16561 5867 3482 14107 11053 15503 1402 3491 17752 12658 9903 18207 18348 15027 15799 6117 10286 17440 4098 26855 13856 2847 10957 6194
5629 7192 8529 14288
5631 18706
5634 25709 16756 16833 10906 26346 26520 26714 26537
5637 24660
5639 23196 25681 15141 25501 16370 19313 18873 6673 24802 24799 6547 1212 670 8406 9713 17118 8547 23897 2902
5640 10005 19006 6041 23836 12582 24264 22657 18598 120 146 23747 15768 5923 22120 5952 10139 22738 20130 23637 20153 8395 18174 26688 3535 12658
5641 10766 17934 5505 1065 3603 8097
5642 23997 21108 3235 19279 14958 12038 16051 14698 23694 561 12552
5645 7065 19289 25506 23890 24495 21870 9372 3868 2192 20997 19158 17345 24674 16039
5646 22820 21475 10517 10304 14393 14492 13795 24446 22113 8511 24885 14832 15974 1390 19947 4765 21045 14293 26434 5406 5193 5730 20988 26615 12285 3119 3804 10471 11581 16519 15823 15138 19310 24777 15094 10873 9390 16315 19617 2827 21551 16138 5604 17234 2821 18446 15399 21734
5649 26846
5650 998 9484 22554 24694 10129 15616 25174 25794 8430 12317 22876 24820 25862 8619 4655 19655 26548 10687 26524 26670 26532 19507 25670 24310 19689
5652 21847 17532
5653 10759
5660 548 20869 23371 24741 23293 18334 23491 3126 9560 18094 23119
5662 11869 1126 3423 14298 10982 20310
5666 23158 17440 8127
5667 13411
5668 3749 1376 13573
5669 9768 1178 19722 16733 16374 14123 8989 25794 7448 6681 8582 76 5052 24413 5381 3023
5671 25112 24553 18807 11125
5672 20377 12669 12457 1057 17294 19640 17219
5673 14264 12669 24706 5690 22552 4718 26080
5674 13429 21194
5675 17176 14 8778 9329 22190 24632 25590 19018 453 23376 16789 12217 24405 17711 25062 12559 18769 23712 7427 8805 24134 10687 9674 3340 3132 23171 2345 1169 24201 4370 22209 25748 25368 14779 124 24187 7157
5676 6798 14022
5678 2099 13043 9286 24974 2254 23690 24094 9827 23466 23931 5597 5888 357 21030 8781 11906 24944 4837 25979 25744 6705 4260 21650 6025 21947 24241 19253 26080 10157 16827 24284 16464 9587 26231 25831 4835 26714 6828 26539 20264 22211 16991 13617 17347 26788
5682 11382
5683 25740 17465 18127 4486 24465
5688 3815 23238 23395 23957 25111 25699 5896 25535 20470 13082 890 700 15835 5147 2032 7337 916 14362 20567 2214 8163 26483 1423 26599 2675 12037 26517 11420 18514 25466 26554 26588 26668 1259 19936 8766 26439 10466 19113 1683 26760 16004 21847 26781 6804 17818 10104 26774 13661 9493 9214
5689 734 16746 13872 11930 9212 20099 10334 758
5690 7662 8522 23489 10042 20263 21261 18995 24511 19386 9555 15348 13125 7017 2349 12790 16136 8127 14385 12679 12468 16572 10936 4244 16856 7043 24355 12885 19213 4197 725 22921 5610 26313 11368 5351 5501 12532 23931 17121 1155 16357 19654 15052 21616 13242 3384 15586 2907 12754 1531 5796 14616 20929 19220 3418 10896 21217 18773 21129 13238 13284 2351 10373 7747 17280 7104 17348
5691 15235
5692 21850 5261 4540 2001 672 14233 26013 16374 23794 2423 6850 7408 25258
5693 6556 5942 17715 25794 16986 18006 1945 24898 5790 11572 3482 5422 11083 25564 24741 22038 20456 6874 6301 22118 23738 5454 13203 11458 23090 11285 10230 5698 21901 18890 10657 21751 26753 19674 10948 26783 1756 26897 6958 2274 20869 24135 11211 6483 26907 17245 22339 3213 25208 19700 21813 26211 1874
5694 10767 17291 25794 6259 25258 15894 12435
5696 19350
5701 22051 10767 6321 20958 9584 14381
5702 14817 20637 20456 3812
5703 12562 5279 1414 13845 16312 7960 7664 5764 18444 14048 22345
5705 22758 4737 24427 3476 22876 9240 14566 13104 26288 25207 3898 4203 19918 20757 18241 3165 18255 4649
5707 4383 23483 6046 585 634
5713 15434
5714 24233 13715 7366 7157 4314 16361 17212 8261 10496
5717 18106 127 10135 25376 12775 14589 14168 40 20770 11503 23805 9369 24453 9673 23482 12156 19099 17967 21900 15575 17712 26133 26134 24710 22663 26080 25939 23972 24574 12546 19282 26230 19246 10540 26223 14049 16000 20282 21274 22468 24340 26770 26637 10690 26817 10898 26239 13847
5719 14650 360 14522 20057 2964 21762 2769 15246 5210 1071 17668 15929 12206 15207 23238 25060 901 14670 11252 15383 14348 10975 16389 4100 19638 21876 5400 2398 25868 4465 19332 511 7687 7405 25861 17086 15201 12976 25057 16119 18740 14676 24266 20563 22241 18805 26305 21218 22891 14895 26127 16902 342 26247 10612 5650 18534 1314 26106 26488 21018 23482 18714 26519 8038 10574 20747 26909
5720 23040 18885 24644 23776 23062 25635 25326 22873 22949 19089 24161 24229 13352 24075 11926 25600 24233 23326 25892 14107 26255 15959 26288 22748 26195 11902 24281 23176 8146 19113 23111 22634 26491 21257 16941 18557 26513 26502 10466 21057 26467 4274 26730 6320
5722 24578 21923 8434 9659 24582
5727 20592
5728 7470
5729 25442 13982 18047 5534
5732 17852 6953 13734 23003 5123 17221 9907 14321 15083 3022 24349 21808 19197 18376 16523 15363 1708
5733 25587 14675 21555 8108 23483 1938 8465 16144 3089 11118 15320 2023 18769 13565 22605 19612 15843 11699 8812 23170 16261
5734 24523
5736 22876
5738 17651 19824 20772 26598 22357 11112
5739 24589 15753 7981 23800
5740 14008 25862
5742 5483 23116 25117 24779 348 7186 23290 5559 5239 18762 24048 19804 4940 11287 24046 14777 8656
5744 23234 23858 4364 23897 1059 8865 4696 4130 26301 1796 16402
5749 25056 12613 23206 20311 9409 22046 21692 18120 24479 19003 25872 18890 17019 25425 3465 20300 22230 12805 4959 1171 8797 18269 16174 26448 20055 22105 22210 26702 11670 25199 6274 4719 23589 25620 5431 22741 16334 6707 26911 15893 15984 11952 23333 1385 8146 22418
5750 2160 1999 2585 2883 23361 2554 15258
5752 19437
5754 8266 18846 22876 24523 9369 17750 11410 25591 22997 22943 19718 16639 11870 16499 9883 22587 22451 3017 15599 25275 23689 24766 19632 18305 20294 5312 4392 14545 26219 6506 11265 19314 26745 22499 24136 3951 2587 24737
5755 25112 18066 1942 3967 12966 24525 9965 3355 24941 25558 1867 22310 1900 19268 18588 6315 6881 11885 7814 2368 10200 133
5757 7205 11578 8658 13891 17666 9286 12331 20218 23173 9369 22951 24468 11154 15028 24854 24017 14270 14641 3024 3992 12772 7694 9704 20986 11768 17108 10238 1610 19718 19600 23042 24493 21486 19860 4373 6472 8987 11008 5293 22240 18065 21430 22340 12658 25260 18546 4835 9217 23796 13479 25919 12093 16464 13365 7981 20520 23727 23692 1715 22627 21911 8742 8216 12272 10800 2898 2872 16920
5758 25564 23682 13410 16924 17537 13320 23272 25715 3721 2645 13998 8857 25794 12523 1821 17235 22280 10090 25872 3521 19757 4656 15914 18728 9407 24934
5759 3617 24589
5760 7140 22499 19277 9289 8155 15106 24684 16638 24544 18615 3808 14481 9005 23132 20115 1170 14324 19417 8516 3974 3713 6189 18632 23805 9649 3078 14 13337 14912 15414 17031 23931 10110 3230 24349 25244 8762 16150 2607 12619 19966 20316 2308 17322 24027
5761 23957 15496
5764 20693 23395 24746 15323 23799 13207 23952 9331 25733 5479 10347 24756 22440 5395 920 3872 8232 9600 8959 8577 25522 7818 11308 19107 12130 22825 26427 18395 7767 6298 18396 20490
5766 9773
5767 7535 19824 6784 7979 14539
5768 23976 25356 23240 23519 6359 804 16808 19308 8970 12823 10854 18240 18438 5084 24436 22912 17509 25168 7082
5769 8862 24214 4303 3066 7142 16064 5942 6300 2707
5771 12116 19367 20418 22346 21936 24648 17823 18704 15869 2832 18917 20033 25850 1201 6312 16768 23745 15728 16939 19009 12356 3617 22381 8085 26229 11402 11702 14716 19610 15908 15344 16902 19686 13128 20463 6655
5772 19097 7309 11409 2392 2057 3140 18128 8807 20955 8543 63 8257 21557 10911 13469 15379 18176 4103 6251 13736 22511 24685 8243 20838 9068 1438 1274 7729 9988 2414 13803 7825 17061 16820 5239 15187 6149 8798 9925 9040 3270 3645
5773 24652 24207 8432 23997 22495 9240 13912 18441 8198 23400 21029 24861 6583 4406 14260 7477 23692 24779 23813 20944 24813
5774 15404 23622 10600 24396 19114 6456 22921 8127 1297 4423 1262 20846 23079 23757 21046 9206 26209 26098 3482 13457 21761 5406 23634 13680 26031 8690 26474 5643 4395 7601 9243 4986 11839 26569 24837 20362 26559 13159 1479 18184 6109 17022 19617 17286 5991 4983 6755 7338 25562 22125 25406 10805 16299 14324 13553 3257 3475 12819 18453 26852
5775 1623 23386 23474 23653 14629 16101 12317 9346 12068 13999 15768 2822 25290 14621 5788 6002 8080 23893
5778 13265
5780 5390 9446 12066 3078 9928 25356 4325 2596 3625 10754 25522 9746 25204 16313 11752 5018 19236 8543 12641 5529
5781 4530 12543
5782 22836
5783 22192 15835 23053 24266 24214 18010 20352 25857 25825 16530 25959 23857 25995 25953 25990 26106 26073 16918 26158 26053 18925 22891 25352 23728 11957 26327 24281 26273 26395 26371 26508 26535 26604 26666 26493 26511 26732 23537 26771 26695 26796 26834 26883 20958 24792 26613 24166 26903 26632 26909 26830 26825
5784 13243 21583 21173 7427 15083 18374 3740 15143 15608 8065 16708 15414 3100 17396
5786 15401 75 21412 8382 24933 22081 13371 13556 6154 6723 19958 21776 19171 19713 2335 5921 8217 4090 20986 23890 26157 8756 25980 58 25295 13793 26527 9273 6916 23006 11295 9945 12992 24523 26266 180 26294 13105 8937 10559 23401 23430 16180 2743 23599 6994 13084 11697 8617 26795 9794 13877 19461 19701 9143 4555
5788 25872 19458 9314 19597 22848 10183 22448 3848 2238 3066 13573 10430 1180 10145 10805 15214 7071 2519 1782 3849 5367 6692 26703 6259 21990 6806 5418 13638 23381 10020 4436 4388 20226 4752 23237 23077 16717 19342 22571 26531 17286 12660
5792 13313 14404 14546 19577 21240 22412 13786 5722 9553 23652 10226 18366 26545 14427 20661 16241 3584 17774 16220 11588 21395 13665 11861 16324 26881
5795 24025 8862 4605 22779
5796 24207 11244 22828 23007 17896 4625 20921 23474 14538 10367 23805 19648 25831 22246 3001 25939 10717 5879 2460 25487 12424 24601 22561 8049 23826 5553
5798 25522 3026 2104 2476 1616 1960 13640
5799 4571 1413 25383 24697 25738 23776 25543 22605 24022 1431 3617 12317 23007 26032 14352 26016 6294 16827 26346 20115 20398
5801 1956
5802 11088 25
5805 1687 24859 23333 734 11621 17972 26207 16110
5808 20228 26019 11192 10246
5810 12251 11077 12901 15049 18854 2447
5813 20126 18446 13644 21582 24892 23892 25957 19941 17109 19688 10701 5400 1588 22243 7911 4102 14409 26328 23694 23159 16260 25878 12985 3468 19272 1939 13329 13008 18456 16992 5702 3347 8385 26007 17581
5816 23450 14601 22876 25480 12920 14529 15108 11184 21982 25549 21399 8760 24801 13438 25398 25775 14287 25917 17457 24401 17727 26236 6480 14385 26612 14664 26674 24339 13284 18926 11920 12749 26609 10919 15374 26774 12973 17255 13291 16407 24160 14232 13746 3600
5817 2142 15720 4303 5373 11677 8154 12491 8309 7135 10399 17849 7112 3694 24111 19543
5818 13556 6638 21557 2391 10000 13423 21929 25355 2951 8164 19607 13268 4336 16827 564 21608 12194 17437 21237 3740 22412 22466 14095 13153 14309 15120 18253 898 26539 5888 17227 8252
5819 10544
5821 270 25730 16412 18828 18830 20995 10064 1264 5898 4315 17291 5147 4671 25815 933 20098 23696 18421 26392 22034 4297 16895 26236 8163 7415 5774 15245 6433 6672 5364 18671 22139 19565 14548 20671 20232 9962 11077 3892 5678 9369 916 15022 21201 20700 18592 3178 10392 24544 26826 17669 5230 9904 10123 18346 12393 5687 26795 5694 6739 11417 26502 3678 16384 146 14664 7568 12736
5822 2668 16374 23013 21908 17234 6117 10405
5823 22124 8336
5824 25902 3662
5826 25522 8549 6667 560 1960 10634 6566 16501 6564 6511 9385 24616 15502 22754 25937 25653 26636 4473 2477 22912 26761 26672 7295
5833 18980 4443
5834 24630 23247 25501
5835 24162 25389 15347 5697 7967 14933 14265 14011 13150 24664 22847 3941 25598 21927 9516 20876 8341 24881 4469 15215
5838 11848 9409 9784
5839 10224 21235 20828 5602 12923
5841 18525 753 1842 3616 2269 5400 2804 3686 2034 24268 16464 17440 6810 9068 14176 21000 22137 4648
5842 21847 24539 9683 15533
5843 25747 24471 22305 24219 23720 7945 24649 11656 7280 25411 9052 15741 5425 26213 26686 26714 5294 26346 8853 6923 19094 26887 8575 6568 11070 9571 15950 165 175 188 1735
5844 2887 1291 2448 5716 2973 1956 331 2057 517 2766 2656 1871 1445 2086 4295 1491 2742 3596 1090 16534 23997 24523 434 1080 2844 3842 1240 7632
5846 22895 25028 8862 17091 6819 11575 11192 14927 17955 6434 11611 3801 1396 15434 13241 7877 16335 4024 15081
5847 1850 13399 13265
5848 15568 25612 22124 25872 19162 1803 9032 1930 22040 21252 7434 7368 4839 23973 3160 20861 18651
5849 2844
5851 7385
5852 12768 25899
5854 23062 13739 13557 21831 25187 15489 21953 17257 1989 20394 5559 21867 14666 14066 25112 10735 895 22904 11677 3681 24302 22896 26625 5406 22651 11432 2613 16637 21418 25421 11819
5856 10767 23740 25939 11395 20985
5858 24882 24655
5859 8185
5861 10542 2547 10514 10683 23206 24723 7772 25195 18306 13251 7777 6217 18717
5862 21847 42 5893 9403 1633
5864 17850 12426 22747 24710 15864 23029 10257 18450 18632 26239 22964
5866 23944
5869 18271 14437 25359 10695 1156 4720 6486 23724
5872 23471 8418 23677 21829 14880 13852 6380 4308 13135 26714 23805 10888 22211 23562 18202 11097
5877 25212 844 2154
5878 24255 26071 15215
5879 2071 12878 10573 4964 385 467 11084 17326 19977 8862 23521 13430 22411 6134 4632
5880 15474 15853 24859 12805 25468 15824 25245 21103 26096 20859 11979 26670 20650 20805
5881 26478
5882 10635 23137 2135 19302 24523 20735 21921 146
5883 23468 18904 19668 12518 20598 23400 3171 24267 15207 7980 24262 4402 2191 22906 22897 24487 4417 16079 40 13612 17819 5862 17744 13773 6169 10658 128 15313 26562 12366 20860 15403 22596 24657
5888 8554 9240 17471 20085 19537 1757 17635 23675 24132 12658 24144 2814 17562 19307
5889 15362 25180 1308 18902 8552 4467 23249 2144 1720 11895 6692 2409 11215 9957 7287 7937 16039 7598 14442 23586 3337 15963 4860 22836 9082 21558 20558 4158 10991
5892 16331 23590 14036 26544 7974
5896 8196 9032 12735 18446 5672 26369 2167 22280 7470
5897 26207 9121 14305 5915 1756 23175 26899 5167 10160 19761 12365 13638
5898 24300 17061 25228 14560 19595 2196 5201 21290 18273 23694 8657 21294 14997 20416 5099 16578 26080 26225 16628 4028 5602 7034 12479 8003 18860 15278 5435 21706 8235 13136 8412
5901 10767 17855 16854 19822 24451 11916 5944 26427 2521 26748 21868 25258 12936 6520
5905 3527 23917 8336 20723 2969
5906 9065 25451 25100 22876 18917 21660 2611 18210 5540 26502 17745 6959 12427 7282 24481 21590 8943 19965 2755 14176 20891 9662 25229 1195 25368 13962 11219
5909 10846 1959 1462 23184 13363 6811 15883
5910 25647 22083 4603 18518 20115 14475 26346 3433 25181 23881 14189
5912 7213 6874 22896
5913 19623
5914 12615 20841 24135 15475 19746 20283 4844 22118 10563 15020 22180 26144 25946 3250 8545 23568 6090 2759 9816 10557 15240 9784 17905 26195 1442 5826 10874 23544 23973 15893 6734
5915 12562
5916 25059 23805 1517 3013 2091 17634 21781 117 25116 26346 12198 23594
5917 8592
5918 18207 10013 20520 6835 346 4198 2594 22917 3259 2847 10522
5919 25117 438 837
5923 10371
5924 12779 9166 26887
5926 23096 22094 8212 4068 17703
5927 5171 16382 24747 9665 19711 23474 23783 8155 24963 13615 2298 11081 4951 9240 10609 24852 15014 25738 20722 4465 26346 13391 14485 11797 26669 8532
5928 13007 14171 13333 10346 4548 4983 15461 15620 7110 7553 19849 23634 26164 26402 14418 1184 7697 21504 21749 5062
5930 2781
5932 5559
5933 22646 458 10881 20578 17976 5675 25944 20037 21775
5936 16171 3515 1850 20697 25356 20483 6880 9032 9210 18446 17329 26151 25987 8378 12317 15329 11936 22886 12589 3730 15434 6380 12057 16832 11888 13694 24177 6333 5465 24927 14221 16484 6318 26704 26887 9995 22637
5937 20700 1169
5938 20869 989 3126
5940 3124
5941 25117 24207 24048 9673 959 18218 17119 18570 13145 23629 21911 22605 16261 23897 23574 10091 16691 13422
5942 15834 21847 11095
5943 24490 327 7652 1032 2097 1373 2228 2598 3388 1534 9080
5944 2523 24694 22522 20836 21643 17934 22937 20623 24298 21586 8724 11804 21101
5945 25112 20764 15486 1925 24865 22590 8213 12721 2779
5946 10406 11036 12329 16165 3226 3600 6253 13410 24158 10449 16333
5947 5401 2675 15823
5949 11739 25069 23185 24162 23842 10357 4112 21375 21688 15434 19878 23953 12658 26220 6376 24489 19027 24263 12268
5953 18890
5954 18564 23114 14699 714 18820 21476 13582 25872 25575 22123 25946 686 14810 6135 6048 5537 7160 24402 5644 21981 2689 7717 5455 14071 8000 1048 3714 21499 3688 15429 13537 15673 21767 2671
5956 17051
5957 20151 24369 25317 15224 9381 3545 14118 25872 9492 21858 26232 26358 21800 25369 18111 19818 5041 8081
5960 21827
5962 23168 23221 24778 25716 22021 24161 14649 515 19454 21387 22605 24768 25133 5123 12004 18301 1738 24543 24457 21259 5896 17107 8650 25069 11009 6680 19218 11598 15726 8376 9525 21869 16338 2328 19221 13964 26024 25672 9887 23265 18126 13741 8497 23059 9200 7974 26120 21065 26323 26161 4071 4812 19952 15941 1169 9780 6890 1070 25994 17081 26590 8260 2443 6100 19023 5922 6804 4252 26477 4972 3073 26818 26826 5105 26502 18714 6695 20898 12652 26786 9787 7081 7253 20383 13712 16490 26750 8832 26863 8563 21573 26897 17960 1895 2345 7715 21207 4934 6369 18682 11281
5964 1081
5967 4362 14726 4212 9310
5968 1985 5866
5969 18031 23633 25872 12175 5159 17856 20362 23327 10972 12442 15782 14139 26259 19859 18436 26464 7877 19840 4529 13561 7160 15169 15848 8123 2238 16611 20004
5975 8393 23233 3401 26355 13378 11117 14232 7009 610 23261 1040 2360 4003 13010 8610 15537
5976 13573 23680 5002 4458 5167 6480 9372 7587
5977 23751 8830 348 24718 25668 10072 10079 10518 5944 21109 20380 17781 18909 20664 21177
5979 24775 5797 7742 19996 461 14080 13998 25872 23188 2565 10622 26320 7240 19913 20082 12477 15094 15634 15720 2249 9060 26031 18094 20364 16085 24297 23483 7939 9144 14703 21924 8807 16394 19219 12220 19220 4277 2821 7225 3868 2223
5980 7016 24250 20467
5982 9314 7405 11086 2716 5909 20797 17868 26422 8641
5983 197 10767 3076 25469 25657 6711 11848 24924 10542 1278 6784 4303 12715 4950 8309 8872 3181 10457 3936 12255 24056 7801 26427 5705 3279
5986 22968 8978 23805 19595 11971 8338 11993
5989 20610 17021 19107 24634 23957
5990 2728 24684 229 20032 255 25480 18335 25411 26346 1517 2471
5991 21375
5992 25776
5993 24331 17816 23496 23022 22828 22625 23997 13483 20479 23087 9059 3481 24387 24375 5288 16543 22897 25939 14159 25784 25761 9017 20280 10058 23904 26080 20282 26738
5996 260 483 18907 22876 22111 16099 16604 2543 1072 26288 11263 8550 26502
5998 24184 22876 25926 16956 26063 13644 21054 21865 19263 4440 4240 12786 15671 20180
5999 13022
6000 25317 17561 23973 25329 6857
6001 20064 11633
6002 24947 20830
6009 23932
6013 2908 14777
6014 13331
6020 25025 26120 1557 21168 26164 15296
6021 10470 20015 519 3735
6022 10405 19063 557 17139 12043 11120 11211 15782 9244 21800 15200 23452 7267
6026 10160 20015 20329 25028 18348 16152 4284 10972
6027 7802 8503 9252 7470 17202 21997 13351 11617 22026 10770 23936 20324 26797 7849 21933 22280
6028 2844
6032 23805 24268 24872 21647 21138 23158 7297 11122 25558 1071 20040 22880 14754 1325 16464 2011 4636 9754
6033 6950
6035 2882 15835 2340 20503 26844 4635 7161
6036 16553 8862 22712 24690 12184 15221 18637 20460 18121
6039 2508 16705 12007 23386 20019 23674 13915
6040 16920 19000 25190 11377 13319 21789 4670 1385 5114 11681 26120 25863 10128 17983 26290 5179 2716 8718 18798 23384 2555 1683 26783 11979 26489 21415
6041 6239 23027 7183 3740 9049 16382 8998 11688 23967 16537 17236 15605 16142 11291 2303 19171 16959 2825 11568 17303 17034 26080 6886 11002 16117 25958 23400 807 10893 26714 24284 26654
6042 25840 13872 17734 19755 25946 11446 17800 19735 9905 6299
6047 24237
6051 17703 16331 9212 8468 1577 979 536 18446 20348 10382 7409 5789 10622 16218 269 4155 21098 19380 5127 10122 5991 10209 12727 9163 4152 12017 11490 2809 20103 10750 5491 3506 7962 9037 7470 6745 20052 20485 3714 17813 2729 7688 3417 21038 13640 8773 4752 6135 26919 1539 6443 7756 8461 19017 2882 26220 5191 19629
6052 8656 445 25166 9513 22862 24268 6914 25695 21355 24589 2608 5139 17709 15332 6836 367 25174 9987 1082 4101 9806 19958
6053 16705
6055 15954 23497 12127 5263
6058 15815 16319 17119
6061 10349 25501 25556 17119 24282 11206 23675 10140 14978 5259 16920 16945 3080 18490 17464 15135 10010 1729 22011 13854 18469 21151 6181 21805 14058 25719 8208 1955 16030 7865 23459 23243 834 22163 8656 22774 26231
6062 2801 578 17485 8153 6851 1092 8269 1113 8663 2648 1391 2878 1706 2183 8069 1382 1291 11032 21199
6064 22894 24276 23629 12156 24521 10493 13950 5297 2349 6390 7043 22889 564 21420 79 24453 3617 7887 7878 11157 25784 5379 8045 12740 18211 15482 4496 40 8873 26143 26061 13920 4288 8039 12399 21237 5552 9335 13793 490 6151 7847 3811 8988 9205 26479 1408 2337 19026 16827 23701 19712 20249 14465 6886 22199 24390 18115 20264 9662
6066 16525
6067 12503 2174 3348 24596
6068 2682
6077 16135
6078 17972 16471 10507 15805 26120 26156 9767 24529 26692 10640 9752 18198 12028 20919 21933
6079 4186 3953 15691 5371
6081 9084 6334 7746 1074 1629 4357 19951
6082 16464 24025 12317 15092 19762 25821 87 7027 7034 25906 11372 14777 18762 8828 23158
6084 25148 2878 20355 3221
6085 1148 4938 18333 10975 2472 9260 2232 23151 16754 10488 18501 26514 21130 18066 26650 21423 3482 12460 26816 26696 15461 12142
6086 1351 20319 23272 9034 13569 24080 7266 19791 17235 7112 10334 12922 17286
6087 25596 13717 18676
6088 22220 25091 2230
6089 6334
6091 24794 21823 7554 18328 9571 20347 9052 18358 5147 15805 1904 25708 26288 12980 13104 25437 1544 16674 24427 15942 7968 11363 23636 19490 15159 16002
6092 18483 10425 22319 21167 23805 13714 6731 804 20968 24238 10600 20947 23565 16355 8706 13010 19411
6093 10767 14535 9409 15704 16277 2913
6094 13477 18335 9991 25096 8414 771 9375 15278
6095 24144 1399 6168 26184
6096 18121
6097 7840 21831 25564 14817
6098 2354 15252 13882 18135 704 1683 11952 3383
6102 6564 21927 4973 5414 17116 15894 11617 25946 23973 16617 6036 21990
6104 15027 18235 22999 9584 11253 19418
6105 13078
6109 9892
6110 3087 18364 16275
6113 18121 3936 7355 5037 7497 13251 19027 23589 952 21271
6114 1584 10767 24410 7142 13575 18554 6926 19747 22368 11588 23973 18221 19790 15059 13538 15220 17245 5052 20581 24467
6115 535 16149 24022 25875 26071 5715 20508 11208 2581 10624 15155 23905 18807 2175
6117 9379
6119 23062 24824 11076 14403 7405 11499 22377 19919 21772 17777 26753 24774
6120 22312 12851 22567 25820 25782 19422 26014 26079 23854 26088 26127 26092 21984 26238 26254 12729 24288 23728 26315 23927 26265 25091 26284 26344 26440 26429 26469 26494 26604 6800 26764 26629 26823 24600 12758 21511 20359
6121 13727 5554
6122 23692 25140 24898 16746 21440
6123 11723 22554 4448 20223 16555 16462 13006 26290 26019 6448 2395 9378 26347 20871 17262 10651 12937 7702 6276 24703 17674
6124 19857 21867 22575 20646 21847 6784 18820 15144 26058 13582 24670 17146 19446 19169 20261 13404 3234
6126 11825
6128 19533 9212 44 4564 17599 5524 3552 5836 25425 13403 12203 9145 16505 11919 12042 15048 16483
6131 890 24440 24930 26119 1680 2910 26397 9495
6133 15006 25283 10113 22909 10666 3448 9445 12726 11952 14794 24045 12169 17245
6135 4271
6136 26674
6137 23022 24390 9932 13000 24304 12331 4645 2442 19588 10249 22625 5416 11760 10641 21591 12417 17819 13770 24725 3637 26142 118 25095 7363 10867
6140 24854
6141 23502 20360 1831 16028 2661 19252 25494 6151 25251 9315 4448 11844 25495 26503 6363 21489 8808
6144 19865 9019 6058 10322
6145 9624 21438 7435 21161 17432 7351 11926 20483 9746 25988 21626 16948 2761 16621 25514 26502 3393 7289 9364
6151 8529
6152 7716 5737 10090 254 8206 13509 2985 19887 10705 21477 4844 10802 6028 24124 2509 16742
6153 7993
6154 23400 25236 12669 23711 19549 23692 16680 25062 9240 17735 22862
6155 7065 13046
6157 17143
6158 23831 14535 17869 25830 3405 1712 5683 18915 9580 1013 21103 5892 6564 9032 26068 4811 2238 22034 2969 9034 11024 15720 1351 6781 18671 9014 8121 1743
6159 6788 9331 20090 24681 22825 23323 14922 2835 5374 8682 13540 21800 9584 17217 10894
6160 11802 22970 5179 770 17934 5323 24956
6163 15084 1965 7397 21247 19519 5232 3051 13099 26397 26461 12917 22285
6166 9642 3114 8919 16352 23496 3553 6266 16158 16268 14343 19595 5043 5469 8349 7285 2792 2862 10973
6167 6245
6170 14864 10013 7631 24648 230 7043 17929 22681 12071 25480 21421 5130 1043 10301 20278 17545 15711 11537 22799
6171 25224 1517 862 6285 19284 3739 5068 11482 11267 17686 13323 16627 23992 23291 9754 11941 6740 18409 1967 12658 7105 3833
6172 24160 2179 12832 26346
6174 8522 23435 25562 16046 7012 20854 18432 6732 10091 6980 21805 12062 26391 15790 4312 23723 10479 5245 26520 17499 19345 4623 8656 7477 15532 22092 22201
6179 3357 25834 11891
6181 17059 24781 7362 4087 5887 14403 9492 5196 18654 23880 9746 20808 7712 16711 15132 26397 11497 14320 19019 22852 6271 10859 14369 26290 1086 16897 25988 23716 26279 10733 20240 18986 18714 26478 17360 24418 22282 17127 20154 22819 12158 19968 26500 17599 8625 17876 26502 21371 17146 20024 11620 26393 19120 15675 23084 26275 9879 10541 17081 8697 22464 21402 26513 4046 26306 11850 14276 26588 8410 13191 24582 6838 5815 15916 7596 20663 19869 12347 3169 22367 2933 2260 10697 7098 19095 16665 22835 22128 21358 6627 22276 21705 13750 18753 3995 11902 21803 15882 22691 7752 6523 19490 16739 26538 26485 11237 26877 25138 26921 26750 4869 24273 16170
6182 25030 10781 16756 12253 24453 12867 21794 23931 13181 23657 3918 18397 5493 22678 25046 23926 23042 22243 9988 10978 24184 25420 24901 23840 16296 19958 20898 13337 3846 5871 8811 17015 23548 19481 3930 7885 5439 21192 10316 26294 9832 23599 20339 6797 5292 11353 18872 8374 16464 24353 24554 17171 7916
6191 6496 4973 25849 5217 11582 17546 16617
6193 4163 7516
6194 9158
6195 25160 23997 17038 20674 13386 22247 1757 8640 13063 24978
6197 8579 13423 2049 7571 15388 21737 2174 12521 2537 13294 25252 2903 15098 2884 13180 9909 641 23116 22921 15869 7131 17058 3024 3477 18531 7146 16957 5533 12833 23400 20685 25958 26173 21628 15611 23931 3616 13053 9333 2399
6198 2767 6975
6199 797 19680 24207
6202 10199 8704 18429 16626 17935 15176 19361 11401 23322 25728 16739
6203 10696
6204 24219 4718 4866 24593 22605 3243 25 9257 15321 21581 1799 18551 3187 16992 3504 13842 23324 3372 7558 24387 23428 25266 9703 25483 16223 26714 26465 23060 19581 23400 23401 15768 11529
6205 20869
6206 25564 23682 4844 18671 24934 25657 19041 3988 9938 13872 18121 18563 4670 24410 17137 20015 9175 4280 19747 3815 12824
6209 22629 14401 8549 10770
6210 11147
6213 24537
6214 10767 2734 25207 26682
6217 2447 14509 19574 3673 13840 24965
6219 13353 16918 24539 23821 4740 23943 7903 22243 18808 20943 6472 8252 23407 17749 10558 16798
6221 18437 22007 24209 21548 16641 23400 20276 17144 14833
6224 18782
6225 14501
6226 13024 4891 2852 4670 13982 21646 4303 1758 2583 12848 16374 18931 13606 9580
6228 9331 22231 25349 22554 14115 15881 18584 2385 18455 7806 24322 16379 19638 11894 5716 16411 4217 14631 12764 17291 3349 12028 22952 5630 19748 17891 678 19344 16581 17956 21600 11457 10406 15545 8163 13900 26588 7062 4166 6728 5815 26651 2686 6307 17068 5324 10956 5148 3604 20857 7540 26714 25375 11508 9510 3954 26784 24283 15608 13420 22721 9093
6229 5838 16782 20209 1708 24947 13084 26441 26877 23317 5754
6231 10755
6232 9784 22896
6235 14356 6033 9505 24992 23412 24395 24851 5621 18776 854 5090 10246 23869 7879 18793 13403 25853 6256 7561 20417 7470 7756
6236 7176 7694 25563 16515 6814 2849 16673 16520 23040 24456 10633 15818 24953 8231 13639 14082 14991 1299 17167 5511 9851 3740 15640 25784 10649 2349 13076 15201 22643 8971 12633 12842 12713 15276 1570 20985 14248 14308 19602 15915 12411 7312 11655 4428 1192 21810 26502 10726 11915 18766
6237 17075
6241 18610 20381 24567 22814 22605 15370 25719 418 23611 14448 19720 13763 3100 9673 13422 8392 22543 3518 13225 22233 5362 25996 25504 6680 17667 15796 20115 26202 22412 10548 19607 17830 9806 22586 836 4930 3007 5663 26228 3104 12658 26372 13503 16279 17046 5847 10896 8929 14176
6242 9433 25347 10321 16644 22623 659 22003 24623 13849 7275 7897 8651 3213 17574 972 22105 18837 5624 21773 5066 21870 3395 26642 4146 8158
6244 2099 23400 24047 3637 22744 20950 4378 24086 26192 22057 26230 16827 11396 14588 709 6239 15234 21810 26214 26809 1662 15574 26363 24284
6246 4303
6249 15064 18386 10941 9610 3446 16037 26530 11506 9446
6250 20913 22 22758 14420 17067 19341 5567 23997 25133 18951 21042 25987 24201 6828 26714 6315 12950 17255 18694
6251 23794 8938 25380 10414 1689 18895 16623 4047 25278 17008 6692 22420 9949 1758 23784 11404 2160 5400 8986 15704 13264 8037 8060 18306 7660 9477 10770
6252 6877 573 8127 22270 13111 234 20956 13886 5400 21988 5711 20800 8406 23634 16464 2256 9087 24879 20846 16 8610 26579 6841 1535 8262 1272 16256 6755 4302 6323
6253 17763 4957 2270
6261 18517 25711 10640 23442 10347 14936 12704 8309 11997 24898 5225 16746
6262 2224 17051 10767 16277 8010 2815
6264 7551 14618 12650
6265 22631
6266 7756
6268 2281 1828 512 16034 3581 6518 4654 4112 3220 16804 4319 5792 6580 14321 8629 7705 9768 3617 18953 19786 12815 8136 24022 16819
6274 25565 9283 25050 24720 24935 21125 26062 17576 25245 9086 8304 22593 20686
6276 25550 2231 20514 25556 21110 8517 9274 20799 24540 3758 5427 18580 12239 15805 14718 15183 25327 23953 18890 8095 20029 18585 9887 19956 24616 4860 25028 13933 18045 13444 1140 15115 4552 14564 17282 6353 23609 19792 4117 20080 26774 10861 11308 22446
6281 10255 16449 17495 1957
6282 23062 329 7388
6285 2645
6291 7016 16315 25066 23699 25264 8253 7412 15766 15368 22003 24578 2714 9687 21602 25015 11939 2349 10954 10334 9032
6293 25426 13656 6033 25816 22291 8442 8519 19567 26148 17966 6950 14149 7405 6474 17501 15107 5455 24018 12877 16303 25307 15949 25565 24538 13662 4043 11521 10520
6294 23062 19105 18312 22847 24538 24781 22554 16097 6301 3730 5381 22431 23819 8442 22619 14301 9348 7860 1074 3860 3338
6295 14200 18308 1093 18412
6297 6183 11422 4581
6298 20769 5164 25628 6572 20716 9286 321 21667 6261 11426 5201 10727 9987 7088 16296 2980 8432 20991 5602 20825 17635 8522 16881 21464 5406 1183 9630 16030 8127 1320 20656 9454 20051 16896 24867 13709 26361 5043 11068 14815 22681 7285 12093 4588 6583 26421 4112 13466 681 19654 10669 7477 22201 4624 25282 26373 5678 11054 20978 19562 19208 18253 12658 21948 12283 2207 119 8033 13813 14750 20652 9173 17169 3316 26795 11570 16373 18413 5853 24536 8699 18843 8057 12128 22728 13408 13422 3661 6007 5696
6299 19321 309 7981 7919 21299 11685 5396
6301 16150
6303 23960 23179 9409 7213 17188 13782 23794 7931 18306 22409 972 18832 8121 12568 23589 15390
6305 22890 25599 11456
6306 17123 24609 12998 23283 22318 10733 25174 7446 10676 14582 8442 8324 22024 9759 12250 8261 22391 7367 9874 9544 26447 5405 5456 26781 10294 8430 7612 23107 26774 24616 20918 6958 26760 4966 7001
6307 1714
6308 18026 10811 16696 20002 24866 25009 11198 18185
6310 24154 13637 12202 6305 1493 5704 23867 24821 20783 18507 16858 7528 18186 12943 9804 5578 3513 4818 9754 8371 2133 6114 5299 2003 20702 10667 13822 16608 5017 2888 8420 16143 26557 5264 15034 13243 17405 22421 3100 5315 9645 15097 12317 5006 7933 2516 4308 6444 3285 7281 19024 11226 16360
6312 11986 13656 7834 10303
6315 4043
6317 1035 23974 23401 23329 23629 10177 17354 25249 24708 22256 13017 23426 3024 11626 23961 22279 5998 11389 7314 13693 13423 6154 24496 2391 663 247 3927 3769 16710 4626 22964 22624 21597 550 16143 19958 709 1095 8407 25979 15625 22821 26097 16057 4862 26157 22184 6171
6318 601
6319 24022 25062 24198 25872 7572 16712
6329 8687 1076 26207 20283 7746 24863 6554 21976 26567 21335 26483
6330 8918 19926
6335 17235 5002 2788 11547 21646 18388 10845 18496 25264 2274 4033 12650 7993
6336 1999
6338 19191 5579 15356 9200 2591 19093
6340 25690 23057 4874 24417 21032 23030 15502 2759 18137 23399 12727 3804 22022 5093 21164 1326 24395 21986 13540 15384 329 24120 964 10860 17020 20465 14998 6055 14257 25684 23084 15708 26492 22045 5474 26220 23073 22059 26670 3981 13730 7467 20822 4815 16441 2409 16312 2810 14000 2160 20413 22819 8555 7530
6341 26308 1315 21847
6343 18974 190 3634 16977 19350 2314
6346 14989
6347 8545 11611 3936 12760 18361 11669 14503 4024 24824 973 14182 8121 8986
6351 10122 24194 21743 23577
6352 24658
6354 24229 24594 13557 24457 15468 20673 12722 25829 15825 2870 23909 18961 15496 22903 19142 23317 17131 25559 26308 26392 11443 11912 26435 26266 17684 10466 14142 19643 25956 3884 8475 18703 1724 21373 3 12604 16503 24253 18264 18005 13098 26585 2630
6356 14049 9571 3647 26654
6357 13429
6358 6130 1848
6360 25441 10453
6362 345
6363 25117 4064 555 2930
6364 20557 3776 24537 18468 13192 8097
6365 7076 8693 5047 6465 3012 4586 3115 1058 1116 1051 2661 2545 1781 1334 11135 24850 9393 2734 5904 4554 9435 26397 1504 18164 9050 10338 1015 18368 5497 2800 7492
6369 23805 10236 10848 16464 23897 4970 19240
6370 25605 68 23356 2257 25646 12645 396 1847 3617
6373 23558 15132 22997 11537 12183 13703
6376 21481 21412 24243 819 3617 5103 23997 22949 9140 18688 3346 25217 5856 25363 26120 3517 3519 7366
6377 22988 25872 2048 3023 26148 16985 21335 7876 24820 6299 24898 21847
6378 20421 19944 6775 18075
6379 26577
6381 2306
6383 5872 329 6522 21847 5399 23717 9413 3631 18172 3408 1292 24807 22507 22822 24009 13022 13247 25189 20643 12283 26700 17478 25368
6384 22939 25243 24496 2391 24955 23890 25948 2294 19130 3889 23304 26173 874 21274 800 5827 26159 22281 12420
6386 7378 13198 5942 11146
6390 10781 14430 9988 19220 10888
6392 20372 2637 14961 7804 6009 20979 18018 2253 18468
6396 6478 19604 25394 1116 3763 24779 25153 1388 24491 11114 1744 522 14424 4227 4861 8673 2782 1230 5888 2473 380 3628 1306 8438 566 25842 867 2003 2924 2942 3117 6770 12414 533 15768 6084 881 9375 2028 2136 2860 1862 9641 571 99 3004 2008 18186 2075 2373 2514 2170 4838 21044
6398 9369 22789 23435 25504 321 23158 8522 9603 5501 2569 3526 25201 22997 23164 5201 15801 20702 17332 10108 20718 22933 8246 5971 10098 15542 9530 7352 26038 8769 23036 19100 20764 22766 10301 13886 20540 10599 13731 12773 17343 595 1183 8383 7416 8975 3811 23950 335 25890 7732 13745 17036 22897 8691 5406 24990 9947 12094 26041 12096 13283 13318 1248 7610 19975 6900 7760 26050 19736 6630 1016 9630 6151 16443 18462 7673 1709 14875 15930 490 7884 10804 17044 10937 13404 21639 14344 19545 23866 8077 9527 26180 153 22539 10732 6019 9427 16203 6564 9977 26291 19073 17430 17769 18342 18126 9159 20585 14604 10107 23360 23796 23520 21217 14546 2358 17861 984 10669 12652 22211 19614 5881 3262 23710 8226 2063 18483 21784 8134 22201 7992 8260 5678 19687 23401 26510 12093 2390 6254 5552 24065 26176 3462 5149 26750 9781 16324 21075 5814 21363 5796 20425 56 4420 8891 9208 12369
6399 5239 650 17155 13362 5400 1669 833 1938 1579 16144 755 8740 11019
6400 9106 23272 22970 24533 15145 23084 23760 25797 4959 23960 23962 24026 25477 22093 25800 3728 776 22745 26367 12110 10217 7497 1351 2613 1775 14704 18306 12969 15928 19487 15448 15894 11082 11446 9016 875 17526 1887 2208 17083 20030 9390 23056 6745 26740 19301 10020 25930 16102 19651 2274 15198 5367 17649
6405 20884 5421 11821 16670 21004 24807 21176 22021 25634 18768 11434 1209 24973 9711 7936 12317 5608 1676 8668 22671 5881 2863 4116 24095 21756 11530 700 18335 19249 23498 2685 8732 9556 11267 19052 23504 9991 13469 22819 8172 3762 9495
6406 22882 16582 26465 20788 8770 25665 25368 23060 17289 16574
6409 12215 19962
6411 3532 444 15210 23395 10999 21554 11457 10353 26010 25837 1385 9942 5861 15835 6209 25041 12349 6461 22895 14369 26483
6414 24973 8403 9757 24958 9039 23739 15595 22011 10343 16178 17449 25430 5019 24747 11130 13854 24270 23805 25672 24542 10105 5546 6290 21043 12232 23400 23158 21790 6476 16708 5828 8726 4743 5278 17054 19341 8125 454 579 14730 16698 1298 2512 1551 2131 5629 7699 17385 13381 9015 17361 12027 22030 10266 22830 1517 2295 3420 17322 15320 19202
6416 13687
6418 24616 17091 8589 1607 9746 6804 5815 19329 26542 26588 4282 15805 9914 21712 26389 4520 22630 1683 25264 20631
6421 798 10972 23861 22754 15914 24986 21303 10551 21646 26320 14022 26207 13470 18258 26797
6426 420 1035 23997 8348 6560 22352 3000 6862 26066
6427 16525 1066 10160 26207 11909 24734 21959 7266 19814 9372 9595 15776 19746 1091 25728 6188 5167 3804 11982 20988 16153 20258 10628
6430 8529 10470 23049 22554
6432 24361 20298 23224 14916 22851 1385 22598 1525 24923 19175 24954 17972 9032 22529 22235 22487 25436 20287 25872 25110 26012 17362 13080 9314 26156 25969 18895 8589 24826 12428 16231 982 12801 26565 24202 10551 20772 2521 24742 24578 9808 24402 19766
6433 14 7561
6436 25053 19802 17736 23945 22861 507 22569 24081 20470 23653 13582 3113 2959 21509 4164 26288 21336 19478 20567 11205 21845 2699 10807 16080
6437 26259 6101
6438 25611 4753 13381 20484
6439 23747 26134 10592 3441 7951 16788
6445 297
6446 22223 21583 4243 10066 19196 22625 3916 25655 16756 9955 17465 5707 9606 25515 9614 6657 10559 4766 21612 4386 14414 9679 22155 5213 8374 21266 4148 4109 3370 3725 4015 9754 3469 2131 16552 12377 18553 18469 8353
6447 3456
6449 11389 6845 8496 8407 6277 687 15864 17027 23692 11008 24023 19718 24048 24142 3889 14450 2996 4573 3904
6451 4060 25110 6627 23375 24578 6048 24862 8724 25040 20364 14118 704 26006 1004 18628 16594 23683 25849 19340 10147 6698 25923 3419 5996 23567 22602 26241 3465 24703 20534 26290 26216 24281 26138 5720 23892 14293 1857 919 5147 5949 1612 24643 17273 4719 5367 3291 13021 10741 2887 24066 7752 23555 26918 9060 17848 22866 18664 24927 12535 2239 22282 23650 10018 9942 12875 22636 25569 22895 4376 11845 6267 2807 14369
6452 17056
6454 16662 24172 6680 24233 24544 21020 22876 25648 18010 7806 1960 24118 23597 22377 19863 24700 10827 10232 24614 7415 23156 15945 5529 14873 1264 4804 3898 24653 20807 6983 24190 8136 23787 26826 9780 10103 21573 8293 7334 16034 3900 6596 7192 14836 4578 2842 7063 22764 18143 18843 6412 7591 10039 18988 2207 19455 19684 19889 6499
6455 24572 23773 9079
6456 1687 10322 20971 16277
6457 25333 1326 9019 16077 4953 3167 24643 10769
6458 14412
6460 19189 10666 11403 14535 18307
6461 24863
6462 6353 19327 7709 16853
6463 17715 18890
6464 21511 570 11703 17039 22939 25445 15062 11787 23087 5888 3502 10202 19720 16820 24798 15157 5215 4477 24997 12176 8200
6467 22986 25402 13470 25872 9032 25577 19816 24013 3689 16770 3982 18481 638 8503 5765 6934 18319 15516 5537 17116 3668 4377 4674 17905 2192 5694 9423 16509 22045 3670 13008 10439 13320 23012 18628 1797 3281 26031 1533 16649
6470 3879 5942 7667
6471 19537 11954 19595 8070
6475 22635 24390 18712 24184 24523 25025 18097 20832 21763 15869 19915 25545 21537 2382 8849 191 322 25501 5598 13295 6537 19020
6476 7820 15942 3598 18890 975 1711 10960 13008 24616 15434 9348 5026 10782 16441 5052 8966 3463 7166
6477 12373 18198 20226 10871 19775 24469 19774 11251 25208 15006 24966 22299 24413 15835 18774 20059 21972 11542 23224 21124 2999 8589 26013 10502 8619 15504 15457 11165 18891 5728 20694 26589 18168 24931 26685 16609 10786 14792 8321 24794 16108 24902 9879 22428 9549 3154 5326
6478 23000 22876 25270 6918 19742 333 24718 23178 23996 12888
6480 1594
6481 10703 23371 9051 9032 17532
6483 23234 23194 24589 20174 22765 14748 16959 22921 5400 24268 10600 16376 20327 24465 10933 25501 12256 25098
6484 3742
6485 19384
6486 20642 7918 16733 19189
6489 23164 8522 8127 22511 1703 20509 19220 12281 4831 3526 11255 25891 25890 8039 845 22849 18195 19442
6490 11494
6491 2156 5268 1065
6493 13225 13577 3992 12963 17741 4417 1420 19595 10167 17951 25452 11900 26133 499 21916 12775 15632 26294 26231 22731 26318 17392 16285 2618 26766 13129 20165 22163 23878
6494 9353 20402 15383 22352 17294 17910 11688 20920 17494 2442 24983 20219 21591 12261 26080 1063 15640 21802 7327 14311 20898 23522 8849 24669 19245 25980
6496 20707 1223 5429 20846 20924 5186 23349 8472 17387 16051 18273 21097 2606 2041 15332 368 24032 348 25744 23657 598 8901 6808 17144 22733 15860 17440 6158 18632 6456 21422 20247 8477 1592 16923 8961 11019 21000 23818 20263 3593 7807 3309 16820 20585 1489 4659 7619 11625
6497 19160 25
6499 23062 23779 11009 25668 18905 17804
6503 8309 2676 3936
6508 22717 7970 116 17667 10491 16918 17078 18642
6509 18864 10906 24977 9331 14602 17291 11642 21778 11055 26397 19492 21333 26588
6511 19865 2547 17723 20843 18793 20050 21752 18189
6512 21051 24554 10278 6316 23690 18950 3091 24311 23644 12424
6520 333 23050 12258 24043 21816 930 8339 16115 25808 21632 323 25998 26120 25963 20345 15172 12838 7048 459 26266 23111 26359 23690 14826 21540 9093 8910 26730 19127 17415 8546 26795 25222 26534 17875 26484 150 21529 18682 2870
6522 25312 20078
6526 17312 24509 19743 21818 19707 24523 8161 12638 9474 1960 146 23747 25509 12030 7763 14601 7217 20628 25345 4252 14280 3559 17636 26499 16266 8134 4809 20360 14034 10104 19975
6527 25410
6528 21074 8501 24904 9682 1761
6529 24114 12777 3103 21497
6533 17067 10906 5367 153 1495 2307 8691 9373 25055
6534 8872 9735 2524 26137 24992 6175 8685 22691 20665 13933 13440 12529 11059
6535 9409 25872 2647 21680 10111 25528
6536 11164 23511 25572 9409 19975 25620 25195 26220 17977 9372 8265
6537 17203 13939 14808 17037 25063 15212 14161 25559 2955
6539 6784 25691 16733 21287 4458 15478 18890 20869 2142
6542 3314 1669 7803 650 2041 1734 23903 12501 24144 5486 8975 16089 19277 2073 19718 19697 3686 1677 14894 1990 567 1956 2111 23624 4420 20702 17058 22036 9313
6543 17439 22260
6546 9639 11987 14044 1248 14716 24973 3740 2303 9369 9736 6116 343 18008 13423 14685 20647 8155 9152 10140 24116 2375 23022 12355 2174 9606 5142 6149 23890 10358 8208 22605 23967 3524 24325 7888 445 477 23843 7205 20070 357 8381 19079 22011 6210 2673 8189 621 25979 20962 4621 13517 8781 22007 25420 16881 11659 16242 22799 16082 12752 9841 12215 11954 6557 5406 6213 9203 20262 22564 24611 21805 16655 21947 19664 13429 22352 3583 26197 23042 22830 15947
6547 22213 19709 9384 23626
6551 14500 3974 3996 6503 226 13920 8516
6554 18792
6557 25275 25735 131 24670 25872 8264 21903 25849 17215 20894 23699 22815 21246 26290 7877 9019 14127 26031
6559 25919
6560 212 1118 6830 567 17495 20583 23997 3286 24132 2947 1968 1054 3336 2069 23483 1236
6561 19654
6562 12307 25692 24487
6564 21773 18168
6567 6863 8089 10967 22339 13815 21847 934
6568 25275 11509 18177 23633 19016 2009 9212 3256 9032 20810 2979 22097 7535 26148 5332 10191 16594 18105 25492 1572 3681 18240 11696 3636 20050 10225 19384 16859 22230 24664 18848 23465 23109 5144 21665 12751 22442 25697 9254 2521 22059 17381 11405 18619 21414 23932 1865 22063 1429 8253 16922 20194 18753 20517 20287 26320 20734 3984 15449 26706 3343 9352 16297 2718 24418 22100 16530 2896 1912 5321 15693 19651 14927 3196 4752 2031 19001 21643 15163 6775 9937 13150 16986 20883 10541 11058 22848 3169 8089 18943 2094 7606 16446 4270 10536 14024 7308 24673 11164 14256 21951 21253 18664 13241 20814 21317 7537 26806 6030 3173
6570 13617
6574 11889 16287 23953 4117
6575 24552 2600 5762 3229 24818 24165 7915 15419 24047 22900 18127 11297 21339 18602 11154 1643 279 23499 18151 19057 17079 7269 18695 5888 24232 25231 18226 14332 8368 13433 23415 26080 14720 12806 24973 18963 7643 25980 24523 19529 23400 11008 26231 21308 24267 15237 22785 19462 14938 4432 19143 4835 15185 15356 24284 24860 22362 4578 13387 23692 15034 26539 17589 3132 4573 19514 22561 25160 18565 6646 26714 23997 902 14612 5784 8831 26770 26372 20280 16081 3100 21621 8957 16499 26738
6577 1028 25311 7741 3834 1017 6613 8290 3617 418 7452 304 11043 22951 6210 25740 10131 22964 23989 1931 22897 1282 17530 5466 12317 17112 13642 19720 25095 673 19523 18599 8407 8781 8094 6854 7214 16709 16805 25504 7039 15269 8714 11400 25891 18465 10911 13255 8728 26334 18165 20217 21701 24974 6056 26539 10192 5337 14250 26372 2178 21621 15836 4614 17581 22511 7973 9388 22800 1881 18763 23043 10609 18422 25181 4758 11402 23400 16392 1517 20985 11154 12380 13049 22406 17391 26231 19217 4117
6581 8813 25319 4688 23376 2104 8041 4060 9818 23098 318 15942 9605 15282 14844 12827 9457 18871
6582 23269 25061 10563 4874 22903 18633 25507 26258 23628 8517 26497 23397 18047 13988 2959 1145 24881 22133 8835 23962 20612
6583 23062 17696 25751 18467 5286 16919 25258 16301
6584 10470 18208 25589 26919
6585 23062 24373 22776 14150 12912 11200 15039 9407 24781 21743 17926 12428 21412 1385 25904 25565 26100 26062 20384 25865 23084 12465 14487
6591 25343 455 16038 12615 10199 19223
6594 25318 9407 25872 14111 538 24485 18487 19791 834 1428 26042 10816 2657 26011 8619 26241 4448 26277 10695 7096 25481 5444 7564
6599 25298 24763 24817 21635 25038 14555 8315 22605 9279 1772 24717 19352 20087 2545 12186
6600 10728 19517 17485 18127 15801 15137 16992 26346 26795 17581 8594
6601 8511 15823 14112 3093 13559 23892
6602 18361
6603 8988 10896 11266 22020 11886 3398 25681 14192 22897 23401 22800 17275 19367 15685 5468 24456 17438 25238 9898 15099 21921 1462 3609 5164 8248 15103 23158 9454 24142 13469 24357 19837 12156 21546 12094 15829 17704 10301 16744 15276 1183 17280 2958 23594 1806 16079 19881 23862 19312 9670 16220 24184 9321 7662 6771
6606 3122 4844 5381 389 8545 8146 8589
6610 17855 8619 6510 2181 252 3063 797 11521 24651 23325 347 12204 1472 19122 3870
6616 20996 13480 14232 2561 751 7662 25542 2664 11692 9355 5908 8996 4423 5488 12468 18706 12778
6617 25098 25501
6618 16451 4043 7658 11011 16746
6619 24485 10810 8336 25872 23206 2788
6621 6941 7381 9434 622 23403 406 13512 20394 8009 8352 17063 11340 828 2688 7841 4097 12929 5989 12934 2859 4362 6939 11889 9758 16951 14874 9296 14209 15098 1981 3228 16374 23309 9482 24020 2864 14616 20868 22374 15627 7235 7832 20242 4149 23634 3436 24055 21796 4856 13276
6622 21319 26624 20283 26207 5782 22896
6623 340
6625 9279 13867 16624 25535 16804 25539 13299 12423 25753 17829 8437 20208 19109 11619 8967 22318 25956 19880 15473 11522 21573 22391 23534 18168 15543 3658 21766
6627 6299 10199 1687
6629 22454
6630 14331
6631 9292 26611 2899 26730 14826
6632 19217 348 24531 10937 25101 477 18186 356 2685 1669 23458 24220 9313 959 22543 1868 7492 11029 2878 119 1138 1334 14680 17500 3029 26913 15910 12371 4210 24856
6633 19119 25794 5268 18890 2096 10740 11740 21976 4303 972
6634 6837 19595 8141 14710 10051 22036 1520 23818
6639 24214 5134 6680 25179 25087 25777 25790 26120 26189 25893 26233 26244 9807 21375 6430 26269 14203 3718 26212 18880 4290 26288 8112 26467 12104 26502 23691 3307 3524 26382 9662 26616 19744 21350 18899 19023 5757 1379 1608 23479 13225 24630 9338 14860 12100 26889 1291 22486 1522 22047 26678 20398 8131 20892 23400 3773
6642 20213
6646 25236 22243 1873 3186
6648 24898
6651 8917 24352 12317 7735 8302 10546 17859 22554 9409 8938 4497 12538 12730 8163 15054 12524 20621 26702 6758 1683 11099
6653 14551 354 22243 12648
6655 23328 21105 19020 23675 24329 24918 3555 5796 1938
6658 23888 24876 9318
6659 6448 20939 19151
6660 926
6662 12189 24132 10619 22045
6664 13014 18918 5823 24898 2657 8687 5127 25020 8309 11011 9072 3098 1449 25346 20858
6665 11597 21060 22605 7117 23517 14691 24473 9491 22279 2087 12967 20951 23234 5306 16913 12814 12506 1684 14144 17308 13469 26311
6666 18298 20379 21965 24202 13872 14030 22164 20397
6667 7602
6668 23675 23442 23341 5616 26598 18142
6669 22632 3390 7925 6480 13482 24430 10770 1143 7561 2521 9019 2142
6670 18134 9032 21651 22045 10199
6671 14061
6673 16420 25034
6676 22135 1173
6678 10768 13442 23218 20052 17331 8129 20421 5898 26023 16869 26398 26467 14021 17887 10563 9032 26431 24324 26670 10954 14841 11780 23062 3184 6857 7099 19021 9808 12317 22896 9822
6680 7074 7545 22202
6681 2844
6682 10706 25018 21181 13598 7089 14132 4420 2279 17039 24246 23897 2184 682 23800 17064 24916 23079 19926 5273 24553 17225 3612 2047 19131 13158 6814
6683 25496 8816 16994 23974 1909 17997 20804 6899 21546 16578 14192 23513 22698 20590 215 25003 24024 2681 9097 24235 15023 623 11101 6620 13813 22379 6043 7566 16933 12213 7847 16136 1149 2055 4476 19286 12297 13899 5602 1422 5888 19660 26214 20262 16993 1639 1301 10796 9832 6937 17541 722 17114 17749 13290 1290 10976 2367 7243 11453 12467 6730 19234 5292 21847 3213 16593 9146 11764 8057 15487 13381 4499 22662 18220 11867 23328 6254 14087 13625 4587 5768 3420 10589 4909 19066 4908 25561
6685 23436 21607 8589 8309 23589 18396 7756
6686 5942 16530 22553 7921 328 4950 5854 2876 10810 13835 6480
6688 6031 10733 25750 24515 7004
6689 15879 14885 1466 23955 437 24061 14602 14530 5785 10815 13370 19331 22540 14345 18184 18915 26449 6409 23101 2929 17161 14915 15820 21670 4086 16524 24187
6690 22013
6691 25522 17440 11000 20310 14989 15726 21982 18953
6692 25872 10208 8558 7337 19938 18235 19162 501 21632
6695 22327 11690 22585 9600 5492 18689 1139 13149 12912 11946 23179 15493 26290 9314 21371 10999 15086 23589 12363 20075 18063
6697 5505
6698 14310
6701 2930 23558 19518 13650 4044 1938 23890 1759 7165 401 18665 7673 17633 2662 11194 6164 2475 16771 10606
6703 9315 11942
6704 5656 17532 536 1577 2585 9073 17051 7659 3557 3936 1076 2876 11514 8404 8097 7746 1912 4957
6706 11423
6707 24943 24 11938 12409
6708 21590 9892 3408 24973 8942 21925 8549 23441 18919 8442 19359 4517 15318 26622 16966 16183 7268
6710 2156 19371 4924
6711 9381 5505 21847 25849 3958 4792 11992 25340 17992 9032 25946 12701
6712 18821 8193
6716 2613 24430 2885 10825 5049 10627
6721 2610 24489 13380 25457 14697 19179 14432 5031 9953 18838 21412 15675 18056 6631 25062
6722 6798
6725 8619 11633 14022 14963 23805 22270 13026 16906 12091 8162 18895
6727 23646 13995 16378
6730 8117 26259 2806 10353
6731 8517 17536 17091 15447 23180 2509 19596 22540 10199 25003 19722 2281 10386 20223 20379 26783 7754 22888
6735 10767 25020 3669 3936 1338
6738 19114 1041
6741 9035 5932 14180 77 10688 8417 11221 17435 14891 13617 4384
6742 530 4801 23284 7646 18986 5225 20808 5414 6976 23975 6095
6743 14022 17359
6745 3119 17537 4271 1486 2167 20580
6747 24390 26499 4706 6380 26916 6155 11396 13544 4758 6387 160 23783 1802 4845 18085 25831 13911 19620 4119 22622 26270 6060 14297 17194 23878 11309 12182 13420 16083 22755 22388 8900 23372 5551 24267 15969 13391 19636
6751 21847 24417 13744 25099 2309 21743 3752 26261 12697 9409 2521 21335 26567 24964 8336
6752 67
6753 24262 20812 23997 16927 26116 26080 25831 25655 12963 3750 23805 24539 8332 22897 19002 11402
6754 20530 25011 4681 9948 7912 15638 25115 15509 14818 24427 1890 25275 7406 4295 9314 5338 20700 4859 21689
6755 25681 21557 339 6196 22921 7590 17440 1879 829 10581 18606 355 20327 1272 1643 16971 19322 11810 12156 19219 838 4120 11019 12317 18673 24553 14324 16651 3157 15092 3529 4173 16300 23234 9066 19926 10624 16402 17255 13159 4790 11772 5711 17464 4441 9501 19670 21634 11839 5444 19214 5750 16162 5831 20846
6756 6299
6758 15260 25112 24854 17510 5240 21149 8524 9375 16793 22608 16464 20670 11103 13736 18273 14063 26881 15227 3740 13381 23897 24286 6297 23541
6764 9284
6765 21043 23400 813 10921 20390 16448 9039 4178 9647
6767 6163
6768 22282 23066 15675
6771 8979 25850 16864 26003 23426 25217 5812 16992 23911 15371 22511 15640 13617
6772 3848 25434 24252 10914 12464 18890 22847 9752 24986 8527 549 12709 2790 20349 26010 577 24954 26237 3860
6774 13540 24263
6775 10353 18890 19301 19373 18838 3740 5363 15842 5722 25689 8803 12321 22665 5351 9944 3932 7590 1767 1938 8524 11349 14978 16940 7858 22651 9721 10600 11199 8972 23640 4408 14473 22639 2854 6258 15017 14028 6336 9144 11419 1333 4631 16357 7143 17257 4120 25678 10024 2972 13214 1879 11262
6776 25089 10692 2064 25425 24045 26258 26164 6118 4381 25258
6780 12052 23281 25653 11366 16798
6781 24784 9471 13719 21346 18309 8101 1879 18588 16676 5463
6782 13143 23638 12409 18813 24460 26207 1807 21287
6784 11021 17325 15093 8484 15759 19967 7996 12992 10202 9454 23042 15016 14480 16694 17354 24378 18876 7911 18432 7885 19405 25355
6788 638 24870 10834
6793 4215
6796 21402 10542 22096 25193 16617 23973 6036 7844 18306 21919 5225 3332 11314 12709 22034 19790
6797 4600
6798 21051 3702 14652 6047 4329 1630 18488 20107 16590 6130 23042 22068 15197 13668 4814 18769 16328 9000 13305 24390 1869 11881 3846 6620 6612 17015 23949 3747 26294 6133 4401 15640 3832 2678 11599 11297 11702 2327 23522 5931 13128 2367 16972 16549 16998 9806 10832 8215 14997 13362 2867 5717 17727 2856 12371 2349 22605 6774 12444 7745 8208 13748 1943 14097
6799 6253 6680 21270 6533 2734
6802 5698 6448 20394
6803 4107 19239 3280 8959 2660 21320 16396
6804 22939 15080 18775 4302 3260 16253 18333 3218 25355 25098 9341 3089 14388 5192 17592 11570 16330 23806 6318 1137 20491 20846 4549 19411 4938 2463 2105 838 13883 2958 11693 19488 5857 10936 21060 20354 9846 5840 20056 7858 21217 25807 10795 1542 25096 5158 8934
6812 9095 18366 10767 16144 4583 14841 15768 22831 2980 25952 2626 751 21403 16916 3802 15723 7293 5722 26917
6813 20467 4497 2615 9522 4440 900
6814 24022
6815 25550 3472 8549 5400 14950 15434 7660
6816 21574 25381 3415 2377 22967 17386 6680 23997 14544 24048 20123 9323 9586 23990 2587 26682 2591 5847 4252 24577 7410 6894 11294 14409 26889 15746 18486 9273 4235
6817 24741 19473 5406 2615 20055 16705 25884 20119 24751 18816 1409 2999 14042 26668 15635 25457 22773 22003 16746
6818 8379 20937 24947 24892 10767 23719 22199 17021 7044
6819 21063 13474 16806 5649
6820 3492 6727 13274 21262 11367 16475 22411 16505 17413
6821 24463 9369 8155 23624 25416 10474 1475 9706 24207 8522 22788 21549 3617 8349 24779 1408 25981 25988 19555 17103 6065 25939 7627 7763 11941 1790 19680 8729 23401 20419 4444 4290 9071 26714 26809 26654 18225 3933
6822 1993 5361
6825 4883 11383 11094 3667 9352 4857 9130 15318 7892 17509 22225 18166 23958 21969 11968 25579 3440 9478 24372 25666 24358 26275
6826 23839 1965 7282 25612 24184 16494 17003 13411 25653 19127 22484 9836 26747 14183 8543 24939
6827 24691 577 26051
6828 21414
6829 17869 1509 4026 19875 22646 2185 20902 11979 8163 9372 12680
6831 25151 20198 25420 13374 19415 18112 7712 11989 13718 25368 26877
6832 9588 6041 9840 11491 1414 25479 9785 23554 282 8602 21927 24912 9495 12642 6722 15638 215 2579 24936 24781 14344 17390 22838 22271 22701 24900 18088 16354 18412 16458 20533 23306 1386 25776 7170 21921 10301 8063 2967 23057 3773 13683 12587 22031 4535 18538 22509 25796 8517 10820 26315 3354 24451 26369 20529 22264 3402 12979 2005 26115 22543 18102 2631 26333 26124 26429 16257 17906 4466 16150 16620 23997 19399 11689 2686 21861 757 26570 26491 22875 25960 16343 18890 16634 16497 16271 12715 12602 26551 1264 6434 26306 10732 18469 22554 16464 17059 7561 26605 11624 18828 26501 26619 15836 18327 16003 10559 26549 11950 13412 3868 9453 11396 22211 26473 17841 12439 12476 18777 12049 25780 24549 22874 21976 9032 21335 10740 16148 26122 26662 26494 14989 26600 22885 6838 11887 26342 13032 8995 26774 7405 26684 26652 12346 23616 23746 26661 4719 22892 14098 26812 6222 26657 5432 16091 12444 26818 26749 26695 8529 10466 26217 4087 18786 26866 23892 15063 11524 26746 26916 26525 26920 16935 2607 1685
6833 10880
6835 5863
6836 16902 3617 4437 20519 15332 5322 19256 17167 13506 26669
6839 21618
6840 9729 263 3600 16277 6448 3419 895 634 8435 6978 17495
6841 2964
6844 16039 4501
6846 24931 25564 11433 3860
6847 20470 20841 5881 14299 21053 15029 9093 11747 13241 14645
6848 21409 25425 18630 19892 23084 14895 7978 25768 15305 15675 24598 8397 6931 13018 20025 26858 26857 12394 5766
6850 3482
6851 10065
6852 18801 22096 15896 18890 3196
6853 7639 5454 10199 24011 12765 22187
6854 15147
6856 1065 21847 6784 2467 2613 2844
6863 4512 7405 21847 26207 20743 5168 8797 18890 2106
6864 21373 8101 24268 13805 801
6866 24698 21402 14895 1687 5400 6731 2160 4303 18719 1410 14403 22040 4670 6480 21928 26422 9433
6867 13228 4112 17470 24992 25239 6488 20237 14325 10827 8889 10521 26574 8284 8066 20191 14826 16323 5324 15942 12081 2470 17825 2443 7709 5034
6868 20136 10964 15858
6870 12064 8917 15755
6871 12053
6875 23828 19412 22407 22391 21919 16621 9134 6986 21985 22833 17478 26700 22768 24198 24947
6876 3068
6877 21295 10828 21411 5235 20714 5424 12438 5647 19470 21578
6878 17992 18239 215 16122 14281 9107 613 7043 8127 24023 23174 3732 3390 16394 12918 4636
6879 16308 8040 22495 12362 8939 17990 18065 22086 16280 6326 8696 20652 16834 22412
6880 10386 7591 21783 3180 8671 25111 24427 7070 13121 14587 23446 1129 3536 17996 9729 20240 24540 9575 7174 16027 24187 5896 13104 4361 24804 26288 22199 4054 11979 26471 26237 18115 5870 9304 6377 8294 26866 21152 18741 26858 26840 22910 24201 14299 17460 2753
6881 16612 11444 7355 24898 9467 4656 21323 9193 7879 15149 8309 3620 4807 24490 2954
6882 18684 91 14576 8501 21208 4199 2266 9364 3094
6884 25297 17544 25932 10947 25105 14178 17366 26156 26151 13022 7629 26430 15434 15916
6885 23466 10610 7741 15105 12521 139 20985 12024 40 15831 26133 1606 26170 22412 10618 13180 11453 16199 26231 12380 23967 20335 26239 24456 25095 22570 11641 4078 2046 23997 9248 9594 17365 9920 3451 22279 15276 15864
6887 3398 9166
6888 1897 14820 16023 1718 8316 7491 1028 25909 491 897 780 10485 16060
6892 25840 17957 2461 14403 17882 24898 22280 11722 12824 16968 5400 23443 26778
6893 25355 406 9811 18874 25112 16513 23158 7928
6899 23883 11962 14862 1112 11665 25725 20722 25526 20330 15527 21354 14633 4701 22266 10728 11114 10459 1150 14302 22778 20889 12174 15684 951
6900 12826
6901 8275
6905 24855 25565
6908 16530 23256 25307 24522 25700 23786 18890 23580 11623 23061 9008 20671 8966 12404 12927 23702 22505 18685 19766 5364 7845 20691 23137 16148 25535 22307 20968 22825 988 16361 22187 9336 11994 6804 18864 12089 19128 11401 13432 11792 25193 11119 26554 9182 9032 12123
6909 6095
6912 22485 14004 23552
6914 24855 21303 3119 6716 17506 23937 23322 20799 26220 14460 11833 26567 14656
6916 16189 25704 15106 14053
6917 13459 11058 15524 15903 10164 23370 18095 6784 17570 11303 11716 20050 14256 5863 26031 12702 22706 25040 2876 23744 10383 11116 21155 21174 11593 26401 21976 17623 26567 9820
6919 25112 11085
6927 20050 21287 25710 20645 21614 14408 22732 20869 24855 21001
6929 10470 19169 11816 10770 5127 2613 3948 12887 24871 8097
6930 16135
6931 14653 1113 7351 24947 22488 4564 13905 26120 166 5103 14617 5252 22199 18953
6933 5338 9032 15675 24298 25932 13804 21756 9034 9746 2222 3165 22487 1786 24578 2031 3681 20364 15003 26773 20184 14158 9884 10307 8575 8668 9120
6935 9084 12409 16746 23175
6936 1361
6937 19876 17532 25872 7437 26358 4440 26105 13264 7240 2631
6939 25325 14263 24195 724 19447 18558 9878 8256 2245 3208 17851 21884 19176 9906 26529 17756 19483
6940 22605 17667 13966 21052 12740 15783 8208 24973 19609 15768 23690 19778 23997 18824 8291 19220
6941 19158 11939 14684 13573 19489 9023 20258
6944 9645 19786 20350 387 1517 20920
6945 9034 23518 11535 25657 6300 10305 3225 14037 23546 20049 6480 16409 19575 7135 15683
6947 20833 9102
6954 532 934 16449 23182 9556 18923 16988 24080 5774 20374 12228 12345 20050
6956 24489 22488 21206 24177 5107 2964 18752 19417 3078 16157 742 1327 6545 4801 26427 1591 2660
6957 10031 12358 16407 1941 14228 9432 24503 7661 18395 3862
6959 25872
6963 24572 16809 11671 24420 10932 15216 9409 19182 25457 18395 3521 4860 1816 11526 22762 8569 10733 10173 26434 7937 12969 26571 13127 14325 5837 2144 7598 25301 9432 22132 19410
6969 25393 16474 25504 22721 13436 10715 13697 26029 26340 5426
6971 22897 25556 24944 709 16293 13157 25655 23466 6201 24456 21430 25831 26080 7163 4862 13778 25295 2485 8937 24847 21361 25958 26372 21597 12658 13865 24284 10610 4758 10973 23890 9570 7581 6600 25653 15827 11499 2295 133 26504
6972 8725
6973 22501 6339 19262 22543 1328 24523 1320 418 20910 22943 25991
6974 18474 25724 472 21871 23754 4164 16665 4543 15365
6976 4303 25872 9390 19913 906 4147 3253 4775 13751 15782 10207 18890 21414 10119 5159 8687 4841 25020 26220 15175 23518 6383 15224
6977 24589 24203 2366 23574 321 6933 2531 8383 3427 11260 21408 11990 8235 1102 22625 7181
6979 24174
6980 2049 23799 677 24679 25535 12358 80 94 12052 3512 25739 18731 26437 15414 22333 23957 20115 26714 15597 15521 26346 25160 13801 23877 18853 20576
6982 10811 6334 23095 5275 24473
6983 21847 16506
6984 25745 14314 25563 10918 21853 339 16242 22719 17774 22221 9581 9843 21403 23988
6985 24781 9423 472 25872 24770 1930 22574 6314 15634 21377
6986 22328 4973 26659 23216
6987 23957 18172 3912 17134 23127 21189 18528 10827 1549 20576 10155 12276 19105 12054 6175 8862 13064 15964 26502 8014 2952 12556 25522 1369 8692 2989
6991 6346 23273 24427 23030 11009 3795 23957 18605 3430 25605 3226 19093 12201
6992 23051 23553 2761 21847 9823 21743 25589 9409 25872 25862 24616 9746 26369 7134
6993 25783 13412 4539 18888 1746 2615 19729 5863 2340 2395 2409 3395 26791 20338 21847 3320 9996
6996 18054 25565 10353 20988 23206 1344 26207
6997 17889 21005 21959 9021 5341 20658 20549
6998 3398 24281 3059 8261 2049
6999 24250
7002 23556 25122 24207 14500 23401 8343 22518 25160 10204 9369 650 15640 24380 21412 25054 22969 9195 22785 17922 3896 19595 9673 3890 1982 24134 23883 21027 23155 25236 19669 26184 11825 17471 15789 20898 19709 7853 24518 9679 8170 14715 5527
7005 15536 2964 8448 8529 6480
7006 16746 21847 25168 10364 11545
7007 17637 23978 22378 15416 17171 23538 17405 24017 14469 23848 14084 12371 1668 15777 5855 25694 8231 8728 21971 9851 2460 3777 23398 17178 15285 11396 26080 24262
7008 23955 24708 13593 14331 20162 16293 169 8407 18389 22017 23797 19099 17896 26539 21948 25720
7013 10565 17388 26289 10777 7859
7015 24214 23412 24690 4335 11901 20074 925 20223 22896 7475
7020 25174 11271 16941 292 22650 2716 2799 20255
7021 6481 12475 1443 23142 3165 18879 20144
7023 23883 11203 9951
7027 23390 274 24222 10870 21375 23519 10357 6539 1960 18243 1607 13565 558 25151 17154 9491 16823 17388 23264 15444 1469 22474 1169 18010 10466 5034 7418 5018 26774 19166 3015 7703 26700 18916
7028 14775 26400 24848
7031 12427 13731 11599 20508 829 18097 13578 19412 6521 21696 23307 8852 18446 25965 22937 19491 17571 22819 9879 23980 5400 12736 9996 20124
7032 16090 20089 10757 22892 20994 14375 18186 21519 1662 25062
7033 12477
7034 13803 4682 9360 9454 5668 25018 24898 1155 834 13512 24055 19351 6820 3822 26793
7036 22497 11805 729 5561 19194 3223 9159 8756 18212 17342 8380 3881 4226 6811
7037 7099 5321 12969 4736 17117 8121 20581 5018 19779 19836 17353 22210 19314 24845 9141
7041 12371 26575 2800 4138 12276 6312 2840 2822 13999 5659 16101 5123
7043 9084 24885 10252 3884 21414 215 17341 7756
7044 18769 4029 26583
7045 16315 24765 12628
7049 25236 14902 26346 18186 2867 17015 26654 17491 17534 18224
7051 6200 23805 24284 3918 22672 17541 3617 21043 95 13153 40 19997 24779 3846 9068 6025 10829 22939 16464 12371 24504 18743 20268 24390
7052 10442
7055 5266 15432 15364
7057 25485 25118 12330 24315 16583 23627 19607 5135 16767 4616 23997 10513 16546 14687 25181 25227 26172 26616
7058 389 659 9032 699 700 5500 25340 8193 2395 22399 21088 5815
7059 4406 12117
7060 22282 11920 20320 13787 21377 24947 10431 12794 5137 16530 16124 2426 8250 16941 20525 1252 2408
7063 7868
7065 13410 8309 11975 23179
7066 26598 12137 16277 20394 20168 13006
7069 20687
7070 21950 12143 9181 10603 19065 23386 14412 8122 9492 7450 2387 26046 17960 26502 4182 7026 13767 25474 26471 1607 2515 7790 23221 3406 25539 1169 3636 9835 26636 13113 12103 26767
7072 5633 934
7073 5354 9318 11559 21269
7076 18816 15469 19017
7077 20723 3936
7078 11664 873 17436 14587 24619 4716 23395 20468 229 14582 14440 8527 20067 6533 4176 14821 20733 18201 12814 17154 528 18906 16968 23120 25384 7483 19983 5516 21277 8982 8512 11295 9263 18276 26911
7080 22339 8199
7082 25872 22004 16594 18134 23551 22696 25477 8549 2646 11405 3482 26337 21895 10217 12477 4497 9460
7084 22554 385 18435 13074 1072 23957 15567 7199 20233 10587 26760 8419 11384 10251
7086 10442 18379 24310 26107 15372 20106 20505 5431 24643 25050 15835
7088 21104 10363 24838 5190 22831 8867 3400 7096
7089 20829 9369 17160 25044 25540 7522 23679 23231 25591 23557 18446 17013 24001 22381 2562 25483 22378 23183 16890 19584 24645 26003 8177 17463 20455 25991 7847 8370 11682 20983 24184 6537 25003 26270 26153 24401 15937 7985 26479 5234 14409 4032 4886 8614 13822 17299 6060 11333 9662 15878 6541 11730 14773 19665 21785 26560 13527 25100 24284 10669 3783 18414 969 26714 23136 26602 20900 5727 10747 26735 10506 13797 20965 16599 8257 13408 23372 11661 23100 25683 11359 7774 20027 16774 26887 7604
7091 16407
7092 6237
7093 17748 25677 17496 16464 8517 6998 26753
7094 13482
7095 23116 25719 7131 4112 7164 14413 15093 3524 10756 19140 16491 18331 20118 24584 642 13381 14748 24852 16026 25237 18675 11840 19430 20675 16051 11287 18642 5740 25352 26631
7096 21412 11295 21847 25872 613 6251 21111 9405 17072 8582 9364 5414 4763 7629 3156 5600 17345 8732 18969 9942 16084 21033 26849 20822 1675 7932 20674 15481 2031 21820
7102 7219 21153 15842 8524 7832
7104 17878 11121 25621 24066 8917 2167 11799 1 4147 15806
7105 10425 24685 21267 14506 23483 8010 24220 5505 1640 19526 20031 23349 6050 20924 20509 16253 25355 21290 21448 20804 19053 16923 21266 23407 11402 15264 3477
7112 12315 24159 13410 4253 379 24689 13194 14200 13074 21967 25278 16525 16477 9536 13751
7115 2982 13724
7116 249 269 76 770 26077 1239
7117 19403 7137 4594 21388 25768 19563 24473 23477 742 21446 22991 22457 16865 18783 15212 6903 25872 22124 18446 22815 13694 9120 3515 14264 22568 10224 771 10030 3023 13960 18077 6597 19170 16820 10947 166 14636 26120 12266 17572 13611 23632 18815 3796 9746 26246 6333 5774 12220 26757 9592 26812 12227
7119 17255 19252
7120 934 13520 1960 17815 12727 9021 20508 13656 4226 5400 25598 22621 20969 2160 15087 23488 13464 15579 23819 5510 24341 16039 23103 3897 3883 16915 9866 25270 3598 13501 1540 9881 7339 11547 10357 11982 17417 8363 21463 14045 16764 9314 17255 4124 17599 15130 15963 26849 6446 6511 3173 7972 7811 10101 8574 4017 6926 13376 10378 4829 15205
7121 24091 8303 23488 22283 19730
7122 10767
7125 22097 18820 21867 18620 23284 20753 23641 19417 20917 7989 22059 20883
7126 339 25098 6469 22499 4117 23805 7607 3526 16242 5668 15320 6456 9462 22584 26793
7127 10767 10766 7114 8374 17585 599 7010 19718 8147 15595 23315 8656 4105 6509 17755 6565 23797 4758 4431 16698 5277 21065 19520 8432 160 11308
7128 16030 25126 16608 4187 23664 3740 10472 16983 12453 24326 8233 11050 18085 22208 19260 6528 7197
7129 24898 24602 13073 22895 25193 10666 9489 25794 3329 20019 25872 22859 10353 4844 9575 22384 21919 820 14794 26668 18417 9797 26753
7130 9032 24305 310 8954 21206 17629 11684
7131 23386 11997 14862 15299 15318 14759 23815 24833 2347 14571 9873 20540 16465 20722 23118 20159 10199 21003 18301 8146 7380 24947 20926 19557 3459 1068 18446 26210
7135 25429 23022 9059 21546 19568 25836 16902 15917 22468 20598 6935 14082 1269 19020 17061 23042
7137 4147
7138 6680 2879 9803 24422 23712 25778 9589 24696 20767 19706 23295 1433 14800 18506 698 26261 15494 19942 22209 21712 25708 26359 21183 19696 23400 7385 3100 17211 15545 20726 25274 4615 6128 11373 26889 21352 20761
7139 19908 24539 12658 16760 4391 10669 16804 19520 21706 17061 24023 3658 18743 18176 20509 6837
7142 24973 12113 23890 21080 22511 21624 19056 2049 8706 23347 9523 24242 19053 8522 18252 24033 19673 20904 3300 19605 15227 8769 19664 20626 10447 9747 19284 25890 25592 10361 9452 11236 7908 3653 18529 9630 22331 18127 8115 7514 5293 3585 23448 9413 16902 26214 25145 3345 625 22427 21811 8526 21280 10987 18932 10650 23930 24078 11152 22279 8715 25610 22395 2595 17769 18795 21329 11607 26159 12156 18211 8798 18432 17927 5397 6607 1181 23931 1664 17293 3753 5661 21361 19383 18744 12166 4499 9312 5883 7496 21810 23997 16236 21541 11124 17646 22439 17416 644 5256 12283 7985 4764 18818 25291 23862 16042 21012 23572 18192 19619 12740 7595 21826 5501 16464 7490 22923 17027 19687 4044 15594 9862 25076 19537 19207 2020 11638 15434 21227 26706 12070 16969 17939 1715 9148 22184 23886 1044 9936 4260 10558 5313 8029 26682 10157 8817 17343 13469 10169 12091 17435 9988 24761 6240 11467 4197 2150 20681 19171 15718 9036 7807 8435 15922 19756 16407 1095 524 5245 4481 6328 24997 5400 11306 6898 13888 3813 9902 26416 9562 14841 16046 20161 15178 7506 8696 18100 20600 19481 12322 3869 19738 7888 3561 20583 21138 3204 9320 10752 24496 3495 13249 7460 10435 23850 13272 10934 3418 18258 3140 12444 5089 3468 16317 26294 8443 10123 9894 11066 13650 6316 21737 2484 9755 11777 13563 15204 21266 87 16429 3880 12307 14167 16972 19097 5679 2533 8942 8958
7145 7014 16149
7147 176
7148 6875 21746 20480
7149 25071 25094 24539 23990 25062 20785 17638 21588 22892 24512 9207
7150 7841 15702
7152 21287 24395 8917 12703 22100 24897 1985 24781 25964 24202 16937
7155 10766
7156 22022 24469 2554 3124 25498 2761 24214 20884 23666 13797 24842 333 1385 8840 9974 742 25017 9054 20307 25290 6597 2910 1710 12436 21221 16849 2160 12766 19291 3762 771 25974
7161 353 3236
7163 18792 13165 24430
7166 23953 24567 24995 25465 9513 25556 258 17990 9673 8050 17626 15332 10820 9606 18518 4007 20666 20115 8656 7609 18553 20821 1095 25903 7129 15593 21230
7167 14301 6193 8862
7173 25875 22018 14319 17345 2964 10708
7174 10598 7366 24481 18917 3408 2169 23657 6263 2049 22738 24496
7176 3100
7177 13192 10653 19399 26358
7179 7310 9666 6962
7180 9493 18369 18158 21069 23638 21751 20303
7182 25872 7011 25877 310 11859 9254 825 18890 21845 26145 22011 21847 5212
7183 22759 13423
7185 25270 24523 4159 6680 8127 8161 9370 16015 1950 1960 8549 15466 8830 10214 14995 14387 13173 26551 26818 24760 21926 9057 22691 19449 8696 22316 18613 17491 6649 11616 3383 22505 175 14873
7187 10848
7188 6680 22605 13151 22625 23903 24632 1773 25268 18267 17111 13549 2056 17214 9668 9428 22071 21701 15865 12816 13757 14307
7190 10906 16525 7781
7192 16525 11011 16496 20831 22754 8687 9084 7544 21390 21972 10653 15715 5366 358 613 6255 19595 25433 5127 3683 704 19822 5354 15603 15452 23638 4663 4707 18282 15569 16889 22960 5942 17934 23861 12621 23682 3126 22571 15176 4670 9572 8309 9729 26567 2521 14326 21543 6106
7193 13134 19548 11199 14976 15792 11820 8675 5807 16940 17101 2798 18377 14079 15230 17276 9651 10425 17384 11085 14719 15841
7194 12358 22231
7196 24467 20631 7405 18396 18864 9142 18671 18918 10967 19677 7974 15680 24000 18177 9034 25859 25877 6564 7668 23322 22754 7618 5225 20028 25946 8599 20298 23986 8300 14401 26132 5649 13759 26042 26191 24460 18361 26388 23381 12726 21380 22010 21751 4983 14440 14040 21552 1180 14019 12824 21669 26851 26309 19905 15224 22998 26919 26895 15799 17976 21390
7197 18679
7200 15616 16628 9360 6145 18377 6584 16171 555 4423 11275 16023 3462 22611 24521 21289 9813 10179 832 6187 18010 7501 6603 21611 16995 22137 7719 15332 18608 20352 11795 16765 15182 3355 27 18258 9713 2789 23158 26126 4130
7205 2383 18785 9495 1527 21831 24022 1385 1414 16941 8650 17983 1271 15229 26347 3165 26528 2340 668 4461 20075 2030 6222 25366 6741 3957 3059
7206 8642 15894 6811 18417 9079
7207 8336 19036 1410 4950
7209 13429
7210 21566 16374 18033 1687 22960 20395
7212 17703
7214 2657 9314 4752 7516
7215 16191 7823 21208 7470 973 24602 5049 17869 1047 20549 22883 25466 8121 24670 3126 22259 21335 12512 18981 13511
7217 13406 20428 16167 6454 8280
7219 26091
7221 754 7928 16200 16240 8190 9291 8416 15098 10032 7939 1703
7223 21642
7224 26337 26068 2233 20517 5774 16955
7225 23794
7227 2925
7228 2964 3327 20855 2851 940 5231 20008 12774 4959 7658 18359 22703 23641 4950 17570 19316 22970 2657 4970 8193 22985 2613 17858 16275 5783 21928 18504
7229 13656 21919 5749 22487 26866 20502 7023 19134 25668 5052 4973 16547 2501 10759 22268 5529 22714 5813 7405 20999 22172 4813 6355 7561
7230 4228 10977
7231 9841 1938 14971 14103 7853 2357
7232 13658 13534 23244 9406 1123
7235 15828
7237 2842
7239 6911 6385 18688 3752 4406 24182 13835 25038 17664 25535 23458 16714 18237 18729 9329 15159 893 16570 8853 8792 7253 8410 708 20216 8756 25660 2554 18852 13329 20561 3176 20822 15794
7240 4764 17827 20828 13198
7242 11205 2287 1573
7244 211 14171 21243 24164 24234 22344 19719 20286 10821 9699 7590 3355 24445 23102 15017 23897 303 6425 16267 8009 9434 12011 10647 10425 2264 11375 20174 12156 19214 16664 23835 24218 10408 1638 11882 18353 23358 4913 21217 10363 8700 23805
7246 24048 12303 9513 23108 3781 8208 6260 13339 17709 23458
7247 10185 21260 12215 23788 6490 4278 20660 22897 17936 18710 24944 15652 13655 20681 18994 3147 4573 12402 25095 74 17442 12065
7248 18307 23589 17245 13817 26572 22211 10601 24948 9372 19280 5938 12282 18637 18396 16514 23465 9032 13264 22998 16002 9051 1688 12894 6553 6578
7249 11947 10015 10087 24107 8963 10289 11447 19350 18390 16785 25556 22007 14001 20854 343 22304 14834 8656 14777 6251 19804 17440
7253 1687 10476 13482 3098
7254 20565 23189 12780
7255 3517 4800 18235 4440 19017 22210 17117
7260 12541 1366
7261 11500 13727 689
7264 23058 21385 24471 5926 24988 15757 7669 12340 25790 9147 17964 15196 23400 24380 16296 20632 24852 6558 13709 7038 24007 8772 13630 25943 8446 5879 23949 18642 9804 554 16710 13151 20429 5827 496 23470 25903 641 3838 12354 20310 20216 10552 6133 17502 25551 2625 19870 8077 24834 2329 20878 10934 1714 26002 16827 17346 13822 26714
7265 24855 18417 20002 8000 15879 18890
7266 17196 23266 934 26515 14817 23182 22424 5400 21773 5052 18463 15165 18821 9032 10495 26615 15130 19654
7267 14022
7271 2613
7274 10766 11059 6520 25598
7281 16978 20476 13645 10991 22060 3611 16148 15823 7846 9318 9180
7282 6579 189 14220
7286 6635 6286 22520 21612
7292 9928
7294 23466 10767 20520 11987 3782 25740 24491 8231 22897 24269 3212 26116 17816 12516 19035 23872 9176 650 5333 3616 7151 15753 18743 11424 8167 15093 8420 133 6448 2295 8710 17930
7295 24947 5206 9265 9763 11354 16318 19017 19394 5556 5829 1403 24162 4334 18891 5153
7298 2613 1791 22703 1865
7299 9169
7300 7206 2193 4198 15936 8063 8426 3101 13207 15143
7302 17378
7308 6926 12078
7310 1402 3760 10187 151 15221 18890 11979 19905 15198
7311 18561 24986 19511
7313 10563 7397 10113 20372 23096 23842 24855 13112 7739 13226 18440 20481 9332
7314 3991 22605 8208 23400 13763 797 26157 1071 11213 17119
7317 15936 4070 17939 11088 3660 22799 25889 20011 6771 10982 1328 8040 24500 2117 18396 8793 17687 17356 7688 26229 12103 17639 25193 19134 20664 12740 8188 8150 25120 13987 4748 24339 5377 23953 2842 14545 4403 26718 23805 19786 17640 7944 17351
7320 26518 5685 19747
7322 1965 20508 17703 24943 24462 8325 21288 20736 10827 7385 22973 13218 14321 3600 23096 13724 7641 18982 7640
7323 26407
7324 17439 12956 19399
7327 16926 7405 13056 4907 2274 7937 8949
7329 3740 4288 16026 12117 21911 19430 6037 9170 10013 19595 185 20419 14652 10148 11647 4248 13243 7981 17644 20040 25891 11629 6916 12943 21293 15556 13068 3289 14102 14189
7330 1180 22896 6973 9314 19814 26783
7333 18533 12052 13518 21190 20322 11366 26714 16407 16929 22605 18234
7334 14535 23464 24214 2675 24352 18648 25269 22458 20015 20158 24202 20642 6553
7339 14007 13251 22251 7470 23160 6193 24410 19757 18640
7340 24593 22625 8231 9295 3617 17495 21546 3992 19631 18065 19958 22378 22331 25924 19452 24248 26009 26080 26087 23042 435 13079 16011 11252 26214 11840 22682 6736 26229 8315 13686 26086 6085 8085 8670 21541 13362 25958 1169 4614 2537 26766 13975 26372 15285 21846 10669 12411 1954 8460 3096 9733 5493 10686 3715 5253 15415 8466 21384 24284 3438 4588 23470 6155 23955 17540 13492 20504 2131 2475
7341 23597 3128 14926 12736 12846 26288 14532 11242 21543 26899
7343 7509 11911 22568 1410 5602 3759 16383
7345 24295 17461 20072 8989 11359 6515 5944 16572 22918
7346 13526 15302 24390 22511 22243
7347 7840 18047 22851 18361 4282 11952 15541 12548 12780 10020 11623 21819
7349 6117 12912 759 16525 8405 2508 24774 20447 14408 7879 2064 22118 13676 6392
7351 19770
7352 2613
7354 2546 24149
7357 19455 22294 25535 19773 1607 13432 24653 3680
7358 24207 24779 17500 6893 21567 23967 17446
7359 5400
7364 3637 26738
7365 6681
7367 4895 2286 7614 6480 12602
7368 19123 9985 18121
7369 13192 2613 9356 13573 6172 6334 16374
7376 18733 25079 5809 10535 10201 19790 7002 21604 964 19129 4334 18100 15471
7377 7979 15720 7852 8803
7378 6550 24844 7285 7155 2307 3926 4187 5565 25664 22211 7307 4286 5244 6862 22627 5605 1079 18058 2030 26323 4232
7379 2213
7380 13406 18895 25354 24490
7381 13778 14989 2189 9300 20115 14465
7382 25155 1965 24219 23696 1439 12607 3699
7383 8656 24063 18670 19940 24679 16989 20070 10140 6269 17535 15869 23355 23897 13731 17326 9606 21243 6158 19794 10396 505 11034 9508 565 25501 8470 24132 8823 527 1927 2693 5242 14572 23985 24086 14392 16641 18828 4546 7513 14583 22997 9988 19228 25562 23558 11830 24366 22304 716 15750 25903 6549 9806 14573 10159 14481 24465 9630 9159 14324 684 23931 26436
7384 21672 23400 23647 23987 24779 22905 12371 9240 25655 8788 16030
7385 10199 10805 17532 5400 22372 16965 24046 20508 25872 25501 23002 19877 18142 24336 4950 6388 26150 26436 22063 12189 20623 9118 12701
7387 10405 701 2077 427 2748 8664 3454 2310 6724 1510 986 23115 24170 26611
7390 21046 8108 14269 634
7391 11285 9086 14455 4099 24634 19559 4193
7392 22163 4773 9240 5226 6310 22799 22199 8417 22738 9324 16702 8907 2131 20821 1881 22518 5134 13846 15598 3840 3740 16241 5759 18682 4961 15878 9762 10157 2308 12104 4614 5512 6699 21166 5105 26682 14634 7893 18374 22211 6774 20012 15856 20264 18085 1461 7427 17454 8317
7393 17625 24680
7394 24042 5075 18301 6832 25590 5303 5377 5154 4315 5157 13469 24583 19325 23711 17470 23957 25017 22860 13902 1311 18722 15567 12358 16920 15834 15927 21791 9746 22876 23429 2543 2447 25357 20612 11543 8163 9646 18921 16487 18028 25668
7395 6779
7396 23500 11703 20607 25275 23240 23619 25766 25850 12962 12323 22158 9661 19958 10638 25903 14801 26080 9630 24739 25482 9271 16061 24483 17379 21012 14996 7248 21865 25096 6564 940 6356 2367 5653 26421 8689 18743 9991 4843 24390 25355 26454
7398 24781 24822 22973 19900 10904 14814 18721 21465 20565 7680 20736 16064 23846 21913 13260 25109 25923 24934 1798 20396 22452 4841 17506 4829 23322 6147 15894 24643 21990 3639 17245 14228 16487 23973 18561 7854 26879 20984 21428 22599 1776
7399 12960 25194 17044 8127 24557 13013 22184 23155 9334 9369 23389 13120 8194 11193 25232 13910 8079 17135 14633 22323 17854 370 14863 20638 15099 24828 2416 9746 25880 26255 8756 19991 21177 23292 24158 25520 9661 17094 4401 26485 5882 23753 17279 26616 12963 7033 3773 22461 6994 26683 18168 5560 26808 20761 26887 6164 3188 5330 6507
7402 23401 15770 9268 10978 23629 20942 16827 18743 9369
7405 19158
7408 19931 10043 7727 5218
7411 10470 21341 18576
7412 4552 4104 7367 7371 26774
7414 14112
7415 15272 22488 715 13720 15340 15934 17961 1907 13782 15569 1315 13034 24066 25187 4448 16216 11523 24732 12823 7671 5789 18439 11644 10442 24111 24986 3119 10471 20469 22197 25872 23868 8862 24713 15903 5127 26109 6131 9193 23135 6716 18864 17506 26396 7755 14758 21200 10685 18622 26207 24402 24787 4485 7160 9784 11980 26498 11653 26624 26699 4539 22910 19608 4540 13940 11404 22122 11833 19017 26220 26726 26769 8121 15894 7240 26919 11250 23937 12717 15534 21285 1761 22001 23282 13996
7416 5876 1498 21919 23882 8589
7421 13028 26346 21701 26714
7422 650
7424 14908 22207 18655 8457 18820 2805 20479 2967 11346 22575 10301 9941 9474 2720 12180 12263 5719 4207 22136 6598 10279 25684 1490 22839 22845 13460 7574 23521 15584 15029 5751 25699 2231 18885 21195 18371 22264 24643 6882 22261 22271 3681 13124 3354 23574 9440 16298 15684 18700 3546 18102 10084 3343 14703 4012 12133 15264 21861 6554 22806 18498 1348
7426 22504
7427 1547 7245 4606 2390 26696 14232 2789 7814 4041 24055 5209 8996 9482 9107 5779 3686
7429 23509 20834 20461 3646 9513 13893 25244 23967 24380 23042 2110 9757 7821 294 24048 24623 20543 5632 9240 6019 11854 4715 7034 10588 3617 4394 8215 19312 22294 25891 12658 5654 1582
7430 25419
7433 7084 23981 25872 19649 36
7434 23892
7436 10089 24753 17539 18436 15325 11952
7438 5364 23508 2281 22565 23997 3740 25614 3091 13453 17160 23434 13273 17465 24747 3589 13761 9642 3799 14159 25578 16264 23698 8256 22181 23723 26381 5810 26479 16546 6405 17212 18289 3029 7726 4119 4138 1550 15989 16087 6198 12100 15878 11730 26795 6706 13063 4112 8315 11803 4999 13031 9790 16319
7441 16153 9784 10109 6245 14326
7442 10767 17403 13217 16902 22325 22968 16261 20978 58 24871
7443 24430
7445 7385
7446 19335
7447 12227
7449 16608 10930 17602 18450 24207 25391 2382 20484 16155 2728 22772 17620 24030 22942 22785 13298 13049 11815 14666 22923 16957 16293 22628 10933 19527 1636 7293 22663 16655 17430
7450 16374
7451 4298
7453 3432 956 1113 7295 2377 1895 26551 14211 2364 2571 1288
7454 6334
7455 11169 23794 6306 24228 22145 4268 9409 2657 24800 9784 4263 13314
7458 21974
7459 2864 24132
7460 11048 19502 21758 20738 25963 6468
7464 21122 26858 25965
7465 23805 133 19034 19174 8933 23162 4363
7466 23279 24898 25457 436 23846 652 7868 12727 4298 21287 24632 5406 9613 19913 3201 8704 20078 15654
7469 15708
7471 16530 20478 9034 5720 22258 2883 8549 11973 16746 11129 23387 7670 7112 9942 18475 20517 1231 3201 6564 10445 11123 18457 17495 2309 13831 6458 492 7530 21949 7134 24173 17614 5765 17993 23601 3724 8336 8501 1687 20283 9423 3048 9784 19582 16617 16139 8954 7746 13949 12995 9808 20430 25433 6811 17028 15544
7474 146 24201 8812 12199 10896 6083
7475 25187 2350 23177 7698 21053 7547 3758 25824 15422 272 10017 21682 9164 8251 13664 12117 7778 11211 6720 16112
7480 25028 14147 478 9125 17353 8916 21530 25470 7661 4492 5910 10780 3119 24774 20988 17526
7481 23975
7483 19548
7485 10084 6867 6237 6821 10207 664
7486 5129 9318 22660 1410 25312 11142 1842 5454 14128 25910 734 1199 22876 2970 8501
7488 24523 10300 25650 9746 25526 10982 19285 2811 13109 20898 23770 26714 14190 21364 22071 26682 14880 8269 24235 8543
7489 25163 3709 23084 22058 24598 25872 15145 20074 23387 19427 21981 6775 7074
7490 12849 25258 10920 4271
7491 2657 7535 6173
7494 3093 23702 23137 18809 25872 22522 21728 7633 25799 20938 23504 19129
7496 19091 4684 7548 20559 7632 21743 16696 19877 25927 19046 18189 25946 12410 7216 19945 10770 7134 12158 10334 14154 21414 10954 4895 13664 557 3361 24670 7863
7498 8862 23794 16746 18892 8542 4303 16755
7503 13010 17122 1938 17440 14324 14802 16253 19322 26041 6841 22645 9296 23234 26545 11795 19268 2403 4604 6808 3967 22880 6514 10593 25360 13360 13242 3125 4041 17255 12819 5781 21075 17715
7504 12314
7505 19051 24236
7506 24460
7507 3199 13710 2859 6480 13279 11308 25967 18396 4671 17509 15027 10405 9057 6994 13831 22521 14545 8953 22045 18786 15519 6083
7511 23666
7512 24038
7513 12291 16635 25910 23923 5188
7514 10160 16339 25669 19822 16004 14065 26556 9784 26220 5502 18622 1683 26784
7516 14854 25094 24048 6484 12658 24209 10157 20520 14630
7517 16451 8947 22994 4662 19821
7518 21847 4293 3351 15434
7520 4641 24513 13098
7521 23130 5323 24159 22210 24002 11952 1870 25062 17496 26220
7524 19762 7060 10503 17667 20115 4140 8003 9582 21564 22605 14278 4667 16008 12385 2697 20834 19220 7650 12215 3740
7525 15414 24936 17765 19205 6680 23501 25956 19183 16045 12087 9793 11883 15085 1072 3986 17496 3617 26826 24187 26774
7526 10088 11375 6229 23732 14812 14978 19981 3526 8127 17811 19324 10795 16147 262 16931 12109 10425 2980 7096 9794 25226 11267 7518 2399 1938 9593 13938 3111 2606 16357 21230 23678 16256 8657 15130 5356 133 2505 21071 13455 13136 2347 15842 22921 5065 1523 19220 19994 16493 23646
7527 23372 23972 17392 44 2080 14027 25517 25822
7530 12950 19157 3237 10420 23400 257 18542 17437 9654 20759 21117 13217 12279 702 2734 9940 25504 18209 12248 21169 517 8251 25270 9515 1305 17246 19464 7827 26422 17093 8799 6966 10015 2853 21791 18492 26478 5424 26863 18417 3270 5945 11908 18521
7532 7031 12897 24496 9625 19563 24205 24184 16296 25024 14999 11601 18293 23538 16143 19528 4588 21792 23690 8039 8522 12962 13181 8715 12631 22659 23522 18587 21006 14972 26446 10464 21294 4503 3547 12658 23805 4727 26197 19484 12023 7923 15598 12171 26706 14321 17515 7033 7789
7533 20516 21847 20365 7935 10260
7536 7912
7538 24007 23739 24944 23400 21805 23997
7540 14079 238
7541 19663 3410 9076 2690 11862 16942 9462 14976
7542 9317 5858 6190 10733 25264 7366 9753 15130 22852 9041 6415 2344 3658 23220 7156 21919 13777 26781 3911 9557
7544 25488 3936 7925 7659 22310 4895 13482
7545 24546 4332 5445 19174 13171 9551 6425 19269 9666 10864
7547 10600
7551 7179 23022 22243 496 13381 7481 9230 667 797 6367 9728 19680 2558 4036 5961 23805 7872 18116 22605 2947 1881 616 24523 25747 321 13258 1128 23426 9426 23903 19895 13703 18283 17119 7948 26323 17780 23132 9002 11599 7492 26372 1846 7210 2281 23259 16248 1110 2771 14321 2510 5446
7555 2035 26071 14922
7556 8656 24679 2670 10508 5061 24944 23997 23805 9606 8655 12740 3740 17500 4559 8208 17011 23707 16507 22427 9040 1291 13803 4940 3473 6592 2189 3524 25593 1938 4339 5187 244 13461 4139 3486 1556 4954 25033 2203 3212 1284 15053 3089 16324 2847 9701 4083 15565 15623 1190 1317 7332 4905 25889 3890 641 13133 22955 25160 808 15143 9226 9633 16627 6476 26149 14736 12792 17581 22969 3331 11402 20418 22436 5490 5871 1181 8904 11153 17170 2514 16464 25260 19693 11378 2614 24709 15398 10434 4117 10148 11300 8696 18249 5043 1954 2475 6557 8514 3845 6785 9762 26346 25122 26766 7619 3961 6916 4747 32 26785 3420 11794 3987 26654 6965 5651 21228 13469 13381
7559 9720 16122 14579 25849 15923
7560 2883 6095 15489
7562 12524
7563 972 2409
7564 5216
7566 24947 21104 7130 6955 17186
7567 23020 21614 18121 12480 5117
7569 11516 23573 17728 5002 4314 19189 24231
7571 8953 24850 14124 2483
7572 23873 17536 19409 12032 14887 16415
7573 6731
7574 22960 15444
7575 17075 3657 3739 10963 22969 14141 15664 4561 12993 25175 9802 5666 6652 12639 1286 11672 22781 4660 8327 23799 15024 13698 19786 6064 19613 338 5746 11341 21484 368 10344 8469 12644 15843
7576 25592 23078 25356 25406 25872 24616 12960 25767 9937 13831 12210 19934 18217 21416 18838 15815 24294 6564 16336 14221 23375 11993 15634 18455 5454 9746
7577 12409 12242 25144 7974
7580 21831 411 8123 25533 4662 6784 7028 6745 20816 23215 20151 2707 5498 2671
7582 4985 12777 420 22727 185 31
7584 22776 24833 23395 16696 1389 2687 20765 24836 14420 10870 12743 8339 19363 20691 24794 21088 8322 11984 16915 15406 26497 10 26187 11107 6017 25668 22605 26730 24265 13220
7588 23987 3645 4687 10626 3665 636 1181 8913 2837 21266 25634 12317 17765 7292 5682 1282 21236 4507 17667 5298 22605 6158 23401 12299 16445 8733 9167
7589 3432 23616 2123 3786 12106 2835 23311
7590 13361 20493 21704 7401 8367 6841 17545
7591 7799 8621 5876 3015 25357 15175 7930 1549 2202 954 6782 25143 22967 21788 2545 11380
7593 10405 20007
7595 20574 21096 664 12305
7596 25522 25130 24947 23312 5620 23443 8328 3954
7598 26023 21646 24885 16010 3119 1073 2040
7600 10055
7607 5085 8642 18343 24149
7608 16495 2141 26648 16343 2486 18240
7611 22629 4079 18429 7190 10810 8862 13470 25657 1351 9600 25333 7898 17603 1178 9101 26081 20020 3633 13425 7877 22367 675 7546 15458 8415 1572 11633 6275 26241 8498 9112
7616 9381
7617 22922 21341
7620 2657 8917 10119 6869 17862
7621 15126 24272 22228 10665
7622 24573 8656 3100 23987
7623 22995 4950 10334 23921 11146 21019 6731
7624 6801 8336 7548 23743 5447 4303 13419 24670 1515 11304 24278
7625 24360 16999 198 25196 21847 25710 7551 21287 7470
7628 446 25110 25356 659 23383 18785 3897 3945 4946 24781 1414 25794 2383 25896 23032 26138 25921 2340 4853 6688 26308 26483 1683 26724 26702 19511 2274 26512 24616 15054 24820 13208 15233 26779 2961 3395 26878 26783 21773 2094 2806 5217 15050 13474 26918 26811 26565 3337 20477 14091 8163 15859 2968 5258 2101 26638
7629 22683 24567 23890 25681 8839 21345 9649
7631 6914 25719 25872 423 21747 20034 25660 17437 13243 692 12866 8370 14409 5515 23733 11682 24856 26346 24423 18397 22943 5759 12649 14101 25157 24212 15023 969 11697 16142 21539 12283 3951 7699 17346 21131 8257 2594 3185 6680 2169
7632 15423 18353 24048 8854 23458
7633 12995
7635 6680 7812 14477 25998 12009 25985 23957 9314 2147 7249 25588 26283
7636 1679
7637 2645
7638 24480 195 955
7639 4775 4191
7643 345 5613 14212 16201 21173 22605 25513 14191 21321 11341 8465 20813 13336
7645 1027 24410 17590 21268 17323 20523 20760 26461 4844 12326 19933 24741
7646 19714 19526 20681 17155 19660 9339 17129 12775 15391 5292 26294 14219 16578 3142 12836 14409 17917 23195 17237
7648 13218
7650 24244 3740 11128 5231 10963 11130 22876 23166 13987 19576 16107 24328 23997 4876 16708 11136 15237 9611 21805 17346 16464 22681 5877 16180 11142 4769 25160 9662 13697 1444 17845 7274 22731 26889 25718 15257 23813 20877 26795 18618
7651 25681 10964 1767 9948
7652 11481 913
7655 4230 941 6313 25747 44 17925 19096 25100 17448 15305 11912 15330 20568 15025 17289 18502 624 6620 26500 17720 2596 14183 26686
7656 7758 5304
7658 7334 4282 14848 6804 23028 20651 18356 19946 1724
7659 24172 12358 23614 24778 3539 19802 19911 25668 9705 25190 8064 4601 9130 21107 23779 7313 17551 8558 21077 13964 6680 5347 16272 13338 19109 25679 25997 15366 17453 23458 23957 20778 1549 24789 4836 14191 24253 12673 14247 7642 21883 5496 4716 8475 11989 8640 15022 2870 8385 3839 6170 6315
7661 25872 26042 10551 24169 7160 15390 6245
7662 13239 25464 25550 22912 23779 20918 24737 22155 23584 18035 23609 17255 16703 10759 3181
7663 7074 10926 23137 18324 7633
7666 23247 9108 15088
7669 8502 22412 23930 14427
7670 1687 2633 16275 10770 8404 7692 8193 1833 1785 1340 11318 2876 4950 8501 15707 4497 6432 14514 25009 23257 16746 12351 24506 11704 23790 20016 12089 6147 21981 26358 5225 23041 24898 22336 7142 24503 22724 21847 24451 2817
7671 13970 12593 4278 2072 25391 11721 3024 11154 25192 7188 9369 3555 4309 9587 23400 26231 9066 26467 6199 19921 3529 1237 11757
7672 23090 25668 25130 12637 15936 25458 6680 8497 2476 5754 9492 18663 19348 25337 25998 437 26120 25988 24449 5898 26213 7771 26288 13633 6190 7636 14983 20445 867 23917 11912 26435 17983 8628 3459 24392 26502 13664 26555 4611 14441 11205 21847 10452 2206 24462 13681 25690 1200 26700 23899 7311 25526 8441 14866 9525 15494 8739 16766
7673 21521
7675 25383 13141 11920 24575 15357 16711 4230 11182 24900 8960 263 12181 8530 7020 26034 6357 5679 7021 22299 14751 10956 17338 17592 7044 19112 4140 9996 8946 10959 19031 21085 5235 7747 12104 25368 5386 12662 13092 26784 26722 11307 13038 12603 21574 22352 9348 5015 25113 4249 13623 23400 5517
7678 24763 24509 23209 2517 22758 8149 25668 17413 21179 18346 15339 6680 23657 11067 12530 22969 25414 25897 10028 7366 18682 26392 13217 19164 11995 26500 26555 757 17875 16180 22239 9780 8579 6804 7511 7297 13759 10980 4649 9091 26889 25368 10888 20345 5017
7679 24024 23973 12588
7680 1091
7681 21151 6991 14331 8959 6583 6582 6997 4710 12011 15842 19181 15768 1249 1989 1186 13868 8499 16030 15244 7165 10341 3322 11703 17495 20416 4673 6242 6037 11170 7816 10624 4449
7682 20174 16615 24445 1969 9720 262 12215 10346 12468 332 22834 23793 22450 8042 14079 3478 4137 3562 15633 1567 21261 18330 11183 6731 22045 15933 24305 11170 18244 7245 10795 14802 24234 1419 12778 24396 8009 11030 15714 6204 6150 20327 2906 16584 23079 7149 20100 5445 8988 14324 8747 24023 3141 24553
7683 20583 23516 10869 19207 21188 24048 24134 23328 23629 8609 7155 23697 22561 1294 10748 16936 24618 18872 23883 18743 21060 119 6994 2367 16827 26758 3100
7684 2597 25028 3800
7687 15434 18967 5880 9746 22003 8060 19679 25886 9996 12514 26680 21927 26523 26459 26722 5285
7690 17816 22799 16144 23890 14330 7884 23690 10756 16945 14413 14748 15562 17057 19486 16675 23213 22427 25954 5742 8373 17354 12611 15187 20626 21810 14448 3813 16429 18482 22635 25730 10317 3007 19464 1227 21176 18665 25958 18959 23400 3617 6604 26173 25933 17330 22605 23997 7594 18932 21648 26214 9268 10978 17769 16640 22738 26046 4481 17314 8522 13120 1183 15718 10690 2152 16061 12977 9559 25784 23335 6375 18195 26786 8679 13105 23972 7289 2867
7692 9951
7693 16746
7694 9938
7696 12781 22808 2966 10120 24198 2716
7699 5266
7702 24943 22960 25315 22648 1449 10881 24811 25833 2788
7703 7261 8542 7135 4950
7704 531
7705 10470 5774
7706 10018
7707 24214 7710 3708 21832 333 18554 1947 23957 6680 8208 7158 16686 8592 19970 9793 15910 23495 6834 18789 14357 22776 7366 19197 26266 20347 4415 2820 24896 6761 26622 26551 24457 26714 1169 26506 26700 13114 26747 26774 6507 26818 26889 3817 25368 16729 3678 3986 8293 23089 26306
7708 5348 23512 9021 3976 17694 13430 1544 2870 669 11490 25788 4811 12076 18524 3861 14471 25069 8801 18968 18890 16182 3444 9499 1106 24321
7710 2307 8197 19416 26809 22625 14465 20946
7712 2426 5445 11146 5643 24546 23830 24553 17440 2507 2269 14739 21134 6731 23483 24132 15223 15655 421 5989 15174 570 5795 24238 4842 14809 4212 894 14479 2505
7715 8529 25072 2235 16853 19901 22085 17080 23656
7717 17569 17183 8391 12921 35 7716 20561 11778 8517
7718 20203 22179 23417
7721 25728 5769 389 4980 12368
7724 12015 10899 6428 23749 547 11639 3866 13305 4502 1132 1729 12832 19267 22412 26294 24779 12121 11378 8061 4339 1289 14882 1628 14652 1586 15045 13760 11070 6923 20129 26881
7725 26207 24490 12215 1938 20275 13006 13429 16862 11019 9944
7726 576 1594 21046 8213 12966 9085 21611 23158 7390 7034 21050 23757 8344 21755 10795 10402 14777 18000 9670 18366 3719 3740 10719 1241 19413 4689 21439 22511 22665 13159 16953 13010 16464
7727 22555 9953 24794 16911 19839 17248 10845 6601 2408 6672 13222 18878 18875 1706 7868 16133 6874 16746 2333 14144
7729 9088
7730 4564 23062 24780 25617 21632 10146 10507 24967 10263 8336 26308 20467 24686 17779
7732 3167
7733 18872 24574 6635 25979 26070 26203 17886 24411 2152 23690 25980 23328 26321 17498 26496 26363 17178 19009 26539 6123 3616 16161 10669 4174 26714 2848 18808
7734 23349 23818 23460 10436
7739 17578 7138
7740 22311 22859 19746
7743 10852 23114 4410 14330 7074 20976 20971 15233 9423 12709 13585 1811 15523 16052 19978 11490 5447 19052 10322 14927 6306 21847 9084 26096 14071 15987 8467 17966 10383 14363 9136 26398 15873 19746 4479 24066 20980 12812 20421 5863 24360 23973 7974 26919 25195
7746 9032 8442 25862 2354
7747 23450 1960 24524 151 4458 24741 11736 20690 19735 20007 8619 25056 10056 9958 9030 7947 12815 26353 9624 26753 12347 12808 19032 26774 9463 26907 9957 16941
7748 7385
7749 19223
7750 13977 24161 22876 7627 5278 346 8843 5466 25583 26346 5759 20172 4021 14773 10558 7427 13549 16295 9927 6894
7753 23400 5888 1632 11179 826 1919 2229 12243 380 2488 8657 18508 2825 1147 1956 20263 2075 2674
7754 8736 12045 13623 10459 6083 18646 11014 12455
7756 34 15823 7112 24885
7758 4794 25352 19964 14175 22534 4720
7760 9212 10767 13397 25171 10770 1167 3936
7761 21529
7762 2691
7763 19790 18684 24820 5821 25605 20884 22386 8430 6948 23033
7766 17891 5147 22851 23773 14651 21614 24345 16368 630 6631 2222 12123 26135 125 8650 441 25427 14108 1196 26435 668 4877 15724 9808 2340 23589 7213 2208 1724 16301 8282 22151
7770 7087 18436 23137
7771 7385 207 6975 19757 2883 198 22287 25657 379 19558 2286 10364 999 16374 1865
7773 10366 15903 5406 21773 18277 4357 26207 1687 25585
7775 13766
7777 2876
7779 9650 12797 14058 8384 14046 15858 8978 8455 5787 6732 7012 10238 22727 26372 9732 21373 19701 8214 13232
7780 10885 15149
7781 24387 11267 1276 22659 14831 2735 17405 6878 25958
7782 5401
7784 23960 819 19844 24744 24261 25346 4366 6692 20028 22960 5477 26011 17869 24146 15977 12118 17083 11526 26241 26207 2112 22981 18930 2654 5554 14403 18622 7877 10282 18511 21933 8797 11650 20283 5167 12730 26220 14487 6716 13861 2969 16108 15896 966 20606 13634 1683 5930 11024 17273 12435 8424 1449 13113 17012 16862 26712 9025 10960 18463
7786 17546 3936 20041 18169 1011 6015 18361
7787 23400 23955 24730 9240 25462 4706 22605 23692 22199 24544 9859 5239
7788 7864 23805 22561 795 6141 22790 25504 24779 12412 19070
7790 12508 24629 16171 14920 13022 19929 24973 25610 22819 9318
7791 7879 9198 4640 11231 16235 13669 23957 22118 2699 18111 4980 13684 5079 12660
7795 2821 18890 26011 11321 17286
7797 2912 16525 3056 3619 5447 23682 15235 8071 4382 17715 6743 1707 5108 5656 964 20555 21287 16320 2185 10129 26624 24764 11003
7801 23734 24898 10254 20856 5049 1121 26480 21994 4844 14520 15580 20191 8475 4734 19629 2521
7802 8336 12193 18047 23766 19335 23754 25062 14200 9409 8574 7134 1093 24898
7807 6086 16275
7808 1118 18373 613 12953 22746 20968 4332 390 7013 12527 22039 22107 13772 14385 6489 21211 879 5991 19255 19237 19617 11834 17018 11605 15001 24098 16513 13405 8996 16876
7809 23805 14462 12900 17056 17061 20077 17064 25500 5445 10695 4717 23234 12307 15611 18087
7810 11790 3023 4950 1865 7527 4895
7811 23722 24907 8644 16512 24233 25430 21266 13856 24022 10786 25837 5452 11666 20143 8735 4343
7813 23805 26024 22430 3221 20664 15657 26561 1589 7311 26897 17433 7349 1717
7814 10160
7816 26682
7817 24589 3805
7818 11306 4712 14104 1959 20723 6644 3527 2957 3482
7819 21203 23268 26115 7326 4075 17667
7820 13905 10767 21056 10470 9513
7821 24537 24607 8193
7822 10187 19197 24219 20518 25298 18769 15809 3900 23378 21295 22231 1 13964 16382 23376 16624 7346 17154 10870 24044 13543 12858 10772 24201 1499 18533 7289 26502 26623 8846 21676 24265 6070 26767 11814 13063 26795 25368 17672
7823 17435 16144 221 632 18665 13151 12582 18659 2863 9669 11866 14437 10756 348 5239 8945 388 1664 14413 23805 10775 23027 26063 16261 2654 5443 6681
7825 6346 19662 721
7826 18597 21471 4187 4112 17088 21165 13971
7827 4950 8157
7829 6800 9075 14521 4464 3848 21456 12759 21787 25862 20465 22879 4662 22554 21937 26368 22491 21005 16739 4898 9151 6256 16705
7830 18903 2069 14079 3703
7831 25872 7516 13573 10476 3379 3603 10116 9718
7832 19554
7833 7746
7834 6675 1040 15603 24238 8127 7841 2785 20484 22374
7835 1850 19199 19680 2975 17718 25504 12319 1319 18117 1881 21172 3205 26043 17454 23170 12343
7837 9547
7838 23533
7842 25178 1521 2135 24828 25137 5961 1478 2840 1382 1067 1261 626 1597 2597 9931 21342 2636 5972 1670 7098 2139 1962
7843 8655 3585 17121 5777
7846 12625 8681 8517 1652 18395 26428 4279 10230 2495 26783 3122 13319
7847 12795 18960 2408 13251 15117 7733
7851 3221 11651
7852 14235 16485 25133 23426 7280 24375 9289 5010 19262 12920 22543 18682 9981 21351 24158 16464 16887 21202 5105 11766 10447 15063 2082 11599 10901 22720 9622 26795 18513 26774 6680 23543 11652 26745 19625 9929 19033 13368 15815 11920 19528 12357 11529 12105 22309 10393 21938 12750 26018 12156 8247 26278 17727 13199 13222 18898 24311 2867 2357 18119 24281 6591
7853 24312
7854 20174
7855 18778 9032
7856 8309
7857 5154
7858 16470
7860 13381 3100 23967 16464 339 9944 17667
7861 10766 10470
7864 22476 19797
7868 25910 23073
7869 11690 10683 11965 19063 884 5443 12292 18554 7706 1114 2159 8364 18800 711 24889 13601
7872 8542 21476 6520
7873 4713 24898 24620 24896 15404 10879 19219 9766 12853 26531 9741 16953 15130
7874 26400 5983 7879 4436 4789 20143 21918 3165 3389 14472 3911
7878 9212 15876 3383 5401 8654
7879 20328
7880 20985 23210 1493 18314 1517
7881 25641
7883 23234
7885 23340 25700 17682 10371 20469 23868 10111 20980 693 24898 5897 20379 17888 18001 26675 22367 14438 14112 23589 17245 20988 23852 26615 22648 24764 3119 6245
7886 24502
7887 9212 4303 15272 22143 3332 15976 7211 9784 3936
7892 25813 11633 19531
7893 13219 7470 4117 21443 8078 1255 26891
7895 16284 25133 8155 14094 24788 20779 14791 22713 12052 24365 7404 11880 24086 25892 19275 13163 25428 7970 24803 20330 5867 17066 15535 3449 13542 19636 12217 20787 1947 25461 25235 2449 11832 11727 12800 25551 4508 10270 21510 5584 25411 25217 9571 21753 6119 24928 7206 26120 12041 25956 3471 3244 3165 17959 9508 8315 19039 10827 22758 8076 15351 3896 4634 26340 22378 18279 23997 21599 20042 10393 6804 26437 14938 23368 5134 16546 2624 12393 17315 1966 11394 10017 24576 22219 24105 24999 3353 13302 26714 26682 26465 10186 5387 16709 9791 25229 22559 26889 6790 14979 22874 26575 26654 12074 3621 13530
7899 12317
7900 14000
7901 17440 24020 20152 16942 6456 24168 332 25562
7902 6874
7903 22244 8872 18534 577 5896 2431 26042 21850 7746 10280 3575 18392 21425 20612 22983 8275 11663 26724 16721 16054 21206
7904 25677 10899 24198 8592
7906 20969 12442 22366 25399 9212 2071 8435 10202 24281 14301 2859 24057 20391 11141 14478 9314 6378 6299 13410 7879 7868 8953 11405 3719 9515 26414 16776 15117 18831 16547 10430 11968 23846 18715 26715 14305 9030 7695 20581 1351 7572 13312
7907 8978 393 2514 6251 15768 7747 8740 9176 9794 12011 11805 22511 6676 14986 4748 17129 19020 16261 6690
7910 25535 24350 23283 7402
7911 25862 12317 12138 10230 21927 24814 10334 24885 4352 10733 25419
7912 21847 5279 22153 228 1412 6989 17826 19119 26154 5585 2534 9580 7380 1863 11298 1746 22981 5225 2227 24056 5071 21040 26636 7066 7354 16275 16234 24616 25442 13464 5930
7913 12605 21973 21847 6184 434
7914 18481 6968 9084 21392 15896 5823
7915 19922 2831 23610 7646 18240 20238 3762 5454
7917 446 1072 8885 10906 17126 22090 12028 8351
7918 13241 11926 11349 11902 8538 12875 3292 12828 17060 3023
7919 21038
7921 23400
7923 16646 25872 22895 17065 26271 24382
7924 8071 19822 6731 26105 13419 22970 9978 19910 26031
7925 3627 25225 17326
7926 1782 23951 17950 8542 2603 4950 2707 10364 13573
7927 20372
7928 25034
7929 12829 12613 16790 18071 17116 15254 24202 4980 17409 646 17869 26020 15231 7072 23575 11710 9797 10570 26398 5167 20988 16331 1548 22357 21098 13795 5604 18892 5983
7930 23160 19435 17652 19127 26554 13872 15173 19539 26710 14851 19556 17773 24513 12884 3369 7079 21501
7931 20437 6120 18007
7935 23536
7937 10023 21153 23634 25562 21988 11015 13159 26682 22297 10647
7940 6521 1852 2349
7941 19500 14384 11500 17493 2707 20880 24845 25073 9607 22961 1839
7943 22949 24711 20363 23799 12105 25148 23082 25403 17011 26479 25051 7542 6226 5511 13703 20339 26346 25277 17798
7944 24401 558 16175 13444 16560
7945 4080 25681 23897 8040 4925 5236 20939 23961 20957 24184 13153 25979 40 10233 15227 2794 22530 23513 23657 23931 23943 19762 16794 23328 5520 26539 58 9894 21339 15905 1867 13089 19330 26775 6497 4944 11995 26766 9521 17790 26214 15919 24895 15333
7946 15059 16746 4303 24660 9432
7948 9600 19805 18563 10625 8986
7949 8705 10353 24385 1423 25125 24173 6788 11590 17935 23165 18130 24616 13918 23767 18093 24324 23754 25183 26019 4802 26487 8701 14790 23590 21214 13546 22416 18878 15035 20734 10965 20184 7921 17671
7950 2468 20365 20503 11266 24090 25794 24616 20328 25803 10565 25767 25862 1414 21592 22846 11308 10370 20540 16312
7952 2952
7954 10766 10767 14233 11500 22922 21724 17950 5295 8103 13343 24878 6735 17340 16167 17662 16125 18840 21725 15176 4820 18307 4807
7955 15464 22993 21927 17389 21206 22144 427 7372 22928 24343 26336 23889 17439 1912 18260 17623 26376 18072 6512 25870 7659 17228 24111 9016 9051 13419 3588 20250 19815 24603
7959 11736 17490
7962 20992 3539 6680 16921 22231 18769 24689 8632 17710 25011 13959 14133 870 4438 3626 5034 9743 26668 13369 22474 21118 2443 7511 18010 19590 15939 14164
7963 23556
7964 22712 24214 12350 18424 17291 11132 18054 25872 19380 12320 20079 15668 5216 24285 12329 536 24538 22319 17594 14256 9409 8619 26257 4534 8701 26483 5782 16613 16214 6138 16182 26702 26565 26856 1809 19803
7965 8802 25598 6644 3957
7968 20204 11831
7972 12907 6345 21272 18147 11939 6934 25399 25872
7973 25356 8804 9032 7409 23279
7975 23039 13514 24538 5524 5714 23779 1339 1311 3663 25334 22018 22912 20376 18141 23436 4936 14315 5436 23275 26628 5687 6191 8966 11844 18189 7898 23591 13516 26736 21671 6757
7976 20220
7979 25512 20238 6156 14453 20875 20918 24410 4572 19747 3030
7980 25652 669 23614 26899 3248 2120
7981 8820 24936 4992 13731 1057 13517 12378 19594 16284 7206 2737 21716 2129 16804 361 15563 8076 2345 3205 1270 9933 23949 16546 8536
7985 25183 10380 14096
7989 20228 8309 10769
7990 24539 14943 2597 25062 12576 340 24947 25872 12358 25529 21883 18556 22474 13716 13241 23952 3208 17124 15175 19384 24002 25730 9881 1 16315 9314 25716 4315 22199 22912 3479 26290 21454 15567 5052 11907 21033 18649 3298 21148 16835 25317 24119 25 9525 22578 14604 26783 26849 23227 18430 20699 2266 16419 26515 14160
7995 10907 12646 16357 5888 9369 23707 14641 24468 24493 8335 16289 7689 10095 5912 16927 24333 18602 16136 19112 21135 2293 21195 23042 15320 21283 25892 14595 5742 11402 15185 17847 8886 3024 15542 8427 20921 11787 5679 23825 12356 6774 8148 21771 18808 25914 18538 9621 17769 21920 15603 23657 26080 5080 25958 24633 11252 25980 5955 10690 14780 1201 22739 19637 11480 26339 1484 14234 14682 23430 19062 17338 624 12181 20003 8315 20967 24696 17762 4309 13301 13522 12796 15856 16827 2928 25616 26701 15857 6199 9662 6472 26766 22362 12791 16161 13229 20537 9401 5833 11396 16349 2605 13592
7997 6927 13649 16445 16005 2702 13015 8427 22975 18695 26155 568
7998 18353 17135 21194 14764 23897 19103 12488 23805 12231 20457 24944 13469
7999 21930 16820 23129 23180
8000 2548 456 8081 22434 19535
8005 10321 13573 7331 11916 16277 9019 11286
8006 964 8445 8501
8009 18810 15538 885 11461 25441 4613 4459 7728 17476 17974 17791 12658
8010 21221
8011 22703 17555
8012 24836 1473 13057 23566
8014 18393 16681 19439 7242
8015 23158 19114 1272
8017 8621
8020 10567
8021 13698 20708 11953 2592 24640 23524 20830 4486 21911 12658
8022 13944
8027 13521 895 15425 9409 13756 13003 7906 26445 12594 15784 20271 23137 19814 24430 4381 1687
8030 8753 18715 972
8031 3151 12117 246 6750 24156 25284 5795 402 5709 23634 20394 18807
8032 24470
8037 11286 4497 21550 26011 6968 21959 4448 5636
8038 2893 15145 24382 26475 19651 9352
8039 9730 25091 9825 20565 25535
8040 16941 21691 22018 20397 23061 10280 21503 22418 26378 19046 11283 19715 24460 1122 20338
8041 1965 23423 16115 24616 4714 3543
8043 10767
8045 24749 13282 11973
8046 23990 24679 24877 22890 3740 25381 12502 23125 18451 6054 7952 26266 25595 15324 25227 11070
8049 19805 4131 10770 12448 21847 14415 11828 19833 18239 15256 26302 6030 13789 26436 16986 16617 19172 8498 20846 20018
8050 15627 9462 25355 9076 18856 25882 5842 24553 15743 20868 23459 14728 17004 25096 18399 15986 17265 22049 18007 16204 9565 1938 19837 16513 21162 23234 4424 26514 12617 6841 9350 9518 8934 16256 8606 9296 23483
8052 12945
8054 12898 23284
8055 22941 12154 10767 25196 7925 11144 17051 7261 21047 4807
8056 3560 21287
8057 15828
8058 5401
8059 7123 16319 7638 18532 22708 6774 26062 7776 7795 22758 22707 3750 14115 7239 26340 2842 19786 23018 6202 24022 26124 13031 594 22381 11207 15573 13237 14299 8903 25 25754 16150 19906 25345 6356 17566 10388 1926 1270 21469 17212 24201 18912 14848 11324 7790 18010 23669 9052 14696 25244 7222 9064 18672 5262 6923 23286 13289 4113 13015 25693 3754 24438 9165 1642 22460 24170 23003
8060 24920 11490 10766 10470 5143 6540 9302 21088 12405 20743
8062 18196 26011
8063 15690 6456 17680 14818 9520 1304 5842 12085 9026 8934 5698 18286 20242 13883 3629 12468 18066 9434 24546
8064 6608 2810 24660 2130 5225 11701 8232 979 7849
8072 1 16243 15162 20736 5216 733 3023 26222 21066
8073 25604 20614
8074 25470 10375 22508 17461 23282 12441 16486 26207 12728 21981
8075 6880 22908 4938 23775 3318 17270 18428 10954 26615 26458 19276 21979 24956 14486 3041 3958 22677
8076 23961 24944 16434 22155 24106 25546 8195 23458 273 25939 2582 4390 19709 9003 23890 15196 19481 24048 12386 24257 508 20382 12858 14680 24539
8080 23892 23066 23951 17175 10651 16530 18373 22958 15017 12960 15132 20525 11064 23588 19491 25872 4488 22623 13676 23308 18562 23997 22946 12434 24505 10458 8310 15634 3107 20068 17664 2061 20808 22660 25957 25880 2155 23100 25275 13796 25988 16248 5406 14818 26163 26171 8607 9746 26052 52 26207 8735 22886 9034 26082 26209 25971 25984 2997 500 742 26246 26225 26124 333 10878 10863 22707 5991 26478 18654 26237 6314 23636 26434 26474 11515 21921 26486 6487 11186 4792 23015 26294 12439 3121 22341 1351 11284 26514 21976 13181 15833 16322 26485 22433 5910 26042 21423 24459 11523 11887 3047 21566 20300 12962 6051 11939 6799 9693 4510 25598 26459 6814 11954 26578 13797 5044 23841 26615 24170 26433 26662 26635 4389 14989 26719 26709
8081 3742 24506 24775 10542 21414 1410 16277 21019 539 12727 5447 12709 860 8309 8336 18890 7087 5164 15592 7135 8501 1373 1603 8193 15660 964 3388 7099 7261 6334 1380 12154 26916
8082 9319 9337 23273 19191 13977 2401 18682 723 15927 23127 7407 7206 17557 19742 24308 2339 13705
8085 21534 14957 4145 6067 19948 21836
8087 9702
8088 7849
8089 11286 20267 23284
8090 9838 14867 18013 14112 10383 16449 26307 20283 12477 26423 26448 17970 11809 21787 10621 11187 5400 9808
8091 6860 10207 24864 2647
8094 25296 3786 841 19732 8325 19081 10224
8096 3760
8097 13700 17946 297 23343
8099 15523
8100 14920 23894 12351 20290
8101 12467 22656 24710 9912
8102 10111
8104 333 3484 5508 6183 12314 23869 26164 20792 6799 20459 10778 1908 19030 19060 14487 5321 2480 2554 22691 1552 25475
8105 57 3095 3110 4577
8106 6680 13902 15725 445 17068 23531 10946 5348 20260 22701 17326 24632 17768 7206 24110 21987 20295 16250 23273 26075 18538 19142 25999 20884 10935 16091 7361 19412 4506 22199 26484 22792 11733 11028 17287 6202 5822 2100 5933 14339 5381 16379 19692 8332 18558 4896 14926
8110 14834 12189
8112 1657 10586 25564 21847 14486 22384 9409 18070 21746 3361 18833 19679 24389 8917 17931 11979 16174 18055 20584 5431 22544 7974 15224
8113 18242 25317 20880
8114 20941 15135 22900 14504 24184 116 137 4737 23338 25024 24086 2762 9586 21487
8115 21847 25479 21743 21367 12787 5774 9524 16922 19340 18025 26241 25307 16924 19532 1021 13756 26148 1975 1203 26899 25620
8116 14483
8117 13731
8118 6353 12627 8239 423 9171 20054 2878 4649 26392 9280
8121 9257 22785 18058 25831 16464 15829 15836 26539 22523 16673
8124 17267 25317 9364
8125 19839 25765 17493 10149 10476 5406 26031 24297 26615 10199 26586 14326 2355 3124 7099 18184 26880 23851 13948 10353 3126
8128 6711
8130 910 1501 4117 2909
8131 5239 18107 22361
8132 16686 21008 14073 19624 16851 19142 13255 6703 6193 11307 26855 25336
8133 18535 7412 8358 10911 11895 6334 7134 7112 16121
8136 26346
8137 10502 23515 14061 15498 22973 14432 26483 10615 23539
8138 24022 3112 25636 9491 9571 24201 26149 24349 9052
8140 16600 23957 20470 22231 25200 10452 18045 12267 25794 22145 19946 25564 26368 8936
8141 9604 24855 14029 23384 6863 19072 9432 18457 3084 5461 1178 3605 22409 19102 8693 5167 8974
8145 24233 24539 12004 7450 293 7123 7126 20363 25136 5660 21857 884 9897 26497 5496 2559 9814 15041 4509 17697 21596 14598 17274 23669
8147 16167
8149 10767 25400 8350 21981 3948
8150 22200
8151 1412 18112 25805 25307 25713 704 6801 9861 26422
8152 25576 8418 9492 294 21608 13837 19400 19120 12562 3515 19756 8792 4464 14245 1311 24992 1086 23880 24612 19885 8889 23312 11750 3906 19298 20065 8082 6564
8154 18895 18792 17042
8156 9865 8542 13573 12973 4950 7175 15828 4303 22646
8158 8325
8159 10770
8162 20301 16187 6680 708
8164 19033 19115 14600 15535 9571 22239 2824 23180 26570 5150 26818 25368
8166 12851 21859 11523 19509 10216 23892 16480 24664 3383 21921 11423 1857 24523 18628 14895 14052 26127 1490 26305 17428
8167 494
8169 24537
8173 7016 10298
8175 2992 12136 17726 7879 14154 10109 8687 24430 2707 11790 23381 25728 12650 22779 10223 23296 16955 16078 13189 12384 3620 8105 24133 9293 16361 4505 21454 2671
8179 23965 13465 26422 22330 2185
8180 6502
8184 7301
8185 13437 2581 20602 2067 11068 19144 1575 1669 522 533 11066 1677 4420 2452 9588 14236
8186 25987 23521 7335 7768
8187 17318 4303 17388 8797 6716
8191 16407
8193 24944 23659
8194 22943 2571 1649 2111 22011 14235 109 13682 6365 16074 13626 25872 11954 4276 19287 12006 898 22039 595 7037 21050 8400 21424 16381 3887 5364 26159 17049 18926
8198 23483
8201 2378 2660
8202 16530
8204 16218 16562 13498 25529 26241 13785 9879 14256 26218 12877 17527 11181 18765 21921 21643 19129 13641
8205 14693 25352 2752 6187 12500 18330 21106 9454 5748 1585 10837 7149 1137 5274 10488 23360 5902 5229 3616 15761 20978 18299 9087 14507 8807
8206 20176
8207 3483 24214
8210 8545 1203 15569 25728 21963 23536 8872 19888 23333 24261 906 12650 26475 23794 5431 8599 23201 26784 17862 11833 11952
8211 11532
8212 21824 22554 12615 25839 1607 4700 23062 26288 14800
8213 3878
8214 20370 25322 15828 10997 18711 22280 3382 20364 2894 26728 20452 21224
8215 19505 5739 9177 18123 4540 7700 25410 21847 24602 14618 16320 14468 10334 23481 9372 7756 13817 1756 7924 17493
8218 3770 25794 10297 9821
8220 18665 4617 7466 23155 1181 11060 21058
8221 23597 24883 11007
8222 25128 23004 23040 12723 12450 18907 25653 12429 21615 22336 15466 13059 10031 16080 16356 10230 19867 17804
8223 3042 14224
8224 12619 7340 17304 7703 16772 2842 5891 4473 9734 9997 18572 15647 2838 6330
8227 24430 4303 16746 17962 2799 21847 20858
8228 11716
8231 1199 7385 11017 19288 18018 22063 5538 5414 24287 17340 1657 3213 8000 12912 15455 18004 20002 1109 2102 5836 1085 26591 8959 3261 15102 1221 19387 14085 15520 7301 8336 2266
8234 19827 13999 6902 12972 24177
8235 21172 1894 12639
8237 15641 9063 18979 22625 24779 15587 6247 2450 9947 10613 21165 1729 18008 11758 312 21911 4386 5245 16032 21363 5724 23516 16726 25237 22518 6557 14597 25719 1119 12060 13068 26303 20587 20355 22681 18192 5224 26510 856 3555 17502 12093 6525 7683 11954 14416 15585 19402 4767 12488 9033 9221 26231 26294 11797 6604 106 19525 13391 24697 5877 9593 20914 19253 11155 12784 24499 16464 21420 1495 13120 4401 16213 5139 8696 26881 14584 14143 3687 3471 2091 20520 6115
8239 16144 3616 12304 15922 9313 6480 17440 5400 16046 15657 23818
8240 13778 10736 10140 8688 16549 3845 4741 10148 12813 2414 3747 5950 17483 2386 26372 1291 5267
8242 14066 10179 17101 14624 8597 23678 9462 14971
8245 25657 6183 15646 19511 19046 19559 25872 26207 26409 11215 26715 5504
8250 20131 24130 4796 24219 25535 16742 18803 25314 15172 23779 22369 8497 151 3088 2691 10187 5377 2567 7180 21477 24544 15033 20730 11225
8251 18022 23118 4112 399 4202 8978 14978 19595 21646 16951
8252 21875 25691 5881 2707 22038
8253 8837 10375 24533
8258 5087
8260 199 25728 3119 9019 5964 20283 15506 12477 23212 25691 5597 23760 7668 17331 18821 14020 14990 4497 23186 22317 13427 22762 12565 26351 14435 19651 16063 5913 5944 22896 4704 9112 17226 1384 13561 26431 26498 20030 19410 4026 4483 6219 7350 21724 3619 177 22251 25657 13410 14285 1945 15038 20043 25626 10769 13056
8261 16701
8262 24892 10720 23521 25596 13338 25341 20666 2592 17050 25258
8263 19848 15634
8266 7397 4632 24731 1607 6461 2481 6986 10753 17581 7540
8269 19655 1656 13905 18420 5138
8274 4777 8921 4659 22587 14385 11886 7043 8166 18416 12134 2204 19758 14284 21130 8918 13747 7204 10785 9454 5649 13931 25891 3170 20403 1863 23805 17440 5995 10213 17348 8988 14546 9533 5971 24076 2606 5164 18212 2472 23083 3127 15678 3616 2972 25759 16248 26231 7992 11378 4304 17454 3305 4008 25683 26609 5511 7441 11801 24355 2982 2427 22002 5523 7237 20286 8877 19833 18934 5298 9248 8174 3363
8275 3897 10967
8276 1009 4117 9848 14065
8277 22952 7783 560 432 24350 20035 1980 20141 17217 6664 5244 21126 12063 14321 1708
8280 4492 19682 9099 25457 18319 14762 21264 22113 478 14536 1782 14109 20396 12996 23186 22688 6692 16746 4155
8281 22443
8282 23033 14403 12536 4591 2956 14221 17716 23596 1891 8199 16222 26068 7368 8356 15840 20236 11939 3310
8283 7453 20834 16030 10424 20115 24048 345 24007 25236 25094 23739 21260
8286 4128 24129 11263 18237 9030
8287 10920 6052 6221 9759 7705 3233 2523 21847
8288 1164 25872 638 1373 2823 11859 4736
8290 7808 5400 12215 11297
8293 24011 6880 15233 16015 5774 11920 9188 9879 21438 21516
8299 25493 15025
8300 7551 21186 25028 25110 4497 9600 10173 20275 21974 756 12092 20817 6784 8589 24316 14535 25830 25814 19132 13410 6276 24885 10199 17742 21477 5944 6480 25657 26220 17981 9784 19747 23759 1612 7470 8986 25858 18306 26737 26567 14868 22896 15713 26797 4719
8302 19846 7213 16454
8303 23002 6835 8316 2295 23158 7884 3524 7610 3293 15093 2833 10916 19106 24480 5839 16504 11768 3231 23640 1131 4958 18990 4624 5352 4184 21149 4340 23304 4365 12256 4989 19240 14591 21541 16908 22997 8499 2930 16627 20793 754 9630 14324 4449 8183 8875 1693 8133 20462 5309 14083 4791 24915 491 22965 17985 16016 14402 23234 8032 9988 14865 20040 2307 22654 4290 21071 9369 20446 2411 4672 9721 4288 25394 8856 9583 14909 21639 6862 7226 4383 4474 3080 7043 9944 14693 13802 12971 9919 13023 5178
8304 4497 13850 5127 2788 5866 13727 14723 19817 7240 11622 11301 18981 5774 5942 2653 26640 4146 21577 3984 6483 14721 17273 4206 10018
8309 12998 11586 13727 18895
8311 23408 19643
8315 8418 11959 23240 24616 20884 10906 18971 24556 14953 969 4240
8317 15496 23137 9544 24290 23511 18961 25862 22981 18142 26478 2821 24616 10050 20818 26760 23417 8654
8318 10947 1844 11 2049
8320 1008
8322 23389 23837 25617 17630 23250 15667 1368 6784 7658 23124 1525 12269 19611 6564 22549 18867 5232 24252 24986 15543 21935 3447 11254 24616 25863 6163 11483 11513 26319 3224 24551 26199 20061 26369 26378 9849 15287 20332 19378 19127 19017 18931 15603 15654 9436 19910 11283 26705 20566 3298 5428 20271 11457 22052 9808 19021 26592 22431 9008 8306 26565 14794 26774 3503 20004 26647 22703 12480 20532 12716
8326 23790 7516 3194 11228 5406 5799 6731 2653 13219 21890 10824 26598 26726 2894 22357 6564 7112 24647
8327 446 24820 25794 12397 21780 24356 26038 16986
8328 22453 20579 20256 11893 15281 22561 16977 19020 16199 23042 19694 24687 16601 22498 17565 16117 16310 9369 17581 4180 19171 17266 6472 1955 21396 10631 16213 13711 11954 8522 12768
8331 17316 8021 18799
8332 24497 25275 19151 19413 20739 17592 20846 20056 19605 19926 3736 9635 9751 19174 10356 24553 19053 25501 19414 5481
8333 5132 3848 24781 25624 6117 4830 18141 2354 22488 1710 25849 704 9238 1860 20699
8335 25872 25091 20719 11853 14664 23348 26399 26781 100
8336 21957 23114 24485 13293 9212 703 11227 7658 6011 21775 16374
8339 10767 22819 10146 25794 25838 21896 21847 13727 18895
8341 23805 25374 25730 24473 23042 18051 1063 23657 15640 13461 8039 14685 26206 3571
8342 11072 21677 7674 7206 6680 25748 25166 24543 25863
8344 2761 2552 910 1265 15126 4750 1055 706 2253 2494 4289 2617 2104 794 26397 1445 14381
8347 20746 23901 3032 19400 18086 23735 23997 18271 3833 14434 4659 18237 3408 9439 15957 7938 13613 15000 22608 15411 3740 17239 1693 9064 12283 24785 26710 15434 24754 10681 17569 3029 9004 5972 2944 5400 14844 23220 19718
8348 4142 16383 9260 6337 9555 26346 15486 23646 12056 5052 8490 9191
8350 6346 7385 9944 10896 250 10393
8351 24060 24106 23959 5224 20375 251 4864 19537 8522 6997 8898 21420 4141 8432 24852 6570 8987 3252 8455 13655 10076 13422 19670 8978 268 2178 3462 22247 12334 23675 2182 19209 20117 18959 3811 6548 11454 26184 21740 8833 7723 12198 4531 17485 8216 18192 15320 15810 3556 18942 9589 6457 13632 8383 1574 21182 18495 20715
8353 24287
8356 12991 24560 25872 26031
8358 4823 5898 23726 13410 14686 600 13648 6680 14858 23804 6790 3464 21581 13424 23367 13812 26700 12612 7932 7249 22209 25668
8361 7412 21506
8363 7270 19191
8364 2514
8366 13080 734
8368 9032 13986 5115 16831 19791 4959 13275 23139 17546 704 23834 26358 26367 26370 3386 23084 24598 21577 18730 24402 26625 13638 7160 2961 10149 22153 6745 21847
8371 24145
8372 26188 26479 9194 24672 20432 25217 6077 22874 25491 26496 20940 9438 26551 22890 23690 44 23505 3243 3408
8373 24207 23496
8374 7039
8375 23890 17500 23466 20249 1321 18186 24456 7131 16685 23797 19312 14087 20977 17753 22613 24184 24657 1802 13891 4835 25095 26481 24284 12302 18743 24539 10157 22964 8209 9068 3580 13288 4309 26562 22596 8231 23997 8696 10882 21384 23204 17609
8377 2307 2590 21395 14307 6087 6493 17031 4709 3896
8378 18955 13464 270 15541 14727 18890 17229 23323 14218 24367 25872 24616 10173 15894 3395 18095 2250 5147 4795 1683
8379 22145 24361 8289 12815 16792 24002
8380 22062 16375 16897 24662 11841 20010 20337 25056 22324 18030 26787 24285
8381 7776 3663 20954 5372 21753 26814
8382 10521
8384 25419 13319 13410 6926 8697 972 7809 14656
8386 6810 9715 13054 5814 26474
8387 21831 9034 18890 20451 9400 25457 24741 25203 13710 25142 9258 22928 351 19129 12935 24655 9409 7849 16141 12973 23206 14259 3948 9767 4195
8388 8796 23615 24011 4334 7555 19244 11588
8389 1679 25433
8390 16746 20379 17856 22896
8391 19776 26148 16911 10770 21175 22878 11314 16275 22475
8392 17988 23386 418 8016
8394 7397 24410
8396 23327
8398 23997 24856
8404 16672 23488 19290 21081 11245 24938 19746 23175 24066 24660 6645 16026 17078
8407 24214
8409 3326 15734
8413 21726 13468
8415 17546 7717 23777 3153 23318 14262 5765
8416 17932 25426 13314 8603 11742 11214 15706 7266 2167 11398 2657 8872 16937 6383 26567 24800 4320
8418 19802 1815 20469 25509 24885 25710 25849 3119 15732 4829 24122 24289 23442 9784 8797 8203
8419 10027
8420 9072 25776 112 24485 12209 26390 26367 531 8687 7516 9390
8421 21525
8423 23597 9561 20346 24765 6989 15577 6502 20384 26283 1506 20679 5832 26306 16875 26518 26700 15916 19689 23880 24275 16963
8424 15755
8431 10069 15986 908 10314 12287 6251 23689 9068 6037 6013 11177 23637 24183 8696 19654 5722 6676 8460 21130 3053 13805 23223 4574 9313 13624 7619 24737 13291
8432 25862
8433 25169 2547 6831 9039 11574 17139 6892 2648 22491 19558 9435 9873 10390 23870 469 9382 25209 25862 22080 5821 23863 25872 16315 8275 25863 18832 9395 19380 7632 13515 22091 8442 12484 9962 14662 22313 12763 11633 21972 16986 10758 16566 17492 1870 875 13611 22981 19107 7023 5124
8436 15745 25305
8439 18907 25671 18358 16862 16039 16411 19748 4926 13919 46 14623
8440 17901 19566 19185 11633 22571 5561 13564 14838 2167 19342 11561
8442 1690 9342 1096 910 1870 1480 726 3311 1936 12785 3603 3527 3842 1075 12756 5716 15758 2552 2111 2058 1697 7746 26148 1092 1396 2127 2742 4994 2959 3499 2494 2654 2292 2649 2999 10729 2161 3126 20894 8187
8443 18863 5139 20118 24773 15135 2174 19069 11364 22011 26444 23739 16734 17581 4322 14289 18898 15336
8444 13545 10401 25740 11402 18762 10078 12002 19481 24623 6960 21545 6946 18448 628 23355 8392 14640 8539 429 16143 21564 1630 16261 24033 13407 3296 25595 23690 23679 22331 25784 9347 58 11805 4111 10148 5963 7151 5847 9909 2367 24284
8448 23251 13410
8450 4005 10116 12407
8451 24779 13419 10873 14338 4792 16519 2976 13940 9084 22602
8452 22299 4024 22960 770 26478 17619 25470 1884 16924 19436 25330 15893 13172 5930 7023
8453 22273 351 2104 4918 1246 2995 2528 2058
8454 12675 5453 25703 7404 18566 23291 15326 18811 13788 24726 14465 19708 25393 26074 26288 14274 15414 15083 16132 22219 16851 26700 26889
8455 16351 20992 22119 2857 4046 18228 25839 9691 24321 24889 18769 3007 12153 7231 12921 9688 20240 15577
8456 26376 11590
8457 11125 9455 15396 22796 10121 18063
8459 11575 13177 8010 20883
8461 22282 6801 25264 24934 23088 3730 24820 14051 2691 9485 17335 18134 25854 16179 742 2408 11691 36 18783 16865 10638 7141 16826 9648 24695 25230 1352 1458 15408 16594 25138 7773 24770 3981 5720 15081
8462 23790 16999 21287 21641 22723 4129 17966 7962 6245 25457
8464 20954 24796 13031 18259 12734 11040 6680 23799 10927 25535 12058 223 9706 13828 18578 22794 26034 142 16738 10730 2812 22478 20264 26824 26916 17553 17070 18898 15951
8467 3761 20235 26899
8471 13014 16836 20064 6880 5401 6400 25872 18177 12477 15823 15634 13940 15434 22602 21905 6990
8477 15434 10317 19162 9349 21327 8342 10199 12615 24980 22822 19650 9949 2609
8478 25322 4047 9032 25872 2631 26148 4792 7112 8549 3868 16746 2300 15894 15221 23973 8558 2252 4983 7372 5774 3107 8196 13014 6880 7106 17901 2767 9984
8479 24485 25872 13720 23779 25792
8480 9289 6111 23692 10973 13517 10389 22605 17071 16293 9426 5605 21716 3934 19787 13026 15263 20652 17346 7285 8020 12676 19654 18374
8481 20285 14852 26222
8482 9032 21372 8687 25318 25872 20343 17409 25478 22958 13796 12477 13242 26320 5991 15138 26776 20988 4765
8484 19894 12985 6379
8485 10476
8486 24954 24410 23449 15894 26783 10918 18879
8487 19155 24010 25180 6775 11804 25872 14604 17251 8245 2842 1327 22126 3166 7844 23547 5381 13073 5936
8489 19779
8492 10366
8493 5875 1635 4735 2946 7886 9318 2435 1154 5323 19384 21917 18690
8495 20263 13418 22921 5186 17292 22939 24215 24916 22101 7736 7907 20890 20674 2764 15197 23657 4273 23128 18154
8496 14103 13429 14978 16954 2539 343 9670 414 22304 3111 1918 10553
8498 3876 14918 4941 87 25096 23364 262 4938 24546
8500 1956 23483 15655 4848
8502 25728
8503 9799 22556 21518 20834 14675 1568 13517 24048 20115 12185
8505 12315
8506 13422 19481 15969 15965 14870 18565 18316 13123 21220 4652 25095 25526 16669 7741 25845 24311 11070 30 12411 17823 5292 2406 26562 26608 26363 14898 22473 26539 11002 13793 11634 4588 2022 9183 14763 26862
8508 20000 22960 26011 16654 26207 11916 10330 12957 15266 17409 11399 17506 7099 26295 21769 24985 26277
8510 22330 20028 4262 18864 2699 16084 9290 24737 18474 11308 12577 5162 1267 6554 7759
8511 25535 8474 22613 21445 63 23821 3617
8512 22690
8513 19783 19932 24523 11994 12347
8514 24979 17211 25290 24390 16289 24974 24017 15857 7987 3227 22915 13791 10264 18729 25907 19694
8519 7112
8521 18672
8523 25133 17588 23885 3177 22890 24128 45 22293 18681 22605 1006 23687 22897 18321 4046 14432 18010 5292 26574 13644 12674 26620 26603 2587 4347 20486 23501 24374 17477 26520 950 18052 7389 9626 19 15490 4632 16820 1871 10896 15671 7003 8832 18678 26889 13731 26920 4557
8524 1161 13035 9624 17603
8525 12973
8526 14022 1432 325 9677 14211 24473 13084
8527 457 635 10146 23519 313 6767 16589 7889 1599 2104 21336 21855 20855 2048 11295 15373 6479 10120
8528 12440
8529 8026 21847 16705 4024 6540 563 497 5510 10465 76 2637 14321 19117 3538 11205 14683 19492 22554 26397 1612 2518 892 4952 20481 21124 10405 1724 4719 6184 14147 2654 2961 14114 13727 2555 17576 15894
8531 19794
8532 21642 9086 7341 6192 18871 13609
8533 24539 8837 6694 18837 1381 6749 6245
8535 18890 7002 11611 23837 19579 7406 1518 7405 17935 21496 18864 26271 13656 2876 2790 1775 9156 19840 9016 17245 19487 15952 16320
8537 14929 8757 10600 23234 541 14874 8281 24843 23309 5532 10222 14925 21601 16023 4900 22247 4826 25903 2393 7083 10425 5385 14260 24132 13365 2184 21439 8500
8538 11816
8540 23739 24209 16043 24188 24567 12573 22495 3889 19498 24448 9606 20978 24779 14480 16364 23997 4007 15332 20446 19220 12740 2203 15858 23158 20885 19481 21471 21502 9040 19181 2919 8238 8482 16093
8542 10405
8543 2271
8547 23027 25062 16171 5517 17059 25521 14872 20920 18567 2755 19587 25411 21599 25668 25268 378 15993 8497 17371 22279 12052 16179 9200 2487 5440 26392 2195 2349 26384 6307 9624 26502 12638 26437 8384 23690 1755 2210 764 23171 9871 333 26616 26714 6312 10634 18279 1483 9091 24571 18404 19018 26654
8549 9040 3140 9925 3318 4212 5444 16791 3869 5356 8229 8524 19213 25855 9512 1059 1640 7089 1660 2794 1842 16394 6619 10978 11703
8550 5805 17784 16719 6175 8212 22360
8554 25357 7387 21412 16106 25327 11012 20684 12313 2074 11330 5954
8556 5138 2777 19722 3795 20736 25535 10767 6680 6346 10904 381 4315 8697 8151 9753 17423 12167 20776 9314 9470
8558 10126 20775 1429 16665
8560 21138 14978 7518 13362 24973 14437 17598 8655 11297 23985 11703 11019 11098 5239 15320 18860 15315 5190 1620 10938 21097 24685 7895
8561 9904 11410 1361 24022 9874 14806 21684 22038 9778 2377 13444
8563 16057
8567 13607 23444 23108 25352 20369 19787 20846 10712 16030 16936 25236 15625 14092 21591 19654 24539 19594 23771 13072 22246 22310 26714 23401 20115 25101 25157 1643 8656 20040 21464 15595 26782 18565 14675 26346 5847 16666 23480 24618 3024 23809 5796 12105 20088
8577 1357
8581 1591
8582 21962 19338 25685 9746 21231 24145 23521 7978 757 2910 26607 7640 11393 10027 16342
8584 25958 11865 23424 4114 17592 7121 25592 604
8586 10814
8587 5153
8588 118 23393 2452 291 17667 2052 22862 12254 4679 10197 6916 20652 4843 25955 4997
8589 6216 972
8590 17257 7928 14103 5486 2684 14209 2013 2752
8591 16643 14796 3483 5400
8592 8501
8593 10845
8595 7161 498 18436 12557 15059 18623
8596 24048 20418 14103 10916 22618 25681 17275 4940 22876 24086 420 25889 16756 2282 17667 13285 9498 4570 8781 19148 9237 23997 15836
8597 23197
8598 10187 17319 20736 11901 10904 7716 5680 25575 3709 17140
8600 23805 25730 25223 6612 23401 20846 7525 23483 917 24465 19219
8601 3299 19652 10123 10679 5297 19602 11463 5461 4117 22199 19198 26759 12258
8604 16785 14073 7705 2453 6538 5911 8755 7792 9763 26229 14817 26686 15414 17033 9279 20191 26502 6744 7961 17564 25007
8608 23690 22394 8587 19434 23060 25368
8609 25385 4902 22931 8068 6680 25396 22969 11920 21847 7239 5052 14883 22511 20087 23229 634 17557 11633 21015 26198 7806 15815 8182 17768 14846 12124 969 19093 10199 6596 4620 12111 12658 22740 24947 4244 26593
8610 4853 25862
8611 19052
8612 21477 6355 15113 21596 23038 9198 12528 22134 11711 1391 20992 998 6926 10810 11055 26753 21791 6000 1870 22537 26295 6897
8614 25741 10545 5994 22681
8615 20467 7646 16746 7692 20753
8616 21975 15048 19195 20119 10357 8324 12446 8895 3150 7555 6256 1221 25824
8618 14350 22876 21720 9279 24029 26714 19023 25368
8619 922 10331 25313 10922 4582 19162 5414
8620 1702 18984 17500 2093 2320 1670 21911 3318 2189 15166 8590 14675 2558 5965 15589 3105
8621 15658
8622 15466 3202 214 25331 16809 25457 976 22922 3843 44 14146 12221 14817 26720
8625 25400
8629 18179 24201 21748 24022 6974 21202 6680 3611 17287 5403 1291 25446 9418 7158 8269 11100 13410 16834 24768 8799 3773 2376 5372 2042 11070 21492 15270 11821 23690 4396 16782 12720 2189 25368 5511 9791 20635
8631 15174 14978 10153 8331 20462 589 7573 4433 15332 17667 1333 8901 21162 9268 18508 7964 11019 3523 16065 12215 14359 1132 10236 11290 1415 4831 9300 20199 8133 9100 9128 23194 23574 10175 1007 12099 4550 19663 16909 19181 2256 11454 19131 11375 8931 3996 13006 4754 9751 10533 13429 9291
8632 23626
8634 22454
8636 19794 23805 18935 17071 6181 21230 1426 23820 1703 20626 8216 12281 24286
8638 25319
8640 6941 14366 4362 13242 8931 24553
8642 24679 6450 12317 7427 15563 1101 18393 25738 16166 23692 14176 22209 23690 8756 15539 26479 26392 7893 5496
8643 8309 7849
8644 16902
8645 2551 17835 3375 8819 17253 12039 9221 15542 24813 7012 2376 25117 25430 10393 9240 529 14801 20607 10389 466 11761 16627 4643 12062 8769 22800 15301 109 9606 16341 19605 4290 26016 26268 2680 16296 21315 4686 20461 8021 1282 14309 25236 9622 10015 16140 16722 1144 10794 8189 15593 21947 1241 8741 10381 15810 11861 23690 17844
8646 7161 5848 10470
8647 25672 24047 2261 3617 19594 4614 25391 4522 23805 23400 13929 25344 1538 20942 4862
8648 19749
8649 10690 25124 10767 642 11785 16516
8650 10470 24698 472 15455
8651 6628 25545 23396 3547 348 23347 25504 22543 10433 11656 22551 1714 4355 23169 12301 7750 18246 1627 14692 9105 24049 20844 19786 4198 20994 9622 10701 24307 24180 12186 6085 7140 14993 4618 6677 11039 5579 10669 19345 12065 20146 9935 11638 8733 22436 12639 13711 8308 15124 1736 20047 26660 14911 13572 22150 16406 22874 8256 7238 24523 26889 12585 15063 12074 3006 20535 9286 22720 6384 6786 16627 14235 23479 23691 7478
8652 5427 23580 13645 10906 12370 3298 13807 25859 352 18989 25716 2954 12335 25858 14488 10962 20687 18496 9808 10190 14067 5066
8653 4112 18838 10896 6451
8654 4553 2987 3102 20742 5617 24905 14025 16300 1902 6218 22383 13598 3218 1158 20327 10795 16885 25536 3304 5400 11746 19602 19981 11810 19053 22582 1248 3360 15689 196 13006 1879 7573 14324 18399 625 4549 8863 14175 19385 9009 16513 4720 6830 15197 5639 7815 2294 14829 7583 5343 6629 9367 21060 11530 9846 10316 908 6535 17061 9512 1077 4986 10938 17363 3152 7152 25355 2775
8657 20099 18890 4280 24193
8658 25174 25848 7254
8660 10766 3373 15688 19107 25258 5930 15928
8661 3879
8662 8920 17082
8663 9602 14317 22234 15901 11784 12156 4814 12786 12902 8946 13999 2540 8504 22490 7344 21215 22511 12003 17540 20538 17304 22934 16987 19639 25368
8664 11067 24308 4709 19392 9513 24884 10929 2847 12385 13779 19406 10717 4456 11599 16352 23629 25962 23931 26214 11632 4414
8665 6953 24151 3409 24934 8527 9103 10914 8792
8666 13251
8667 23196 23805 8127 19771 14989 18251 23692 24905 8428 24163 12256
8668 1687 7746 10364
8670 23718 3900 9378 20594 12615 20167
8680 16525 10354 12946
8681 11534 1956 5108 16885 7261 7317 17055 4895 1842 1515 9119 8336 4580 18986 964 19690 6801 5615 7746 12747 7633 8193 12154 3803 17657 1678 7413 15974 23064 6480 6334 10070 5942 8309 3850 1076 23973 8166 5631 2799 4303 3279 3997 21197 21452 15189 3603 16167
8684 23238 6800 21209 24272 19017
8685 4957 4320 26207 12767 1815 789 11593 8586 26031 22172 26414 6276 12441 4656 18890 10375
8686 22046 5030 427 3164 14590 18336 1591 1476
8687 1128
8691 25401
8693 2742 18693 1073 12315 284 1611 2978 2640 14156 10137 2853 785 14714 9078 2090 2235 14599 5897 1903 5275 1552
8695 7742 3868 25211 16594
8699 9175
8700 4548
8702 18816
8705 20520 14813 12562 15955 10362 20729 26392 1894 4112
8706 18633
8707 22326 1019 22238 19362 4845 13305 5246 9068 20520 14465
8709 7366 23127 1264 24022 25305 15675 16319
8710 11302 4494 159 18082 23 25368
8711 15047 7280 15598 23872 8516 17581 23997 8783 26346 9428 21548
8713 2348
8714 11462
8716 2310 18047 26438 4646
8720 24698 9212 14494 8954 24035 1114 6976 9381 17895 964 2300 1566 3588 23175 8097 21743 23973 1887 15232 3948 8667 9308
8721 16050 25354 7746 12588 25318 21059 12437 9409 18563 18806 19815 5127 9467 4298 24924
8722 9212 4939 13816 26058 1180 15886 11486
8723 25117 23953
8724 3408 10935 12862 8127 2029 14998 24778 14600 25686 8760 19738 10361 23294 19467 20196 25706 5955 8038 5196 10243 329 14596 690 5702 2089 12317 9592 12143 19635 26899 11313 10956 1922 11495
8725 25111 323 2687 9328 18999 23074 17364 18565 8994 1127 9086 17154 13609 26279 22742 26437
8726 7134
8727 24485 14037 16719 22269 19098 12650 11398 25468
8728 24570 8159 22800 18479 11760 19234 770 9552 25967 16117 18469 2867 2367 12768 22561 7204 5201 13347
8729 18424 25203 630 17918 22022 6299 11146 542 4534 6334 1683
8730 15114 25284 14691 6049 26057 1263 371 6359 6712 11950 7496 1511 18399 3035 15576 3745 2552 1383 14013 2834 3612 14783 2315
8731 8896
8733 4464 9830 5936 23754
8734 22708 25158 16133 916
8737 22454 23615
8739 15012 8545 6711 9402 19628 22063 7405 6245
8740 4220
8742 13702 23401 15797 16715 15753 18490 10491
8743 16356 10670 17507 20424 3870 3023
8744 18246
8745 806 5472 15951 8865 14044 20593 10317 7981 18268 13909 6557 9170 3877 5478 9616 1729 5054 16261 1984 13856 6570 3023
8747 8336 9717 9381 1675
8748 19359 3408 3532 25290 3180 16022 52 16313 14133 6502 25571 19327 11384 21962 9605 8743 3166 14718 2944 16311
8749 18577 22872 6784 4026 25872 26156 26132 12335 25941 25969 6861 11475 26467 26220 25292 22147 26567 26849
8752 10442 26042 18628 3521 3119 18142 15823 1786 5338 23033 17025
8754 14045 25156 10767 24539 8410 6976 14279 19060 25969 12930 1515 6601 9232 19879 8682 10235 12224 24551 15373 15582 5962 2159 21170 20148 16361 8301 18266 5437 17526 21784 22423 7777 15471 20561 15581 5079 5430
8755 17367 19399 26031 1687 4950 19822
8756 21730
8757 13391 778 15539 24209 20835 17759 10215 25244 2935 6206 23997 13577 14465 2396 5019 21545 6666 23001 12229 368 19068 3205 6621 22625 23624 1440 9415 2685 7856 3740 11865 16560 8403 9055 15314 11281 19895 16549 3974 15497 7414 24086 2538 21851 7835 6930 3294 22799 25226 22543 23949 20216 13307 12955 16114 10440 23740 13758 20126 19714 17567 20788 8368 19047 25101 21204
8758 21932 22390 25457 7548 9409 23013 7405 717 11617 25728
8760 23763 8964 22757 17528 17105 23183 20632 11812 24972 13891 21865
8762 25598 4895 8193
8763 8050 8036 24539 9606 23692 25062 14141 22678 12740 14680 14739 16276 23355 2914 12649
8764 2959 9314 2707
8766 3841 2078 4056 10436 22939 5322 23694 8510 3240 7327 17435 13288 4331 21847 10550 18171
8768 14461 25022 24943 25535 9212 24398 11490 25312 1689 12131 23361 16801 2900 17080 11253 26636 1724 23442 18921 24670 18554 21074 26783
8770 23225 17864 11921 21684 10820 23623 11404 25766 20028 24648 21253 17682 22708 15844 25918 26111 21780 1351 8242 21888 24029 26267 26414 26685
8772 13243 10393 11825 21847
8773 6833 2522 5505 8577 2894 7118 8380 5447 10364 17543 6755
8775 25498 13465 287 3302 24926 25425 19603 10733 4377 511 3124 1607 20410 3278 14273 17286 2168 12335 24781 25564 3501 12881 25923 25862 20469 12801 9746 9032 14460 3888 26138 5887 9914 6804 26449 9179 18864 6445 14711 8163 5624 6952 3510 3412 20443 22910 22402 16226 19074 13412 2861
8776 13243 14634
8781 1020 1074 17719 1180
8783 25152 9619 23153 9904 5225 9445 15006 21553 11965 7246 13130 23206 19723 10666 23494 9069 9972 21661 24045 7854 18098 14144 15100 15406 20872
8785 18410 5401 4656 246 351 10733 5830 25872 25766 12358 22435 23452 13727 24794 25589 16228 25918 382 4829 24765 10378
8786 25532 24781 13241 25307 15364 21847 18181 23568 24081 12560 9302 20795 10364 23589 11379 20364 3600 20184 22848 5207
8791 25862 8442 23184 4539 25565 8797 11404 1351 3534 21398 21959 8192 3860 25258 26456 20469 12265 20988 8464 19814 1037 9801 14351 20908 9372 12580 22736
8792 13088 24503 24206 10685 3119 6892 11285
8793 8619 23333 11975 21271 22458 12373 20448 11793 26409 10432 26619 26483 20052 12454 9797 4050 4296 18875
8794 17082
8795 16733
8796 23238 9836
8799 24369
8801 9941
8803 24487 12901 16175 25456 24491 16038 4915 23663 23035 9545 8252 19637 26500 15729 1704 25685 22272 25694 24973 26755 16976
8805 20839 24417 10906 18169 19113 22322 19737 25425 1507 22505 19882 13797 1975 10199 8626 660 12747 20623 11920
8806 15434 20661 5375 9917 22331 12117 26275 24973 12043 13727 6902 15515 5919 5878 1629 6545 890 6796 5503 13022 3738 3680 2667
8807 15007 9618 1193 24267 24031
8808 7974
8811 11406 10305 20438 7471 12341 19020 25160 25545 17423 7514 5923 11998 706 12146 19112 4721 726 1693 9529 3318 22738 16467 17559 23730 9477 731 24177 6228 1657 6379 8420 9828
8812 10653
8813 22540 23597 23326 24994 2245 22782 8321 18528 381 25062 13155 6932 19112 3515 6855 20722 8568 20449 20090 11067 13633 22227 2658 22852 20606
8815 8634
8817 8087 25577 8517 1389 17789 19674 19289 13449 16429 7800 3459 24348 944 8196 25839 7788 1607 25559 25878 20495 8497 8751 26179 1635 14315 14954 21800 15456 18109 7716 24794 17068 25668 7799 11515 9740 12891 150 6631 26516 5564 26597 15894 26115 21488 24412 26889 15247 26911 23273 26820 9263 13533
8818 20569
8821 25371 3408 11880 16014 7896 16296 10906 23926 12023 18625 24557 25016 21540 25605 6340 25483 6668 22310
8826 4950 24506 23790 21414 16275 6976
8827 7883 9720 6251 25362 25374 24390 15640 12222 9765 4354 12379 13617 2594 9951 10007 13500 25556 24086 17581 6893 16902 25872 26241 21827 6742 22636 22602 26558 26031 4792 13264 18496 14996 22817 16374 20870 18184
8828 10767 11874 9517 22344 4288 7736 8521 7874 636 658 14331 4477 16754 19072 136
8829 20993 22712 23794 21098 20379 10070 13050 16303 7106 10337 20557 16218 5443 23595 3735 24350 21287 5897 19868 11572 15225 19947 4026 18781 15736 4704 10124 25404 11979 21724 7350 12969 9069 6708 23589 7470 14525 20933 18561 19380 18306 15317 23973 12706
8830 2821 24410
8832 2663
8836 10256 24106 24370 12967 2768 22615 15836 5558 19474 2131 26231 12018 66 17974 21947 4321 19416 20652 10590 20914
8838 11934
8842 12253 3918 40 13586 1337 12513 16538 9150 25979 26037 26008 26033 26087 26097 20436 24601 9369 18538 3580 11453 13891 9960 26660 23884 11396 9950 4290 2267 51 14557 19571 24284 2743
8846 7570 13946 7857 25264 20999 15352 382 25923 25833 940 22298 26010 3758 22606 11561 5323 21665 8908 20650 8336 4719 7547 1683 11985 2555 19844 26712 5001 12017 18410 4267 13823 4656 19875 1995 26565 7112 9720 9953 7660 19505 18446
8847 15536 20508 23429 23386 21652 11331
8851 13242 21587 18066 21104 4676 14777 16971
8853 16179 21981 18895 21017 734 6734 17719 23345 16214 7925 4129
8854 21436 24281 23012 16950 25872 23693 24605 19458 26011 3290 24815 2565 5406 22868 17934 26207 23800 22359 26380 15136 26031 13297 16331 15438 16984 26615 18890 22636 12285 10109
8855 5401 12602 18504
8856 17499 4566 4048
8858 10020 16733
8862 3795 6399 8219 24577 20857 23281 600 14856 18694 5269 20240 10788 11920 11633 3940 5393 975 6804 21569 7947 7682 5138 2291 1413 2338 10104 9323 12258 3441 4473
8863 3955 13088 3341 11196 13324 10199 13410 26137 25949 17087 10906 6724
8866 9193 19144 8309
8867 1780 1543 3902 5204 1776 2128 620 3241 7362 3870 434 1446 1226 1646 684 2160 9279 4772 3016 2585 26611 4974 1015 2695 1870 1347 6897 158 2597 2636
8868 17748
8869 24552 2990 13484 19958 8756
8871 23841 18677 9863 14430 24177 4755 8668 3906 21419 13167 16407
8872 25051 3615 12947
8875 14319 15126 6400 16646 21148 1199 12933 1686 16594 10733 16659 9303 7112
8878 24314 169 2049 418 13181 15167 8431 24390 9312 1269 5070 12457 7805 4968 9176 22693 23657 12062 4745 5022 8638 8713 7493 10284 4911 13702 6210 20407 23434 2866 5186 14409 13549 16137 23967 4236 9640 16549 18252 23042 14841 9909 582 16011 13862 16294 11732 222 869 9325 3630 24586 24511 2943 6023 9203 7506 13547 10946 1301 9806 23495 14812 8955 393 9335 26206 9716 11616 11368 17427 18195 21006 2980 2420 3585 3743 166
8880 24779
8881 23493 3119 19972 4640 12410 36 9198 18361 2527 17869 23589 4388 8986 23638 6708 17961
8882 25728 19505 21392 9314 16441 6334 1331
8883 23939 4771 19791
8884 3686 2507 3234 14103 10800 18762 16771 14323 1274 644 16300 9268 7034 23805 835 1234 14255 2930 21181 22576 7096 2456 11104 9713 7814 5857 7590 3125 5684 6691 6456 24268 1938 24852 9867 13010 5767 2256 21710 6965
8885 25436 22517 25559 9620 6784 7974 1500 2309
8886 23934 17599 7819 19265 3344 8549 20549 22985 23375 25307 24056 22428 15651 12458 19603 15434 12049 24962 21402 12429
8887 174 3060 18974 2482 9028 9421 170 424 1214 16977 4472 38 20204 12085 190 5376 171 19350 12461 161 7431 10163 178 6650 4096 451 12014 61 8794 883 12048 11137 425 5146
8888 9034 3721 24430 17436 19244 3343 18778
8892 10960
8893 7366 4450 6804 8629 5529 15414
8894 22939 2514 1965 24796 20352 25408 102 8890 21187 23401 21810 19604 6980 21195 23919 5670 16296 12082 7589 14846 23522 1955 25940 26063 19479 10076 29 3414 138 26566 9570 8257 23400 17346 6091 26920 6060 12182
8895 23018
8897 19119 24845 18282 23078 16766
8898 18762 16464
8902 11317 16419 6447 1999 24464 7572 11391 24413 18213 19408 2087 5323 23118 19384 18902 22392 939 17894 7023 2835 17851 9536 6656 17215 8527 14668 18306 9838 25322 18514 21919 4377 18671 11896 24908 19329 13516 16547 8589 8752 1180 20859
8904 16085 10863 20855
8905 28
8906 5443 6819 7877 8278
8907 24779 4423 5056 16593 11768 4007 4018 23707 7939 14103 23805 17129 5353 10937 25731 16055 17058 7462 5701 25791 2935 5906 14777 17292 17434 16374
8909 25174 8555 26783
8911 10767 24211 24209 7981 15795 8656 6632 17119 26086 6645 26294 6981 9588 16261 5717 9601 19068 26766 18817
8912 22851 22533 23421 14688 776 1817 15928 15488 2896
8915 8555 16923 14157 17008 5400 4798 9720 15841 8127 17832 782 3876 991 2552 10793 1871 20780 20247 10458 9216 2662 2160
8916 408 3165 3173 1414
8917 5113 16525 23488 13427 23122 18412 20549 9423 5147 4907 4670 7002 9580 17935 25657 9016
8918 24048 650 13096 2708 20392 17483 11267 16199
8919 5358
8921 882 634 23574
8922 17384 17186 24465 20868 13060 8333 14479 19926 14918 2464 16585 5507 19354 16903 21796 14802 26474 11570
8924 22065 12331 17227 23931
8927 18395 10049
8928 16831 17268 9407 5406 25509 9823 21827
8929 21041 16342 20489
8931 11654 5480 11636 19265
8932 14192 8382 23908 4845 16061 26080 15120 17749 16265 26183 5033 11418 2125 10937 17497 4401 10196 9798 1830 3609 24726 21608 22279 9148 7187 8141 1237 12125 12156 21339 8333 26416 23805 4229 12205 9775 8057 9921 17405 24092 5646 22800 22777 15278 26917 9552
8933 23288 9831 21461 17570 26020 26011 1815 20487 4497 4436 18272 2238 10162 22896 1351 12275 21225 23638
8939 23512
8942 8872 22372 6601 21335 10530 23387 20128 26625 14042 5458
8944 7615 24705 24986 23436 21344 11425 3023 24192 9318 2495 7023 12687 13085 1402 18101 23137 5044 23090 1180 26760 10399 9187 2381 20796 1605
8945 1086 20692 9886 19418 24947 11253 16171 18491 10446 25343 21626 1469 9515 17432 26237 26607 24011 26182
8946 9423
8947 11805 19251 14744 3703 19926 17632 2441 5400 19219 1842 6673 7460 6564 6480 23352 20800 6470 8406 4960 10619 1217 4941 18453
8951 9327 17922 24214 24844 24086 25140 16067 17253 23496 12202 19397 7034 23678 22493 2430 19214 21403 2520 16459 13154 9360 24843 1750 5974 16791 23897 23647 22921 24215 21564 16017 12215 19389 5927 18186 752 14803 15878 4290 18743 14361 15746 14733 8346 1590 26496 19605 963 14242 18593 17454 12222 4232 17622 13469 25448 5607
8952 16900 630 25675 11298 12795 16746 25009 23628 8545 4271 1345 1414 15751 17940 20342
8953 8914 22104 15078 2547 19007
8954 1137
8955 25691 9136 25715 5122 22197 21216 14535 9609 18620 1238 25410 25380 14965 20158 25598 8582 337 23494 11159 197 1178 26241 22043 6216 8701 9032 18660 1000 21453 2646 18503 15399 14519 19649 12673 10711 7632
8956 24214 25356 21035 3761 6979 5052 1807 16645 2309 1075 2589 7660 5705 8501 17142 3194 24115 8193 2969 15176 12089 13949 5421 5400 14556 9433
8957 246
8959 21927 13419 14778 14088 13753 25872 2429 18390 22265 1751 26140 16529 21646 3567 15177 2585 15773 3958 19768 3999
8968 19287
8969 24311 20440 19786 10835 2191
8970 25196 15672 14071 4770 13984 13993 12697
8972 23966 24929 24048 24523 12905 16425 17667
8973 23888 24022
8974 24207
8975 20869 26019 7405 8140 10364 20329 4752 20631 12795 5863 20485 14109 16746 14533 16451 26031 11286 15654 23044 22157 21092 4971 22896 24777 26572 26828 2355 13014 14151 1861 15402 4819
8976 540 6909 17757 12188 3900 140 24833 19857 15881 10127 24528 4377 21674 22252 22754 4607 3861 4978 19107 23544 6052 12938 18890 12781 18361 25621 4459 2563 8513 13955 18514 18474 20651 1724 26907 19891 18266 17897 18909 22151 16303
8981 12650
8982 10405 24924 14535 23457 14439 18666 9600 12193 21232 4108
8984 21427 21712 24169 21322
8985 20166 1850 25646 18911 13748 26616 1844 5984 13022 26500
8986 24022 10232 20848 6744 6069 20605 22231 694 19786 19092 18301 6680 21438 9705 12153 21120 23517 9435 5496 14425 6415 17263 8911 17009 21117 1565 11666 9139 3658 10759 10789 3954 22381 17253
8988 5049 17181 15496 9967 5621 24384 7174 23874 13366 3552 24412 18312 22118 24680
8991 544 17326 24143 10970 9893 483 6450 1892
8993 24212 24505 25121 25355 18399 22895 17384 16072 5530 9133 26579 5400
8994 23957 9331 17338 8845 11229 15087 21033 19702 973 23090 7759 15355 10405 14061
8995 13282 1864 7035 14812 9977 15783 10896 9426 19220 21466 14192 2606 11320 12189 11512 1669 6564 21616 4117 8875 20911 8235 9985 5722 6495 3741
8996 9409 7746
8997 24898
8998 9381 15378
9001 994
9002 699 19710 16530 5983 25271 2258 25872 5069 2565 2472 15695 21651 17461 23892 1911 18070 19859 15409 8310 2021 23307 3395 4376 18134 22282 1995
9003 22488
9004 13512 7701 20354 9751 8970 23565 16039 23830
9005 1351
9006 4253 8592 9314 2274 24701
9007 11358 23322 15894
9008 4043
9009 14929 7861 10004 8382 3808 3617 25179 7730 17857 3428 24973 23158 25501 13111 23002 1302 2611 24021 3318 25903 13217 4638 6289 5576 16905 20563 595 20793 15466 21114 1431 20040 21302 19654 9791 19520 1703 6602 20972 7353 20484 21826 5847 9369 20446 20115 5501 20798 3876 20542 12065 26775 6244 6737 22303 6088 22211 18374 13048 4624 4260 24286 20681 22052 21075 17365
9010 10196
9012 24743 18451 1965 23228 4046 25747 25935 2281 10978
9014 19050 19029 6680 25883 19275 18578 10886 20363 24158 22581 26529 17035 6278 9230 2736 2878 14883 20898 23200 1625 17624 8754 19625 25235 23919 3579 12658 12761 9067 25747 20352 13549 12919 19336 26795 14297 25736 14652 15768
9015 5216 25645 13410 4213 10393 11894
9016 8826 19557 2560 21987 9074 7997
9017 22922 16071 11593 4214 14890 17532 9993
9019 25545 9369 20174 4244 4777 3773 4085 5678 24390 15616 3919 20746 3504 23926 22204 12902 7262 25314 24184 5239 9734 17219 8194 11027 7770 7300 26085 3408 4628 16716 5302 8640 26570 17007 18917 26887 24245
9020 14451 3672 197 16728 655 4246 23794 15904
9024 20811 2440 17597 4583 2016 19131 10035 6494 6691
9025 25522
9026 2974 22177 1541 477 7032 18492 24048 24593 279 2189 6946 25526 2897 20162 12653 15332 14215 11246 21084 8408 26214 16902 9963 25980 13548 22514 17749 16223 16827 16464 6679 17365 26496 13337 5965 2928 26363 3651 16993 13336 6196
9028 896 18965 15560 11420
9029 2349 7085 12185 22897 15747 21542 15304 24267 12937 19554 18227
9031 25403 26795 6002 20073 26529 21083 21732
9032 12317 23400 14734 12083 435 2685 18560 10185 12185 10029 23967 19523 10211 1222 1749 3533 20201 561 11194 8030 19659 13665 8191 7305 2708 4059 3561 3137 5947 17071 6690 19297 23328 99 642 12444 19020 17090 4573 8359 12277 3617
9033 24048 20944 24211 21146 20115 25090 19537 23487 25026 3740 6065 22253 10831 23108 11267 24852 18828
9035 7797 2878 18415 10835 6202 22480 15598 20903 10951 19294 20121 12847 7473 22758 23655 5048 24071 709 21785 14277 20406 7994 8208 14621 6985 13166 13473 1562 22925 12856 19315 1357 24240 16827 3455 6706 20486
9037 17203 24982 21655 18929 4151 12554 23675 25564 9213 17493 19459 12915
9038 18142 22988 21926 21974 24401 18082 22924 16792 8735 9661 20503 26774
9039 4649 23220 3474
9043 26249
9045 23937 7634 24087 20805 13571
9046 2435 25070 10053 20884 3146 13769 5398 16484 17599 10275 26707 14992 8568 12561 26485 22391 22913 24298 19293 22387 12893 12283 8595
9047 23024 18289 21085 15329 2545 3658 9896 24295 22211 10015 9930 14271 14791 20845 8967
9048 23318 23577 19923 5455 26567
9049 10131 4309 23414 20433
9050 15629 8269 10711 12487 8779 2438
9051 26008 9724 18723 25831 9369 16296 13891 24487 3364 25217 26714
9053 6914 25262 21635 13964 16711 24912 16100 5081 14748 23926 15393 17212 8239 15763 22625 13542 14660 12041 4578 9571 25650 22758 15595 22633 25837 13104 9873 3805 14805 1904 2131 14696 25236 10955 2624 17686 2030 3617 26346 23286 24041 25325 24747 22054 6070 11482 5400 16827 20838
9054 10274 21620 9032 10146 18384 24602 23367 20467 937 25380 4680 21047 15095 22732 22796 15396 23671 18628 20300 17175 8956 964 23254 24202 14443 22341 8309 23182 22650 16530 18509 24670 6749 12688 20064 26281 19401 19280 15165 21562 12958 18176 8829 17849 23236 7704 6217 1958 18636 5616
9057 22838 4013 19626 23458 4837 11468 17877 13350 16401 4000 12835 6591 10582 17440 17911 12162 4301 25593 9872 15815 20948 23796 10486 19881 15112 6577 2254 22978 15572 10412 5649 7647 16049 5451 19320 23380 24339 11039 18174 16399 17346 5342 2019 18327 11338 21464 11504 9757 16406 26214 3814 3829 18280 19569 9944 19520 3630 11639 13689 9673 11827 22943 16150 5298
9059 2946
9060 859 4548 25406 8708 24132 1052 21315 13914 9434 2852 23988 11001 16971 2441 23364 9551 10896 23403 1942 21414 22930 18034 20754 6318 25562 3035 22743 9260 1828 11547 2999 2171 2692 20968 12142 26534 24934 5136 9502 3066 12819 1535 5604 6755
9061 1629
9062 15967 17848 10476 2021 9019
9064 10765
9065 24406 25534 18792 6205 2876 22249 16637 18931 7264 8892 18446
9071 13066 11285 11851 12449 2521 4012 6188 5366 21225
9072 2194 23344 19790 12562 23129 22146 24323 26182 18396 24814
9073 5677
9074 8761 24723 18971 4440 20364 13178 4324 14013 23012 17389 2615 24410 22354 20919 19877 16617 15958 23206 23589 21970 7082 15699 24885 7240 26031 17248 5144 19641 3588 24956 12870 26569 16176 8986 22350 17508 19815 19401 15399 6142 18075 24741 14438
9075 1488 4096 178
9078 24334 8549 18072 700 4926 24402 2466 25610 2094 3419 16661 5815 9496 24934 19536 5791 6545 23615 5097 20525 9831 2521 15596 10323 3395 15823 5066 9032 6564 3510 3281 2317 5624 2961 26783 16039 26290 24746 8552 10276 8220 7365 26899 14086 4904 26784 20364 9110 15634 19017 20589 12715 7470 25399 18664
9080 22876 25557 5195 23435 14286 13282 20898 22605 16445 10396 10713 9271 23400 21883 2755 24523 9944 6346 20486 5936 18486 26889 9927 6395 19625 24339 15650 5034 10789 16820 7976 17212
9081 11449 650 15815 13469 5745 3585 1247 13778 2382 13088 17496 13731 14673 14497 19595 2269 9335 4288 5139 12913 8756 11954 17326 4225 22240 24453 10999 5398 26164 13309 16614 15719 9348 26674 2584 7952 26229 8247 12065 23845 26609 856 5835 8528 16365 16569 11658 17721 8449 7040 26774 5615 18933 26465 26346 18522 15454 5223 4112 7368 3170 21766 3600 2867 26889 16445 9695 15500 9944 15984 20022 15966 16867
9084 16339 13226
9085 9446 11071 18419 19163 20724 24699 8127 10393 23384 12111 4777 13264 16318 25508 613 9444 25113 19039 146 9987 26213 13409 26391 25730 1961 23657 7086 26502 21057 14653 1630 12148 22633 19918 1169 24997 26688 26866 25520 26294 12736 2796 13673 7289 5676 18193 18953 9331 19135
9086 26288 26397
9088 3617 12317 9203 21378
9089 11173 19595 23805 21781
9093 19417
9094 19937 25544 21913 9032 16075 24441 8566 22113 23555 20421 14233 25872 26414 26042 5997 22038 13006 26216 26783 16317 3804 12751 20650 11090
9095 23592 18750 21415 20757 6372 15205
9098 26110 18618 2755 26446
9100 8862 24261 5049 545 24371 22623 10770 10597 25872 5127 7849
9101 25385 22976
9103 21073 12432 14947 15974 15428
9104 6731
9105 18673 8988
9106 10874 2326 23861 10305 8589 7868 8678 10160 25340 11633 18395 11575 9023 13524 17849 25728
9107 24854 4631 15858 21046 1862 6550 21146 1954
9108 25469 2844 24820 8071 964 26042 8245 19747
9109 20899 12695 12311 18440
9114 8450 14846 8141
9115 25714 24996 25317 13501 22324 3021
9116 25186 7076 728 16156 2721 12615 11324 23637 25262 3617 24462 20520 20934 14791 15856 8504
9117 3600
9122 20541
9124 5479
9128 9072 25552 5237 11940 2657 6299 8687 17859 20283 11799 7099 9784 20653
9129 8534 4216 13131 20605 19137 17154 26672 8179 14598 24523
9131 24236 20626 9554 23223 25501 9685 23675 1693 25615 9954 7403 23330
9132 5167 11190 3795 8527 3897 11690 17907 14428 3051 9866 4117 3617 23819 1273 20684 6357 7744 3730 19785 26656 3950 4602
9134 17083 16914 4663 24897 20017 18055 21787 4497 5726 24781 9660 6299 15842 10044 12938 1 16374 2930 6614 14079 754 4433 15569 7746 18878 11403 26846 1683 1679 10533 26843 13044
9135 16731 3633 4016
9137 17489 24201 6804
9138 22568 25457 23066 25522 989 25794 19725 21620 10120 4469 13251 1720 26715 24777 13115 18770 22896
9139 15646 1675 11633 288 5237 3074 7318 23064 17234 22043 21398 26207 12007 12225 19608 2806
9141 13958 21678 21402 17777 25794 20319 10956 22895 24616 24146 21967 10230 11215 22521 24206 20816
9148 16149 25134 6341 23985 23228 2433 11876 13969 20643 26436 950 14616 5193 21468 6128 6455 15577 11897 8640
9150 9240
9151 2297 2842 17138 12157 17440 14253 13109 25023 25615 19444 3409 20411 2999 3636
9152 3731 6966 10684 1382 4654 21327 8590 19197 5904 20400 1243 1670 2800 3817 17304 1194 9526
9153 2657 5561
9155 23043 24860 13316 16531 13217 3740 23396 19926 17797 15184 17230 12281 15530 9951 17947 10289 17034 16800 11392 13334 26169 20587 14652 18734 10123
9157 26877
9160 23157
9162 22020
9166 7224 1256 391 16840
9168 14959 16382 11070 24508
9169 13012 24900 6712 18066 20536 13753 13297 6359 3028 7569 6962 1760 6150 1942 23983 9449 1232 26126 3612 5300 25967 4683 2163 2043
9172 24397 24537 25169 5513 20550
9174 8794 7431 7597 2937
9179 23065 12230 2672 25518 23093 21595 25730 21141 4823 1938 11800 12570 25508 15154 25522 25615 17440 22738 5608 5011 10074 10776 14409 24743 23890 25872 9746 9575 21113 9897 17092 11642 17176 21152 18370 6455
9180 25117 17125 24944 21046 4981 21302 8656 3314 14241 16905 23234 1952 11588 6771 23158 24445 25033 1520 10746 18859 6731
9183 6784 23340 25698 259 25354 18191 7658 26358 15925 2177 9314 24258 14326 3281
9186 6540 21554 563 3755 13226 20636
9188 20999 19281 25767 9491 10127 20741 25522 11642 5769 1883 5885 12999 11253 8517 15041 14299 5815 22285 6100 9564 7415 4719 6320 2466 3435 3510 8681 3061 12924 26688 12347 5624 6122 10786 7834 3671 5938 10467 18270 18922 24120 5556 12508 5419 2513 20643 4001 9242 9537 2599 5049 18737 9093 26441
9189 25401 25535 22962 26585
9190 13346 21926 19901 21381 25151 24892 1965 14299 16445 9448 8475 9508 22209 8643 1442 7957 24947 6488 15688 24187 2443 15760 12361 21847 26889 400 26863 18417 16484 15618 22912 25082 18722 25268 9797 19998 20776
9191 21761 9011 13411 16144 12293 14700 10848 25681 598 13532 23805 21000 21217 21261 7198 7679 14437 19896 16962 262 8555 2279 5400 2876 22084 10024 3183 16940 20972 21414 23892 6251 7841 6258 8978 24396 838 4475 12256 4008 23483 8988 10795 20800 14388 9694 26130 1920 18167 2733 6969 9843 10373 10562 26313 23158 22131 9817 4895 13016 20661 17213 18142 8524 5814 10647 19663 11262
9192 111 14402 130 23558 26041 17148 4007 19090 26184 23872 1952 9898 153 25835 15593 23675 9962 2953 12618 20375 8216 25511 24973 21826 5400 3729 17476 2390 5178 26687 6360 22352 12103 14278 23223 8400 23002 19654 12369 9369 4652 12294 13624 9347 15348 2789 16162
9195 25144 7516 1679 11169 5683 10255 6334 26289 1566 4263 9072 8309 6734
9197 847 3296 23836 25275 8319 20846 6612 9144 2505 9312 3260 20626 14192 13411 12953 21403 7089
9198 22145
9199 7074
9200 15545 21056 7128 24341 17983 1339 24538 960 9263 8830 8840 15646 25 10246 18029 23589 23894
9202 9177 24376 22038 15742 21655 1382 2312 2929
9204 25314
9206 8796 21847 8676 4338 18171 22018 23641 23730 24069 3156 19621 17599 18473 11095 2104 2209 11452 16277 3173 15301 3730 15434 22282
9209 23197 1862 6165 23106 26175 18935
9213 26858
9214 5354 7869 8309 4303 16746 2613 6520 9379 25
9215 10639 2069 2841 7060 3556
9217 3954 16986
9218 23281
9220 18420 7251 2875 7759
9223 7801 5649
9225 10767 7308 389 6929 22475 25794 22806 8350 21414 4850 14403 3292 23682 1528 789 20187
9227 15918 23658 21627 25160 4748 21412 24763 24807 7347 9621 9785 2005 3354 15307 26887 80
9229 17532
9230 1410
9232 24693
9233 12930 4303 26422
9234 25630 24539 13231 14950 25268 25556 18838 12211 5951
9235 16194
9237 22716 25563 2593 11246 2442 19526 439 5890 9988 4660 22412 23042 5271 9936 5290 17167 24048 12457 22949 11893 16407 23407 12489 8591 3550 3429 13349 3961 14906 26087 12626 14997 8085 11396 9131 19225 15345 6200 15332 702 4037 26167 7884 8728 19660 13773 3408 8039 26227 25424 9183
9240 24734 25710 9572 25034 581 5739 3119 5203 25457 8486 5232 978 13427 8687 23323 10967 7859 14656 1820 20015 957 25333 18687 5619 4670 15224 10207 5487 13670 7840 22859 9029 2153 22896 3303 15447 25773 17245 24254 16098 5710
9242 24069 24599 16317 8760 19646 5279 17222 936 18838 11620 11618 18613 10385 14051 18835 18768 5064 20107 13994 9916 19370 21223 12620 1252 3762 3057 17490 25522 19878 13523 6644 23730 18983 24503 22871 22240
9243 7656 14233 23842
9245 4895 10303 7301 3728
9246 22712 23559 17824 19840 10353 12795 20969 18947
9247 18761 22143 4439 8986 19511 6245 12998 12821 12896 2671 23322 19575
9248 25423 2076 25703
9251 8680 3931 8153 13126 5103 9480 6563 5105 5951 6402 8114 1246 5570 4982 4178 1962 3120 1281 5745 22876 21202 7450 3617 15075 19231 2819 15768 2660 21736 21481 14943 22302 944 13775 23264 8134 18466 2304 1227 6597 2191 11814 9944 9123 993 3238 1169
9252 24820 23179 24237 9125 6299 18083 18312 25829 25833 22280 6773 24898 25760 10199 7877 20681
9253 16507
9255 24549 21764 595 22605 15041 7221 8640 9791 14176 26795
9256 24159 25103 25307 24714 10111 24351 25292 16259 24636 25710 11939 9536 9749 26068 23932 2160 18651 26358 10323 8380 6036 2894 2274 24418 19357 11061 24018 20969 6979 25317 21773 3124 19540 4833 19147 19679 4040 24670 26907 12154 12089 22201 11968
9259 4884 24397 24631 23819 9232 15048 24361 19542 17820 24602 21094 4789 25872 25829 14106 10896 8862 21682 25401 18371 13324 13806 14607 20561 20395 26784 26911
9260 1960 11138 15768 25133 11497 26443 22758 23400 24474 10822 24201 26889 15941 9571 26654 11651
9263 12409
9264 25068 22949 25892 21847
9265 2130 18457 2844 3842 6057 860 1661
9266 8428
9268 15922
9269 2912 1603 17318
9275 24427 25535 25371 538 26288 10906 26502 8023 11077
9276 24947 20515 18301 21008 16467 12674 24201 7192 25411 14350 24019 21753 21307 20576 26437 26669 1025 19286 24187 9267
9277 22802 25892 13114
9278 25681 19212 23558 191 12670 322 16578 691 348 22471 24973 15795 1581 731 6960 10527 9832 6495 20661 14877 21579 6308 23890 16376 15029 595 22726 18602 22088 12299 22790 4137 23594 13042 17980 20744 9313 20563 11805 9630 18195 26214 4873 13157 10242 14054 10165 11222 21031 1290 1827
9282 24547 23778 8760 1114 24893 19835 5881 9265 17840 6861 22910 9093
9283 1097
9284 3555
9286 23813
9289 15648 22980 16780 17667 23692 16775 16198 24463 26184 19541 20040 16796 26231 3591 17622 18634
9290 2906 7112
9291 24460 2906 7879 21287 460 4497 11408 10473 21225 3135 9075 8916 817 10577 4353 5167 20143 5217 21933
9292 25368 26887 19223
9295 21288 4660 16533 13187 773 10641 21195 5051 4058 24184 24481 14195 3974 8466 24534 4513 11784 959
9306 8499 679 15130 18302 1842 8732 16835 23566 7259 8310 2876 26011 7261 24506 1373 25014 7071 21335 2767 3603 8309 18931 12089 6523 1372
9308 17785 2732 10106 15331 23730 25545 13243 5064 19958 19622 22849 16292 10299 13256 8523 25741 5201 11010 13874 1328 22686 10097 20296 23180 17591 20412 2980 8864 1641 11356 11151 12215 22012 12256 14989 16595 17190
9309 7646 22876 3895 7672
9310 14535 4005 25028 20467
9311 24148 26392 22567 25248 24820 3627
9312 5804 12675 23301 13028 11981 6402 21351 20617 10963 20264 18634 9819 23990
9319 6153 24165 3462 18422 24521 5173 4573 21650 2427 17532 12409 20642 3617 2475 26682 26334 6930
9320 18953 18147 14563 20554 9661 26610 2058 10644 22239 18590
9323 10770 4907
9326 389 10767 8959 893 22819
9327 17051
9329 22156 23450 23046 25691 26156 26436 24719 22211 26461 25194 16180 25193 12282 17222 2898 24503 15130 18348 19674 17212 6100 5625 12516 18998 22419 14280 9032 20364 11992 24777 26378 21362 22614 4451 6515 16211 24906 21768 19958 11328 19651 18026 9264 16249 14953 26907
9330 21225 16472 5782 19845 2769 17657 19931 1065 6121 7213 17932 19822 8309 4497
9332 23800 5789 20869 24289 7746 21414 24898 4303 8738
9340 12215 18903 25855 23761 10671 19181 3478 23234 12144 20394 2323 10372
9345 4526 4473 14216 12562 19274 22365 13911 17285 26164
9346 20934 19448 25146 3855 1350 9726 2620 6802 25425 1946 9314 6804 10456 17147 10960 26516 26506 8517 23815 7526 15596 20684 13884 25222 22776 26747 12841 4866 21266
9348 6286 368 13565 9775 7853 1630 3747 6448 14902 84 1078 8769 25238 7188 1938 23961 7034 8522 6617 10916 616 17709 5847 1923 9841
9351 24214 5863 10345 10164 23205 22310 26164 19280 8078 11286 3363 13419 2204 12714 19815 15634 25789
9353 1254 23824 14864 25498 737 2201 2412 25937 1723 13705 26415 6126 9059 3754 9461 12243 21308 19353 897 3354 21156 24829 5755 945 2840 26646 1671
9354 21288 11562 3485 3351 24942 25007 23935 14950 1607
9355 2091 24597 10329 2959 24778 16281 19680 10767 19267 2567 13715 372 293 10982 8707 25 23997 6567 4140 1256 1521 17791 143 21373 10184 18854 25084 4117 1670 8269 14232 2730 12453 3120 1334 15595
9357 24921 13925 20015 23802 24410
9358 6032 15762 24219 15868
9359 12235 23349
9360 4817 24892 23521 18558 24748 2545 15132 19695 13999 24969 23030 9492 418 13160 26500 25267 16494 1665
9361 23022 6680 18839 23997 25054 13712
9362 10880 12903 19819 22848 24124 6170
9363 345 9606 25033 17090 24973 20115 23961 24779 22790 10988 8656 14278 24953 10196 20340 3214 1119 24033 18192 19713 6680 17170
9364 3531 8474 10938 24132 570 13779 22108
9365 18895
9366 19387 19077 15380 13936 23110
9368 21038 12416 14818 2100 8368 13731 23805 4288 23179 14020 22235 8619 20696 8681 11542 16182
9369 3205 3104 18743 4082
9370 17519 19823 15496 15441 25872 9409 4497 8862 24602 25457 13963 24924 8442 25379 23986 4850 23952 1171 964 20992 25056 25533 9970 5790 1296 13889 4950 3086 24610 26920 7134 2882 23617 17240 21127 11083 4611
9371 25248 18684 15665 7561 2883 13293 17772
9372 25013 12550 2168 16053 25067 25778 19656 25897 23795 25574 26397 26551 17756 8628 26467 2706 26783 25727 5101
9374 91 25073 25258
9375 18890 25728 16845 6303 781 12693 9379 5366 16374
9378 14163 5000 14566 3840 23624 24984 7311 2857 4760 21753 10835 17690 16921 22691 18724 18887 5663 7407 779 17702 15786 20778 13923 8812 22911 12638
9380 6505 9513 24134 22682 15921 18469 13305 5722 1638 14261 7556 11741 10902
9381 24132 3533 12121 23548 16261 6886 8386 2439 7476
9383 24207 22892 24944 4758 23466 16352 23881 24048 4864 24973 604 21513 15679 21471 10639 10009 9473 25088 17170 19680 20108 17667 23291 3606 22247
9388 7860
9396 23206 13445 25832 18719 25522 328 10228 25923 25964 19938 24670 1751 26320 20808 4575
9397 9318
9398 19899 14578 23239 24539 18684 24220 10786 19248 9873 24457 16111 22056 20884 18925 23531 9140 17840 21501 20998 26120 12577 5303 6801 7097 4964 16164 9928 9987 19911 5208 5044 20347 9323 16718 18781 26506 16703 19684 15041 15022 26516 5034 10017 2453 8889 6128 26760 6100 20191 4734 26777 1464 6 15208 26889 26323 4854 22391 6417 17246 5138 20898 3658 22029 7295 4279 25752 26710 21569 5556 4023 18396 13200
9399 13437 25535 13305 25625 4227 5994 7525 580 1097 17201 4028
9400 23997 23949 24632
9401 25 24423 23704 3828 15161 13595 12505 25062 17312 11393 13884 17154 6538 24022 21435 19291 11270 13377 2515
9403 26784
9406 23851
9409 22837 17994 11329 13491 19133 8640 25062 20722 25584
9410 5788 23400 25612 13151 11967
9411 23827
9413 17749 21180 19297 15079 22694
9414 22380 17440 17257 4254 18007 6437 7149 24168 7096 493 15690 17063 6456
9415 25262 19723
9416 2462 10999 23521
9417 25535 16746 4670
9418 8315 1266 25872 10836 10393 16365 26800 13019 16445 16960 25177 3402
9421 22511 1610 9598 23558 18626 18236 11183
9422 23270 25405 24504 19594 258 18350 12367 15716
9423 11484 23387 4134 11538
9424 17688
9425 8879 20945 23076 6456 17632 3756 16996 5944 21566 7261
9427 25740 4919 1840 22625
9429 22937 26461 1414
9430 13267 895
9432 6501 25587 1493 25300 18057 8140 19595 7060 1970 10233 21194 10800 12358 15019 21248 17058 25501 6835 9796 23997 20890 16467 1337 6397 12807 10579
9433 12120 20516
9434 24168 569 15933 5643 2813 24546 21315 2799 6587 3106 6456 23634 16390 23988 13679 14802
9437 22265 26068 18177 20525 18075 9032
9438 8875 23967 12303 16261 12216 6893 18469 15768 18494 17275 12380 26539 15052 13049 17592 20661 17090
9440 663 19388 10771 11730 14674 16088 10641 11675 9621
9441 22960
9445 7424 18451 23548 20297 2732 7358 25032 6837 16675 3832 14116 6680 8161 23042 8659 4124 13565 13111 23588 5453 2868 21195 13517 14392 24052 8909 12902 6655 21254 22640 17670 16132 5284 21187 25653 8091 5362 11811 12181 20663 7578 22042 8495 9366 18491 12289 17607 24868 9492 14027 13201 18376 15887 1317 862 23880 25299 1517 22802 9668 3547 5981 21352 16085 4094 14956 22852 3292 5778 11114 24592 12733 17960 6072 18695 4119 1277 11435 26306 16070 8477 16005 18682 8614 21581 6171 6263 4724 15850 17285 8756 7789 22219 26527 25968 16484 7892 16022 22158 5183 9370 10541 14768 16003 20855 16594 11007 26322 26124 21962 18416 21441 7377 5702 7568 19679 4356 8385 12539 8252 4308 26700 11060 3188 13329 9091 26849 7933 26889 8832 13109 4027 15334 5820 4046 19621 6763 4598 6703 16597 13209 25138 24503 7257
9446 5327 11920 21716 4288 5220 6823 18917 24031 24141 464 12356 23382 19306 4126 14870 1778 3541 1643 455 11898 3323 6034 11707 25892 8239 10820 21702 10867 24523 6045 17033 3496 18538 26392 12171 10946 11977 10148 18531 21815 18899 21177 10701 20695 3282 18743 26714 3177 3187 14177 15878 16289 4370 8781 22589 7576 3467 20115 6089 10428 26838 5601 26887 6849 16316 14791 5238 16223 5544 26568 18558 5990 23776
9447 20839 8315 8479 24267 1696 25980 24481 26560 14244 9837
9448 24230 2683 11528 11781 574
9450 1610 16424 20249 22221 24300 15674 23805 11597 25681 23997 13685 24854 17425 26397 16303 15576 16336 17933 22374 12721 26461 26709 25194 11979 3616 7228 23646 1830 7794 26907 4056 16730 21098 21688 11224 22588 1927
9451 5445 7034 23593 13297 14666 12321 9085 8333 8319 10719 481 15244 8108 25678 12187 13490 11018 23234 3854
9459 22843 24781 16670 25872 11022 26145 13557
9464 25268 1666 23957 1598 25839
9465 26102
9467 215 13676 13319 24898 21566
9470 11505 3390 8737 13562 9284
9471 8603 23819
9474 8542 25533 14781 24795 6193
9476 18322 22085
9478 8061 7782 4837 22511 10491 16043 24209 7888 14328 15971 5239 8208 16352 8572 25601 6318 1371 7323 21171 8040 15458 5213 8141 106 23872 24183 6448 23997 4394 6497 23897 13422 5666 18541 20177 1524 1598 26045 3926 23346 5552 14176 4063 9852 4350 2295 9046 10669 8074 21166 5877 13391 21395 7272 13873 19520 2414 15869
9479 22738 9878 16367 21202
9480 25533
9481 24807 25483 19686 7766 26714
9482 25032 13167 25464 21930 11618 24947 10835 11724 11402 19973 13022 4755 13051
9484 9032
9485 8309 6062 5561
9486 21208 26120 20771 11976 9407 20065 7166
9488 4473 21516
9489 14278 12215 5802 23805 11104 8691 23158 18286 19131 24218 9189 6286 24915 7034 4173 9097 19537 339 11419 25352 16920 9880 6960 22193 8838 1654 1767 20274 17646 838 6965 8263 12197 17667 585 7858 23234 20833 25117 6179 13429 14784 9426 18993 4011 17064 23167
9497 23885 22715 19296 16298 22667 22885 19304 15197 22839 8419 11635 21806 7988 5210 25392 19706 18893 22747 21471 15807 10301 21757 20629 18016 24716 24458 25857 24113 25992 25758 15018 25779 25798 25840 26406 19395 26417 26329 26326 26550 14994 26127 26122 26508 26349 21224 17906 16620 26716
9499 22985
9502 15184 24981 25117 7060 19659 25611 20077 25903 3617 22997 16030 9671 3526 13647 12065 24268
9504 15582
9505 8888 20630 3655 18581
9506 24134 23872 20957 19940 24970 19796 19220 19318 26175 24092 21162 19323 24207
9507 13811 4231
9513 25466 19007 23589
9516 1009
9519 7516 23363 15171 24551 23523 23493 5400 25794 1238 4590 13143 22399 8687 10597 26031 15592
9521 9547
9522 23386 23957 12615 20959 23003 15180 7478 20098 22776 10 19180 26413 13015 6474
9526 23997 25186 25133 9289 19966 25317 25428 9571 24449 22770 23026 20188 20129 25504 16750 26710 26887 6693 21249 16500 23211
9530 23468
9532 20974 21392
9534 22798 17535 24168 20846 25562 829 25362 23805 19709 21020 21071 22177 25098 19537 18437 17672 6680 18877 16283 23988 16355 21151 17820
9535 13110 5364 24793 6341 24048 23949 9788 3846 25917 15043 5292 3949 9316 8260 4089 11215 24615
9536 17345 6844 18345 11590 18577
9540 12269
9544 25675
9545 8549
9548 25685 25713 26283 10359 19722 1844 18082 26491 25421
9552 16999 18094 10337 25180 14346 18890 10628 10022 17213 10926 6775 16836 473 10164 7074 11916 2123 21847 1912 8804 1480 8667 11599 24024 15635 20364 5406 20766 10824 21098 5604 26615 25870 22357 5910 13476 10323 10873 7979 23208 21287 20517 25789 6080 22998 23998 14080 13823 16717
9553 22758 8853 25062 22876 23273 16156 8218 26075 14805 9169 7798 26654
9554 24414 17532 5066
9555 2876 7561 20025 21304
9556 6265
9557 24698 10767 13293 23675 14651 16888 4663 6892 18123 13226 21847 23846 25564 1629 25258
9558 10767 4656 10470 16297
9559 10475 4044
9561 9
9562 24747 24539 10028 16920 16260 616 6246 15988 8640 2872 24172 23234 5659 23060 25368
9563 14532
9566 20518 25410 16111 25535 16759 20120 14072 22653 8 13186 22895 18589
9567 6459 8333 5400 24453 23980 4170 17132 8964 17946 6627 13648 14264 12438 18300 9968 2183 133 12317 5052
9568 6197 6993 16567 6022 24992 15434 25113
9569 866 22706 2362 2659 3574 6216 6480 16836 5561 15823 1566 14205
9571 6731 997 9423 4907 15703 18540 3735
9573 24995 22876
9574 23496 21451 25095 5239 23466 23155 25643 24083 23805 25344 21557 22279 14553 25218 24047 16927 19452 3992 11597 13617 24101 7325 22751 21792 11688 1215 23978 23883 17581 3918 7566 25702 23890 268 25191 16024 22591 24687 25979 25658 17115 22412 22874 25210
9576 8883 6518 17632 406 8687 11340 24168 23483 9666 9309 846 248 3236 1077 12215 23634 1148 1828 24188 16971 5698 2771 13647 2834 25302 8623 13598 1871 2789 17186 19324 9711 21704 24553 5750 14179 8863 11755
9577 15706 494 4108 12034 25346
9582 1381
9583 10767 16990 16369 10288 22800 22482 14185 15931 12072 6329 21737 14100 13125 10690 14213 14831 19171 12304 13381 13362 10257
9586 389 24162
9588 24440 23602 16521 7675 9940 25030 9987 24947 23240 3895 16594 3762
9589 329 25164 25522 11709 17095 15194 1963 859 21774 10647 7124 10600 12215 4120 21019 20846 5164 22921 7094 8623 1407 11375 1288 4720 16585 24132 5795 15880 18768 22376 14208 13022 19274 1046 18625 5454 16039 700 15675 17377 21847 15678 8342 22077 25679 15434 9523 16769 5563 5044 9216 9942
9592 3109 21476 12177 21867 12702 6784 20155 22796 22296
9593 19382 22905 22556 24779 23805 2357 1772 9776 14425 797 3974 23108 3159 26346 8134
9594 7034 414 21611 16880 9232 23247 19374 17005 22355 9660 5506 9987 8522 20118 4546 23818 4420 18762 23872 25678 2923 12293 17811 8211 6308 16144 13153 25323 24139 8972 16799 7780 17166 1885 10562 16376 21403 5684 4711 3381 5293 26509 17185 11122 9798 10543 5847 15218 6293 15250 8836 21706 7595 12277 15093
9595 1086 10470 720 1287 1203 18960
9596 7485 21162 16970 15190 23640 2269 245 6731 24802 18946 9638 11731 10402 10593 11267 9454 10837 19975 2184 17305 9754 8241 11481 12099 14079 1988 19762 1210 14359 6285 2441 22336 23565 19837 3053 23079 8690 2264 2574 1932 18132 16055 7590 26545 15017 9944 15198 10533 1531 3478 1419 4697 18515 1622 22395 22919 8143 18814 21239 6396
9600 14929 2619 2629 8588 882 2384 6248 6830 2571 8803 761 1691 1098 1202 1268 1753 4420 8108 3436 8456 1041 1638 2066 2111 12773 3318 2421 20246 613 20960 9313 15657 8608
9603 1850 22697 25341 23504 18828 9027 5400
9604 18071
9605 25067 14396 16034 23955 2652 19671 14657 2112 16494
9608 16871 6480 26164
9611 23568 15076
9613 25752 24615 9263 25091 15906 17496 25535 13222 22099 9998 25839 21141 25872 5983 21556 8862 16806 18640 23127 18907 8497 16823 684 14714 16165 12826 25653 1645
9614 11070 14648
9615 17101 10933 1913 15098 1938 21796 7858 11810 2505 1969 5941 637 6147 1687 1942 6731 19385 4754 23634 23483 6113 9638 6456 3217
9616 25144
9620 6450 4291 24877 25488 11441 22483 6883 13967 3031
9621 12317
9624 8343 20402 9810 23647 9611 22833 24448 23097 25140 21612 23393 23809 23400 24640 18861 22163
9625 17838 18142 22666
9628 19557 3626 8629 24161 24449 6769 7113 6890 22876 3617 3592 15572 5157 8239 25605
9629 14535 25028 24602 17715 492 25710 10997 11357 4819 11433 9423
9630 22545
9631 23278 21847 19722 26397
9634 7112 5093 15735 1278 12933 15277 7868 5406 6659 5400 7746 21827 8265 15032 17051 19847
9635 26674
9636 23616 22660 17772 18196 22666 18986
9638 11297
9639 15058 5640 25007 7222 14587 2389 23501 12291 24900 17154 19885 25766 15405 24022 24201 17728 14076 24653 22910 21847
9641 13362 9323 11837 14920 6402
9642 296
9646 23022 4561 8357 6282 25719 2846 22146 25614 23391 13746 3025 6093 23426 692 22413 19014 6738 9006 26375 14574 13731 21328 25411 11402 22543 19995 15558 26714 17581 2382 10302 16114 20832 9022 10389 19665
9649 5627
9650 25292 24121 24363 24681 4969 24538 23126 3617 7025 24350 10294 11930 22852 17150 6021 24324 13417 26120 9746 25988 24018 18949 21334 5649 21632 11690 24412 24290 24765 14301 26094 26161 13114 17278 26199 24022 17091 19835 11958 26476 19939 26378 22864 16773 26246 7568 13008 6804 6809 6100 20606 14386 9783 15894 3671 7623 5887 26747 24820 25508 3327 9416 4473 9984 26774 26761 5147 10541 26668 24190 23137 26786 26672 1351 26736 26891 24167 26849 22416 6523 16066 14451 2531 2910 20808
9651 1716 5049 23846 1694
9652 23873 19082 258 24209 12288 8062 20540 25628 16749 25556 16828 762 253 2512 18838 23740 9589 8904 8584 3555 18409 10491 26714 4638 16780 26346 6519 12172 26756 18186 2133 18108 4290
9654 13714 19161 12116 19140 22921
9658 17162 15793 8978 4563 22613 8769 22766 23570 15348 23805 2382 5019 338 8656 17223 18268 9167
9660 23825 23522 5284
9661 1850 2442 9053 26008 22867 14282 4576 14577 11002 22514 22949 18250 8169 5856 10519 23480 9567 22897 2325 24267 24534 23578 26142 26039
9662 250 17660 11363 25411 25017 13385 26422 22391 12347 7538 11989 25755 16150 6944 15227 21501 5433
9665 506
9666 16491
9667 22876 6680 5035
9668 25794 4436 14381
9669 21646 19768 21402 20467 19986 21769 4938 3804
9672 16110 3493 10205 12706 18890 25478 7365
9673 749 1620 23897 12299 19654 5400
9678 23322
9679 7699 18331 755 14425 25224 1790 4125 12467 21942 8432 13803 11287 17144 17166 314 7230 23540 23897 1204 15315 11699 19330 21280 13856 2002 1036 16464 3757 3845 13550 21239 14777 16698 14298
9680 26211 2492 23033 21501 11284 22580 19634 21950
9684 23410 23913 22854 20518 23446 1850 25334 3129 12387 25305 108 10776 2927 13872 23104 8513 13535 4632 4702 2476 23127 15400 26551 11452 17839 20551 10759 18082 23347 7157 175
9685 23445 25598 25752 5197 23384 24745 6433 20287 20078 23766 23991 18684 24820 3122 704 16586 23819 25863 25466 1385 22692 25353 9198 26120 20285 11744 7868 26286 6753 14944 15731 4844 11979 10365 12916 3181 6553 26760
9686 23905 25284 10906 607 5698 16513 1879 21953 1579 17061 644 17440 8807 8978 14978 6037 3616 6690 5651 8127 1100 1938 838 2958 5814 14719 3410
9687 11729 8292 20355 11463
9688 4268
9692 8959
9693 17711 22876 8752 23719 21753 5484 10911 21375 19599 17796 2345 1538 10291 7713 26682 14034 14271 3132 22496 17131 18328 14176 25368
9695 1762 2529 1522 16511 23733 3100 9298 19786 6367 769 2210 16522 3971
9697 19836
9699 1535
9700 1373 14319 26317 9127 20784
9701 577 10429 14993 13861
9704 7401 9434 23905 17022 6543 848 8887 4549 22125 4084 1184 3878 5622 4281 9026 3424 20484 22472 13584 18751 23634 24665 4285 1250 9579 4960 5072 16233 10145 10411 7444 23646 7822 13300 26776 26314 26792 1997
9706 7165 1879 5521 4433 22352 12923 7094 16628 1592 20811 22395 13404 11755 7034 23234 7133 7858 11570 17255 610 15098 4137 12099 17384 19354 845 10719 4753 20546 22493 4604 13016 4130 24246 5688 4202
9707 11841 17821 18135 23305 25917 11926 22912
9708 10443 26642 24934 11547
9710 1924 2922 3500 1593 19441 3817 24472 13671 10921 9396 11927 9247 13748 2449 12525 18127 13258 6844 19691 19153 22969 8202 16006 4148 2138 6250 9918 3108 5998 9790 5511 1682 21117 9259 17755 5336 3362 8224 10009 13542 7139 11046 14970 24086 21435 939 868 2755 21266 2356 18723 8208 9183 11727 22205 388 20787 15339 20711 4519 1609 9754 4168 3743 10568 18567 14791 2191 3610 10761 16992 8462 6871 79 14361 20813 21051 3855 19636 7599 23246 26714 6338 5105 15309 11114 13623 18178 3205 18492 1529 5377 10333 13967 1316 23883 8716 6407 8640 6912 13781 152 16425 7563 26214 5003 24375 20115 14207 22744 26363 21576 16687 21354 7763 19333
9712 10187 10733 17087 6671 18989 17217
9713 8227 14176 3474 2357
9715 21847
9717 21824 17648 24469 23267 10724 17374 10577 15675 10405 20315 6585 14949 16319 22198 1414 2842 15468 23096 9331 8084 13697 8321 11486
9721 13210 20930 20426 7160 1887 17905 6398
9723 26881 3665
9725 3824 13315 25710 4446 6082 10382 8132 7836 3565 12268 2555
9726 8989 11411 5695 24794 17984 4907 8448 14000 13410 556 7142 17068 2599
9730 23792 22794 23458 24615 6596 25504 4188 23711 14500 2411 22605 12201 25
9731 24390 21412 22563 20904 14095 25338 23797 21087 25958
9732 10460
9733 8315 5581 7911 5540 602 20189 12356 14986 7268 15111 3905 2916 3467 3372 13240 16890 6089 18841 3197 3695 2719 4727 22511 23060 3468 5435 20845 4718 25368 24577 18723 20965 14970 22000 17172 1598 5145 9552 22852 24220 15025 5456
9735 7134 8232 1584
9737 323 1427 4223 475 24043 1525 7513 18289 10801 20225 5000 19556 24625 24864 1562 19843 17761 16932 7174 12276 7953 24018 4733 20572 7930 24664 1466 14690 25290 10497 22462 16346 3737 26002 11872 19948 15966 14357 24689 21986 9292 24947 13265 14193 5733 20841
9738 25020
9739 1294 17303 23022 25234 11925 3486 18665 4375 4962 7941 14343 14777 4141 6382 13778 11935 2935 6289 2765 7973 21353 8018 649 9645 20418 2685 5055 5646 13624 2542 5003 20350 773 477 19871 12234 3665 11830 1894 8638 8079 15097 1477 6059 800 2447 3617 18710 23690 7358 7471 455 1614 17622 10968 4486 11655 612 4300 17170 4044 14167 5264 20543 2455 13081 6621 1165 6575 7549 8030 5287 559 2735 6251 11869 8228 3289 2115 4477 8024 17253 2131 22511 11274 9351 7163 8849 6937 17991 12380 11791 2520 5598 7714 6930 2414 6261 17346 13229 4065 24094 4624 6085 8984 2537 7884 17581 21043 3655 5169 4393 12658 22625 23407 7395 7873 13243 18810 9472 9634 6123 11641 15034 23943 5394 16466 15083 2688 1954 2475 8003 16579 17176 13623 4711 11178 3550 16464 7488 5359 13618
9740 25543 24002 15768
9741 25546 9586 24806 24158 7884 25444 18659 12062 4112 23483 22678 23926 18275 4737 23239 25892 14748 24623 18459 1144 17094 8258 25133 18839 5213 23426 12105 13813 748 25282 6732 4837 3617 16422 15195 23092 2904
9743 10794 5579 14633 10827 24048 18828 24086
9744 23641
9746 11803
9749 8732 2876
9750 24025 24048 23504 19383 22374 2980 16464
9751 22306 21257
9752 13022 15995 12615 25961 24836 22042 26261 17558 16338 19147 18638
9755 26103 18890 13798 20869
9756 24880 25322 25849 24498 25710 15960 22059 686 15895
9757 11292 16463
9759 20751 2799
9760 20695 1086 15125 25062
9762 16507 5722 2685 1669 22511 1579 5499 19020 5277 15842 17383 24779
9763 21516 17119
9767 17648 22488 16167 12682 4226 26783 9942 13417 20490 14020 5162 16705 13243 16746 12103 7546 2292
9769 2049 23216 3193 22391
9771 18807
9773 22011
9774 16200
9775 21441
9781 18265 6722 9840 19552 21847 270 775 5432 1412 1514 5719 4297 15029
9785 24011 10359 10841 12536 8869
9786 10766
9787 1475 16571 20731 25602 25117 18862 3617 24048 21386 22683 19443 26436 22807 20009 4089 21947 6785 16118 19273 2512 7992 9982 26881 17440 23997 25160
9789 10183 19958 22331 23129
9790 23512 23017 8644 15380 24686 18737 20253 23964 16431 24096 6536 21382 25522 22713 8830 14403 16941 12077 20926 24231 26409 19017 22376 22130 5592 25620 16487 9830 26161 26668 5431
9794 18235
9795 3725 6680 12662 24999 4532
9796 7149 22270 10016 4998 20152 8073 846 5201 9434 13134 16885 15361 8355 7382
9808 6127 20915 25117 18499 24048 7060 21471 21657 11765 17440 15624 15701 20740 13965 6112 25090 26758
9811 15904 26062 13403 11107 22961 8475 8192 24022 16773 23603 15022 14817 22402 19980 26899 2891 15659 7759 18705 21505 3154
9813 6208 3525
9814 21303 26023 20283 8589 24906 18388 17440 12353 11820 24451 24289 11112 15736
9815 12198 13475 1404 15788 23890 20340 15929 18729 11267 14821 8134 26594 8656 3289 18108 22499 16818 22518 10475 26795 12283 17670
9816 24073 26208 7285
9818 9157
9819 25400 25253 17546
9822 22183 1809 4228 10470 16436 12409 24430 15243
9823 24134 10286 10633 22425 19333 26346 18743
9825 17584 19012 10199 24462 19412 2977 657 1473 15329 23367 18 18446 4991 12544 26120 9444 18528 13013 14631 26491 18557 22158 26467 24940 26849
9826 1199 3879 7520 1852 23887 23504 2959
9830 12314 8501 22045 546
9831 12409
9833 11790 6806 10160 7849 11143 4043
9837 2851 7330 15768 25917 26294 14593 22120 21599 23171 10184
9838 10146 210 10767 25728 19746 10342 24898 1605 20372 18886 18396 397 14980
9839 4248
9840 25371 25616 14459 19895 4454 25157 16510 4592 22949 14235 10283 7429 11618 18354 20510 24523 10896 10571 15794 3362 10641 16255 17807 22146 22111 6278 2432 14843 10241 342 10982 3846 10946 26465 4557 7684 26714 13765 3477 25368 7994
9841 25111 7776 25069 14299 23779 922 19380 486 20736 3805 15247 15381 3664 9348 20055 13369 13119
9842 20737 9652 22559
9843 1895 24889 3684 17104
9844 11410 9230 24275 241 9391 7295 25485 968 23692 1294 10636 12639 10028 3896 17713 12202 19547 13618 16715 4390 14883 16150 8223 17581 20355 4290 6813 25108 19465 9969 25480 13026 17164 26045 4397 7400 3795 6395 14821 20127 9207 16688 2133 23400 18406 18507 12115 17739 18119 7297 1987 13391 18275 8048 4180 24158 13148 3420 9414 11102 16698 23972 20813
9848 16579
9849 20662 11871
9851 9369 21653 11259 25273 19369 6680 23799 8201 5134 8711 14581 8888 18829 12022 25261 20322 20432 22949 11813 19786 9963 10237 24058 4766 12119 4194 22447 2755 10693 22514 9459 25916 21090 6590 23154 22404 7377 25217 8100 9722 20950 22744 4786 6092 25951 24622 1974 6207 2024 2709 14970 735 18538 13759 11464 1545 9622 11052 26189 597 25937 17151 19469 21515 18834 12952 21495 16918 5824 7891 1024 23690 19704 10459 22167 19362 15684 16631 26048 20539 4133 4894 15374 5877 26285 26288 21664 24715 26479 10955 26172 839 7789 16827 12769 14938 683 5462 26527 3993 13368 6281 15810 22211 3364 26714 26761 26791 24124 17803 21462 14975
9852 6731 6814 14378 7938 12189 4549 8406 4842 2441 3554 671 22919 23352 7837 16746 1003 3567 23381 4752 21019 22297 4433 15223 14802 5942
9854 18043 6694 10906 5127 15176 13538 14113 6067 21390
9857 4112 17440
9860 21390 13415 7984 25258
9861 10960 2194 1423 470 186 25543 4844
9863 16315 22723
9865 12043
9868 12108 5112
9869 18890 1825 17215 19690 1414 26422 19754 9159 15739 4844 890 9838 16746 15456 16966 2957 2961 21402 16429 1619 21739
9870 2130
9871 7785 3830 22876 23614 19742 122 7792
9874 24530 25342 25422 15401 23955 15414 1834 26714 17217
9877 13962
9879 8731 16187 26062 6465 7638 3617 23647 22605 6672 12523 8736 3314 25268 6038 2523
9880 20507 17400 24485 24334 23581 23535 18133 15400 19189 6256 13696 1800 5131 17804 5766
9881 13120 24184 15816 15033 4119 5680 8756 24476 9931 26774
9882 26091
9887 6680 12615 8088 10761 17154 24201 16711 19218 21286 7442 21527 3617 24925 25668 24267 6946 14905 22969 22837 8207 15529 22758 7366 26233 15639 54 12041 26392 26323 12356 10843 16458 26384 17081 764 9759 6804 6100 8273 14696 20185 25368 6356 15893 26654 8307 4961 3641 11427 13853 3871 20599
9889 26384
9890 21782
9893 6731 10766 10334 5818
9895 25313 5400 4074 13174 13557 5386 15990
9898 11500 25061
9899 16704 11631 7397 18982 7073 12040 8497 1252 16742 26636 6166 26711
9900 25522 10563 24296 25198 18633 20712 4644 11952 2101 6553 1683 5556
9901 10364 21797 22278 26060 19401 8685 13949
9902 23712 11259 17997 23549 24086 9893 10737 12534 15854 1413
9904 22779
9905 24390 22902 24293 7088 23906 24491 25412 25462 23538 22605 24267 5772 7457 19637 5852 23692 20164 6668 25420 24121 22490 24517 19563 9686 10847 16979 23978 3740 4948 6410 13105
9906 10470 18932 16696 22983 20447 24771
9912 2273 1527
9914 2340 15434 26783 21743 4792 2767 9032 15695 9506 9455 10225
9917 12180
9918 2514
9923 25650 2842 783 882 2206 1108 11883 8844 2654 2476 25133 7750 24523 2365 26470 2288 4852 12639 6966 2557 12474 23259 1083 6223 2532 26529 13110 24947 19376 8762 5735 3611 7743 5518 3969 9764 2083 4574 7683 23990
9932 186 8306 7848 24476 699 9750 11633 1196 3652 5147 16277 5411 5094 16986 7932 7385 23682 7112 1085 5712 3173 3124 4158 7470 9364 2713 17244 4012 2273 1629 6678 5624
9933 594 616 23516 3226 4942 24677 1734 831 2837 1406 3722 25303 15104 18713 4470 641 13549 1319 24022 8544 24255 7102 23745 7901 18454 2428 1638 12982 25467 22243
9934 16031 19178 15320 13408 12122 20263 3103 23158
9935 13235 24743 3819 24616 25892 16423 24205 10263 24022 3805 16575 17821 10999 21847 26007 21573 12824 6964 26774 8136 17217 6354 12043 25668
9937 13545 14372 24359 12424 23401 8155 14593 12562 8728 19075 24518 25924 25217 4757 25420 2349 9507 26008 26067 26120 26084 26167 17769 20632 9987 9630 10098 6348 26039 17866 18323 26502 14600 8202 19345 8775 15434 8039 26485 26615
9938 2546 23397 17003 24646 20726
9939 86 23997 85 25205 23926 24184 18618 4915 24003 6430 23644 25341 2600 19048 26465 9886 17303 6942 8942 26682 16005 2928 6828 7761 10999 26491 26270 23691 3734 16075 25160 26818 13213 18716 9931
9943 7639 22554 2793
9945 24762 8127 24168 25275 23805 4810 17980 12156
9946 18895 11587
9948 8501 13815 7606
9949 10168 10503
9954 21847
9957 4303 23381
9958 25164 15732 11630 6391 11921 22558 23066 11599 11870 10245 25281 19825 24906 22750 23090 24996 3199 18909 25668 25794 25872 347 3126 25522 7754 9021 873 25969 10427 24523 26588 2476 9117 8963
9961 19191 3347 1169
9962 19052
9964 9726 1382 8885 3999
9966 12996
9973 24773 4098 7290 3665 23799 23626 9606 24134 23833 24260 24330 3909 17581 22892 6701 15591 16366 772 8055 4205 24779
9976 24779 13157 7853 21294 11594 17816 2075 19020 2011 25831 19186 18775 16464 26446 17440 5557 26539 15617 7204 24077 21149 19654 20667
9977 12256 17689 1233 23407 22939 24465 14841 2813 13836 9565 9482 7444 14616 9715
9978 25116
9979 10145 10647 9383 17719 7142 8113 13006 19017 184 8862 5550 3138
9981 5037 24855 7651 5672 1657 17706 16182 17891 854 26490 26846 19949
9982 4363
9984 25457 3087 25324 1421 9190 8309 24647 500 1697 8586 17002 3126 1741 4690 712
9985 16445 1599 20489 10120 18245
9988 21234 23692 22352 8343 22086 20109 26061 19997 17801 18828 20268 8481 24825
9990 2890
9993 25485 25350 5810 4086 2304 24407 24649 16382 25095 7647 13062 8249 24550 17075 18367 13577 8085 3740 23448 17472 8290 7131 22834 23723 9706 13461 23657 8506 8488 6923 26479 12037 23301 2904 13968 21536 26714 15158 18743 21765 19352 9827 8507 15729 2878 26451 20264 23060 1627 23997 16101
9994 24022 24612 13777
9996 12615 16053 25535 21501 13734 5398 18523 4656 8534 6197 1288
9999 8731 6465 6346 3432
