9488 19819 7575 19020 718 17976 9940 7833 15631 5459 7729 8205 857 8418 517 882 1083 11527 9325 4570 6827 3041 420 1865 3813 15407 4827 7004 19637 2747 10702 7648 1255 11420 2606 9428 17047 2839 18397 14490 18550 2562 2504 2546 12827 12801 13231 18276 7111 18298 8913 4259 250 10071 8687 15340 9815 18219 4053 14451 9018 17539 5027 1490 11589 9944 8448 12804 6214 18674 4572 969 7432 1577 395 14432 17211 12030 2864 1859 13951 1002 9811 9410 3778 18261 19520 6025 5895 12062 557 13440 14075 14502 3656 15379 13309 13585 2655
6794 2146 9639 253 16505 12599 14985 277 10730 19440 5878 12036 19500 16547 1657 16865 11151 497 3805 15963 2892 3040 14039 3671 2401 15950 17563 5172 14753 9417 6458 12918 10022 11395 5850 12761 18074 11806 3075 13754 10906 13010 7065 4914 14937 7471 586 16145 15425 2881 9532 18985 10667 18602 7136 8 9483 19708 18243 13204 16687 13082 8720 3501 7576 17015 12231 3245 10089 13553 5290 17322 1234 5902 15495 2782 13215 8624 6251 14125 4104 5668 4603 18263 18315 6979 18629 10911 19829 12825 11323 16564 4140 3415 5464 7747 7144 2175 5805
15657 12258 16533 5350 16875 730 1815 9715 4333 10168 2667 18837 11057 15335 5101 16957 7721 13400 14771 9456 18362 8226 1655 883 11415 8309 16661 2539 16136 7067 6092 16059 15802 3736 8062 8355 19471 17481 11940 9962 14651 1746 10905 1075 18999 13618 8023 10270 11639 10340 19223 5627 3689 17537 2022 7707 6510 14167 7157 12739 6950 17828 10171 350 14033 4264 2364 15656 13040 1117 17480 8785 14010 2570 14871 13926 18450 2939 3104 7133 11033 16670 1947 7062 14112 5955 3543 8283 127 2567 14108 2743 5810 11110 10481 8919 5669 14401 15442
16272 13940 14492 9029 2623 15280 17052 12990 428 16240 15734 5787 6098 6736 3471 5227 4542 15403 18769 13267 9480 271 18026 2503 1530 1283 786 5389 13813 18982 1923 13100 19919 8109 9264 1459 11169 3377 4349 4413 18614 1730 4106 8372 5309 15730 2379 11357 14911 1247 17622 6516 19957 3452 16803 4014 14961 10035 17591 12756 7340 10318 11060 2792 10373 19678 7007 14080 18187 4582 14347 18169 10709 9789 7415 1769 15611 548 13901 5304 1586 4261 11532 18405 2409 19777 17264 7816 10268 4559 17724 14631 837 4066 3207 18649 7729 17935 9659
12408 5196 18134 12590 15508 13497 9950 1982 12156 19581 17901 10117 17444 7612 891 4905 6898 11012 11328 411 3362 17330 15984 8632 9801 17520 1452 3251 14126 12983 10932 8841 15673 3597 13468 8131 11733 3339 4421 17259 15373 9787 9196 3806 1976 18974 920 8708 6676 5780 978 7716 4185 14431 7972 14019 9446 7247 10483 18290 13062 17636 16165 18144 4637 17351 10558 16590 310 5112 2510 6899 15444 12696 8419 16353 531 17698 18368 6781 13822 8669 1211 3067 8996 10961 8244 9999 16228 9821 16391 8387 8301 18301 13755 14613 10698 4717 1580
885 5724 4994 17130 4903 11655 16349 8395 7438 19106 10314 16702 10070 1941 7909 14097 4234 19322 6536 12577 7370 2392 1668 1527 13329 2977 6697 10968 402 17189 6938 14214 786 13852 2513 19304 5215 3033 1374 8570 4580 7307 9206 18729 5209 12892 6702 18470 17006 18588 212 5842 3441 16508 16256 16487 16339 16940 3723 12798 360 2861 5142 12708 6461 11779 12045 7487 9719 14841 13546 14139 19478 19693 5555 7764 8134 17988 14573 4563 6900 8861 4688 430 8390 11960 196 77 16958 8383 4272 17177 2334 3640 2920 13511 11197 2589 6779
2344 9114 11914 5688 11374 17066 16238 10909 18486 15035 9564 19075 2064 18151 15057 5949 16425 1638 14335 5805 12274 8341 11241 9983 4209 9667 3658 10179 5042 15759 1174 732 11202 11043 12342 2288 14796 9027 13976 11504 9500 782 11683 9032 14249 14418 12540 6297 2122 16398 4980 1932 10744 12297 7297 7812 16389 4706 19292 10959 9789 399 18848 4212 13553 15590 13917 7618 6931 7576 4814 10312 11545 6484 16689 11948 3518 10367 338 400 14318 5967 10165 8979 11392 15462 4117 663 18131 18708 1490 9475 19953 2123 1214 694 14323 992 9214
1131 19360 13180 1245 15572 14062 14078 823 3281 16675 1301 10250 11349 6472 4016 19205 18995 10758 8077 3626 17960 11426 17742 3853 6179 2583 1000 18776 14945 8752 778 10925 6143 12597 13263 6783 6076 4809 15110 859 15275 11162 15781 15714 869 1523 16812 8915 14774 5646 8425 16032 2280 16339 9984 14730 601 12210 14642 15772 7589 1352 19439 13358 3500 18532 5968 1090 12172 8273 2542 19724 16095 18813 11887 7368 17776 9870 4212 3275 796 16094 5745 17228 2388 15300 7327 5421 6419 13696 607 7135 1804 8870 4606 2429 14754 10139 6997
18869 8392 10099 18087 18380 13071 13029 9071 8561 18637 18672 6234 3173 213 7339 3304 14294 16792 11247 6980 14759 1765 4207 8061 10241 873 7180 4762 12644 12872 12194 13403 19721 5030 3029 4562 2992 1715 396 6389 19360 15302 13497 2947 13697 1404 1786 8960 7718 3132 11515 19056 6808 859 1396 16822 14575 10205 18229 10713 20000 5632 3754 5392 17521 19561 12959 18838 1445 17511 15507 12052 15154 4837 7344 16889 263 2896 18228 10748 13005 8537 5347 9579 2235 9350 2913 8691 10897 1208 18901 16782 18050 11672 14579 11365 18789 13890 12056
16526 1870 13094 11476 8975 15317 17827 12464 6370 5118 3819 14954 1653 10650 7700 10089 14442 17159 7547 15812 15395 11423 7435 12271 10007 5464 10200 2496 16179 7945 5661 15855 7859 13058 12419 12758 1470 15281 3473 14363 15063 1854 13142 19091 4882 19819 1000 14847 1704 17304 450 7937 11512 16884 4412 826 10116 751 10789 14832 9213 2266 657 17097 13267 3468 3141 5906 418 520 15092 15146 17107 6148 5436 6647 10415 5697 5678 18979 4684 409 14756 9653 14014 18665 16345 17081 17084 3154 16968 6594 11241 14168 879 3385 19383 9929 19407
19141 10951 15662 6695 14330 14803 16058 19915 11278 8905 5265 1846 9046 19303 4417 16568 2199 7482 11734 2425 19304 8372 2793 6808 2523 7607 4027 16625 16336 12735 1013 18246 17501 9521 6671 990 471 15640 19434 19788 5060 8305 12145 15979 9775 19589 3389 4190 2492 14186 12005 15938 6310 5460 2631 17606 3826 18553 8938 11553 11782 9310 19742 4599 5699 16346 13301 6801 5449 15291 4458 16615 12179 18272 8184 14688 6616 409 9610 15738 15873 7570 15041 13339 18647 10090 1380 17140 10812 12717 1998 16869 3873 2227 17783 11191 1195 11648 13730
17811 10616 10593 10297 3232 2522 5074 1173 17743 705 4134 2002 2631 8224 13487 6401 13369 7835 10698 1845 6617 2436 15082 10201 2143 9961 15947 9929 5396 4110 957 4667 10666 10422 12977 10078 12256 8085 11698 6693 831 1509 19908 15094 6299 6372 8274 14301 13808 4987 7880 15355 10315 18440 3839 19445 5464 1184 1318 3885 19917 13802 19237 17911 12391 6461 4619 2258 14113 1251 4599 2043 19828 11040 16137 16463 18825 5079 18859 6995 4012 2444 5049 17300 14783 2730 8456 16213 7311 17020 19221 4720 14785 10459 2024 11624 18703 19740 10344
18378 8744 6685 4241 3834 17075 14323 13409 15812 17753 1585 17867 19616 7326 781 18160 8573 5379 9870 7798 19126 6942 12197 8163 5261 368 679 7256 4757 5953 15074 11812 6049 8090 12817 228 8693 8850 1291 1204 9051 11325 472 6436 12106 8781 16006 15953 14179 11679 11677 4527 18597 6880 15016 10392 16235 16261 11320 6828 8844 16383 10701 6482 4732 15645 17026 8108 15714 2792 10599 2552 19094 7312 14922 4810 16009 11364 10619 4719 6592 19572 15795 15506 468 15946 11939 1187 11490 18492 2183 18017 8657 8749 13980 14462 9011 10301 14700
14594 10529 1330 3607 7254 16617 5200 2826 15557 12328 14181 605 19353 2045 6567 6467 2875 1976 13723 17220 4597 2385 16821 10268 4425 11248 2153 8291 11191 610 18845 11258 19347 10124 4808 4361 3185 10638 9878 12531 2221 7247 3289 7335 13884 9977 13681 10796 7577 15646 16335 4657 1407 18339 14512 18829 11657 15851 746 11549 14921 3295 19886 2429 243 8720 19058 9329 14690 7921 17433 2421 5383 9000 4231 11500 4646 15001 2447 6202 984 6181 3202 1196 3753 12415 12231 12627 8935 16534 3212 2344 7 4731 17275 15324 15472 19994 15366
3294 19001 3003 2434 11608 11427 15940 197 11141 14181 19935 4810 13790 17170 10207 8251 1101 8842 12616 15900 9577 17794 3219 6635 4985 18761 4351 11049 4141 8871 263 11021 3129 12854 11706 7886 6991 17576 5020 12989 3710 10193 15828 122 11212 5333 6052 2718 19842 5897 13819 18950 3090 9471 17543 7384 1906 12846 14867 12149 15285 1098 2138 332 9973 13180 2194 1481 15654 7308 15426 16509 1613 10050 976 11408 13643 7499 16492 6510 10315 13381 7224 7827 11221 6164 17314 15407 5493 10849 499 5680 1798 8383 16800 5713 17702 16573 18361
1534 19665 10827 2100 2162 13504 5508 8216 15721 180 12621 5092 15273 449 7397 15496 4783 5062 14678 19860 3245 785 18572 18660 13556 3213 10520 1178 6156 6615 4564 18219 7879 13381 8912 13253 18634 8758 18603 19517 17466 13541 15996 16612 11032 19405 10692 16016 1801 2971 7777 9228 11139 15150 18630 6105 11871 7042 16745 7930 18008 16616 1512 5444 11487 3888 4944 79 10250 7203 2381 19799 6256 10288 8132 7795 9710 2273 14600 12845 13126 18542 3169 10660 17272 7262 8262 9388 5613 12104 13362 15284 11130 2120 14724 3834 6542 17371 12175
15711 7785 15745 2961 18017 11117 14262 9685 7703 19438 12523 7710 2169 5000 826 11051 13889 18529 13918 8951 4492 750 1553 2420 15395 12339 9335 19734 12068 18878 4841 19428 18558 4970 18167 2398 12419 13586 4053 17772 661 6222 19444 1582 4097 19929 5044 17225 18924 3087 8929 18106 5251 11479 10350 1652 3275 11720 14905 14152 17296 7804 18895 16271 18170 12210 4654 4139 15842 10757 9127 13232 3088 9645 3646 8420 7092 18142 19825 12496 16263 10469 10512 13283 4756 10204 11587 4998 7257 12639 11889 10907 859 11806 11840 9819 4626 4144 4166
10412 107 1584 17434 5523 1497 9508 2099 12326 3900 6071 6254 13196 10432 210 10918 15763 7203 17995 4396 18707 15563 17375 11633 7959 10851 12652 15135 1561 10634 12995 10473 11505 11679 15612 10484 19987 3376 15220 13681 16411 7607 4896 13723 2394 11394 2847 4362 3149 9101 14442 5083 6408 11390 1766 10518 14361 18155 18289 13192 8010 12082 5786 4849 10713 10361 3437 172 2823 7494 10588 19254 9104 12825 11895 7775 6305 3980 10728 15393 10533 5978 1113 18283 2176 13095 13638 17105 9219 9928 9829 16219 16279 15947 18388 14948 15943 14211 14608
3733 17152 5943 3209 8358 4116 12286 10732 8225 11071 14200 17000 15420 19594 16309 7223 3 17386 18860 3022 7093 13509 10422 12481 10835 7085 18868 16290 16339 3794 18896 19529 573 11162 8834 15168 8199 13177 19191 4567 2061 15 17807 12255 11027 6458 2271 13275 6715 9287 16002 10848 1080 17601 18325 4901 2447 9111 12869 5077 14942 11790 16199 10344 6463 997 15717 19156 7474 2639 3155 7802 16391 4207 15691 11247 14114 215 17073 4148 9975 14188 1861 16411 11048 8472 19845 8223 11089 7194 4771 14616 1655 15572 14730 15345 6332 5238 18592
8802 2104 342 7074 1670 4792 19210 6830 3316 5774 16995 13731 1747 13796 11441 6312 13984 3769 19430 13913 11294 17482 19638 1993 3740 15041 10372 5022 2758 5441 12663 3348 11999 15535 2398 16137 7446 6307 766 3428 5525 7105 17396 226 16011 7932 5872 12266 8809 1103 19142 1810 13671 1664 3203 8048 655 2407 17034 5563 5810 10530 3899 14056 1755 7278 18464 10791 2918 14293 3538 19081 830 17347 12497 14379 1252 8342 15705 10792 4693 16015 15887 17557 12800 14840 4863 2066 1984 16194 14637 14189 10524 4359 13781 17166 3329 15457 16399
8199 4893 18399 5549 13760 15421 11943 7786 18739 6376 10883 8281 11987 15101 12183 2813 14181 7900 15393 3567 7348 3320 12269 7897 9256 13848 2040 19060 14229 7931 17736 8857 18929 13340 15952 17591 11850 15899 13752 16445 10382 9706 10616 13570 11122 15454 15466 2127 10645 19647 12709 11263 15309 16860 14681 11212 14598 14515 5790 9992 17977 2461 14087 5517 1862 7886 14351 2447 19637 9701 452 10262 1332 12481 12801 14223 665 19592 15379 818 1809 366 3760 3351 16122 14876 2986 13543 16765 18736 16397 11102 10299 6958 8735 5637 13388 16563 16931
9443 18080 12355 6079 5446 12453 9788 4233 10070 8421 2272 4831 18155 8832 13566 13083 106 9517 19923 2672 18023 6362 17564 12767 4650 10404 6591 2092 1122 11846 14639 16994 2144 12477 5846 3053 6680 15865 7207 3611 4223 19282 8470 14836 17589 11332 19154 13145 11825 1729 5465 6759 14098 9142 2245 9885 484 1889 7758 11220 11731 7186 14271 16562 8037 1208 10222 13505 15134 9349 8377 181 15698 5047 19435 6564 11482 14273 9311 5880 12961 8600 1301 16537 3993 341 19394 11944 1275 16587 15224 3727 14552 1725 5135 18851 18036 10774 7079
12705 337 15364 16674 18716 14760 12217 9113 11231 9042 10040 3744 16742 17627 15171 6107 933 14373 4673 825 2507 18145 9224 3223 9851 18255 4275 7744 989 16545 18690 626 19150 1479 5661 14257 9711 3830 15147 3624 1968 7316 917 19144 8781 13430 12174 19462 11157 14227 6757 18238 9997 1741 8640 14686 7515 3054 14343 485 3278 7913 10261 17247 1693 18030 15268 10130 4469 14398 5653 1086 18282 8895 19054 6279 18196 14263 10149 12740 11729 8097 9269 19419 10851 10580 14329 6976 15528 1494 7751 8255 12429 17128 15247 7086 14293 12546 5198
5711 3736 17139 3230 7102 18796 16997 14244 5312 12458 243 8767 2308 15652 9234 18920 19770 8141 640 16673 5331 11865 5033 4090 4120 15105 15415 10641 18861 15642 13213 15446 2387 3589 16884 8999 10209 16575 11593 18894 7084 5047 15686 2286 6301 16011 6152 9281 12335 17610 9131 3456 4445 8449 15156 14350 18129 14873 17291 15841 5491 6739 2575 16216 19492 14949 5672 9250 2388 14784 14879 394 1069 11258 13885 10317 6159 2675 13865 19081 8512 12369 11916 19450 18725 8770 11776 6825 1540 4263 11165 4009 12406 2300 6244 9336 14113 1166 12888
8297 6529 11936 14134 18943 3781 18800 1508 4779 3378 6232 10874 11241 13609 16209 3743 8239 16988 13624 669 3122 17281 12309 19317 4801 995 9792 12065 6918 8846 18702 17471 15877 9323 18354 7880 16504 4047 14317 5738 7259 11024 10527 17161 18817 17087 7564 13532 6838 14371 937 11981 17397 16917 7710 3784 9577 17344 10158 13591 1590 9340 14061 4497 2955 13844 16036 16203 15524 11163 8111 10179 5062 7190 19270 11277 14999 446 16943 4056 8829 9149 7918 6192 9635 17300 17419 829 7228 10696 17668 18408 3656 11931 11408 1904 3145 4182 7204
18546 14476 3174 11510 3650 10446 1041 5767 8248 457 14067 5530 8739 12206 7843 14435 6404 19098 12748 7281 1566 1152 19460 19912 6622 5378 18761 4895 12892 13695 14618 9211 2509 2561 816 8744 9698 13689 3329 14339 13766 19004 8841 8478 4128 10996 5142 1779 2703 7581 13099 16093 9641 8056 12228 1937 5225 16848 1881 197 14030 14195 19226 1853 6129 15165 7514 538 2232 16319 14440 14506 3791 10565 16066 1204 2308 5411 19651 13653 12594 4880 4554 9674 7066 10440 9853 11765 17374 2324 5198 13645 7866 9378 6965 12815 9287 5168 15760
14333 4807 13487 8664 1429 43 3475 8317 7724 3477 4138 4053 4249 7503 10547 15026 3646 19096 7163 18177 3158 8597 1653 3871 11329 18826 14950 12167 14180 154 15799 6965 19477 13906 6957 14964 14194 11965 5951 2329 18744 2633 2604 4344 13659 15371 9390 16164 5871 6427 17755 18736 5207 8848 13560 17652 6217 12858 8870 4328 16398 859 16820 7333 11062 19057 416 14182 13943 12245 1410 12313 19560 9876 6369 18970 16903 4368 596 13763 11131 3294 15879 2178 5603 17528 6287 9192 3691 1989 15802 2622 3033 4829 15833 3720 6767 14340 3027
15688 16960 8217 6788 9738 6427 5142 14816 17572 7007 5492 10257 10966 824 7716 5499 19561 736 18145 8921 11121 18806 7997 14971 18213 11532 13887 14778 11642 19548 9454 16637 5716 6320 14767 5888 5296 1169 19120 6316 15846 2844 15749 2551 6955 19215 11930 5812 11512 1276 13812 6919 4271 2753 13550 1844 5078 14419 2476 18006 3232 2218 5105 17702 665 3765 17921 13299 16635 1878 14315 10531 5085 16013 10058 477 15165 6988 17788 2564 8802 18780 17304 10984 7099 12478 19388 14695 10615 1111 17623 10280 16639 16118 10433 10567 18295 2389 432
642 1502 12344 14931 428 7892 15720 253 15616 19570 1961 3023 5123 5533 13140 4983 5556 14396 8694 16845 385 7432 1659 3405 360 8353 18574 13227 2059 17421 17498 458 14990 4368 11063 9925 19721 2770 17409 15365 10102 18600 19571 17881 11082 2370 6224 6894 466 13182 2360 13908 14467 1183 13036 6399 5727 16006 6996 15344 3939 14198 2553 10778 2755 18900 14220 1336 19156 15296 3414 14028 7524 12448 4757 15688 18032 632 11544 12808 6583 17254 14302 7156 8436 9716 13985 7983 7763 13430 15349 13819 14915 4678 1685 2322 16253 9905 17732
14795 9055 17529 14534 15515 17638 19009 2349 9208 2443 12456 17468 5722 2326 8639 10860 10135 6052 15901 16197 262 15164 12622 3176 536 14970 4669 17758 15110 16283 10340 12128 10503 10883 17869 5047 18292 14791 15733 10681 4375 10484 675 2352 6186 9165 12879 18471 13209 3750 19205 16067 16324 17146 2161 1984 13152 18527 4051 4958 10567 1644 7913 14947 1567 15866 378 3017 3128 7052 7068 7218 5025 1486 8335 7656 6895 7861 12055 10749 17325 2564 160 8686 4413 12411 15404 4012 13730 14690 912 12703 3280 14440 3298 3878 4232 14621 4256
19091 8565 14068 15354 9155 1464 18261 8570 15821 871 14898 10990 19640 18120 19367 13788 15044 692 16198 14417 13290 6901 253 17004 7713 17958 16898 17684 14274 6287 10631 13834 4464 267 6197 1833 19993 12369 15578 5164 5445 4849 12834 10623 11236 694 14616 12084 18918 15353 18082 2784 17538 4340 7571 11541 16481 11383 17362 5418 18959 1505 3575 8200 13801 13013 9374 10107 9858 5483 1501 9044 12897 13459 2569 13190 3281 11088 9354 10058 16751 19414 10967 14657 3624 13778 7569 1590 6094 15968 9960 12313 3366 12093 18630 6875 11392 10965 9211
4573 9655 11947 4995 19255 552 671 11197 1504 9079 8999 11264 5255 11191 16575 5718 16859 15611 17681 19058 13987 1194 4549 12727 3748 19706 6131 10186 6532 9742 14503 18295 299 5616 10327 14311 9279 7245 10635 6934 4247 7180 18512 5089 16728 17438 200 9606 6924 18358 7553 10650 12088 954 16521 652 5233 6256 10059 13373 17886 17096 6678 1760 8055 4351 16279 8924 827 4967 993 7372 18906 10779 17783 2652 3734 4740 4338 18846 19108 12126 15801 6707 11565 16207 10455 16133 11055 14240 1069 5133 3494 368 13618 17868 1883 2422 3520
4133 19061 15028 9943 17163 10144 11913 8222 19403 15012 15563 11347 458 17975 12665 19223 15389 2246 3448 10524 14610 11794 16625 3614 7768 18286 2703 31 17336 8499 395 19674 11750 152 10939 8056 15702 1714 14995 8694 8632 5569 10661 13977 4277 7691 17091 19884 15918 4516 9430 11012 5441 6806 15875 18148 3810 14350 1694 15546 11760 3562 13056 16302 7060 9667 13651 267 19903 19650 19597 4724 3687 5220 19384 18556 3507 10510 16969 11537 12337 13790 3751 2500 17057 6376 345 7400 7921 1116 15172 8907 18490 847 8062 19431 16979 16849 6353
4172 10794 5998 438 8245 13908 13244 16100 6641 478 4964 12161 4662 7926 2 16462 12290 9008 16492 7676 17158 4803 6990 5801 9569 980 8712 10255 4868 10060 7857 993 12532 13371 17113 1280 9672 7259 19884 19707 14470 16425 17306 8419 12889 9189 3738 11160 16499 2344 9493 18618 10758 12059 14359 6214 18512 16303 7024 16786 2660 4450 3490 3779 13807 17428 2036 8140 17538 7183 15904 8376 15744 15693 17924 19067 16243 7474 1633 12154 16775 15397 15559 10073 527 12567 3156 12052 5941 15748 5256 4945 2648 9981 14765 16530 18484 10282 18850
7489 5958 610 15878 3127 5171 5401 15063 10306 1069 15630 18752 3404 3543 4133 9110 1914 12127 11280 4651 13231 1737 7787 18103 18145 2544 5580 8374 17858 1763 17452 4254 18265 6883 15234 2622 13505 676 8927 14195 16436 2780 14027 16670 10701 1674 11896 17080 9992 19301 4819 8613 5077 19728 1204 5206 6243 5418 12479 14438 16898 10548 1203 4471 16369 19734 12406 16814 6474 3682 1035 11023 2001 15954 19073 5910 19173 8312 10125 6332 5464 5321 1296 11287 15531 11328 9200 8259 3988 3531 10534 15570 16147 5051 17875 2819 17654 6525 5076
5863 12237 7463 11068 1394 12250 4094 16893 13974 17515 8127 19809 7800 6924 4640 16472 13857 3273 961 1470 9143 11238 1935 8449 12844 6372 17440 9874 1444 11370 10212 7663 821 5643 7442 14626 16166 10682 15049 4743 17909 3184 19675 3138 18892 14985 6941 11527 4809 14923 5427 13664 4510 3454 8285 2832 19749 5729 122 5874 18824 4700 2477 18898 850 17139 17588 13051 10259 16096 8100 5486 1560 13060 12685 18832 4051 12332 3374 7747 5968 19645 18341 15627 3929 8740 2868 19622 7713 12169 10202 13744 4891 17701 18097 17551 4258 5404 18980
4625 18078 9029 18162 15142 15849 6786 5821 6816 7390 18379 13172 8034 18799 16251 19937 11850 18480 7900 5661 2424 6118 16804 19976 12192 5381 11253 7698 11990 10928 18653 221 4353 126 5748 1151 19395 1849 14043 2517 54 15940 2463 18319 10661 3347 15138 9416 1988 11600 6158 8965 8589 16253 3758 12098 17064 18167 4308 5805 8694 8041 412 5678 4670 13372 18880 10455 18979 7869 16206 1108 4457 4385 5675 19454 6683 2821 4697 3662 12617 8025 17605 17739 17446 5472 14500 16703 12855 9484 4787 12828 2732 10471 18021 6459 17798 9902 12717
19567 8245 14725 3446 9074 6261 19004 17335 8976 17780 6699 14466 5773 7902 19804 15723 755 452 7634 9683 17221 12295 385 13383 4741 6348 3106 13872 19292 8712 6124 1657 17302 16090 18986 14022 17514 15944 3837 1390 13749 7360 13347 16874 11158 13306 13221 18261 16808 12378 1787 2548 7384 19824 13311 9898 9263 5198 14608 19373 4116 8398 5752 2504 15733 14499 10978 17838 9232 16861 13104 8852 16307 195 15491 14937 2234 8971 1091 6747 2904 7239 6664 12905 2768 8272 1300 16395 8717 3441 15275 9052 4416 7647 10934 858 11779 4123 4463
19786 3618 13321 6006 5175 4786 15503 14009 10490 11892 16357 1420 6071 14397 28 11931 8912 1693 10111 17154 6389 7520 10035 5415 12522 11308 2524 16539 7735 8216 12596 1059 2705 8416 12543 5161 13234 1151 2173 5373 10890 9420 17082 16050 12915 3256 10463 14965 11229 9642 14647 6092 7793 15270 1342 4921 14302 10994 14535 1649 3543 4928 14603 7863 3497 312 4175 6921 14106 7542 1351 14970 5620 12352 16351 12172 2175 3947 18623 18859 13482 17191 18872 14339 476 10571 17527 16909 10584 18014 3727 10642 7529 9851 15260 538 18955 5842 10313
18867 16987 12652 18452 3808 6252 4835 14974 15448 931 5063 3202 14685 13833 1870 3398 10291 2236 5984 3997 4069 9855 11334 16041 4046 15289 10819 18110 11907 12373 10142 19329 14632 12856 6452 2108 2370 12212 10425 7330 12955 5539 10452 13075 1066 6036 11099 16011 3157 6325 18221 6794 12948 9446 6749 8405 5518 15190 8155 10713 16370 2475 10419 9830 12359 11328 16726 19742 7916 793 8018 758 13463 626 19917 15733 19350 12433 18877 7093 13560 6919 16191 16540 7440 3942 12916 9951 17367 4592 9252 9816 3024 8582 18593 8373 12650 924 14426
6045 14258 11226 14662 19243 14024 12149 2837 7609 12267 3374 8586 17723 3219 6302 10467 4829 8349 855 9052 15986 17337 870 8335 10867 10514 7768 14932 6918 4665 8990 9013 16025 10725 17737 117 8680 16680 5463 11014 3046 1072 1337 354 1810 4802 10301 13041 9930 16568 8621 13316 12376 5953 7643 13251 353 16281 9923 17899 3104 14790 14056 7882 7425 11236 17875 8405 2545 18270 19841 5417 15774 11244 2162 10247 2198 13241 15311 7434 6386 2112 14775 5296 18552 11869 4206 3602 486 10905 3558 9213 16388 4582 874 13511 9460 16497 15846
17167 18514 7043 14740 18403 5299 3006 5133 3999 4763 11130 2425 8785 4748 13258 17229 13054 16544 13623 1700 10324 4044 11213 15011 3700 19176 457 4085 18185 6239 2066 51 9746 11141 12417 3747 19703 12288 14584 6340 16751 2670 7283 5691 8070 16463 12310 1782 17368 3157 14862 15063 19614 18262 8222 4271 16424 7237 7456 4510 10998 8927 16637 2431 14044 8725 464 18003 6786 8564 18493 18163 13673 19461 19028 9887 15589 18587 2909 3924 19884 10796 11106 7330 4328 786 7782 2134 5453 10940 11127 19853 4923 7934 2853 13967 12545 1167 18036
7663 5220 19356 1345 18849 7021 3789 4209 2098 6530 19542 1743 12457 5277 3518 11753 13619 6337 9006 2245 5265 1949 18326 6871 19029 3453 16119 7409 19126 5549 6847 13048 10386 8421 19610 16375 10542 7201 5761 19879 18284 3665 8838 2423 17453 19102 13575 9289 4465 6764 9097 12069 10999 17998 5824 18292 11089 11408 5486 5701 1673 18757 13411 19965 13152 10322 5971 16767 18706 13274 8987 4826 2917 7151 16886 18676 12144 13660 18379 7118 1861 18384 15827 13428 6520 15731 18697 17888 1132 11474 8691 8274 6750 6990 18496 10266 9102 3559 2770
3553 6022 19980 4052 8677 9557 9935 3009 12764 17579 3485 9777 6657 17954 623 14603 9830 13747 2790 8437 17267 9925 13357 2272 638 2756 13642 3618 6243 6766 3579 12635 10342 16956 16560 2372 11820 18429 11650 6386 8993 19713 14897 5624 19267 7097 19798 6883 2930 2285 12295 11284 5523 1158 4979 1713 18913 7734 16436 9446 13927 10847 6624 19919 18220 8213 3480 17404 9093 16512 1566 6364 15826 111 10242 3390 18560 788 16057 10524 19083 6468 13094 2678 6118 18395 11972 624 12094 10579 7363 8563 17983 1233 6578 8535 3154 13299 10637
12864 10220 9222 17596 12351 7266 14167 19149 7969 14905 89 15871 2429 8572 12519 4178 8635 12558 10880 12716 8096 5557 14987 15554 1165 11469 7133 5639 14767 2227 19290 15277 957 9960 5909 19686 1442 13639 15481 9262 3349 7166 17509 4970 12175 7324 14425 10075 14032 9233 19360 12088 2481 3583 8175 11042 9155 13568 7915 7310 4657 13790 5615 17121 11882 7128 19590 834 8206 11517 7813 689 585 16458 8097 11278 16583 10489 7086 12901 19646 17753 13353 2458 1689 3111 7660 13719 16988 10027 5851 6296 866 11819 3334 6023 12224 2543 15454
6742 8172 14001 17662 17122 6119 601 6824 10329 14611 6625 17681 1340 11199 16833 10929 19972 4596 1795 18008 13239 10526 3751 4838 16402 12944 1665 11958 7764 10582 9335 18228 1267 5042 1479 2409 16455 260 14624 14316 17097 7478 10599 2227 12135 2416 8572 13109 1337 8809 2212 15962 18036 16375 2518 5526 10813 7637 135 6875 8130 9871 19166 16362 11774 11326 6478 13467 6143 6253 5953 18207 14142 2069 13069 4378 13447 1757 5338 5036 4995 4819 15368 3018 19722 15672 17676 12639 8082 16696 490 11638 13341 13425 12589 9540 4761 13403 19648
12253 11441 19062 15556 14414 14741 16043 15766 7568 10905 9649 16014 2254 8938 3505 2200 995 13205 19579 15560 15060 14154 4606 5491 6790 4999 11236 14170 9345 17393 15711 13896 18833 7654 8904 4892 2528 9833 2836 6838 6964 18901 18063 476 11288 9620 3602 5528 4109 5932 13428 10923 6195 4836 18547 1100 6795 8744 9534 14530 3619 1107 13869 14021 17584 15866 10996 5793 3242 17506 17652 705 15913 3472 13710 10696 11824 14990 14636 7531 3905 7447 13751 14509 6818 9586 10534 12272 5923 3880 6286 8921 792 14022 18423 11678 14052 16441 16798
17238 19212 3552 2457 13684 15444 15687 824 11914 15964 13424 17244 5437 14539 9588 6238 1817 1844 9274 5447 6426 8714 9082 11251 6613 13592 6738 13627 1103 7817 5500 8690 14354 8892 10067 11884 12418 13849 2775 18 11703 18885 6080 11270 10569 968 17535 7463 5762 16138 3903 16128 1071 7140 1228 19490 8719 7789 17010 797 10230 10775 16878 5262 10237 15266 5502 7482 7107 2577 3105 19707 12847 11343 11834 8358 2324 13812 7695 16869 420 19055 12783 9060 12992 8897 17826 15109 5137 1682 4974 13126 13002 2849 5993 15000 12189 16537 8247
8850 18080 12068 12119 15344 18968 5217 10471 9315 980 18339 2025 924 19733 18085 11060 19022 12847 5835 4900 2383 5991 7661 13558 981 2035 14180 11974 14090 3235 15933 6380 11396 6752 7323 4261 3631 10246 9098 16597 1109 6959 7203 10587 14958 17344 5045 15427 9529 14071 14642 12070 1102 10827 455 11112 18451 5800 6060 11341 7481 6042 3054 1592 16101 2195 11028 6737 16596 6178 6478 19295 12956 7231 15702 7139 8451 13136 1978 11238 19647 14406 15264 17473 958 14889 12889 11451 1752 6264 3146 1729 4038 10717 12230 13401 15285 3611 14909
4489 12231 12235 15431 12630 10572 13708 3536 11005 1546 6930 4554 16737 3650 10599 12107 9103 14777 8910 3279 19907 401 8347 3780 17446 6502 9461 10622 5906 2842 13854 14026 6463 14343 17459 6115 17808 5190 9235 13480 3379 8600 15105 1939 19903 4708 8814 15915 638 9088 3045 2166 4789 4127 19366 3690 3986 19488 10369 19906 12026 670 8709 16638 15668 12465 3702 15238 5486 10117 10612 6323 17665 11264 7144 10163 5900 13035 19754 14426 8813 2869 12633 16788 1944 2353 19671 8118 10568 7675 13143 394 3008 18543 1179 15029 5898 2181 2311
19564 6966 16854 2233 19942 11963 937 1517 18118 2766 7260 1009 1120 14587 19055 97 10952 4956 12075 4205 8948 13984 12837 3519 10301 17623 17846 4582 2767 16299 11263 4127 2250 7960 3179 16063 17626 6259 16543 13262 359 6237 3652 1476 8868 804 7490 9045 2594 11236 19214 9926 6310 12428 5591 14873 15465 6855 18220 10526 17266 17544 12117 10730 5966 1247 2901 1508 4437 16743 8430 5978 11733 19020 16353 3203 6014 13206 4928 1368 8543 1485 1276 9188 12700 18977 9044 11869 12292 6660 4488 1014 13639 13083 4679 10198 15142 459 9743
4706 1513 4176 13986 18487 18567 14132 10929 13965 15176 15254 6054 5288 13655 14491 9103 7357 13726 795 6313 19217 1308 5905 16521 476 19433 13122 11622 17720 190 14177 6277 734 14686 11297 14060 9829 15079 11013 3894 3292 3815 1776 19327 468 9253 10061 8874 17467 5413 4512 6427 3804 5887 490 15976 9959 7506 6876 6762 12025 8968 15083 9683 13757 4185 6636 11922 2309 198 11794 3422 13207 9725 2145 17331 4690 6015 10648 10030 13179 10434 9945 5136 11580 12651 10476 11035 8927 3969 15735 10754 19647 15269 17993 6823 16792 18831 14157
3910 15782 11501 15285 5494 1183 4680 6892 471 17505 2574 17268 15410 16044 5311 10364 8441 18710 4015 4705 2325 7006 11781 8261 17029 13504 6136 11843 3117 3082 11472 9801 7428 3128 17556 785 10222 5834 6469 3406 5934 19421 9204 7317 12346 15184 15754 14802 10069 15686 2031 7746 13058 12473 11690 5819 12068 2045 17796 9630 3007 14967 19233 19752 4006 15103 16484 3513 5150 18218 13171 2763 12072 11926 8990 16818 11661 4927 19724 18497 6443 4014 48 18360 6236 16045 14607 17757 17999 1913 13963 10426 5739 3319 2772 7024 9291 9519 19204
938 8609 10563 3465 3770 3044 17645 4289 15480 7576 5695 13910 11852 2243 3782 6648 8051 4525 5435 3865 9175 15853 14805 12249 11672 13638 12328 17975 17277 10073 17698 6761 14866 14955 19848 1611 18325 7421 6134 18918 362 11285 8885 19574 8815 259 11527 13426 18159 15997 4893 17999 165 16732 4564 9652 13149 7268 4603 3860 10544 15948 12207 3356 6480 14221 604 15826 5731 8970 10264 6781 6860 15246 12401 1515 10304 8879 8158 1966 10900 17415 7577 14089 11269 15703 4000 3873 13000 5463 1346 1299 1525 5909 15166 15946 11221 7360 379
3125 19558 18334 12318 8361 5709 7832 14348 11128 11721 18359 16874 615 14076 5497 12261 14467 5975 18894 2688 8945 4995 16383 11383 17386 5954 9839 7505 15149 6712 10587 10878 1985 7099 14150 3929 13937 9991 10613 12482 16825 12029 9666 12506 8154 3075 15280 887 3297 2819 10283 8829 5227 8147 2195 15219 169 15579 6291 9064 11492 10926 3633 6934 16085 16594 10763 17727 8363 10830 8631 16950 9423 6984 18613 12258 6414 5996 9136 9035 11705 14549 3235 2496 9582 6237 4898 16915 1555 5039 212 950 18463 3952 9056 15220 14814 5034 5597
15627 17839 2697 16895 12695 4466 3043 12060 10382 1461 10325 18813 3887 11343 3834 5685 14368 8428 15339 10024 4699 11987 6617 19611 9115 3065 6526 3533 15532 15335 13347 16699 6852 9398 13616 8678 897 3187 10351 14926 19723 11554 5577 8321 330 4046 6830 4899 19562 15540 6721 16378 8217 13185 2011 6586 4678 12808 17257 14146 5754 17666 16211 17335 3296 13685 91 11512 1296 18433 3014 9250 8777 10562 13852 19221 12066 11469 11690 16838 18537 6697 5791 8311 6070 1247 10221 3454 11452 9925 315 16786 12894 9961 723 14242 4817 5828 9703
11338 11990 5888 4531 3458 4560 13406 10544 13091 547 18234 19766 5704 4082 3337 945 12703 13524 13013 18093 3721 7223 8072 5104 18841 7347 11087 7904 18019 10161 18997 14551 4790 8364 4129 10031 19878 17281 15292 235 17013 3798 12114 18576 1458 10682 16678 17455 11453 312 18267 5204 8882 3633 5925 14439 18095 10085 1620 2166 16167 9677 279 8120 2530 7762 9803 3199 1903 4850 19163 14780 11552 4704 4584 12064 18696 7802 5798 9439 18010 6277 8973 2175 11763 11840 6452 10912 16996 19124 3690 3895 3740 9113 11977 17713 1264 16938 6403
7951 3083 14829 15683 3576 12125 15142 10699 19334 7083 18325 14923 4225 1237 18686 1749 18343 3724 9711 5774 13994 10279 13153 8002 18973 14648 388 7519 13287 12366 10109 575 5525 15226 12219 3052 16052 8978 11926 7817 7278 5407 3852 923 4872 16422 10775 8183 9747 7800 9860 13503 17290 1701 10196 10989 2266 11632 18230 18172 11925 17215 19453 2144 13118 13272 7501 16847 2928 5304 7769 17407 2709 18798 17291 16804 1304 16725 9151 7028 6056 818 9030 766 3432 14647 11071 1605 18219 4695 18497 11441 8633 184 12081 18286 8328 7938 7281
11414 2767 3543 12826 8269 8870 9036 4504 11965 19347 8687 6437 6478 17918 12758 18132 14955 2344 11527 12698 10864 14091 18838 8613 10588 8617 13595 13762 17669 2112 16130 14512 35 17889 2936 2394 18969 16704 9926 1217 17265 10689 9890 13877 19956 7837 7620 4161 11227 14702 7138 2974 19647 14238 14636 6513 5540 19481 8717 2461 12328 7366 3058 3729 19350 6722 2440 18353 12692 87 16738 15130 1737 19477 11573 8319 14056 14475 19204 11633 2391 9204 9760 16256 1795 19825 11652 5099 17433 3342 12436 3950 7548 19493 6638 7888 9920 11631 2685
12563 9228 15616 14943 10656 2402 12229 18971 5274 333 3057 17287 10986 13042 8561 1647 13393 4268 12697 11297 1748 5621 7029 7387 18311 14043 6479 3229 12592 16703 13130 18234 9359 587 13741 11613 19578 13345 3520 3809 3821 4670 11759 2856 10626 11323 16370 13272 16604 3086 10173 11116 9773 5700 14392 16567 9271 10736 334 14762 10442 3419 2068 13414 17891 16620 4640 15648 17845 13267 17236 16164 18200 14701 15830 2878 14050 14616 3245 1267 18628 10227 14846 19401 18797 14978 14227 15991 6896 6835 18699 277 14210 3537 8384 5397 12105 5704 8884
12927 19818 6203 9172 17404 10936 8254 4194 18194 8310 7398 10164 5290 19279 12323 9391 8621 3960 8583 3759 17037 13851 4112 10698 11372 17220 17876 3262 11248 15734 16165 9475 3405 8434 2433 6442 5124 9777 14392 6806 2660 1093 18319 11658 16352 3217 8224 12711 16713 3410 18401 10007 1071 18923 13217 13560 2114 8544 2924 7415 15619 18659 5116 18556 5140 15805 16901 14767 11588 10526 2724 6893 10404 15884 531 19484 1256 7697 19079 10914 7638 10878 14629 17460 13196 5620 17858 7468 2332 4743 5255 16453 11202 19795 6524 15461 8598 14463 4751
2598 3759 13855 11667 6426 13998 18134 17388 7418 7954 8261 2733 9554 14603 5233 534 17116 13524 5774 16561 19641 12051 6058 7501 458 17680 12252 3529 5529 9560 18610 723 11709 8539 104 10511 17411 15874 6159 15423 17951 11431 6608 17046 16556 1740 1813 1978 2315 19640 19822 16474 15112 11161 7633 12381 13498 18047 18700 11118 5115 12672 12384 8819 19925 860 16812 4299 19020 5758 953 4180 14219 16362 12857 6197 10901 2791 14679 17456 18529 16489 15461 4624 1036 17560 17346 14178 1798 6422 13853 16590 5739 14516 9951 19297 9497 4142 4644
17378 5855 12319 15054 5690 14517 19270 14432 14469 8013 12213 37 18350 6811 18775 11362 19877 6495 17742 15887 13280 9907 4591 9600 68 10906 5034 2373 3169 15153 7191 2539 14584 9144 14715 3686 11513 744 399 11917 10353 13862 9029 9735 4953 5804 8550 1729 16751 924 16255 4122 17488 18956 9869 289 16885 7021 19531 6042 9677 8723 15504 17031 15351 16449 11911 12004 11098 12847 12428 15341 15345 6814 4149 3539 10093 12877 10732 17081 691 1673 13129 10008 11591 2250 8381 9327 14406 3684 7454 6400 16217 16199 17377 6668 18995 2175 18495
11344 6127 3496 14457 6147 2351 14486 11904 8400 8178 2975 14213 17705 18699 16770 19459 11354 12822 3982 200 2679 10454 2957 6594 18979 8185 3305 14022 1252 10892 13612 9364 16337 10647 2568 9257 8824 19875 13234 17431 15858 9385 9732 7579 14955 17679 13428 15517 35 3848 11439 904 18560 9710 10751 15449 15893 17322 4165 10627 2241 18212 16398 15454 10391 4058 13177 2151 4830 12405 1200 6344 18568 19511 7891 2353 1548 7452 19780 16060 796 9255 4873 3694 14861 4318 3131 17946 383 17294 6360 4088 4620 2171 7149 16484 11254 677 10940
12521 3164 8214 3954 13062 12203 19997 9929 4788 9148 206 15390 5049 11482 11017 1251 16399 891 11682 14743 12495 5297 9954 168 15222 13434 12380 7431 659 5490 18550 12222 10565 16503 5906 16053 16563 18574 18888 15117 5688 19776 18129 16840 19740 14001 8220 9361 8238 19827 1228 2797 18444 18027 18952 2488 16083 15267 13286 17728 10816 2 2734 5098 18491 301 6302 15721 16959 17749 17058 9311 690 12229 2242 5483 1563 12258 1477 15494 7126 10295 10808 4936 13832 10169 15347 8144 14575 16776 15759 19539 15219 4278 4973 19032 3855 13710 9780
14826 2103 16031 17273 208 15753 13548 825 15886 15440 8598 13222 17024 12829 6510 17519 6272 10412 8457 8559 11522 14440 7244 19432 19338 11556 15669 9686 14283 14430 15375 2635 17410 17331 8698 3983 11091 521 7400 2217 9769 8233 10116 11999 11793 4529 13433 16378 590 12402 3363 10173 1732 18461 16143 15980 8831 3460 5016 4823 4088 1815 60 3943 4591 4376 11566 4343 9525 3576 10610 16655 14555 1439 11584 9237 17537 1853 4919 18021 17557 16288 14571 2742 4215 1937 12631 18692 8234 1163 10988 9471 11746 10346 9807 8757 16768 2182 2948
15780 9181 792 11617 15321 9155 15277 2370 1968 16243 5812 16951 147 6734 12296 18659 12911 12335 17942 17934 12216 16849 4408 7276 7451 10345 18461 9454 16160 18622 17542 4433 8283 1586 5089 11632 9100 11039 14443 2633 13042 4585 3242 19135 1868 4822 619 18219 8320 9642 12660 583 11530 10363 17385 2846 14880 19522 8944 3447 13286 15933 13402 9821 7203 9174 14757 16066 179 18535 13479 19275 6410 9990 4489 8455 15801 17993 4235 3830 13373 19742 1445 4969 3113 17622 10138 16154 16701 7806 8513 3795 12006 12385 13641 10556 8322 5330 14687
7040 18304 7887 11392 7847 19353 712 14257 3113 389 11596 3613 12756 12377 13421 18786 17608 3023 7648 15485 10980 15278 9788 13555 13064 6078 4663 9729 8796 6957 1402 8662 6877 17502 18835 4742 14082 14501 9321 10185 8210 1060 2653 14960 10301 6214 11145 18544 2625 9679 18237 6872 19706 11582 19692 8150 17327 5862 9387 14685 13976 17452 5673 5073 8371 11563 15839 15155 16972 1364 2740 3542 17232 11554 11647 11022 13127 2691 15043 19622 13252 15047 6316 15133 6617 13443 3206 17038 2511 17024 5909 17300 1458 2969 6967 3416 915 4525 5018
7878 14044 9717 15844 10925 17510 16987 11649 17761 3053 11606 11732 13464 5724 1649 5598 19558 2793 6676 9488 19194 19271 13096 11039 6120 4645 16318 810 8432 6315 18301 4581 6143 12466 19307 9973 13429 13489 18670 19041 1613 17889 17451 11483 16681 5248 14066 10195 2557 16806 18859 2114 3006 4531 4256 14332 11636 40 2635 17908 17986 8894 18756 6422 19777 1373 12721 4272 2414 17843 7719 1044 5387 19837 6113 18636 16345 14448 15133 2199 1265 5250 18702 8095 17392 12472 6169 14862 16522 1055 9455 12627 17115 17579 13166 1639 288 88 6048
13822 19536 18165 5898 9883 18044 1114 19945 4372 2675 3383 2151 11962 5409 5785 4140 2439 687 5804 4450 2978 1002 9394 60 3445 7954 3796 17899 19592 19361 9228 8967 19488 8559 4344 1449 966 19707 14533 19154 5364 3873 392 907 4053 497 3893 16062 16481 9319 4004 19558 3177 18122 9262 6641 18878 4284 14039 4245 1909 8923 12074 1025 11505 9956 9269 11746 4332 12184 1767 3246 532 14450 13176 3867 6072 10392 4182 11593 11305 16694 19723 4361 14481 8162 9167 10198 6450 15879 2777 412 6272 8926 3117 7529 5451 12464 15327
15494 14303 14628 1368 4436 9956 6807 19364 8403 1336 9050 10045 16292 8004 4499 4810 4840 11158 8165 17845 8828 10062 4313 918 7002 19743 8857 14412 12969 16736 6123 12459 15481 16010 1725 14285 16685 19144 16428 19283 813 15473 18883 2956 7210 12450 12691 17139 5302 18849 117 721 2611 15573 6328 18050 18889 6104 19122 4628 19731 10200 16192 10151 5672 16241 16617 5073 13138 13160 14505 13406 6627 4368 834 12348 7686 19386 19889 4385 12913 18591 13418 9478 4760 830 7430 6805 19793 138 3577 14375 9728 15377 3057 17675 9940 19914 8129
11795 13818 11814 2778 4079 8006 14101 4206 3422 7609 19847 18343 16121 7284 10497 9813 1806 16063 9174 12741 8987 3849 2211 14870 14884 636 13899 12402 11578 6556 12030 1303 10829 16751 18574 7693 9876 12904 2181 631 730 15443 9599 638 15593 8202 12640 8668 8249 17947 4030 5470 17064 17604 3685 15244 2497 3245 11608 15142 7515 17835 6643 9914 9721 17145 5155 18341 8335 16299 10910 9203 10250 8011 1071 315 12992 13745 11848 8048 4023 18369 13473 14796 11106 7867 18560 742 17599 18142 5873 1462 15821 160 8739 8936 6241 3041 14419
15508 12037 13088 1236 3812 3826 13096 18979 5631 12492 16768 8242 8126 329 3860 10863 11731 14078 15824 11899 5176 14603 13321 4576 13849 5112 14504 12068 6832 17594 18338 2481 4350 9038 15144 18503 9279 170 3409 5504 7340 4594 7427 2972 16372 420 3715 3127 6884 2209 5652 17035 8542 816 15300 9671 7945 829 4759 6979 10769 17288 2274 1189 417 12777 19176 9659 3212 11085 5216 8170 14129 9905 9595 19163 731 18732 3513 642 19527 7309 13824 481 3745 19967 10878 539 9653 14016 2385 3864 13633 2310 5693 14086 6478 11699 9665
8405 19914 14192 6530 5093 3316 5110 11185 3549 4777 2175 10130 10417 8826 17655 3160 15532 15260 19751 7503 16163 2662 13917 9755 11483 19095 11875 3197 17090 14851 18761 15779 2043 4464 6477 5787 1857 6131 14956 6650 18186 2628 5664 18418 8294 18973 10415 17231 7207 16731 14564 18182 2182 5854 8688 607 4016 4764 8625 6511 12920 3347 3880 16097 4435 12913 3617 18676 10021 8092 8475 4959 14445 6918 19683 1578 2998 17001 444 805 7109 6866 7933 17283 11182 11550 12347 19892 12779 2735 7130 1183 16422 11854 7946 19045 12412 1273 5269
3092 5401 3661 6949 9992 12623 18034 5989 16418 507 18682 18720 11411 8009 16098 1296 17964 14510 3445 13068 12438 3300 6157 17503 8655 16294 6635 11806 1760 14230 12074 918 12532 696 2699 9458 19159 7842 3585 9154 11356 19171 17945 344 410 14259 23 17976 6545 6389 4684 6515 1443 17524 14934 9707 13073 14472 6958 4382 19082 14536 5938 9693 19211 9634 19295 15640 10831 3708 17077 6226 5471 16901 4136 16461 19443 10952 13911 646 19144 16135 6114 4914 9301 8368 802 12150 1057 4318 380 1243 8451 5458 3973 19851 11276 12822 3298
17878 19666 8056 10843 8216 5459 4238 11748 6485 4752 8822 18257 18186 19810 8704 2319 3591 19971 13037 7948 7908 15404 13356 1870 9573 17282 9461 15658 19694 13285 5753 9287 8133 6575 5368 9229 15517 11086 12191 10792 9178 8712 3930 7104 740 6420 5873 17963 1831 11152 19267 18168 12187 5034 13348 18615 12742 5123 6523 5792 17793 9293 11432 14241 14385 17003 18797 18911 167 19753 554 17663 11355 12702 3230 11301 695 2944 2128 12289 19075 19607 2172 3188 3309 17920 19539 4863 12546 14441 4934 7031 435 16378 18762 8476 8499 8531 13386
7718 6146 4142 768 2352 17269 2979 11422 3331 2621 9956 12269 10534 4778 7366 15494 13032 13740 17844 8383 4922 11829 3514 5756 17559 14588 4916 2059 18515 6320 4353 15693 8709 11583 17742 8000 15344 6664 4701 17089 16573 16877 16975 13086 16946 939 19880 7912 17882 1267 7897 6566 17044 19414 18617 10913 10398 6652 12417 17948 2990 10263 13576 14084 6029 9093 3334 10497 17670 15557 16412 6478 5936 17856 19973 14654 11139 13050 3498 10908 15707 6599 18354 194 19465 17052 5245 4212 17008 3532 12373 11321 5130 16411 6321 4759 8924 9267 4128
15172 13521 10515 7311 1638 3420 1304 11441 12356 2985 18712 18677 4222 100 15809 13484 14312 214 15655 6519 19568 235 2215 16258 18433 11777 331 15242 10970 9155 10166 19076 12453 7537 1418 10148 9973 156 15123 5953 18397 18559 10704 8732 11408 10355 5785 832 13236 8192 1701 18261 1060 8750 13231 8528 16394 1266 11765 19169 9676 304 2267 17506 5015 1239 9134 15953 12771 11187 17449 15546 3092 6628 5865 12215 4284 4542 3437 12225 8675 16899 18334 4020 1098 19963 3076 10409 16035 10823 7419 1660 7212 2546 15171 18133 3397 12669 121
6890 12189 19318 4009 9657 10097 5753 2872 15616 4886 19311 10295 2392 12054 16601 14380 6344 3976 15930 812 9310 8866 11380 18462 10359 7008 14972 17953 1064 7079 11311 1410 18164 9510 12968 14093 7903 15166 13606 7187 3122 14499 8250 14563 15466 19710 10442 19061 18343 17052 15327 10522 18597 11897 5513 15583 7552 12867 6538 9521 10360 4675 13345 12549 16516 10624 19374 4049 12318 17840 13908 919 9307 17592 939 6428 17343 18529 13688 19831 1138 2636 15814 17834 9910 8533 14622 11447 3690 14613 9756 6061 9360 12493 12212 18974 10369 2774 10662
6932 8112 10971 16898 11696 18471 253 17311 6884 5998 13064 16802 8301 10792 10851 8357 17061 7109 18538 9852 4131 2905 16357 5006 6965 13306 1743 18079 7746 10512 1661 11221 2470 10387 19492 11617 591 2105 19051 568 18850 506 19671 7201 7199 13428 12197 18965 2478 7241 9709 4580 5066 10142 472 4646 18631 6680 7112 18930 11215 5569 16703 106 17816 19559 16916 3774 17779 19227 19635 7669 14723 8249 3865 18400 9170 14582 6447 16968 17800 7319 5915 14446 13942 8850 4630 11306 16958 9949 4850 16236 1537 7888 17589 15080 5211 15562 5985
6504 7932 3833 19997 1078 10679 11734 13371 19335 3171 4776 2158 19780 16447 16691 6605 8412 19416 8519 2396 1532 7082 5127 12554 1651 5184 7913 4930 18614 18474 15909 12375 9310 19643 9138 6455 703 19854 17073 17532 14802 7239 10674 4014 10897 15944 11557 4999 6399 9741 16070 2870 12605 19059 4741 16348 14351 18738 15477 1752 19813 10120 12633 17428 15676 7327 7223 4759 19418 2508 15111 1889 7559 11123 5926 14571 13636 872 15467 13285 9828 3031 10148 12928 4376 11617 13233 6457 12945 11368 8223 617 13591 12791 16811 6719 13013 18574 16991
17032 6048 6096 3943 7351 6589 12675 10980 16866 16616 5347 4540 7263 3983 11631 19070 8790 8573 13051 652 6101 5835 11732 11599 16410 19764 18401 3547 13645 5932 14098 15912 8293 16753 2495 18321 3146 18173 11980 6046 10039 6036 4201 13216 10324 7455 19125 3690 11999 14568 15654 19483 18062 1713 11454 10330 12073 9405 17221 12694 9065 1484 18166 9351 7673 10767 4596 10280 2046 15857 2953 16293 15748 1805 6207 1949 8784 12801 313 19696 10941 11325 7722 10816 8894 15192 11 9415 9195 6756 9022 7754 6483 10361 11961 19041 7817 13483 13608
19246 1902 6732 6897 3233 15073 16879 1937 5053 2230 19237 2512 19329 9573 11110 14382 15634 4030 15040 1715 6307 10369 4955 1112 507 18780 11575 4188 1964 7367 11887 9580 16291 5534 15742 18428 3665 18758 1106 2872 1375 16672 10727 17142 3724 14943 19152 16919 2706 4277 13223 12142 11097 17078 4756 6034 9810 4316 17068 13644 1692 10382 17904 11977 14552 11784 17096 16220 7062 14982 10931 8127 1377 10025 1814 3270 13543 8928 5351 4545 8406 3374 15863 19388 11061 4224 18062 9509 15722 3299 336 19918 18617 8165 10841 3909 12644 17085 19309
9206 17477 242 19786 15365 4203 12814 14152 8765 17029 521 14245 2112 17835 19471 16381 6270 6249 7413 17986 4312 1991 1424 14731 13332 3947 10500 1585 6799 18001 11073 7989 12947 5964 15816 12343 18679 8901 6719 16811 18123 14054 441 16859 15717 2921 8127 4539 11754 7157 9827 8188 11838 11985 10409 970 6355 7822 13281 14418 1730 11977 13358 18591 17103 9426 6487 18149 8597 15088 16592 6984 1287 4683 6978 10405 210 19133 3525 17357 10196 2466 2620 11887 1012 19348 10889 3090 9254 19655 3492 12246 15179 14969 6171 19711 17927 5465 11428
19593 15224 16456 2917 12964 3007 18517 11686 10344 19237 17134 7742 6726 4920 4185 4161 11456 979 13119 12555 18177 14156 16469 4542 5890 2083 7270 9981 6561 10918 13874 11011 13754 1486 12930 1943 9366 3105 15646 6634 11499 9220 1862 3945 16130 16246 18647 1424 6714 4859 18592 6568 13166 14942 5071 6019 2143 505 14383 11470 5517 9010 13742 13448 16792 9249 14629 14683 56 7379 8965 11294 3486 19002 4770 15132 13856 3128 8373 6734 19906 5371 15729 14078 12361 18106 4510 16567 12054 14802 4885 17542 2930 2075 7232 418 15175 2929 7548
16671 17814 2595 4822 4744 8274 6138 6791 5341 10124 10329 13622 18725 16922 18231 12285 12480 17075 7188 15187 16299 2751 1062 2469 8254 2188 10129 1091 18607 7946 18627 11258 18680 11548 16775 18299 9765 12078 2106 7573 16211 5624 8137 9616 6338 15847 136 8398 14322 6922 6060 14956 9626 2842 16983 548 2792 18045 17116 10108 4412 3786 13270 9140 9385 843 2587 8722 950 4354 9209 6598 14685 11147 5635 9350 4091 14061 11248 14529 10791 19465 15250 7140 11964 12288 12834 810 4871 8836 3009 13530 19867 4229 17253 12306 4115 12884 2276
2754 7814 11173 13767 16603 972 7234 1695 281 1531 17708 10993 18187 6857 6405 5169 10352 1306 15551 13188 15942 6255 5279 6875 10821 6583 12107 10082 8367 9848 10062 16295 15933 8858 3508 18366 7217 18423 8086 18085 16754 16019 16846 19468 1736 2738 15087 12181 1967 5298 3293 15141 15601 11632 17508 3534 11774 741 12393 8905 2106 2412 1 1029 2021 17412 10862 7545 6670 19755 4402 10980 17025 17210 12027 15102 8171 9906 17798 10489 9742 2767 19482 19823 11411 9559 2923 10519 10433 11482 10021 8325 2098 16965 10492 2140 8375 18902 2535
1654 1998 5977 7200 12665 16936 3717 2472 11517 10566 8993 1552 19407 13857 18807 944 15034 18720 7409 19905 14859 12444 15758 997 19202 10925 19886 10559 5916 2717 16709 684 8020 8571 3396 17063 15031 17588 6195 861 18167 10156 17261 3029 13382 17260 1568 6948 3865 4136 17927 16692 4540 10052 1450 4584 9398 3056 14692 979 17538 6153 442 10980 10226 17364 6065 596 19158 11218 12953 4381 7527 4269 13855 8424 17148 1607 4389 8843 6164 15744 11340 11844 13409 8387 17600 19341 6662 4646 16219 12224 13903 17546 19299 13542 2234 1845 6173
19733 13892 2008 10859 893 15189 5556 2091 5777 13497 19571 9982 14306 5714 9687 17681 777 19421 2869 11877 19660 19203 4609 17490 5685 16308 6143 12385 5445 14477 1991 5914 4785 15051 18025 17580 8712 5398 4784 12081 17781 3541 10774 7693 10970 6135 6732 11526 8084 7928 2132 19179 6178 6857 19992 6794 17276 18016 19716 12233 9632 18804 15124 7817 3693 5806 3811 3132 3346 659 11862 4430 17137 6252 11994 13984 15552 3144 4437 8123 4827 10255 17876 2820 1123 10088 3408 8101 15188 416 7904 4630 10679 1396 2724 7057 4487 16510 10281
19307 18719 10063 11733 2960 12728 16149 903 4741 16681 18932 10423 16342 1898 19423 16733 17519 8951 13904 18724 9092 19075 8034 6577 6721 12082 19877 15214 12191 19876 12516 13972 9410 12502 7327 545 11739 15922 6775 8749 9571 17297 7845 12729 12220 8690 11590 17241 5403 6322 14116 16880 5991 19802 14940 2295 15247 13264 1839 19126 12891 12332 5751 13069 18340 4786 3791 10123 6452 64 508 4180 19636 2598 19159 6392 12646 16552 7910 10841 9416 17542 17506 2158 7912 15073 16490 2999 16707 13269 19619 662 17063 7306 17133 3866 12071 980 7300
9972 763 12634 10772 7671 10052 18131 13028 18604 17045 17716 885 19057 14540 4302 3710 149 8481 19770 19116 5564 209 16341 15700 16664 2322 6408 8941 10037 16288 16120 9934 411 8395 313 11781 667 5232 6021 10655 14250 9814 2477 10874 16800 15376 7674 1465 658 3256 2833 887 8158 1945 8996 19752 16716 1921 11859 14280 10668 14007 10792 9859 12034 4436 7696 12837 8624 8700 13048 7328 9214 12639 5574 10713 11578 582 15168 2941 339 18624 8840 17592 11643 4113 6596 6109 2249 6923 14223 5986 11202 3973 9168 2918 7490 11030 6043
12467 16617 8229 17134 6292 11066 13738 2272 5232 16117 5154 8364 1135 6489 11102 6987 6303 17500 5936 8918 19864 14286 1768 18263 2090 19168 910 15730 16101 14594 3482 11027 95 18812 16084 12776 7006 2545 7125 3955 16371 18943 19533 7389 8023 12438 14931 19568 7790 5950 6600 10501 10205 6310 19190 12084 5976 17547 7468 17368 14434 15780 1605 19887 2085 13371 11409 3954 490 1733 10485 18275 16264 1010 6419 15042 494 9476 1479 18460 5211 12665 18788 13376 6930 6562 10204 2348 1797 6223 3614 14901 19183 5752 9530 13282 4927 1887 6692
4978 1321 2815 10798 9007 7389 6573 5524 19226 5342 8569 3998 8589 10290 7764 5449 15796 13935 8253 14459 11462 9174 7859 3784 17638 6239 17873 16531 3621 1146 6462 13090 18137 6143 14015 16317 2171 7475 18558 1204 5851 19157 8679 12608 3764 2640 12281 12913 5376 4186 14723 19847 18981 8224 5312 8199 7476 16472 16811 5087 19453 5611 18349 12777 10242 10921 5647 19126 7223 5584 6370 11384 2652 16247 19353 1128 5195 6554 8065 1173 11974 7995 17986 6397 3057 2320 6131 3037 6868 19338 5127 15034 19790 14701 19378 8376 19262 3028 4303
18359 18756 13092 7084 15030 4365 13818 8155 8695 214 16571 16859 19320 14767 3622 9224 7784 15626 6317 6399 15804 17864 4541 826 14738 10398 12030 3621 4346 6927 10554 19379 13295 5209 15560 4851 14603 19057 9758 9879 9060 9602 2690 18549 11665 19702 17759 16760 15060 6018 3471 4556 19701 11129 4670 12206 16462 2180 19688 12291 5224 16245 2901 1349 4223 13007 6517 10996 10875 17234 14018 3991 10256 12664 3229 1624 3632 12117 8862 3639 13188 14870 4435 7844 15404 17822 17370 1635 10243 7712 8936 13256 3318 2074 252 3869 8974 15177 7673
3027 165 2857 14461 11614 10414 3534 19628 17210 2732 10330 10525 3503 10295 4148 17145 8026 19625 16661 17618 19657 5129 6138 17200 16687 15996 10232 17594 3518 3218 12871 17423 9655 4935 18426 10941 18309 2420 2799 3386 8284 425 1555 2832 10958 7595 8324 19184 3165 4766 11676 4041 2056 11177 12231 18460 16307 18288 16747 523 18846 10098 9152 3620 3204 17454 3609 18252 13098 13631 11334 4569 2968 7284 9141 14479 10990 2084 8027 13781 5311 13042 17349 15630 819 9579 14737 5055 9727 1278 1567 18258 4749 13062 1672 9210 17070 5882 389
13197 4308 12966 7152 19945 15345 16809 8401 10388 1869 11447 15478 5014 15888 7648 13808 17718 12730 8843 17090 4963 11072 108 19274 12483 12039 9665 11881 19913 17053 9780 7018 818 8281 1247 13293 14509 7805 17936 2716 9955 2055 18540 10036 11951 3873 15943 10733 8249 6653 5027 8550 13514 7146 14878 6829 17560 11341 13137 5519 3853 1685 5251 16282 3548 11071 13790 8059 5918 4141 5476 19837 1791 11386 19291 6618 10319 5093 12496 9754 7730 13623 4150 4380 12089 11237 11847 7672 13856 19778 14982 6412 12947 17234 8956 7631 11991 13462 6573
12479 4989 16070 19078 4630 3101 1966 4171 8577 6499 6229 5852 5250 2074 19664 19762 12709 3693 2631 337 10570 1147 1893 12079 14211 7558 15809 6695 16274 1708 14301 18524 717 5916 6766 15688 17472 18130 17597 13139 3568 13083 8155 2377 5786 4838 6506 19281 10184 3777 6221 658 9839 10929 5357 8877 12143 2201 11445 5770 19185 10809 4200 7586 17763 13114 7407 3654 16694 4931 13349 16365 8965 8223 9396 10978 1536 18435 11527 9050 18933 15351 19738 15231 1163 18611 15736 17437 8150 13821 17976 3214 16977 410 13980 11082 14243 2018 7303
4802 18277 17684 19994 203 8302 15510 2261 14215 16177 8569 8317 18759 5852 10897 8804 6938 13868 12016 3185 15031 17600 12596 3658 1792 19822 13438 19301 255 18534 9561 14357 16464 4311 4593 2868 7848 10463 4987 2413 10327 8365 17789 1995 15367 6528 12799 14488 96 15247 554 4803 746 19746 4557 2588 7948 10096 5335 19559 11727 18823 17351 10950 17902 18037 2228 17444 16496 10015 10813 15973 5572 17493 14060 17011 7619 15754 6346 5348 16055 19224 15601 8724 15005 744 4730 8290 53 3720 6225 15257 18122 499 6376 1872 5639 9065 2132
11018 13416 1591 13119 7415 6948 9579 16384 7090 2529 18997 6931 16037 4896 6526 13133 1228 11615 13619 3293 9764 6799 1036 5994 16198 7254 15489 14824 19249 4659 7708 12965 9669 9330 14990 16834 4587 5707 1392 1660 13664 5906 16911 10282 6567 10455 19999 5467 11746 1105 6850 5264 22 15548 15000 18498 7888 634 590 12068 3235 11766 4710 578 4084 993 16867 314 864 14502 16793 14984 1868 14407 14248 2281 1877 19886 8252 13823 2301 10872 11820 15627 5955 11906 4899 12691 10667 10846 12582 643 5766 14027 19263 7876 119 1721 7419
11579 6719 5693 19753 19711 5970 9542 19449 15697 8014 17043 4872 13220 13208 4413 18044 14013 346 7209 18761 16372 13245 332 18035 11072 456 2968 1234 14637 2492 9471 9971 10246 3761 12587 6777 13533 13726 4398 2385 17031 19884 1495 2756 4508 1877 10375 14630 10563 17708 13389 2507 16871 7443 19228 43 3918 11738 4022 12546 15388 9388 9733 1288 12376 19854 1738 13264 13806 18841 1443 17322 12555 16762 5122 13012 12479 14065 1098 18157 2211 9760 16533 866 10205 13069 16342 10494 11249 19610 6588 8156 11911 19793 12369 5174 10383 12002 1850
3435 16235 7724 1320 18128 5259 4436 9903 6064 8219 9536 16774 11552 19272 12884 14289 14783 5500 17930 730 15109 16472 11682 10325 3659 13166 18814 12480 15966 14260 4993 9866 8654 7628 13208 536 8757 9891 4049 13488 1872 527 7973 17584 6653 16136 8476 6548 17595 6081 2654 2632 5317 2676 17137 17392 19234 4991 4059 14315 19927 11428 6863 11787 11758 3460 7554 15617 3922 14740 9429 15632 9170 4293 15150 6248 8066 6426 14072 1508 8310 5273 1937 6480 19994 13326 14107 5373 16315 15756 18379 6744 16426 15845 351 5148 13694 6982 10173
11587 3073 10210 6144 976 9748 1970 37 3553 17998 11620 17114 10237 1521 16512 9661 7788 13875 9055 18281 717 17866 6587 2745 5776 6934 640 11857 2657 4695 14578 18497 11609 17519 4928 4407 18725 4000 703 10172 19655 2532 8469 6817 12918 19792 4144 9972 11809 19774 1827 19611 9142 12905 15143 12493 18984 8350 6198 15874 18890 16952 15929 7627 7182 8000 15124 14108 10231 559 11263 10372 11844 2362 13402 4798 14908 3835 9818 19246 15839 10718 1478 19298 13406 16450 1354 8739 13946 8009 4735 6773 4355 1238 7850 14256 12443 14313 8920
3382 18161 6637 2730 3057 5533 15275 12136 12091 2988 543 10838 4068 16032 4241 5401 552 15457 19023 2675 3391 1714 6804 17609 3149 1859 13522 8503 2058 16035 15776 13219 7383 10343 5411 9678 583 121 15749 11750 13873 12662 11608 78 16069 10561 14040 18843 4715 18410 17722 13699 11390 571 15799 11713 9274 8009 3319 1023 5106 5843 18124 13449 3188 14615 19114 16048 12357 19655 17939 632 170 17145 19375 9844 11182 10447 3011 16310 9411 2600 3430 14963 698 1114 17506 445 12950 3434 19669 5040 11012 9177 10491 6142 2923 12252 15179
17563 3550 14864 8453 16768 11643 10259 16970 16501 8999 7780 11334 9031 3243 19117 4681 8167 15206 11770 9924 41 9487 11453 19583 12991 16022 18969 645 13104 12570 10559 1040 10678 19988 10572 16272 1049 10003 7375 12487 4637 8320 1946 1612 14936 10602 2909 10141 617 5036 1041 6325 16318 19242 7422 11819 5840 2166 10475 16750 4614 956 18295 4448 19619 8038 19048 10365 11496 10669 9587 18920 10834 3670 2691 12444 18822 4077 17093 13553 19643 15372 1707 924 2126 1964 14696 3259 17154 9478 16396 1525 19743 18863 10710 5104 15850 11217 6037
16281 2402 3997 13607 16328 15051 15631 15345 19905 8071 12771 15368 1928 12750 11437 9407 17507 2163 16318 15953 9540 17329 4955 16253 17677 11263 7032 15886 16350 9048 15785 9142 10650 19863 10854 8961 10601 14536 12355 9151 11699 5789 7650 3063 15859 19907 17393 17963 10921 2193 19922 268 8956 9992 4788 11115 15160 11910 9180 11302 17933 18751 18051 19365 5137 16396 13932 8818 9134 6200 14160 13794 17876 10262 16029 19081 5781 15763 6228 3906 10385 11206 8352 14600 4023 6887 1492 12089 14240 10164 10160 11299 17164 18100 15663 17845 11648 9024 18291
17321 6560 3598 4622 12413 1082 15126 12639 16666 1657 59 10053 16488 12974 18361 13388 2683 19948 4121 2948 17804 524 10241 16847 10510 8738 19570 18713 13293 16735 13499 11430 11490 8261 13095 5913 18334 2769 12560 14195 8921 18329 3546 13701 1063 16098 2126 7202 8535 4229 1388 13446 8052 10180 13952 2553 8157 5484 4932 19398 11554 14420 16247 1835 13635 11813 5259 1154 18678 6269 12840 9046 7141 7052 10727 5397 15931 14691 750 8023 1873 4038 4755 6719 4845 3089 2394 10867 12735 9790 8087 19571 7899 18521 390 2798 3222 10884 11608
15773 11476 2866 13881 11616 18508 220 4991 12825 18717 11423 11139 14739 1081 19144 7525 6476 1351 9991 6509 11669 417 1275 10904 2852 18684 2658 15935 16713 173 15416 11159 19509 18546 5493 6369 8233 12686 14299 5722 9500 6252 6954 3587 8043 350 9510 12025 5049 12134 10569 12223 8507 16775 18955 14375 4749 3625 11603 11583 13619 8759 1332 10094 11532 15961 7222 4660 3483 1010 8403 14686 2502 17077 18952 14778 616 2754 11829 10752 12518 10908 9504 18516 9783 7918 19243 1566 18243 7057 5 9253 9834 16195 7143 8658 6500 9865 9478
18292 6423 16840 10002 10222 14792 13229 14470 19317 5007 1652 311 7741 922 12865 5087 18025 16451 1809 5564 11760 9359 1223 13186 12345 5703 11933 17871 3696 7295 13439 6975 14522 2960 5333 13996 14755 2683 17893 4181 11780 11728 9617 5459 5875 621 17858 10933 16120 2871 18607 8268 19378 6312 11762 12648 461 7413 13043 13963 8980 5678 17063 11977 18569 11383 436 4130 3812 10150 10253 9140 15196 10324 2354 1618 19941 8878 5010 14906 8065 10944 4168 11213 4654 19696 18130 10848 10133 16949 18949 18906 7261 7015 15746 1742 11185 19756 2188
6293 6916 17905 8944 6631 19604 3609 11846 9980 16955 16645 18467 4351 6058 9314 15722 15785 7319 2151 4446 18911 293 8219 5457 16838 18509 18157 490 14206 3019 4604 18341 2203 17800 1979 20 4934 10149 18404 18360 5850 2276 5022 8073 19277 10690 11856 8825 888 3445 10496 3874 8028 10190 9894 6056 10467 7772 16735 2323 11931 1222 15025 14992 403 18349 4696 9287 18382 8358 9045 3806 1696 17053 18961 12323 3306 14742 4706 13594 12474 363 12313 19573 9382 2538 8569 12373 14390 19734 10307 14093 19223 13879 10492 18587 1584 14180 17442
3659 9240 9718 12246 8059 10819 16799 13728 15803 7310 5479 16932 16513 7491 3700 13780 276 12027 6204 3126 16679 16941 7028 17689 19833 6471 6242 6931 6575 19509 14401 4781 18883 17266 10017 14681 2403 12282 4466 11859 16724 10141 19544 425 9770 12984 19374 9849 15985 10994 912 6817 18459 5139 10185 14644 6993 3050 16334 5754 19543 6729 10440 3928 5037 8806 8128 626 19241 15686 18020 15677 19558 602 8827 7292 18229 9040 19935 8554 6591 535 3165 1346 18669 14816 6455 6791 19120 1328 12710 4070 3364 15069 19314 12848 18154 6572 15032
9671 9818 16175 19746 18452 13266 1794 702 18710 5276 2006 1987 3048 3816 9708 5635 9850 13487 10033 18148 3749 18155 2201 7282 18680 14464 7391 4551 16327 17607 13208 3927 18185 14290 7262 2355 17492 8201 8258 2946 817 3210 11051 5753 14014 4512 7783 19188 7822 16501 8613 15344 6237 12220 15008 4200 3222 19017 18607 9227 12229 2180 5439 2953 17082 18307 11994 13633 4850 17238 6453 15706 603 17762 9245 2292 16891 13953 1974 10141 487 17086 5073 5944 14420 11191 13152 9677 6258 10834 6730 9239 4723 15659 4346 11776 11334 1778 1184
13319 1749 16905 19329 13982 2525 8270 10079 11343 17179 15000 19508 17271 6053 12115 1022 11097 15838 14725 15374 13452 12283 17097 12392 16145 5161 695 13399 11181 19149 18521 10725 3328 15261 14008 13104 4076 10401 1741 4402 7722 11508 5844 12175 2800 1604 5464 16894 17673 8053 19719 12237 18366 12020 19803 10366 18685 5348 12829 6435 5721 15087 13116 7455 9677 480 16380 15904 1979 19586 11059 16206 8413 4635 10990 5828 3607 18402 6128 2032 1885 17214 7586 3681 765 12309 3232 18292 657 8516 887 56 15408 2558 9063 8031 15586 16364 8966
8562 19919 8480 8066 4763 2730 14869 9617 15316 10089 12479 470 5682 8913 3764 16794 9452 9286 19480 19632 6835 18796 10976 228 15038 16650 3703 17974 6466 8107 285 8630 8615 14487 4551 9039 10968 8563 17401 3634 18314 2186 16412 9919 10918 8360 3295 4903 6706 15284 370 2652 4106 17760 3031 1269 6896 17032 8055 17308 952 1684 3426 1930 8629 12376 7828 11663 19035 18608 14028 2276 4483 16959 16703 9923 13705 4986 13137 5783 12104 10025 15498 7748 12472 11542 10774 6939 4425 1594 19446 2001 10568 18902 240 2360 14221 2854 1169
1268 363 5970 3428 12913 3656 5661 687 18020 19619 8906 16256 563 16347 9476 659 12795 135 18699 6076 6501 17161 2813 19645 5683 19293 3788 18376 15928 6246 6313 14897 6059 11981 1478 3364 17214 14281 15604 7649 15034 19556 6710 5844 3682 15220 3379 15596 5864 11905 7702 2667 12899 6192 19654 10431 2919 7050 17978 5311 12574 9081 8408 5303 15194 19377 118 7027 13426 17644 4894 9957 5214 12521 15486 1507 18658 11180 17654 19257 6983 1195 1129 12314 12827 16499 2660 18706 6438 12289 18296 15791 12279 2093 11157 2587 14315 876 5626
8879 3747 12075 3674 15361 14869 12104 3688 18448 6811 4277 9483 1972 6881 19526 17946 12380 10792 465 4307 10096 12096 4517 3463 7435 9064 17450 1736 16415 7317 17816 6075 2534 4310 6954 16345 16451 10169 6475 17324 18488 18984 3764 13040 950 10970 1362 10661 5169 14326 2125 14947 4332 4174 5276 18452 9630 15946 11845 13500 3958 17472 2049 5097 12711 5686 2704 3796 540 3337 9028 4947 3556 15132 16161 8146 13652 3123 18613 18559 1286 8213 553 13832 9159 19243 6377 14675 3588 13733 19444 12428 559 12054 5586 6473 14618 19352 9636
1725 12330 3288 6466 7011 5500 3870 263 19076 509 5972 8950 3800 3122 4026 2197 14563 7457 17221 690 6122 7641 2329 18389 2952 13392 11640 12410 15453 12151 19124 8551 1431 763 18729 503 13260 533 6090 1060 19934 14977 15901 10968 944 14684 18010 14567 18635 18308 8701 874 18509 6416 1198 2170 18536 14590 4601 18556 4693 17485 5558 336 3012 19595 19581 10199 1565 7806 18902 2183 5312 17628 11126 2321 14033 98 626 19561 8408 11210 4300 2356 11624 1933 19425 885 12497 17792 19835 7490 14339 12529 17637 5691 15817 7422 4647
7644 14759 11346 19057 11594 3326 3419 18880 3667 18358 17331 12218 6680 7326 3173 4207 3525 12041 13174 2502 4620 17287 15798 8134 12232 12494 16550 17278 12319 8941 12802 6827 11679 3074 12162 5233 12128 14172 7116 13980 12553 11495 5927 13806 3321 14812 7199 8631 17173 16495 10760 7434 8067 1163 19901 16846 15948 14348 3175 228 8723 12754 9350 18770 1561 8777 11126 13288 19980 5632 4067 10078 17750 19360 11933 18491 7370 17488 13160 19559 12697 11248 13426 5819 3431 10793 11236 17066 1593 8147 12825 9707 4776 9491 4380 12519 15013 3675 288
941 11863 10809 8204 10690 16090 10215 14415 9116 19441 11203 19704 14769 1716 8825 17992 16569 4973 5995 9482 1597 19952 2323 8260 17758 3711 16331 806 2877 2731 16266 349 8555 13154 12573 12159 9982 12444 10154 7810 14608 1161 11998 19515 3629 5372 2357 4869 8680 19958 13362 15720 86 5905 3704 949 1450 3037 9494 5202 10971 9102 10555 1968 19566 7911 13922 10614 7318 9149 16360 6006 4332 14679 17556 19563 13212 18957 18276 13857 16042 8644 5338 13398 2918 8229 16376 547 11834 19636 18639 2038 3937 16512 18568 15671 13449 15517 4272
4572 2829 305 9965 18677 18058 18748 16043 478 11875 19199 4135 8044 5696 2131 15069 13484 6626 1463 18701 2554 1198 10237 6705 11896 4540 6799 4105 2175 4203 15453 17134 6350 18875 1400 12533 16331 8949 16487 13881 6371 12820 17334 9202 16884 19022 5052 2428 11105 787 5009 6931 3001 9782 2811 5661 1878 9854 967 14657 7972 5995 11799 1025 8279 11989 1997 963 1234 18616 6871 15507 15596 5058 5542 11650 17791 5285 425 15034 2317 16494 14935 2448 6788 6918 1292 14449 6832 6692 7459 1619 1951 16573 4273 3187 15915 16787 216
4915 13884 5397 8447 1510 1863 19738 11041 8864 8606 19598 16475 18299 19418 10664 10212 16492 6106 16977 177 3111 1839 9253 4744 15010 4139 10253 15077 18362 13866 5493 15956 5106 11590 4490 13558 337 19632 9061 12793 3538 5711 1707 6891 14450 14496 8659 10808 16390 14033 2334 2772 18970 11731 2828 17427 12005 17598 13397 8101 15700 1395 3732 14471 10304 5251 2752 18728 10913 7232 7536 6698 17690 19778 14845 7347 16662 267 10595 4152 15346 6514 544 9880 1286 18518 19078 15659 1517 6625 222 5976 14489 3308 13194 1109 15185 7318 12609
1562 4434 3215 5139 1291 4554 18725 1126 2425 5045 5248 3794 4293 6610 7116 14027 14158 9937 4933 9159 10508 15601 18462 13484 13141 7871 9130 11820 9208 2536 6512 18368 18024 4256 11250 17788 18695 5007 5708 2330 10511 18472 15428 2132 5003 11170 15714 15352 11220 3528 5662 14662 11385 11943 17900 14464 13782 12082 11465 8584 7658 3779 16162 15596 18529 9981 15954 10856 16076 4015 18693 14170 5829 8291 14931 17779 10964 1546 466 8989 17100 9398 5622 17156 11294 18388 15344 4789 421 13889 3366 11496 902 17742 10078 4377 4630 7948 4409
1265 15411 4064 13764 10904 2647 11656 10929 1171 8992 9382 16626 10208 8089 10379 558 15791 12092 10814 9805 2522 2708 225 5979 15489 18627 17811 382 16276 13063 11197 12563 8767 1490 11813 18347 9019 14173 16649 19935 13533 9655 3870 11273 16604 19201 13166 15891 16947 17840 3521 1364 10284 4990 7789 13647 11847 18199 273 18189 6696 15606 9091 1660 6247 10643 13329 29 19341 1986 16568 16107 16610 12633 17206 855 6839 11668 8794 5354 7464 5609 13518 10584 9192 8908 978 17347 2760 19441 19741 5027 11502 5960 14209 19868 19313 1362 7628
8200 510 3056 10541 14478 11184 18361 11598 85 14829 10087 13918 8782 7678 13970 12137 13600 14369 18254 14113 5777 3615 9587 3057 16843 8280 10325 16602 7510 15430 12732 7531 8577 1843 5587 5967 922 5695 1787 12521 15267 13735 2896 6430 14824 2872 12745 13827 19137 16127 6971 14147 19986 6279 11196 6301 14476 1710 3273 16321 3451 3359 11891 13453 2148 291 16605 1324 12462 6216 184 9366 11245 7171 18925 3017 12877 12374 16597 10033 6871 18775 13044 8255 4758 4686 17083 1479 981 2341 4114 4991 18096 9609 732 9077 16885 7715 6648
12650 17803 9358 4988 4679 3269 19142 18874 2439 9086 5289 5274 19409 12370 13935 10493 5838 14019 12393 10998 2901 5910 8220 1023 1554 3286 12879 13300 11809 19749 19681 12749 11721 10762 13460 887 18659 18483 10820 4493 19351 4257 2995 17951 387 17406 14639 9844 10262 3669 17130 10864 2158 2859 8704 9995 5116 12125 14941 10098 14472 4192 2715 5719 15638 15141 1439 9889 10275 3779 14082 18324 9429 12164 97 7879 13046 8408 18010 12063 14995 8824 3761 6589 15174 19286 13212 2037 17775 2969 3458 5764 15718 5856 10490 10079 17799 14031 10378
9809 19266 15071 18759 8851 8919 16164 7638 18503 11981 2892 4898 1600 7173 15720 13163 13775 16078 8880 17692 13387 3360 5570 7818 3063 4353 9557 11563 17620 10182 15741 9320 18573 13583 11567 1030 6406 19512 5900 9828 620 17235 19645 2206 1239 16849 2806 4096 14159 8084 907 17453 914 2891 5098 18370 8624 6743 8090 11610 9628 5174 11038 16260 10257 14209 14445 6051 2217 8360 9342 15161 8738 14367 14111 7542 13482 16808 13053 4908 2621 16486 2844 15021 14078 10556 1990 7169 15576 15955 11868 13340 19808 7302 4074 7122 18109 7555 5165
4897 11708 18588 3235 7913 12621 6805 6280 7146 7420 5445 7154 17544 9072 17977 4818 5226 9492 10104 6153 15864 14411 5762 11960 17647 18185 18953 17952 18580 16494 17850 3652 17240 3540 8847 10350 18514 17899 4522 11571 10142 8269 196 6868 10814 19112 6452 19917 2701 5277 3883 12062 16674 1777 9725 11971 15756 2873 18422 5687 6291 1610 5962 16989 14976 4889 2293 8586 19855 4407 10329 5666 18327 16910 18621 8742 2071 3804 12291 9570 7741 8716 1251 11903 8054 3407 12413 4076 4569 8215 13399 3090 17773 19520 6647 7642 19306 6060 8581
13737 8317 12582 4364 18689 445 5197 16888 10549 4614 94 14599 1028 1290 4100 11600 19384 14241 10756 16046 11233 15238 17761 9435 9773 12432 741 4459 4019 5143 3230 11153 10593 5132 17844 18906 13575 11285 5210 2861 12668 14742 15452 19796 2656 6576 11780 7682 12254 19960 6089 12754 19195 12036 5241 173 14975 6136 2431 1258 19218 16674 17668 1517 12717 614 15588 7369 11887 9971 8558 14660 13558 10929 7607 17133 611 16431 4731 6822 9305 18800 11893 5185 129 19805 8575 4545 2365 5787 999 12376 7759 6368 150 3113 9570 7018 8628
5221 2545 3992 19632 12516 7162 11989 2548 2053 9513 13620 7825 4204 11360 3190 13497 12467 8114 1806 14590 9105 3418 2914 3081 18325 2012 19791 19441 10925 5267 18844 15012 13992 2576 11167 12755 6823 14266 16590 2498 3609 4185 17352 12131 126 14756 6198 12443 1616 1287 7700 14207 1164 18758 2918 6498 9774 5060 11467 11891 9128 14819 6712 17361 14361 19917 12037 2343 6528 10782 9018 16891 6079 9995 7743 19564 8597 18574 4218 19548 15237 7997 3388 16061 3041 1041 14373 4672 11997 12860 18485 9046 1163 7950 3174 1964 5327 2712 14782
11852 17566 9141 13889 14335 4215 19424 15318 8055 6319 5790 8466 42 12882 2744 9285 4304 1380 12640 7854 6810 1146 1624 2681 12840 17552 18602 7277 2340 14960 15409 15745 20000 12563 16790 1196 7753 17749 13820 9334 9438 16674 17390 9889 17750 14439 12769 18280 17544 1401 8234 17839 4121 5824 14703 8923 4795 7563 11706 12860 13203 19817 17645 15827 5273 527 301 16576 3517 15836 18927 17188 18263 5713 19154 5337 12094 18759 15783 14415 19936 18153 9371 2070 16227 7408 9312 12809 450 19468 14648 19128 5454 19222 9658 8954 12983 14098 958
11874 15047 15181 8721 12456 7480 11110 18634 9050 3714 4942 5432 9650 365 8324 15859 12903 18244 5510 8926 824 19422 7074 17030 7529 15791 6488 2591 11000 18843 2527 18533 2223 120 1838 19076 3338 12410 2173 7657 14229 8986 2803 4436 7867 16398 14033 36 12445 13918 4109 11022 7942 15013 8491 1158 6013 16553 13291 3058 13023 10366 18700 10470 206 925 5849 2057 1462 14428 6691 8006 5703 3126 1891 10351 5895 4947 18344 3192 8553 15603 14268 15684 19227 16992 8602 854 8241 144 5239 15572 3283 387 13664 12665 1646 1807 5957
7281 16641 14735 19083 13304 3932 11087 16114 18355 3602 4254 2386 13118 8269 13355 13315 10054 3382 9013 4894 5908 13556 19829 6635 9772 13104 19656 6196 15330 18453 13378 18454 17091 16781 18353 5081 15150 17932 15764 10099 19532 2971 2561 16231 12426 888 11779 15962 16690 4490 13417 19885 2930 1354 10684 5134 7095 11935 6063 9376 1056 7429 4499 3928 4279 11354 11523 15601 18799 16754 5344 2547 8545 12226 18278 11457 11886 15880 627 6640 4994 421 8734 11743 7269 14484 13210 5061 17466 479 13366 12312 4405 955 4439 7071 13562 14709 4447
606 8676 2179 5947 7821 7959 15395 11214 5700 12546 17824 6271 8745 14616 4050 8824 4979 6077 1019 1980 10856 9338 5138 355 4233 18705 18912 1376 13009 16767 17697 5534 1762 19890 11238 10801 18069 15582 13532 840 19079 10398 11573 15628 12417 10693 3879 19529 15076 17480 19617 16828 15922 11243 11330 18767 17869 6707 9707 1465 6534 8889 19206 10108 16419 15279 5030 13713 4480 12122 19909 15546 16507 9617 19467 18676 5281 7669 418 2486 14646 17999 11277 13835 18232 16353 7228 17770 19564 3252 2859 1154 2783 37 7081 8437 3707 3598 16058
4606 1602 7453 17990 8745 18667 4830 2706 8904 5334 18211 10831 10880 12697 7737 4411 8253 17275 12026 6239 16236 5967 2488 2403 19787 12671 7802 15459 10242 7480 8207 11060 9698 8365 19905 8270 18871 9140 5366 10904 3777 11220 4819 14983 5502 2531 7003 4914 4797 17615 18506 15681 9959 10475 3959 6873 13829 6254 19704 517 19407 15714 6587 9215 7531 14650 2435 7442 12858 9317 10480 11071 16344 11894 3791 11763 15829 8273 4199 16253 1901 15466 6715 3570 19404 4657 13596 12275 3807 11618 7365 10510 17060 2248 1467 5649 6312 6140 12070
7950 19012 3454 18901 7788 16154 16215 5466 19456 16764 18125 5373 13320 13823 5864 19284 18207 13864 1154 14630 7444 11691 4652 17824 5193 10423 1506 9507 11470 5789 10551 1625 4647 10020 5645 438 10046 19526 17099 3782 1574 17890 3133 4129 3534 9033 12447 12507 6952 14794 13569 17065 1963 10884 13857 11121 2267 16174 1615 18606 6643 19409 7134 13216 423 5526 13435 14912 11187 11094 7155 1749 15740 11554 16171 1825 14979 3390 15598 11886 3823 14 14291 10025 194 11006 7515 2385 15591 5683 16686 1310 2028 16712 3031 14393 4551 11888 8013
18144 16399 438 1952 14343 4901 9111 6217 506 8966 3321 13925 5537 16911 4692 10997 5513 11456 5409 19447 245 1001 4337 7355 3659 14509 15472 11312 16401 4209 9580 17214 16595 1628 246 8161 8156 8092 7210 2261 2030 14326 9663 16686 2460 6809 17603 16603 6473 11856 5226 16665 15844 6648 9425 1308 15797 8021 14517 13637 12971 4244 3272 19162 18068 12399 4415 15811 9801 13985 4502 11193 1844 7433 18491 15267 13421 17619 170 4552 18368 5160 15547 15697 9591 757 19438 18745 19906 2845 10799 11176 13437 18366 17886 19935 12502 5271 14855
3298 15890 1537 18376 15651 12575 17089 9414 4734 18000 6885 14578 12164 15822 363 8447 3314 6988 19941 16663 4538 10586 17545 14410 3612 6218 3131 7846 7422 7759 2558 11555 8991 15703 289 13137 1907 17609 10303 9877 7892 19931 15063 18735 19971 16652 6301 9823 39 16379 6331 5047 18346 2987 7349 8975 19053 15226 1685 11372 3904 7457 9453 43 5726 13984 9692 18231 15083 6007 11107 2052 19295 4677 17957 4112 16805 13988 18590 15821 6439 2755 8502 37 5501 14121 5085 19817 4336 11776 12417 8540 14916 3549 6014 4135 8056 6794 9062
5812 15488 3739 7088 14211 18791 6213 1528 16729 10042 16138 17584 8556 10018 1420 19836 2202 16341 13359 10920 5263 10377 9894 18313 6172 2423 16544 2485 12797 19656 225 15549 11082 13656 5838 16239 16926 10968 9716 3364 1751 6470 4957 17179 4938 7321 7468 13708 5356 410 10507 14477 5487 12676 19861 19628 19823 10284 16515 14669 7407 3403 3917 17987 1855 1949 8398 3196 485 10556 8373 14225 15438 17065 5508 239 8395 13098 2619 4603 4288 3108 16752 9646 14791 9195 6547 18318 18468 553 16364 18037 4150 15916 16285 15544 4378 8865 18710
14889 19128 18382 2934 18052 4559 985 4836 17390 10570 19465 19946 11395 19195 3921 11418 13931 3020 19895 5016 9970 4046 18931 3544 2634 10936 5297 19781 7890 13548 4863 16290 13136 10343 897 11539 12068 6077 11178 301 9263 2436 13538 7030 3008 14946 6267 15051 19907 13837 19889 14 18442 8701 3863 7529 19123 16911 7818 1364 5320 10216 11599 3523 8752 10138 1420 2454 290 314 12508 7645 6554 4829 6392 289 19957 2221 4265 3566 17566 268 7541 11240 8126 2569 17167 19075 7817 9083 3017 19105 6250 9298 12241 4714 9579 17273 8747
347 12876 10635 9853 14680 9268 7206 7372 6955 17608 12151 18770 18556 4465 8877 7577 1761 4692 10477 16252 7614 7115 8568 17570 704 10538 2810 5215 4139 8488 213 6035 17888 12168 745 11492 9485 2097 11238 3085 14666 19097 13245 5230 5516 14567 15148 11591 12160 14994 11687 18167 17221 1241 12636 6702 5357 10692 19545 2291 19330 3607 6300 3343 19334 14292 14138 5426 11295 7125 17924 5878 4475 15595 16721 859 1505 1117 13191 2963 7911 13560 14528 3184 7350 11437 18875 4787 6621 9656 11349 10723 3683 12391 13780 4997 16410 5956 19258
10437 12075 19603 9123 429 11897 3696 1302 801 7253 9272 5394 18530 6577 2396 19916 18427 9958 4285 8460 15766 15289 6477 10610 14278 2974 6898 213 11078 244 14167 9894 4557 8079 14456 3492 4697 8910 7478 7830 17012 8766 637 182 19672 3127 16390 15093 15970 7015 7642 15862 10275 15519 12629 6830 9796 17840 6498 4768 10284 6599 2550 3194 9102 12953 612 12347 6589 14085 1684 1487 4186 13099 1470 14328 1180 4907 16149 2034 7272 5901 7628 8197 412 2356 9922 15455 1085 18877 5157 13016 19556 15814 10281 14911 10598 14453 7115
9813 16302 1195 18454 9809 1197 4972 5096 13782 3078 11284 13744 4986 10811 8734 1236 13432 16969 1434 3044 2282 5281 11566 314 11204 11024 8769 8982 18782 2638 17376 950 9701 10963 18754 3029 15163 17266 11561 550 4328 1467 1179 16850 13858 13873 16098 12715 14844 7134 7967 3789 693 19449 9385 3042 16922 149 8217 10830 13330 17634 14320 16400 15486 452 7061 4050 1701 14287 384 11721 12546 24 656 13611 14297 7651 19179 5573 5549 8207 15814 15037 6736 16596 1864 19435 214 2682 6460 14850 3187 14599 9323 7356 9618 6741 12042
652 12649 199 9646 18249 12990 2701 6186 13638 1679 10038 13384 9010 655 11241 16205 17291 13717 6038 2600 4088 11174 10703 16371 4660 16571 10379 62 6455 18558 17043 324 11219 3420 10741 17056 2640 19957 3588 2400 17338 19923 1163 3123 153 12251 703 16508 6332 8878 13025 5674 10910 12257 13418 9894 15429 106 7082 17834 8212 5371 10112 1986 19559 17483 7812 12157 14481 9190 4979 12088 3765 5354 17006 15966 13920 8334 8302 19207 3418 16127 6244 3064 19793 9460 2867 1721 1603 4947 19448 15066 11109 6267 7305 3687 10200 18491 8628
12229 19249 8084 3477 2173 1250 3746 6372 14677 11408 7972 1514 6290 3300 553 11450 18851 1379 3835 3943 2626 13666 3383 6353 332 10888 11003 10351 16005 1651 7906 10329 4498 11380 2415 11051 10386 5747 11267 15350 12849 3482 9062 15280 3534 10682 10730 15433 18145 8912 16937 7518 13663 5635 14787 18642 3241 7061 6975 16397 9289 16147 1047 2406 19925 5523 14088 17137 4104 3565 13632 18113 16110 16207 12317 5196 5560 17933 7232 9140 10525 503 2378 13725 14161 8164 7231 1720 10967 18858 8326 9827 6505 4946 18802 11643 11001 9282 8211
10896 17487 17122 644 3993 16660 4836 801 11958 10193 2725 19699 12497 17481 2071 5636 3129 3102 14829 19675 14114 13879 8934 3332 97 14578 6213 14715 7323 19784 5035 135 15744 11540 10264 6274 4806 8649 8149 16616 12241 9034 17020 19876 2151 10780 18736 1573 8654 1807 5879 3089 1431 2367 16108 15527 17644 3588 7852 3236 19074 17752 12634 15110 11287 6964 10566 5858 16263 4277 9293 13100 2802 625 1635 7904 9937 17221 14090 6483 19114 11617 10570 16488 6731 19220 5246 13060 18243 14386 14515 884 15687 6058 16970 854 16320 19367 9295
14028 2206 10304 12592 9913 8160 3688 4279 13128 5001 19193 3330 11160 11613 12155 15148 11353 10960 8197 18247 12228 8932 16161 3364 17263 3589 9430 4525 2823 10796 4104 17126 16256 18125 11966 9340 7892 12200 10154 3334 7332 10309 18982 12563 5259 5501 7254 2920 16928 13297 1189 15061 18301 19467 15525 10269 11106 5275 12431 9570 12093 4869 15016 8198 12406 16279 9095 4664 16000 14901 14637 18567 1664 4351 4752 14468 4221 67 4360 8669 19370 8046 14513 2608 8813 5776 4596 5667 14698 13589 8744 11946 13174 7259 13306 13224 208 8876 10049
6043 1392 12956 9455 17046 10901 9851 16968 3094 4486 16167 11368 9247 1804 10681 19843 8962 1770 15395 2876 9560 16246 15984 3435 14547 5930 2564 1011 14879 387 3197 9421 14230 12345 10336 6299 6461 4435 18967 3273 11120 15341 14491 12125 5622 4360 19529 2557 1894 18010 15535 654 5004 4919 3696 1115 1572 14489 12847 16069 9906 506 19017 4487 16438 18593 2493 6519 17038 16806 19320 18330 11519 14503 5561 3024 16921 4901 3305 16571 4245 17318 6138 752 9965 5269 14219 4295 2336 17937 3093 9294 17679 18999 1564 8919 18241 18310 11118
11065 19560 18470 18988 8001 5516 2999 6416 13764 11010 15524 10951 2883 18727 833 13560 6744 15299 16129 6340 5771 5624 16813 12553 16500 4618 1448 9701 10995 19197 9324 4535 8648 6415 3091 10160 4268 18559 17193 854 14865 11246 15914 4160 2409 4358 6477 2359 4803 19466 4111 9244 14339 4009 8247 15288 18803 18540 11838 8925 18585 6839 13342 2995 3843 10138 18600 16221 6031 12715 678 5672 6821 17887 19573 6369 14101 16354 18101 15693 12971 16869 14629 14393 11487 469 11353 5430 11341 1015 402 16394 19511 14357 19927 5470 16537 1605 18163
4446 5378 2717 9680 16352 1158 1612 6755 5342 16997 3227 17994 5365 17080 17769 10934 19253 4606 6898 10029 19044 9319 2653 19875 15706 16560 18005 17527 19672 3970 10183 274 12001 444 15737 18246 13767 14426 15490 14863 713 18918 3098 16513 14185 14490 2740 10792 4342 282 19892 13812 9685 794 19949 3184 15279 17403 7442 9703 6172 14666 327 541 18809 13193 406 894 6802 19326 9011 8527 7654 5514 4967 19954 7182 19258 15532 10729 7978 13065 10441 11371 18993 12790 17598 17566 15365 1306 357 7914 192 5277 5032 16464 1891 4118 7926
13515 19168 1463 8159 371 12805 16393 12103 2238 3472 8957 10980 6045 16937 18436 8984 16505 18852 12409 19978 11976 8716 17964 1401 11723 13553 8475 12218 4040 3256 1105 1382 4240 8519 3196 9524 6800 1785 18872 11890 6440 17453 506 8186 3245 6774 6104 2117 9283 16188 6160 16848 15281 6813 18310 8227 1455 15393 18435 17779 10437 18337 17488 8288 6600 9503 16988 4328 3982 9424 315 3321 2044 8849 3868 13762 11914 1236 2702 3607 11829 16043 13332 4420 5030 14930 7709 1593 10478 14053 12173 8196 3992 990 11836 17412 19993 19170 17485
2666 6532 18813 10098 12172 17484 9258 14845 19018 2967 12357 10025 11175 15948 11075 19602 8625 10893 5865 7004 7356 6838 11110 15874 7193 3122 19499 2246 14191 9371 14153 2891 10234 4957 3217 16329 18412 1439 5301 8029 6045 17669 8467 19762 6857 19700 8834 13825 6070 13064 3308 14366 436 4032 5313 10818 1110 18170 16973 14374 11960 4733 849 3630 9956 6901 19182 16941 18822 10568 65 12496 17465 6754 16813 7717 9656 1068 14527 12562 18373 17953 18870 19524 11998 5674 17151 1075 9214 17355 2668 16783 5630 17573 10969 16868 13442 14965 11017
9795 1356 19163 12674 13678 1650 10940 12869 18482 2572 13285 14282 7781 14842 10070 9228 19437 5939 4793 18951 12052 12269 7948 19875 3189 16790 11411 5331 14438 11173 5829 10554 8521 2654 16467 10341 16891 9276 7931 19588 15402 17075 2128 18155 1533 2404 11157 11844 7472 15104 15155 925 17108 11405 2558 9660 9355 13821 12019 6289 15381 16645 5402 1553 5923 18501 16421 3548 7055 5795 2426 12246 6117 4234 7298 13779 5860 14124 16712 14465 10046 18706 9991 1528 11579 48 7644 14623 2555 10623 5902 13202 1417 10404 14744 6400 6842 1990 12527
4299 5201 17233 10544 5111 17489 14605 1715 16841 6637 13137 19743 11202 7831 6331 16996 18504 8491 4014 2240 13186 6675 19670 3327 17570 3297 16646 13039 12664 3323 11296 11918 8976 12570 9296 873 19446 19382 13964 3243 8494 13935 1694 2160 13630 17602 13133 136 12000 2120 7595 3557 5756 19950 15786 5543 18929 16585 3079 16571 18972 10352 7036 2233 17282 10812 7084 8942 3958 13889 4924 7598 19318 2258 14002 9635 15090 13354 508 5203 18080 6794 17542 17453 11185 15851 14612 19378 1882 12 8420 6144 14684 10670 14269 8121 1055 6822 19239
1580 1412 11346 19671 14401 12766 2457 10807 14567 10820 4509 6319 10767 12248 7871 15845 13441 15743 271 11255 4611 2220 8005 5441 10842 9958 18592 1150 12419 1980 2524 4306 3187 2535 1641 4595 15108 17719 8161 2185 17183 17864 6989 13416 15728 15934 6473 9067 14380 11647 15320 688 19721 10413 7326 995 13826 6244 18154 5136 19571 9193 6455 8872 16005 4662 17859 4131 82 2926 9838 2364 13794 6122 39 11700 7189 12323 8522 11343 13288 12709 3038 13225 15092 12703 13073 16498 13795 17762 5199 12969 4386 4379 3329 3208 15717 7757 7557
5166 16418 4515 2035 13530 17064 16069 10631 19208 18307 6558 11355 6311 17060 18068 19433 2935 9843 13404 161 4757 11888 5073 8498 16631 18856 8044 17900 14252 7878 16582 12240 6505 19017 19679 16082 827 18419 18955 16828 5649 11622 7550 4657 1257 12727 10773 13839 12278 16067 15697 17789 5168 8772 18989 9337 14359 12536 2660 2655 12249 97 13692 12679 13209 9477 31 18072 15391 8082 5374 7723 13023 5901 14441 8949 1034 3937 9408 4146 17206 12949 14043 18683 2236 9550 5787 5575 9424 4099 16194 325 5111 7755 362 11076 12736 1179 422
3942 15414 15654 8265 5041 787 17588 2189 18146 16394 15047 12010 10279 16678 15196 5732 12065 2628 7929 1638 9946 7267 8509 12138 2688 17129 3127 16341 7323 13129 7496 1662 11659 515 12949 19539 5271 14488 5488 12415 16833 5171 7201 9550 18431 1508 6031 3336 10770 19678 14552 4157 13303 15041 17000 16399 7946 12776 12507 10034 557 16614 7126 17333 2111 15332 10481 11712 9795 15980 681 7591 3296 13987 3904 1104 4288 9751 2046 9619 6083 14719 11433 15345 793 19989 18210 9944 7758 16952 2826 8456 17118 3126 912 309 5436 3203 5223
11159 1979 1183 14602 7032 16674 16841 18504 15264 18645 17050 10646 19658 4030 17950 15399 8720 5223 7369 18250 6481 10643 16508 1448 12040 4830 12941 18917 919 7542 8987 8730 7325 10830 7443 16797 6956 12980 9589 546 17608 10774 1247 5781 18803 10149 16163 1205 17106 14064 10532 6074 6853 7973 12219 14362 11620 15019 2808 16369 5485 2124 6679 363 13096 14560 6337 6870 12931 5369 8134 9802 3841 12621 9919 19558 7391 330 14854 7425 3030 5015 4952 11722 4932 4280 8661 2262 2004 8041 2694 7452 368 4559 5209 11169 17061 11660 8871
10914 11050 6361 12125 5404 14531 5283 7220 6731 546 15764 9880 17159 8704 10431 14893 15245 6975 1339 7351 11866 16477 14696 18026 11602 7896 14955 14505 4383 3472 14097 2077 14621 853 10117 13301 7633 3953 8510 8775 14496 12343 11015 9713 9738 7770 10378 14688 10335 10697 326 4602 13708 8832 14878 8 8618 9802 16982 10175 12861 17892 14510 14326 15195 14164 3886 526 19302 15035 19778 2728 1072 18817 18396 9432 10231 13294 9147 5422 291 3606 14010 18439 1831 19074 5198 16747 14989 7433 256 10911 13205 19843 18151 19703 1118 16547 470
739 6934 12876 7846 7200 15509 1530 13136 238 4949 7635 2278 6575 16462 7886 8100 14065 4983 4083 18396 15183 6498 3169 11006 55 8216 7491 1318 3412 16595 8307 8231 12548 1375 16267 13594 13171 4652 15181 10436 4866 9563 9546 10228 2457 3807 19284 19157 14083 19818 12947 10664 11969 10278 2284 8633 7485 9548 16569 236 7571 1606 9133 4791 15186 9969 2977 2233 2952 5553 25 15661 7780 569 19297 19218 13486 19996 13561 8176 8206 3565 5776 1391 13560 14696 16276 12487 3102 4061 17153 4011 9109 7277 19691 14558 17393 2587 2049
14443 17774 5143 5600 11190 2086 15104 8126 5997 10566 1969 4186 18744 10202 11734 224 17842 17335 11069 12238 15919 11192 6377 8717 9702 18414 6655 5000 3127 12524 15753 16704 14050 10559 9000 15864 2286 19287 6281 11835 13120 7572 10014 4336 14072 18317 8518 5295 7741 6493 12316 10303 19263 7664 16404 6787 5747 14712 5984 8141 8042 5378 14965 17314 611 14149 3134 127 6329 18093 19379 15131 8096 19555 12645 10116 19297 16885 15728 12571 12864 330 6809 18575 15400 11965 8652 15263 11363 9154 654 3329 11198 18685 442 7342 13204 183 18878
7844 2920 3222 12030 19550 18363 17949 18048 819 6551 10879 6060 784 7165 1874 5071 11261 788 17933 4159 11370 15428 16016 1380 8594 17064 5687 13607 4427 13861 17136 11025 2169 19392 14154 1349 15843 9753 13550 16536 15152 8641 591 7550 9968 15860 13524 17914 16256 14953 2299 6817 12139 3269 2012 11977 16912 2113 18988 5171 6189 18143 5963 19849 16698 8854 6159 11266 17168 14511 14422 2555 4237 4278 18502 19038 3415 10469 7094 7314 1921 16633 18396 12657 4933 5375 7752 9704 9334 15758 1485 11356 10019 12796 18404 8243 10808 11018 18900
8860 6983 5930 8880 9408 14222 5713 1792 9690 6251 19169 3805 1562 12362 10426 2418 635 19815 4648 17205 2056 9179 11513 2723 4770 11356 18588 1594 17633 6037 12852 2266 10806 5226 9544 18087 8543 12179 2732 3709 19518 17510 15505 6244 19692 2947 10533 2785 12436 17214 2876 9433 3243 3597 5189 10497 5569 823 11989 8228 9710 2788 8297 12201 4984 15249 15354 12267 9074 13789 3394 12600 15284 1899 8714 10584 1203 18525 10991 3195 8635 4577 16733 2134 8761 6184 9342 1358 4468 13750 15795 3073 19828 8487 14792 53 4745 17002 11129
10972 6729 18968 4999 5501 12789 16281 8519 1303 14681 6851 13755 11625 4215 19030 10488 8829 18889 13302 378 8574 18355 9573 19201 18590 3752 5032 4548 1647 2430 3790 16851 17935 15387 4810 9578 2674 8524 315 3839 16703 14335 13252 2400 11724 18166 17982 13493 424 414 12127 7098 7988 11852 17646 18501 2872 18527 13815 14731 7557 6531 19409 19685 12108 1334 18649 442 6090 16002 9580 19485 640 13632 15964 10059 14298 6925 14511 19913 2810 5658 14261 1418 18565 5490 3227 9209 4368 9897 15304 15894 7989 16992 17440 8408 16645 14545 9942
9647 19873 15213 4045 19048 1736 1271 19057 1162 12452 777 469 19308 3824 15112 10373 1740 14422 16934 7487 5593 9438 16639 19073 14894 14653 779 1061 6749 19286 2068 17313 11771 13424 8121 10064 7419 12460 10648 19353 4661 3037 2047 13373 16294 19974 8334 15770 17409 6400 15920 10860 2740 12759 18915 12895 1403 3268 6128 13027 89 11218 9451 11734 17320 13182 16567 19757 14840 19051 12935 9004 16424 16763 4059 5621 4157 7685 4192 18302 4127 3224 8093 9475 19022 6332 13357 5633 11555 4372 16209 4930 16032 12624 15164 16580 17999 15617 12673
17460 12448 5241 7603 9473 12375 6201 1883 5216 3863 5136 17206 5773 16895 16252 11064 19998 2372 15803 10635 15752 3993 13666 6208 2189 4290 12217 18890 15605 18984 9497 10565 1375 18514 13475 9431 4729 17064 941 17091 4464 825 7488 4683 614 13017 19853 5114 10532 7266 697 16832 12697 17634 877 10069 14804 15359 17731 8756 15410 16796 18868 2685 18717 1204 8568 901 6000 18635 4116 1983 7390 15997 1656 664 16684 17561 19342 7511 13247 2275 10124 8290 3857 12760 12350 11914 14575 10763 7950 8617 10310 6393 8256 10446 9338 14583 423
6848 15820 2597 16209 14633 10734 10879 18655 4 13767 8968 8295 9215 886 10160 19502 17753 13068 5201 536 19904 1376 4617 15421 19231 10233 9403 14695 7120 2098 6118 17114 19858 9379 17096 12262 16012 5736 5982 19818 7401 9765 10733 9710 5 5284 919 19029 6675 15606 7883 6172 6011 9066 11889 19202 11524 18997 17930 19630 10271 17341 17767 12610 7729 9500 10774 12510 18354 2384 12352 15649 9477 2049 4803 19494 5304 11133 1780 16526 15274 2381 17227 13472 3505 3210 12770 16736 18205 5220 19792 15929 17156 210 14664 12387 14548 7292 5193
19873 321 7587 2799 2736 5088 11613 16911 10250 4581 1960 18941 6463 7848 6722 3361 18012 14172 19625 19244 2677 17033 17539 12787 7944 16552 5832 2972 7467 8925 3452 1862 2716 1764 18919 6246 12935 7522 16324 19968 11435 18349 8445 8606 5070 10422 16270 14475 15154 11493 8114 12782 12146 18691 3047 18444 111 11085 18405 685 11754 17947 14129 17770 8784 7718 4662 5325 10679 8475 15840 1462 8840 6149 17118 8412 15706 3036 3938 14023 927 7260 5409 18813 6205 8067 10019 10280 480 19730 822 11763 9903 12667 5684 8385 1564 3582 7320
2208 14248 2877 8557 270 11138 5432 13570 8771 2695 6528 4494 15898 17565 7910 19531 1004 13341 2623 7066 1505 17652 1251 19458 10597 9524 6892 10413 8323 17238 16095 18361 2463 17746 3972 8553 17178 9067 577 11332 6664 2958 3582 3382 19711 14881 3973 1041 11455 18498 8530 13901 14077 11263 17432 11720 12576 1772 10276 17822 8809 18700 16687 11562 2844 16198 2612 13929 134 1761 7683 13531 12788 6319 8847 3481 8921 10143 19694 10015 12935 6563 10405 12089 7290 7663 11328 12531 12828 17974 6169 19098 11099 5163 798 1543 10867 12397 9496
16810 6910 8168 5077 7969 7941 16280 10766 14763 19138 11019 14309 8051 16846 13125 4261 16302 17469 17915 10431 13706 3924 53 13736 13099 7125 1770 3796 1146 4099 568 3167 6926 7496 10559 19118 13809 5424 9603 6196 11493 9879 2851 5742 695 11368 15631 18605 9310 319 13770 10129 18628 19605 8208 12898 12642 12579 2573 12536 15461 16915 9818 10246 3670 18436 13881 3953 2248 17355 18295 9609 14025 13230 18592 11858 3673 8459 17165 3628 13960 15460 5417 6918 422 5130 9369 15640 19998 15894 7882 13434 1742 19041 5105 2872 13882 19698 18161
9171 1692 12613 112 2868 17525 9746 12434 7111 18460 7452 15493 7607 17252 18307 19576 971 15515 12881 19665 404 11674 501 6681 6308 8552 8243 14745 8137 8355 10679 15909 1803 5260 10574 895 5512 7700 950 16922 68 4533 1273 15281 3253 9415 16459 8080 6924 11214 10781 3969 83 18744 4304 11806 2001 3234 15992 4335 8833 12685 13569 19655 7849 3786 4702 3542 19595 8296 12015 1095 16783 8176 12269 9264 8333 9882 14797 12530 217 18156 16364 10180 5411 3741 15618 6315 5979 1524 14132 8011 8266 704 1582 3150 5906 9107 10627
4826 7110 18084 19328 2651 2206 9865 11436 897 11566 6690 3932 9790 579 7424 6483 18122 385 16577 8455 17499 14506 11066 5244 2337 8686 16130 17474 14111 12212 8714 19307 10413 12386 11376 14298 3741 19355 13913 5137 9173 10500 8982 1005 3800 10598 10994 18633 13856 15453 5179 9366 19315 1509 18310 16046 5502 1952 11264 9544 15393 4361 7927 751 12263 12608 2402 17075 12413 318 13225 18587 9532 19950 8348 2447 15685 15178 7014 16079 13661 11769 923 2960 1803 11133 1951 7935 3329 8984 842 740 10454 19086 725 9714 11461 15259 9575
13674 1528 9891 3520 2676 12866 9938 5512 9838 13952 2175 14704 8295 17445 4508 13026 9248 4992 7111 7432 13813 19501 12606 16036 7244 14332 16066 2413 1789 4600 16635 8488 4937 17675 5518 10357 19805 12598 7401 9793 13382 18070 548 5869 16761 11344 8267 16755 399 10290 7219 3361 5328 10177 2251 11320 14430 9651 230 6445 1996 10549 10156 14803 4139 14358 10633 7419 5150 2851 13945 6053 10026 7791 8212 3835 16633 8075 16356 11291 3302 15522 6124 4172 7137 7364 11379 1166 5167 3045 11389 9584 9200 16370 3062 12250 15329 17934 7156
3333 5911 11995 4205 8026 4148 14540 5551 199 17814 4804 4074 3640 14066 1747 3917 19474 17193 2237 4048 10114 8777 17405 16361 9973 7476 516 4993 17647 16062 14250 3045 15237 14083 10950 5878 13693 7343 3593 12921 2007 5620 16283 13376 9694 18344 5043 17424 18161 14080 15473 5521 2345 19691 1218 5984 2740 2185 5214 1991 12490 893 18914 15962 11960 10843 14805 231 17266 18496 9708 14643 10091 4639 10525 2437 9648 18195 15855 1368 13894 1096 19557 17525 6605 17038 18306 2578 5224 2311 3623 1476 6221 6587 4743 18194 10640 501 6226
210 1078 19312 4043 16301 17417 6255 14059 3375 19199 7794 2924 645 253 1082 16911 15250 1403 13082 12216 4726 5550 13556 3292 8163 2038 10491 9885 15556 528 3451 18595 3194 339 19739 3250 17292 13739 7601 3118 19869 11737 11101 11120 13832 2981 337 17909 7763 11795 13595 15371 18672 14138 5440 6082 6485 17793 19754 59 7020 11575 11975 7659 18509 12635 11088 9336 15385 2371 16018 47 12053 5418 18450 8790 14434 9541 7007 18931 8687 15418 4242 15951 12119 16750 19232 1987 12870 8418 15844 1651 15910 8653 1522 7449 14869 8973 12910
12290 176 3821 8674 16265 14186 15813 19234 271 7029 15543 9040 15507 10947 12049 19867 1822 16158 11256 9372 17029 9170 12052 13696 15067 11484 927 14767 12377 10090 4713 441 13173 15650 17322 12311 4648 17470 11220 9474 5151 14888 8696 8435 4067 6603 17683 6201 7621 754 14732 8012 19765 7477 8640 11707 9510 6337 5443 14612 2419 2981 8225 227 4204 14114 4481 7768 9564 6075 18306 6949 12140 7656 15832 10686 11104 11010 11425 3128 14939 14601 2711 17784 411 264 19763 91 4745 3984 7503 15133 2890 3711 7200 15748 11032 11706 8808
5872 32 4717 7420 971 4505 4834 5414 9734 10411 5019 2817 17673 13904 7574 10467 6633 13853 6612 13072 7038 4538 14578 17796 18442 12669 5702 8623 8877 12061 13802 17541 15907 1041 19024 18064 10313 19337 19348 1831 10705 17708 7349 6724 17595 2443 11350 10048 1080 14347 16714 18791 10236 8483 6379 2810 14300 18006 13769 19201 11450 7271 10945 8006 9210 2198 525 6546 9307 3422 11751 16880 10226 8482 3263 13967 14471 1904 7356 18691 6728 13038 15061 2928 17623 1281 1000 16394 17124 5155 651 8088 11411 223 16225 11863 11206 12524 12795
5419 8698 12981 4863 19430 12433 13694 563 16945 11055 10640 855 3227 13911 10056 6842 15648 11667 1422 6778 18101 8183 4036 4555 8798 19832 5481 41 7898 2840 13675 6380 12046 11689 8452 1021 18408 10309 5072 18064 14967 10809 8405 9455 2631 5077 5608 6616 19444 14213 11785 7213 14051 8582 1041 200 2948 8987 5147 15594 17988 15636 18900 8379 15201 15208 9347 2301 5019 3242 17396 3392 6323 12351 16374 15018 19358 15477 2773 15290 5364 15205 16907 13254 16889 19347 11562 1203 1937 19624 17283 1798 3220 18186 8995 13839 4547 977 1400
4170 12723 8812 12715 4169 9896 1313 18681 2452 8260 7632 18407 16384 4088 17912 14805 12472 19466 4833 7700 3435 19946 12734 2502 17642 10246 364 4369 17519 17997 15969 3979 8608 5790 17081 10038 19651 5196 7146 8097 11309 1603 11264 14229 6738 3763 19776 14682 8681 12237 181 13688 19927 5290 287 12763 17994 12137 8993 10631 14252 14738 16094 4845 301 1267 4908 19280 467 15498 11654 19133 11651 14518 13192 2591 15923 18243 16477 18084 10090 9866 13571 2592 2912 1884 14 18491 16607 3911 10359 13993 18862 19824 14429 15600 12111 10347 18810
15893 4347 5515 11822 7763 17969 9520 3966 6838 17766 12424 502 2430 13058 10031 9751 13300 9661 8039 8731 2795 6274 15237 5506 17 17638 3177 12916 17193 14186 12367 2481 287 4011 19018 958 927 15262 19745 14341 349 4309 1317 4773 7927 13719 15096 9665 11915 18902 10904 6768 16957 3793 8165 14134 2919 13212 1555 13098 13614 5927 7170 8724 102 2712 10800 4903 6472 14705 11652 12363 9588 19656 11888 18585 13064 4708 15222 12861 7917 2978 4172 8362 19671 9922 16871 9450 8024 18972 17828 4845 14008 18016 12099 10649 15600 4217 4163
15524 4195 9143 17669 2113 3067 4536 9591 15986 5337 19217 17614 13633 17017 18189 8138 14343 2450 19472 6608 16213 10325 2378 16528 16157 14015 4070 9755 2539 15270 7975 17132 4853 14005 18738 4555 8011 17718 16141 5 18777 9064 11602 2271 3567 17435 19118 7172 2641 9399 8142 5261 12095 14792 19943 2923 9089 10417 13896 5133 7630 10236 9267 16751 6979 16925 13898 17148 7923 16564 2710 11891 1606 15921 2404 11605 7053 16570 16840 12687 8733 15597 17713 9424 1217 7949 14468 13447 14247 6066 12718 18530 523 6918 3208 13507 342 3133 18902
3864 4771 14950 232 9000 13344 4922 2931 2058 15311 8648 4132 8108 18916 12953 12435 3434 7828 17380 11643 13527 15575 13374 16203 19442 9933 18212 12725 11633 9558 19337 10106 9408 3446 18928 1178 19038 11118 11644 15056 10663 8464 15832 19366 3341 9406 6539 14992 2809 17586 2128 453 4753 9548 8020 10584 2468 6577 13989 2194 441 2741 9524 1328 1016 16188 7959 2256 13243 19830 8060 6292 11561 9248 16919 17464 12934 12609 2246 12061 19851 17568 2878 13999 16514 7358 17105 965 12493 1205 4839 3425 18281 19878 2718 15607 15948 13572 17191
16325 5738 7666 908 2010 7640 2937 13958 6289 11170 9875 2557 4406 1986 7838 6879 12979 12662 11636 15704 15214 2626 15773 109 17185 4436 15424 10050 16827 4848 11146 8524 11833 258 4656 10591 6758 16845 19483 4454 14866 13684 754 3229 6816 17921 5185 8930 5682 11676 2847 15146 12713 12271 16663 15269 19754 16198 7174 13488 15465 18749 16703 13200 19640 18169 7504 15336 4429 12193 9020 2280 10481 6126 8301 3631 7032 19308 9543 17388 17154 13960 5069 14573 14844 5543 13455 15278 19225 19843 7635 13310 10505 600 1228 9032 5686 10265 7752
11327 10447 15447 441 15832 4828 7693 19141 12741 224 2891 7332 12764 5944 9092 18147 9549 4292 8820 10770 8431 4975 116 16924 8130 4249 17875 2602 17611 15050 3763 6700 9094 12202 3189 8648 944 17999 2056 8510 3009 300 4154 17240 13119 973 14925 17786 3714 17987 18409 3725 1952 10904 17283 3902 2337 4622 15477 19628 745 19655 11670 6586 6619 16040 12022 16179 4329 13220 19597 5904 7673 3500 18493 4539 2693 15011 13138 6760 1960 11375 15311 16593 10630 9746 4519 13730 5320 19802 10182 16965 6384 14019 7273 5677 12057 3619 17091
18998 3672 12311 487 16871 10710 253 13643 2124 7613 12871 14042 16790 18128 7278 14306 12028 16495 11072 15467 14887 14269 4426 4307 7977 7642 265 1710 19956 5849 4224 8585 1532 15417 14502 12774 10795 6368 10435 6304 19969 3982 13875 15307 18036 13287 10186 18934 18717 5715 12423 10353 7666 12652 15009 760 18858 7665 18647 16332 7255 16478 12257 13402 14166 10217 8933 9019 11772 14389 17475 15420 17393 6907 18215 2819 18540 2280 6293 9970 4843 13378 18134 476 9813 4286 10989 907 13661 2349 19617 13437 3593 9641 4813 3160 4641 15547 5087
5479 18007 10550 1410 1140 3468 17879 9122 3167 3887 16197 1094 5951 19736 10579 7395 14279 17412 15832 6387 7550 9279 14386 13406 16268 2072 4673 9252 15110 1752 14897 13063 15292 12042 18079 17269 15197 16431 7308 116 14976 11539 7143 3694 8922 10990 8843 5048 3098 2202 11168 442 3076 7904 12207 11242 15842 13248 404 5255 13692 17977 7487 14090 14640 3354 16512 7259 4397 8543 1434 8587 5333 6801 3173 16223 15718 12052 14422 18612 756 1980 2097 15025 17243 9185 18675 14288 17621 2065 12738 8757 10102 4408 5535 1437 12496 16986 1596
376 709 3393 18350 6854 16265 15600 19756 7967 10167 10446 2399 12446 7983 6043 13581 14350 11827 11383 12184 7906 13146 10317 13817 20 15778 169 8512 13592 7728 180 756 12838 4632 6736 4697 17574 14200 3789 13906 3397 18014 927 13624 5493 5949 17196 17330 9682 10143 12657 12591 1343 3777 7710 11926 16662 9821 2755 4331 6321 1719 3758 6453 6269 18066 3069 67 6868 10027 5014 4376 18876 2503 7824 4023 3278 17924 3338 3823 751 1878 474 3676 10250 12754 3957 3671 10732 19702 11404 19915 1947 17263 7746 8380 6428 16813 10134
1359 3089 14545 16106 18513 2753 5818 18093 11536 13302 3252 18319 11450 954 13331 1259 7876 15303 5870 4960 6319 9676 12174 5979 10518 2507 611 13796 143 9173 7715 6651 4154 15443 12186 7879 18824 1776 3745 2919 15209 4161 18987 9483 6169 15377 18495 9137 15078 18210 17843 3736 13722 8005 18238 17846 13938 13535 14318 5052 811 17452 12820 4892 17612 1824 11519 18107 8306 19937 19374 2851 6300 11306 7189 4357 19017 10666 6359 6681 10052 9076 11540 12634 15242 16673 3424 10888 17184 11890 3749 10869 18440 573 2457 17303 2288 8990 9036
2195 7175 11772 12917 16615 9990 9445 7437 8877 9475 4881 3574 16868 8233 4740 18433 12877 17993 11726 836 4539 6530 10393 6722 1171 15321 18458 5085 3760 7703 9513 19914 10931 8632 13104 8363 6728 3936 4306 1831 12060 1929 5327 7669 1570 6494 17759 8148 12174 466 942 6461 3578 11078 13333 17647 5343 17297 12235 15227 6249 6882 3411 17854 13703 15248 10214 2523 2212 18320 15047 11764 19423 8152 15737 15067 460 18289 19009 6554 12066 12248 102 5355 13650 17888 9790 6221 11188 13705 8988 6166 18267 1646 9574 15971 14427 10863 14765
2207 4014 11869 9023 14218 11294 12174 2915 14495 14675 8306 10818 10132 3971 3685 3400 8670 4875 7600 8596 6069 54 11053 10931 14445 19680 16082 1348 4876 13243 2720 8445 7561 11948 18065 5516 15850 3921 6445 16576 14370 183 15619 12310 17234 1961 16777 7635 4506 6807 13888 4767 10745 3203 8599 3790 13790 8260 13430 10997 11684 11802 18173 6736 18548 18770 3106 8797 8506 16547 9328 17822 14297 9047 4320 16410 13447 6456 2728 13015 10272 2466 18820 2508 3593 3230 8637 5059 16116 13854 11521 14215 19792 17505 6110 7235 8761 4324 1242
19390 6935 18903 3338 10201 10287 13895 9879 300 16681 4890 3293 12485 1979 9523 5107 10318 299 14514 15316 4020 7082 4046 18720 3283 16679 14637 7599 18492 2060 18047 19207 2364 1211 19663 15851 12615 15995 19509 816 1748 14874 13776 4790 6746 4048 11482 12198 7288 16763 5916 16613 4618 18884 18713 18256 15907 14399 13962 18189 18138 10547 4284 8610 10504 1455 18670 15833 6019 8958 12489 11380 1054 11570 10444 4706 4827 19133 6004 15162 8236 7329 7286 12968 15818 8565 9534 17834 147 881 16691 15272 14483 3369 11899 17257 15916 8777 19907
8283 6277 9571 15245 3941 11609 18905 5129 17639 1369 6831 2811 18014 17161 6591 747 12106 10787 1745 1017 15808 17017 13455 10397 12619 411 19287 4581 17759 1970 3222 13652 3908 7624 14171 3329 514 7191 504 843 7378 11265 3763 2103 3496 19942 15160 2302 1451 7753 18034 17430 2237 2477 18419 1801 11236 1420 3682 18441 6705 18422 5476 3789 5086 774 1823 1590 11813 17143 8172 14587 14310 14881 2988 16896 14644 15709 18066 17715 17847 17582 15523 12701 9572 1212 17492 7938 14695 19428 9725 2329 13086 5454 8664 7728 19798 1314 18175
9986 7234 19330 4263 3717 2882 15406 1582 6272 4645 1073 3929 8854 15073 4200 8340 3168 16047 1560 16408 2320 16027 10401 3508 13236 1934 7371 4614 12055 896 12650 10787 11802 842 4215 4925 12735 6398 4691 17810 16416 16037 13246 19024 5084 10114 12074 13093 14835 18779 7527 10164 19421 8408 4749 14162 8911 7157 10045 13893 14028 3797 3863 15178 12395 18711 10672 2120 14085 5579 15242 6376 14965 1585 10875 7686 8025 11941 15627 18477 16259 19922 1360 12064 15265 196 18418 7856 7244 11034 16682 16207 2512 6747 327 838 4997 4174 11744
17203 3338 17509 17787 19929 19133 11229 16598 2962 18118 7424 1599 13495 832 1278 6325 4577 15206 7033 13418 6945 11999 18270 1110 7830 18282 8977 10977 453 14049 8397 1210 13689 8194 6389 12433 4129 15587 14131 18930 13956 17716 6917 7711 4073 15176 9035 9610 1959 10450 674 7410 18210 14509 17347 8040 2632 17829 1046 8344 10568 9305 5470 15341 17953 17901 15903 2166 604 6131 4428 10705 5616 4882 1419 17407 915 2964 17773 19080 17226 5711 1504 8916 19438 1328 10532 17265 17336 17007 6976 5728 9865 2798 8816 6198 6604 167 9421
11703 19572 19333 12763 19569 5689 18248 8156 14705 19997 16313 1909 16240 14779 6828 16377 1585 12515 3708 15631 11374 10735 5322 5232 16321 19738 15265 2057 5501 622 17509 16444 2678 79 6755 9262 8573 8269 16183 13373 5103 7541 5828 5035 7429 9999 16950 18017 4064 5058 15901 11244 7364 4078 6769 13371 16384 16367 4237 1119 17105 12876 9750 8196 4448 11307 7311 17416 15894 9568 13418 1525 3835 3031 3163 13814 2593 4464 15455 19623 11430 205 16744 8803 8464 5456 11592 14471 8060 12653 10539 14872 2575 15629 6986 878 17630 681 6947
16779 11110 914 13965 6561 8313 8504 19210 13945 18420 9402 17459 11997 519 15531 9370 10528 18398 12971 19120 1441 10438 8882 12778 19249 18697 10752 19648 9144 12747 13697 8994 2577 10725 15446 6338 2659 13295 7792 934 2528 12731 11801 13813 10413 10304 17602 3155 8969 11236 19860 13078 3934 9661 5211 8615 237 18407 6831 6279 7129 15440 10729 4088 7375 7069 9111 10406 16687 1651 17203 1150 2422 16899 8305 4856 568 6536 10786 7123 14759 10200 4446 11878 8660 10975 10086 2675 3859 18645 19538 4837 19056 17867 15611 12210 9317 17485 19182
13692 13934 4970 7782 10582 16018 12463 2012 13538 7045 6441 11408 10919 6474 19918 8950 833 14442 10946 17147 114 6475 10148 525 10724 11811 2458 17459 19881 1112 18182 1549 4669 17355 5462 1247 2408 4517 2327 18210 7686 15240 7883 12871 9435 12340 16078 753 18022 5177 5396 700 13616 18432 1119 15699 9196 254 5846 16219 9705 18451 10010 2136 958 5313 6978 13487 10765 15183 1822 15610 17201 13175 4312 6953 4864 14458 15315 7313 18201 15797 9305 10124 10699 17821 15705 11072 2670 1166 13799 8695 3754 11923 634 7962 13217 1003 16723
7353 1989 788 7283 17079 8788 3344 13173 11190 4727 10012 4344 17361 6516 5708 13392 11509 3031 3916 2740 19637 19549 1536 4607 16067 2247 12965 19753 17007 11121 1955 1072 16002 9362 16829 1017 8097 19725 15599 18318 13450 15750 15390 11683 4702 3837 18460 14216 4448 17325 12907 16416 5990 5841 3648 8974 906 10611 13335 13254 8595 19700 8694 12246 1361 3457 19447 4958 8445 5808 13005 16198 16915 8907 4340 3340 6505 12849 11443 17394 16441 6508 18377 5209 6698 12060 12836 15415 12341 11046 3722 586 16739 6509 4129 18970 4073 1109 9863
5189 19471 18144 1795 18205 10107 7480 19615 6373 10271 2280 11752 18741 17066 8945 12036 19393 154 17206 7297 13645 8131 2132 13124 16924 19149 4305 18346 4433 3938 15208 6663 2377 10255 10340 7402 13731 13938 15622 18674 9642 13765 19919 1299 1821 18125 13050 8217 18323 18234 16014 2738 14998 3785 8485 13328 3849 11619 11718 4715 15134 16392 19304 5716 6123 13334 176 8764 11354 360 574 14286 4355 6250 15543 2321 4339 14871 3760 9415 12581 17886 18226 19377 1187 1264 3369 11039 10800 7874 5773 11306 2663 6441 10366 17476 11487 11711 2991
15957 950 18742 8569 5643 10811 18111 7851 7238 4188 8615 1483 16916 6744 12309 4995 5556 10116 8770 9714 19585 11538 11342 14635 12812 12335 16872 5926 1041 658 2418 4573 7720 12753 14516 18242 10080 16601 2643 757 17798 2032 13283 8108 10389 516 19653 3701 10262 12936 13777 8016 6413 5868 8680 2458 6405 15039 9137 19534 16324 19249 7983 3880 7009 835 6366 2412 3082 711 11379 4704 1355 15531 9530 11651 19434 985 17383 11386 6532 11372 10753 18457 18374 19480 13944 16216 10820 10377 821 5320 3461 15641 6852 2669 18764 9090 8372
10653 15084 11483 5238 17520 13008 5674 13449 15378 15945 12712 11048 588 12159 4678 17394 9069 11902 8145 12020 14742 11206 2601 2977 19555 11482 12907 9296 5254 19653 19544 1024 2488 18138 16766 9170 19395 18791 4502 10728 10878 13545 14145 18186 13368 18056 13118 5881 2064 10147 3485 12812 604 10419 3774 18353 18677 1247 10386 10218 12010 1072 457 4289 16134 14689 5705 6382 3043 14311 16244 5871 19904 3697 27 573 6698 5422 5545 6792 19003 7406 8244 2428 2341 7796 7751 5414 4335 1130 17567 12402 1273 2753 14240 5485 18682 8942 16136
10549 19455 16471 19159 18856 12572 10418 14437 8043 19704 9147 5921 14001 11101 11479 12926 2998 13994 9106 6407 9856 12470 15082 6806 1274 17766 6180 17941 7506 19940 12216 14223 3128 479 2800 12072 5468 12556 6005 7232 5272 9479 12148 19972 994 12360 12386 15100 8884 15130 5861 5419 9154 17248 18547 1934 4366 4464 12153 5840 18860 6995 10014 9643 5410 18962 9661 7618 588 14174 7142 6905 8253 12453 11390 6369 2870 14770 671 8736 16432 6036 4200 13504 2406 7619 916 2380 14720 15326 17089 12508 14713 9303 12792 12660 1194 13151 15914
17245 9170 3208 18786 6180 18538 14820 7370 152 15454 10685 16063 542 5615 16512 13123 7270 9909 19045 18399 6679 6189 6559 15070 18462 5169 3659 9712 7067 7074 1771 8079 6146 17235 17913 18229 2752 4466 13884 14602 7932 1369 14033 18691 12253 10859 3443 2381 7314 15525 702 8948 160 11505 18175 6909 19267 11055 3859 12804 8598 12554 5474 7351 7950 8943 11844 4166 15961 14581 11605 7892 18082 8638 15530 11974 10707 9928 5148 14475 5402 18079 5499 255 11436 7946 1932 19408 11621 9040 11992 3884 9807 973 11209 15353 3905 15062 10778
5023 6624 9192 8257 13151 3224 6159 3384 19334 16533 18093 2581 17070 13420 5092 17611 1277 6795 18571 10702 10781 15527 12003 9179 8258 16172 18612 14027 6279 16799 7225 4255 6135 15253 9263 6414 117 5466 2873 1689 14650 19834 13871 19078 434 11479 19946 12252 1463 4715 7887 5340 8979 1270 3079 3011 14046 541 9969 10684 9405 15412 7125 16144 17600 10680 10957 4251 18799 3568 11881 5973 10999 10683 5245 18476 14546 15074 10553 5679 17544 14143 2631 2583 2041 12370 9401 3623 15877 5582 6339 19210 9833 3019 5476 18473 10577 9200 17852
19116 13274 8946 11777 10 6848 2121 2866 13762 7786 11629 2831 9637 15024 11743 5485 6381 2246 5548 18417 19883 16167 6018 11062 14456 1515 13487 11220 10519 11703 18163 8091 14824 14167 3844 1106 10219 13948 17207 18706 10614 14499 445 827 16481 2412 11219 6930 4290 19152 8950 9893 1077 9965 19087 8924 18134 4265 2335 1363 5895 10416 19091 13951 7934 2540 10908 19407 879 13921 8858 15257 10384 410 17720 16365 18563 1497 15365 8796 4721 2308 16212 10575 4823 15176 873 4421 8868 17159 15264 7584 9632 3452 14588 5779 3959 18055 16054
17906 5383 6365 213 16323 16716 18076 10011 15010 9881 8977 12887 18812 18934 18359 13930 6671 14514 13389 3311 2264 13808 8543 12111 12577 18113 15850 18042 19369 8983 5962 6201 10667 118 19566 16821 18066 2656 7689 15525 6697 3704 14153 15360 3667 8545 15834 5307 14256 2675 4685 10412 9255 4107 14910 9874 4284 2761 19006 14904 13716 5143 11518 3715 1505 9869 13440 11526 9911 10512 14396 14443 19635 7817 8028 1837 12919 9585 18503 48 10192 18986 5864 18648 3554 9117 14952 2168 9916 17842 10269 19223 11869 14622 17601 19661 5324 7464 14531
4063 7766 662 12167 9726 17490 13690 15491 17020 10664 10869 8098 18398 7708 1704 18419 6106 16812 10842 12124 18503 18260 16594 15818 13571 3073 16208 19591 14526 257 8186 19044 2650 7371 10112 3377 4605 1813 15741 13944 5039 8357 763 4538 1331 1845 13152 6050 17298 3908 4863 7842 13477 11762 18538 3128 10238 8706 5284 14868 17840 15764 3100 15518 16788 16680 2621 9172 8259 14520 19374 13676 8349 17851 12182 12549 6744 16350 11263 7758 11784 4634 11522 19739 16012 8385 16815 9017 12655 3424 14334 14830 9282 14088 15357 15168 3168 12517 19869
200 14047 8305 12281 17171 1619 823 3495 19512 19559 18582 211 2415 8221 6195 17803 10830 9054 6486 3504 3791 4445 14262 2644 17976 19780 15140 16791 495 8818 2882 10593 6050 7445 2114 11494 18860 3526 16281 19460 6771 1998 19396 17582 16969 6501 1504 6472 9515 780 7966 19759 5891 12704 3154 13065 15518 1601 17577 4201 16890 7013 17640 431 17867 3130 8049 18335 1173 2650 10549 3040 3558 2608 6449 12604 5343 17421 16730 19872 5621 9896 18733 16978 7062 12460 13293 6966 8817 16483 16635 7819 5587 9469 13205 8947 16687 16183 13565
6673 6156 14981 9417 999 10371 777 5009 12959 4713 8858 12666 10090 4752 19593 8269 16793 9864 18134 16924 9892 4450 11737 15137 4888 12125 19057 1985 17193 8381 7609 11187 947 10286 212 17952 1356 15514 18314 10145 6381 8443 6333 8261 4828 8986 19021 4998 6239 9499 17486 16060 6072 7971 12469 17082 18172 17383 22 8044 4652 9564 3833 3134 11552 8831 15203 19034 12770 6351 17960 5348 2936 19219 17448 5534 7079 3506 15906 14700 16785 11141 8307 9906 18363 11229 9889 10926 9273 3933 2135 12082 12414 7792 7853 6521 1632 3106 15750
17559 439 13641 18115 6608 14476 4057 6883 15140 4573 19249 2987 6837 1885 17387 17541 14848 3570 19119 1649 451 12825 14089 15969 5705 13005 6005 13272 11149 15903 3885 757 8386 12062 4971 11177 6625 14400 9666 4554 7928 8265 11204 10222 16679 18949 15388 15396 5604 13244 9177 1562 3809 445 4209 9041 1742 19038 17114 4567 15851 780 12363 14457 7348 10480 12035 18217 5871 4007 3237 123 8264 8544 12545 5219 9889 14336 19431 13814 15842 5676 3050 14256 1468 4678 4205 17941 9127 2233 11986 406 12196 15160 8548 17726 7192 7140 3445
3772 5740 19708 15230 14670 17667 1960 15683 1906 13667 14949 9178 15110 18225 11566 13396 12333 13051 1463 16540 16077 4962 6143 916 12032 1978 16232 2355 8907 18413 17494 14700 4001 7830 2940 12063 9917 234 9593 11513 1125 10757 690 1077 10541 12037 6305 11908 1908 7342 14867 9983 14581 10517 2378 1791 7581 8123 16871 12038 6828 18325 19522 5953 17975 3328 17668 13658 10266 15312 5142 18533 8631 19663 3056 15200 3304 576 5986 9800 13095 15254 7111 2031 14422 16024 4500 15082 19399 18384 2548 3439 19644 4651 14138 6635 931 16043 13085
1308 16 6894 15315 1389 1112 1843 19092 14481 8567 8654 2685 6842 1340 10477 14284 5651 8520 11463 2611 11135 237 8060 17482 17075 5746 12047 7895 3732 560 2199 6729 13454 6846 10446 19834 13337 5379 15017 10263 4702 4675 17751 16210 13506 3846 15634 11869 11663 13512 4507 15694 4694 16162 14711 6051 764 3452 19527 19303 3659 15680 16220 13032 15944 2293 5837 16349 4583 3286 7869 19666 11792 11017 3476 2236 14486 2923 19011 9022 5000 10059 3474 11150 6028 4984 1489 2906 16327 13663 11349 15686 11631 12279 13781 4596 15325 12206 13800
1846 15077 15389 15216 5698 3007 2776 3903 9496 9005 4929 12641 7420 13790 11951 16019 6519 8742 15060 5187 5266 4211 12373 13047 1382 860 19664 7501 15298 7731 4714 8378 18015 2754 4012 1457 18249 7572 17504 14925 16587 10493 9288 5411 7230 5321 19001 5183 18703 693 9430 6380 3400 11591 10166 6061 8797 12223 18006 10514 18547 13808 18662 15657 2071 13033 14789 120 12398 8129 1477 18384 18630 16518 12312 5179 1195 19329 15446 3469 13340 4852 10745 17069 11137 17550 4127 18217 14812 2213 13427 3961 7696 19259 15026 17282 8874 11273 11112
16868 14292 8368 19751 9651 15033 9042 1572 1846 13879 15958 18013 13097 9076 17057 248 2395 12188 18939 7440 19506 13036 14447 18032 5370 19937 6061 15719 7615 6518 154 16925 12652 3687 18390 8699 19950 3281 12000 10189 9968 348 1718 7171 11729 15080 5662 16327 4239 1528 890 17481 56 6758 93 15388 9592 16098 12319 14540 3975 4319 16766 14149 19143 3355 15749 14004 7742 2502 14889 6931 9404 12407 6907 12014 13547 14909 12651 13039 2878 9248 5024 7992 2389 12195 11113 16122 16401 18615 12263 10129 11679 17868 9586 6364 5948 11877 16912
12055 4086 19352 19230 5492 11066 1943 12344 18737 19165 13970 3986 19443 438 948 8949 14189 2425 1005 1692 4633 5075 3475 13247 4707 4104 1291 1919 14262 11268 15541 15494 5684 16630 8542 16122 1126 10936 14340 19218 1925 11213 11846 12700 19969 5669 7613 14475 7873 9183 591 18517 16762 10467 7342 2071 17461 2242 11661 13209 12166 17897 17677 641 9148 8871 17224 10774 13150 8351 8666 8651 14346 14950 7565 9469 8278 16940 4404 8115 1646 16227 13662 11479 11112 1735 9026 4159 2079 17956 8167 15319 11588 13069 14999 15857 12260 6301 13703
17693 13373 14588 17676 19186 15360 6423 2553 5912 5056 15414 18529 8968 9924 14095 17177 4130 333 16251 19418 1781 4397 17766 2100 6717 5035 18265 15685 6630 15532 6289 5371 13040 10676 19166 17679 17015 7455 7433 6768 3995 8684 3453 564 14306 13924 13403 1384 1592 10465 2392 10883 5541 18060 6865 8923 7063 12321 17269 2260 16074 15187 12011 13966 19699 15243 4399 18066 3080 7461 1618 429 965 4609 8650 7331 7048 18780 1417 9488 3219 6051 19789 9409 8235 8618 17782 12562 18074 1562 15004 16497 6591 1075 6955 3716 14377 11282 17162
19783 11673 6167 4374 16808 7816 11087 5202 2703 14206 17557 14916 18625 4812 55 3063 9588 4113 17580 2080 17340 1219 2885 2914 8927 19835 14853 16137 15219 14392 16809 8790 3234 13281 2778 18296 7792 11034 19688 15518 16171 19912 16389 8911 1188 12244 17119 19767 6655 9630 6731 10159 6132 18867 2955 4684 18954 19899 5861 4972 14460 5514 1191 14143 16903 14435 16813 5378 464 6681 13341 15404 19576 4474 14943 14563 14163 19126 7896 1714 9959 3799 7545 6363 17372 4755 17511 4177 11475 16916 18963 6062 14278 13899 2453 19026 6412 14409 8263
9666 12961 6751 15521 14832 12578 616 2725 14909 5999 15768 16706 17996 10970 15173 5620 4575 11480 1277 4783 11615 4131 17430 16874 317 2129 12435 12737 6294 4048 2566 424 14113 346 8924 13337 11240 13959 8401 17010 9316 1105 7810 9078 12220 1686 17969 143 293 10704 10733 13459 11210 2823 11739 6403 927 4610 7952 1130 8297 5535 17273 3664 14434 10789 18794 8021 11466 1113 13194 17646 18770 18419 446 9185 18994 6241 2478 2563 17009 17484 3074 19635 12393 11235 2997 12051 9842 6390 6476 977 2237 12969 11566 18242 11090 13726 3746
5811 8873 6446 14080 1095 16707 7154 15446 9061 18109 19385 10074 19936 15547 277 12556 773 7 8753 2875 2915 4797 302 19997 488 8471 18239 16566 7703 19601 12697 15969 17136 15749 4674 4435 15577 18650 2501 14773 11868 14608 6806 507 1054 469 7790 2870 7083 14995 13323 17976 18365 18517 15690 4683 19093 16996 10207 6345 5989 10256 9637 4448 170 3693 10596 14943 15274 3846 18405 7441 17864 3861 4197 17734 17585 16080 3205 7859 19041 8435 6687 9571 10728 9076 794 8420 1199 9708 3519 13796 3737 14966 4661 2004 2895 12467 5742
19205 1603 16357 5746 13428 13576 15883 4121 1410 14407 6531 18485 11972 18535 13406 17447 6509 16597 6124 6989 6204 10836 2892 2570 688 1570 5770 16574 8193 13612 10651 16294 15477 4421 12370 17270 8303 15808 18178 18844 18026 250 18624 5851 3132 13268 4739 14011 502 4867 9358 14816 2651 575 15476 14001 2584 7459 4090 5834 1674 16397 19373 12951 15451 5063 7356 3240 11440 19257 19966 408 2010 7711 15815 18848 4101 6881 18369 1207 3500 18576 12489 18843 2296 10050 9958 503 2632 2340 16457 19249 9257 2878 248 2423 10013 5010 13899
2807 19037 7771 1981 19787 13049 18772 4548 11729 579 7309 5135 9957 2746 10170 13886 16696 13590 18603 11450 14925 7827 5305 14514 9361 16459 11944 15258 10115 9777 13122 12613 882 146 19774 4184 11458 15055 4988 182 7645 14464 1436 7115 16861 17894 1747 9601 11883 17351 2922 16303 9969 13540 10107 9925 11082 12791 1539 8352 4533 16224 9543 16212 13558 6865 17755 2995 12227 8005 13833 9761 18 5804 5793 9311 5950 5578 3909 3213 10128 9748 1910 15166 16761 7684 10716 17537 16679 9370 11927 15792 9166 7439 7560 13546 6827 5395 9611
10665 1680 5948 13798 8096 5828 13977 2096 2393 10581 18684 19607 17581 14168 8155 4360 7182 17271 8889 13414 9301 369 15378 494 19794 19993 406 11093 1627 9978 18736 15660 8947 8811 13131 18066 12883 10962 13202 5768 15195 9554 1990 4810 4244 16027 578 6491 2120 4710 4958 11593 12724 13483 1926 8992 17056 16272 7662 15646 5303 14115 8430 3577 18222 771 8679 7405 4103 13771 1616 7853 383 10348 7054 6844 14416 16914 4889 12093 7652 621 19905 7315 15203 9823 7569 11053 19910 18725 17165 8227 8596 14349 3874 14909 2013 579 15801
10749 2952 19927 1962 12846 7012 8600 1955 15385 14869 609 8901 16086 3532 18722 6372 5405 8682 12794 3993 8646 4395 13418 5023 10584 1552 17158 3446 3784 19383 18431 16191 11877 17600 10774 4447 11400 19706 16844 10528 15584 16551 3440 15020 15720 252 12336 11687 16107 3717 3909 18372 9416 10755 17657 3287 4599 9546 2645 10032 5860 16352 18907 19018 14562 104 13387 962 6743 9633 16548 7110 18698 17613 9098 8498 14260 752 18806 12894 19296 15003 4365 10004 9949 8565 17410 13759 15050 3974 16387 4130 33 18543 7621 2492 19891 1453 8089
3484 3924 2648 18662 14299 17596 2639 17340 12223 7693 7695 16914 5340 1662 7208 17575 11043 8330 8455 5861 15739 13713 2619 1603 11622 2699 6079 1340 11546 19387 19275 17738 13085 5082 6405 13239 1029 14870 15757 19364 16790 2906 1778 5582 9818 917 2217 19748 9307 14409 11036 5507 2570 15298 18258 1326 8345 15915 10401 19360 5156 2715 1390 2809 19990 4118 6096 340 13065 5497 685 5641 91 13795 11025 16352 18770 6990 902 18048 9617 19777 4431 12488 505 18617 18324 16767 3621 11681 6279 7626 12074 18744 2934 18053 6717 444 11698
7574 4682 11662 16244 2330 4302 362 2535 13852 15722 2049 15232 12214 13142 9050 15834 4019 19376 17353 16160 2919 12841 7620 16535 16086 6370 588 19168 3564 427 7019 12297 5081 7213 3354 8670 15023 12611 18828 17145 7880 16514 10174 12605 14821 18981 860 11078 1025 8969 14057 11634 9649 2089 11231 2761 4506 8436 19911 12235 10702 15126 4122 13305 367 3271 13586 10586 979 2506 12432 1442 7942 15679 5938 4843 3178 3370 5341 5416 8733 17587 2231 13336 6246 9096 8112 4092 18158 18354 684 3217 3027 5406 17325 19274 5181 15261 16147
15736 10067 19567 905 10150 18459 14033 2003 4457 10767 14720 11382 5897 11151 8518 11051 17822 10685 3475 1340 19749 12195 18181 6079 19028 10874 8748 19225 12500 43 7843 177 10390 6936 10013 17274 17209 625 7078 17726 17524 14202 12068 8149 11381 7160 17529 5214 17017 12873 10917 14921 8114 6928 3024 15925 18470 12840 8239 8144 17153 12161 12388 10048 3160 18719 9009 10714 8828 10317 5622 1774 6257 14227 1355 12231 5319 1476 1911 12028 19680 19011 6827 14919 13595 8588 11461 537 11720 17932 16519 18686 14635 15308 2761 2171 13434 6772 9646
6055 6966 7994 3774 9704 9151 4207 1188 1090 12955 11510 12726 11200 13025 19175 15321 3633 5699 15899 1282 12250 15223 18024 19979 15635 5620 6470 532 6227 18741 3053 7963 12919 8365 7695 6306 8270 3386 16121 1913 11485 9699 16304 723 18021 6297 13636 639 4990 10511 489 1381 5571 3347 18084 10644 4981 2451 13395 13437 13662 19374 7241 6089 16355 16512 6889 15076 12713 16946 4764 12108 14111 8431 10972 5011 12844 3571 11650 5668 110 12106 12561 18310 10313 13099 3254 11591 18298 614 13450 16754 4056 3913 6212 651 1787 12067 8097
1601 8628 9637 6930 35 8119 3210 4009 281 5523 3321 11241 19458 18758 3627 8839 9868 11705 9426 5890 8676 11420 5813 17931 13119 13865 8305 2952 4629 12573 10478 15822 11533 13303 10593 4102 9921 18782 14202 9315 1730 1265 672 4958 17084 5503 1177 15672 9377 11728 6885 19696 15843 9695 7276 14356 6456 13515 1822 10332 18588 3097 13873 14619 17392 10342 703 2044 1962 15163 9279 2308 7023 7985 752 1668 11949 823 16318 18335 14065 17590 9791 3456 9137 8770 11538 18597 13050 13684 710 10325 10816 18693 9434 9529 12373 19743 15479
6808 2753 18756 6474 1954 18966 9636 19471 10179 17697 19040 1940 14814 15915 3150 7085 5948 9257 14546 15965 5559 16146 16971 9876 3854 8431 8710 6140 18763 3936 3158 18206 5658 11607 8745 3460 15753 2493 14928 2127 7985 3102 553 2792 16293 9806 8943 9549 13614 14352 76 4360 14435 3562 16244 13721 18911 16033 14879 17440 3790 12293 19080 19366 2130 18106 3292 2183 9160 1896 19826 12301 3612 11596 17008 17412 3099 10161 3492 19068 17851 3124 7998 5940 13265 19773 14547 17031 4115 7261 2274 16498 19372 8277 3768 4122 16472 3988 13656
5321 14706 11100 5113 2408 18444 1749 3936 2699 13816 17991 10712 16695 1316 8880 9903 11023 1232 7164 3336 10523 14988 3539 16808 7619 13128 19954 18109 9406 15397 14036 15540 15022 8658 16709 10963 5690 6805 18669 14268 10205 2477 1993 16372 19222 19069 19571 6625 6873 8679 13254 14963 9022 19416 19277 16875 14937 5881 12891 13913 3565 415 16813 13133 9163 14407 12629 16478 10338 17408 14776 18203 8525 7635 8250 4813 15134 4801 19855 17893 4984 669 8768 10057 3340 1295 15834 373 1794 2588 19951 8577 1044 1894 8031 2448 683 2822 5326
13188 16347 8798 6364 6442 5321 5845 9986 13596 7819 3121 12130 12775 19515 10083 13250 6130 1220 6252 11623 7742 9405 3922 1617 12563 9693 10151 19551 14689 11646 119 14824 12788 11261 5500 10637 6024 13431 14911 11087 7101 4475 17092 7345 9417 10750 18188 8313 6996 16568 13812 13508 10534 902 12248 15980 5007 8163 9617 16104 19368 7994 12552 11678 16138 13150 15749 14753 2960 4489 5560 5370 14534 1515 14456 6738 9409 2734 12014 19095 6139 13931 9495 17756 15427 5535 17588 9071 19202 1056 14351 2480 14107 7848 17225 7625 18068 4870 1886
7214 13240 16661 172 12180 1592 2026 3915 1854 6596 3724 865 17619 11816 1351 17736 19974 17547 12419 4525 12779 9889 8575 5803 7646 13479 6871 12879 1006 6187 9403 2505 19195 18133 3207 15247 13013 14412 1271 17447 14203 6886 13168 7993 3185 13517 9974 5697 5735 2364 13311 14638 15207 1645 19757 16072 409 12831 7236 2298 5261 12719 16577 13092 16557 5238 17017 6483 2008 14570 8120 16473 7163 17039 15667 8786 2053 14704 4422 802 15675 2617 17730 6574 7339 12304 7772 14683 11402 4248 330 9573 8522 3313 8905 2081 5258 11901 10730
7560 18132 2158 8677 11249 19440 4967 16429 17843 15535 12395 5724 15976 3714 17814 7188 8582 17639 18304 8389 19063 18227 14127 7696 18831 15094 6281 17123 610 2531 10575 5516 17158 13930 6386 11370 2092 16551 7472 3004 11493 13713 17181 10657 14739 331 8752 18957 14890 4673 12992 2681 17607 8772 2427 4792 14329 4831 1417 3138 15225 17481 17922 11623 17634 938 9733 12962 9124 19122 188 1826 12939 4414 3328 6873 9660 13188 1530 6385 11446 15762 6869 6326 12435 15294 17171 4300 2857 3333 7858 2815 15023 8142 4279 17258 16967 8848 1859
9165 4928 12139 179 7665 1863 8940 13871 16291 14001 7706 19823 6201 1319 12318 4614 14776 17141 3819 13584 13775 13139 7791 16427 6076 7 4811 14615 8082 9351 5768 975 9178 2705 12072 14402 3070 9599 5915 15764 17261 11843 6345 4693 12563 3083 2141 5818 16244 249 8943 16800 1522 19212 16984 7157 7891 18819 2599 911 4745 3610 8708 19441 4200 10930 5883 5501 2967 10220 7794 8729 10726 8932 128 4861 7514 13769 2950 16360 5752 11753 5622 19854 13782 18664 9408 14259 18047 13805 18429 9675 1374 17234 19628 9928 2443 10043 6389
7507 5808 11943 14076 11813 5892 19122 4920 7413 2485 1238 16687 19545 6686 16652 12490 9008 15273 2961 18905 9212 13458 7307 17612 15777 8414 19343 19439 18410 17251 3655 11226 2772 3077 13862 14233 2741 15725 2274 15611 14878 18008 5965 6662 2810 6435 3813 4851 5788 12028 13224 14569 19420 18425 15622 10043 16838 12278 3831 7053 216 12159 13834 17776 16619 4306 2777 12448 13052 3292 7762 19083 2357 19411 2261 3229 7653 17224 18840 17419 255 15656 3461 8222 1383 7491 4284 18305 11475 13438 4080 10105 9269 4119 7114 8194 19819 2805 11896
11395 6897 13205 19305 6669 5256 19518 5137 7472 18450 13740 1399 9548 9544 5538 6468 11021 12002 14256 11310 19151 3487 17312 5754 3804 19439 4712 11475 8040 17138 7177 18736 18668 2392 6881 14056 12086 15837 14446 19904 12394 9414 12890 15397 1910 3136 9639 3944 10932 1666 17964 15746 15458 3333 2110 816 15498 2175 19349 14517 10203 8654 16125 4305 6750 13952 9148 11596 15164 352 713 18458 6687 15964 3576 9893 12964 4628 17612 12326 4031 9959 15771 2418 7538 10969 1517 9349 4991 13106 8203 19426 18913 14996 5346 15014 9814 13104 3792
15850 7925 12524 17052 966 4328 13903 11885 318 1353 15340 11479 5736 14875 12124 6475 305 9429 9730 15404 6900 8709 1528 15575 14981 6884 5531 4680 11655 497 4770 4331 14936 1555 14817 14992 17394 11751 14734 5075 13572 15503 12553 10930 12848 15383 4876 19697 6295 377 14715 6403 2959 10228 15497 13701 10407 3448 2092 10413 9974 19672 14449 19411 16736 12811 11586 715 7308 48 2117 8113 13986 16998 15106 11366 6205 6940 10624 14554 9182 2206 7003 9871 173 13488 8449 11437 18850 18802 6520 13570 11552 2104 11069 17948 7528 6485 17910
6712 8897 17279 14675 11333 16778 12790 11481 13846 17664 6386 1713 15307 19015 18850 17363 14672 18050 11234 14998 6871 4486 17509 15310 10561 17 11166 15543 9373 18035 3768 16109 16520 8194 3627 15776 12296 14151 1137 13104 8335 3065 1064 13758 7588 3153 1140 9544 18800 7223 446 8380 3463 10560 15056 11133 19349 9419 13285 7502 5263 414 7710 7762 5204 3167 12089 2673 19474 8907 4177 1979 11137 723 10471 4629 7104 18723 5510 16993 7050 9042 4012 1925 15317 13977 19001 10251 10693 18611 2216 94 10640 5283 9564 13520 16324 12241 18230
8465 1950 19373 17102 8666 5612 2209 5874 5172 8093 6119 660 19658 13184 1771 16125 4974 5991 6472 18285 1803 19683 12743 19292 8285 9717 2837 19282 8956 15181 15197 10160 1678 11156 16912 3454 2066 19983 4544 6144 12428 8804 7521 3278 5489 1510 11145 4172 5120 17197 17271 10812 17001 19960 17834 13136 11368 19520 12206 6100 6729 8680 13964 11558 18553 3386 17132 13073 4597 16669 18781 17244 8183 9826 15269 4892 17599 12383 5228 12367 17503 14601 6567 11169 11720 18783 6899 6331 4868 4388 4022 11088 8500 4732 17126 1683 3626 10407 12542
3363 11225 14607 5932 19816 8674 7563 17615 12363 14226 19230 14244 4260 4842 10622 11316 5590 5079 9821 16640 3464 1345 9906 9731 3921 10712 1103 4280 11448 619 17152 6760 232 19205 2433 6117 6979 4856 108 8841 5832 14126 16813 14657 13907 3752 12299 8186 14899 3311 3864 1373 18128 4923 6858 3680 4771 19871 9522 11826 18822 805 19481 77 15936 13721 8392 18170 17918 16139 8322 13000 7771 14429 11472 4494 772 10209 2736 10868 4756 9259 17289 6457 19303 4655 8327 5922 7553 6510 11236 2098 5680 6934 14845 5538 13439 13984 10362
14804 75 6588 3830 7446 570 18829 10628 7144 17709 16780 3890 11006 17437 19513 7458 18711 4592 15015 5048 968 17294 4440 19357 1700 14913 8772 5097 12519 8292 17688 3002 18494 16317 13384 16614 14455 17002 7931 2185 14967 10126 6274 6512 6787 10849 9100 17109 10462 6347 1158 1427 14401 13318 6918 4330 17357 19847 8486 10827 9720 19534 6280 5874 3506 6120 10076 5391 5567 11741 7270 11824 844 9487 14532 6410 10950 14676 1190 6868 17171 7504 1366 11473 11196 4066 14752 3801 3536 2908 11465 9000 15541 2013 9073 1525 16352 16300 9506
17824 639 14190 4390 19005 245 6267 3823 17370 3672 7086 8046 16430 10671 16661 1062 10475 1058 6688 8299 7249 18082 13928 17820 18223 5628 6670 759 16309 19739 1803 6685 19829 17335 321 3628 2689 15618 4233 4914 6968 8043 18909 13236 6077 12690 12663 18658 7787 1462 5637 567 19054 14687 10135 1021 16367 4676 10702 13177 2509 6288 12398 3067 9148 1119 16993 11831 7334 15613 13937 6869 8817 14614 13046 17969 12066 13241 11804 13780 5536 14650 13281 11486 15174 14372 19612 2457 6836 3642 17870 6319 2782 9232 4007 469 6745 9400 3791
17127 4167 9163 2174 16150 11486 6541 19383 4917 6384 4671 4946 766 4644 19103 12383 7514 5119 3260 7712 7747 11235 2212 16006 4038 3131 10612 14708 7965 14678 18714 19082 16340 14359 17087 6843 10422 17690 4039 15421 2221 15431 9575 18843 14175 3872 2981 19399 9371 13427 13340 16689 1872 17017 147 2163 18558 10427 5878 2754 10925 5063 14861 9772 15230 13484 6856 11917 3149 11453 10394 2079 2554 2266 18307 4731 3699 7088 11314 15264 1533 5138 8054 13219 6205 14858 13649 4429 16199 8187 7313 11500 8793 18881 2501 13458 5974 518 19853
8719 6829 14075 9156 15438 15704 8374 10592 12385 8081 8663 12374 18522 17694 17212 3268 18116 19083 1752 4582 1594 5037 13123 65 5326 662 2875 6890 17522 3293 14213 709 2540 14001 16138 19704 6273 19387 11279 5974 15709 3917 8497 17832 9338 6346 16902 12890 9395 8667 14016 17243 3769 7777 13242 15332 8366 14933 18257 7162 14135 14644 9508 16319 3771 2114 1522 4867 13826 11332 6223 7729 8770 8243 13348 9630 10997 5998 4797 10961 8050 15635 17578 985 17083 3987 5568 19371 2946 11985 807 17517 12882 18388 18575 1644 2912 3495 10076
7848 18230 7557 15299 7708 10220 19790 19208 2625 15227 19167 15794 18852 5683 16399 15937 13472 184 14575 3434 2097 13412 1432 17212 12955 4294 18124 14771 18564 15050 5165 4395 12307 7254 371 724 17142 3509 12169 17620 1481 12960 10266 5544 3615 9569 8562 6224 10975 14344 912 465 7620 19168 13520 7492 1241 14922 10890 474 12688 14793 3818 12157 19413 11392 9462 4774 13846 11119 8310 15687 1838 16769 12179 14513 13641 3546 19719 16363 12644 11861 1292 13479 17792 3785 15514 6146 1152 5375 2695 3171 5678 18076 17486 19487 12516 1125 2549
1172 11500 19220 11677 19829 15505 12287 2996 6868 15311 11941 7903 17842 6425 13885 17109 3710 18518 1871 4064 10951 12182 7272 10569 15770 7574 11204 4103 18866 3450 5418 6898 17946 10768 1139 8068 6267 4877 10925 2029 6337 3101 19879 5932 8317 13775 1419 14687 6343 2472 8636 11264 6528 9382 6702 17496 6953 16019 7254 7482 81 16538 4320 6648 453 18190 16490 18388 6265 17977 11457 11067 17584 9676 3056 3642 18776 212 7194 12557 11313 19338 6759 1400 3327 929 13734 9237 8455 14490 469 8241 12539 1282 5548 5850 9333 11201 9591
8188 758 16244 9692 17553 483 18221 12540 842 7491 6395 2806 18062 15771 16565 17759 16592 11427 12746 8435 5773 12660 11425 16443 10149 6775 11919 9657 103 19170 10146 138 1906 19699 1902 8839 5219 15117 13570 7369 914 14723 16747 2868 5727 13571 7935 13276 14453 6870 3790 17211 1365 14302 6757 17623 7584 7997 13229 7045 2010 13051 4271 1492 15538 1767 14786 18042 4199 2617 2912 4171 11392 16503 11571 8424 5604 5655 16141 7821 15010 11985 18156 4166 1277 13498 12347 3100 15775 8267 9600 11149 11006 3916 1572 19143 12131 15364 15023
16784 15848 17438 13588 3282 7470 18370 1910 15714 403 14487 4674 4 12478 5391 7187 1822 6843 10028 5068 6665 10492 18618 18190 9434 18162 4041 18852 13703 3293 2736 5688 11424 13512 11671 6489 7879 16444 6250 14257 6056 16951 19045 2197 9706 8424 18748 10638 9430 14865 1179 11745 9091 11756 4569 5818 3348 15993 6635 617 14933 10427 7515 10394 8643 395 10989 1276 7831 184 9757 7267 18288 739 19239 19238 2747 8498 17464 5833 8093 1591 11002 2779 7104 15896 9760 11116 1167 16566 18917 14049 11453 2525 10113 16303 11060 3647 16070
5941 8134 2088 17515 18819 6395 19515 15129 16686 5860 8460 8439 7657 1923 16631 13512 2394 8248 9194 13006 17191 977 14290 19349 6892 16529 7260 4060 6766 9197 16267 1631 480 8573 8111 15268 3876 165 8557 12551 9797 2641 10540 10598 1842 18718 1561 12531 6257 370 9955 18659 9812 747 10565 10252 1891 4191 9862 17017 421 18674 7525 11055 2055 4295 12270 18886 13329 10254 13885 17381 13762 13427 15067 18304 18326 6871 3962 18034 3032 878 778 12000 17558 5417 5814 17117 9516 10551 9790 16642 9082 6748 10239 12866 15975 15145 5835
12614 16662 14688 3881 16104 11024 17539 9066 2244 7739 10274 12053 5105 2291 18287 6073 6730 14062 6693 8124 18908 7718 7866 13540 13459 19512 19043 11243 3939 278 8868 1081 4559 7275 9257 16958 8173 8518 12507 11615 5023 11566 18573 17821 4913 11764 16272 8019 6676 17078 11644 6160 6522 4103 14206 16396 128 11475 6583 6786 18551 8931 11406 14014 1947 4274 6935 927 16097 6015 7546 890 2409 11199 16589 15635 9878 6996 18751 2728 9974 11526 11870 13519 14045 664 3884 13246 7058 2447 10580 2025 12780 9621 16780 16818 9576 8946 10356
4024 10303 8467 9977 283 19591 16391 2005 823 18353 1738 2499 3259 15772 6168 14295 12944 14694 16827 7975 13967 1386 19735 9727 11776 8344 5567 12674 18119 1877 6712 11114 791 7136 10771 9269 7338 17519 19416 6906 17350 5662 1491 1079 16916 17582 8353 16970 16652 1141 14935 16608 3606 14697 100 7276 5031 19580 2635 12195 7213 8215 1579 12194 17840 10123 7546 7234 3170 18033 10557 7364 7872 6664 14960 19135 3313 19448 17501 6735 17116 4971 11301 3246 4351 8225 2804 8059 5339 12914 12017 6810 15604 3585 8654 1621 12234 9270 4039
18699 6694 8205 17981 16121 2930 18575 10882 10289 5336 14005 9440 3991 946 56 17450 15583 7907 3215 9611 15191 13530 18675 7987 9715 11578 3414 8629 19287 1396 6982 6215 3450 13290 19282 434 5562 15567 19590 2128 2106 8779 12723 19893 12890 12443 14021 11112 10544 14988 9464 6178 2711 2466 15529 19223 17724 6458 12877 19600 235 9472 4620 10024 8520 3283 10937 393 16126 19197 13997 1844 11412 13880 19599 6107 11073 3107 696 7726 17874 1838 13367 10118 3839 18860 14781 14786 648 6190 2365 2618 2341 13326 17681 11466 14903 7405 10751
2624 8036 16401 18840 19556 18574 869 9067 4223 15962 15314 4537 17615 11782 967 5831 4798 17111 8544 19265 600 7258 2852 10890 14524 19451 2081 8111 7001 11854 11514 11100 4513 8753 10730 7014 6252 6696 10202 12267 12674 19752 8749 8859 5158 16750 13135 14073 2475 6534 16241 13486 3487 883 9478 14005 16924 9196 13889 18375 4304 2607 19830 16020 18722 389 2471 7752 251 6163 10329 15113 5007 10857 14611 3199 9128 12435 18504 1826 11443 15135 6761 11768 1075 16835 13730 5490 13650 8568 13166 4278 3368 19790 11549 3334 10154 16134 15257
1517 18943 12710 8831 11975 18104 11886 4282 14159 17114 6613 14962 19850 1886 17978 14359 16918 14974 14844 4515 157 16602 17408 11872 10656 7665 940 9145 15338 1996 10614 6469 5420 5624 9191 19161 8312 11462 7151 4718 5234 15976 7890 9189 15448 5988 16382 17891 8205 879 1340 16943 490 10558 14436 13701 4647 5744 403 132 18659 9638 9301 5419 10311 17288 2309 15019 153 6447 16727 4938 11335 2734 2426 6771 7408 14397 15058 5478 12590 1273 447 6805 10569 16203 2944 14435 11067 6356 11644 3487 10024 14996 17849 10063 6963 12730 3462
15101 14216 12856 11277 14245 16974 6500 2495 17295 15396 15706 14465 13337 19454 17470 16891 12097 6589 17738 16614 18889 5450 12101 277 4187 1561 14206 14792 12862 15105 510 12883 19935 4242 15896 5417 7569 2776 15186 16706 15940 15991 1615 14293 6561 5994 12570 17418 14424 11663 247 9055 4970 533 3803 4709 8399 4720 16607 5064 11313 19047 15628 19337 16597 10421 9970 18718 6193 11240 10033 11307 13859 6578 10901 2586 18525 13315 2231 1776 8680 10789 3391 7565 5658 4697 4801 10102 12079 11418 17579 17561 18149 17131 6664 6862 11423 16149 9551
6214 11019 18323 8106 4070 4961 7046 3683 3337 13728 4155 13118 13818 5624 11773 4383 4546 8638 8122 2326 16834 7281 14613 7883 18460 12099 16080 4596 2478 17165 8189 1159 5915 788 9181 1907 1413 5289 7243 19380 4531 8683 14673 1232 9706 18444 3538 4647 18616 11624 668 13608 13183 4911 10620 7731 359 1879 13545 1682 11173 16554 9458 1821 1841 15562 9189 7031 4293 11489 19597 14249 14438 12095 8554 9031 16465 7847 13656 27 10094 3368 4334 10717 2582 9114 4513 1126 5483 1772 18147 17916 14917 12522 12501 9592 14961 9944 5721
16021 17925 10073 15852 9522 17555 8832 10960 5945 15639 15958 12132 16408 2735 4520 8752 770 12737 16987 5723 444 8426 19280 18800 11503 18213 9679 490 1826 3289 11085 19171 16964 10937 2538 5139 9728 6196 11742 16442 4897 9674 4441 16939 18447 1181 14074 12716 3767 8237 5045 4697 15786 18439 9545 5212 4899 17479 459 4985 15303 19677 15059 4540 16626 6856 6415 7555 5850 1252 10096 8695 2813 10151 12350 6309 5826 9218 2738 12674 909 2840 3151 19161 3429 12677 16362 12692 3915 10093 7488 19847 19106 18112 13606 8834 15803 13358 6982
3095 5673 9907 4510 15549 2861 4439 19157 13421 19891 14700 16516 6068 14659 2100 1915 11940 9899 9030 14513 18470 5527 727 759 14115 2657 15244 4511 17059 1802 14798 12397 13918 19757 2741 11150 2670 17904 2372 19870 15830 18605 1005 8014 12873 1711 12221 232 2467 9557 16302 950 10184 8493 8081 19682 477 10001 14540 19904 5225 11201 5229 7087 3140 2047 3848 5365 4100 6734 14430 19716 1516 5016 8109 6931 1172 10568 697 17834 12813 2407 12419 7609 5326 16618 16038 19535 18623 4647 13686 18749 1799 7471 18097 18985 1613 306 4841
5894 19746 15317 9494 14320 10587 3749 4845 9070 10303 4345 4542 18633 8771 15592 6435 9099 4580 15187 3869 17852 8120 1171 5995 5466 17220 13224 2530 2054 807 15821 5275 1680 3870 15474 3431 12244 6007 832 6495 14830 17527 6508 3637 6337 11693 512 8347 18391 2367 17552 18856 15930 10477 17595 13302 1891 638 6573 17215 8232 6698 7655 11034 4474 7031 12092 3588 8732 1784 4446 7349 18576 14984 9757 355 15139 11170 19267 18165 13029 844 19237 7279 18849 6157 1551 19988 8222 8233 2298 18435 3133 4792 5416 35 8081 4418 18763
13028 4655 4641 13884 592 13332 5381 3185 3455 16741 14346 7665 4561 16 19352 3751 18433 16223 15354 17680 2698 17817 7532 15614 16587 3510 15616 9547 13156 696 13015 19599 3882 6874 1946 9042 17915 15852 2373 10306 19746 7237 10873 1816 2355 11281 8398 1287 19630 16004 5677 13886 6938 15644 4997 14628 8018 17042 11407 9967 13026 17559 13012 3468 13981 5009 8964 17067 5006 5027 11378 6282 1905 14584 15765 4611 5896 6109 3120 17315 16097 12 1141 7897 11197 7706 9175 1282 4579 9559 5384 3503 5604 9979 10315 9867 7652 19015 2916
19066 5811 18131 12066 2026 580 19069 17740 8484 9636 6981 4793 9405 11869 1145 4055 8321 19597 19019 6071 18962 11874 17352 5213 12212 12138 10891 12208 13723 6946 19033 1835 9779 7099 15000 17937 327 3452 2945 5638 17284 13300 14933 18351 19105 4390 11388 13375 3392 2230 2191 9890 14971 19297 14618 15477 7198 13305 12324 15554 9309 3106 15930 8585 13898 18112 13930 8999 13320 5514 7468 6032 19607 19560 15492 16398 10907 17854 18209 2240 6554 6744 2056 9090 10419 13186 1787 16471 2452 19582 7485 2309 541 16432 5109 17925 6979 14876 4979
14033 1096 17846 12744 10401 18633 14048 14087 709 15982 11747 17025 2814 14890 8838 18974 12818 5967 11184 12344 326 10312 16032 19102 8293 14465 17460 2174 4086 6269 13042 19267 18826 6421 11529 17776 15883 10321 1183 19687 13682 13854 15165 1565 1107 8796 317 11657 17828 4595 16091 6695 17086 7542 19799 8166 19139 16998 2176 5928 8759 18852 16431 15593 13370 10814 4427 3381 1650 1166 4277 18411 3638 15117 18825 9344 18214 2806 14321 8050 16373 13512 775 13738 8251 8258 11459 18828 13578 14117 14056 14496 8000 4530 5907 4069 8120 13763 6869
15387 33 3903 7165 16003 19648 3500 11939 11238 8121 9308 5065 8514 8360 10512 19267 6926 519 7191 12705 6980 4413 17105 11330 5618 1630 7150 8936 3703 45 13165 13171 886 4350 15466 6829 13980 13383 4309 1882 695 3651 12089 18733 155 6709 9243 7976 7611 18850 17454 4476 4518 9097 15729 5161 1910 8102 4936 813 14912 17981 2047 5198 17939 19013 10970 1228 3402 9479 7508 4271 18242 16128 4447 3126 5278 9171 1561 2830 17013 17356 17322 10677 12528 8983 13439 13730 15052 1475 12698 10874 199 3357 4716 6904 11776 13229 2668
2341 9670 6571 16888 7799 1138 12763 11111 10571 19312 8324 12487 15928 1373 14197 7510 14709 14929 4577 10832 19646 1622 17003 11057 16940 3449 11145 11344 7853 5655 3859 9832 15669 14959 19357 12640 18751 4361 8593 15213 2265 1058 19153 14136 9408 13474 19940 11218 2525 17103 6059 11064 8243 11554 1739 13319 19589 7356 9089 14561 15936 17266 17331 1089 12817 8508 12410 6408 12767 83 18078 13828 9074 11984 10048 9546 10269 5125 973 6443 6698 12795 19720 13441 5256 2242 16991 12436 9265 6087 4081 16412 3704 12791 4698 19140 6430 5681 16367
2161 16411 11106 212 17709 3796 3914 18177 15323 6058 2101 2456 7474 8081 19436 19577 12811 17499 10255 6712 7813 8570 14676 13365 11302 10773 1806 6298 16272 16743 8036 7767 7583 2512 9541 5766 9848 6773 13421 6943 17601 12146 15405 17816 5376 10165 7898 952 5145 18806 6604 1387 12934 15568 7331 2429 7917 16037 18897 7218 12041 4409 19136 2857 10498 5709 12533 11126 9305 6111 9011 3331 9732 13571 18953 2394 11088 5656 17062 14469 7441 9322 16887 14700 14096 17572 7202 5781 12331 7127 19416 15444 17464 14846 18350 8117 12830 8360 843
2866 10736 946 5587 19755 17752 9260 16753 15592 3237 18519 6254 4145 2914 8921 625 2987 1240 6629 10164 5684 8741 19249 11955 6956 1102 8433 16088 7502 11706 14541 19836 3123 13890 16934 14537 4736 3383 7032 17261 11101 6627 19320 4569 11382 11552 3697 11163 4166 11829 9780 7007 6294 6947 8723 1359 15602 19290 10249 15094 1327 2017 17842 15887 4758 8488 19686 11042 15727 10282 7465 1393 15452 15683 4601 8020 17295 5156 4021 11755 19291 8336 4948 13385 10797 18489 7288 5733 662 16162 4695 687 11694 3288 3574 16433 10807 17646 3939
1580 4185 7875 10043 13012 17346 14623 4559 5754 8439 18440 1401 16351 12220 11154 6524 2891 1046 14464 14905 16153 1354 13997 10877 14668 7793 1499 14948 18427 17871 15891 9695 16955 5051 9258 19150 9385 3428 8750 3559 18446 15231 601 13833 851 15063 16265 648 17175 3304 9055 14209 3195 1843 4361 8979 18477 14552 4181 9287 5152 8270 11956 3061 10511 7507 13070 2962 6306 11568 440 5362 10154 9196 690 5398 13397 5475 16189 8821 6159 19222 11695 7327 16897 1831 1965 4356 10998 16765 5989 11427 8309 1039 15511 6141 4554 18716 14245
16333 13450 17670 3224 18884 2028 7245 10515 18393 17505 10310 16825 11036 13209 18828 1541 4845 4512 18619 1579 19652 13876 11327 18265 4949 15729 7030 9496 5926 14664 1357 16729 8267 3329 11814 5969 18983 2263 9203 19250 11508 6248 7819 17106 10024 3049 5131 8448 16064 15201 10552 18124 17649 19458 8241 19063 7086 7093 8042 429 976 19036 3547 17832 11337 6730 296 10439 15095 11955 12909 19457 15367 11394 4662 7578 15585 6409 4137 5228 13248 12800 474 1134 6115 8548 17940 7077 8196 3852 12533 13241 10612 13869 15135 11793 11852 16029 11578
1149 18537 18919 5336 15802 9461 14060 5652 3155 9474 17421 12875 12956 14732 7726 829 12163 1095 15731 2910 19666 6364 13508 6649 15028 11698 14698 12833 284 394 16861 15755 10015 9788 1217 5517 16097 8434 15211 17361 11083 4422 14851 3721 9864 5129 4769 8726 14057 14663 19642 17075 7759 235 13069 18735 7356 5548 11758 13297 8637 813 4059 5784 12826 5844 10535 2718 6087 10364 9294 6873 13636 9604 4554 3477 5943 9343 19590 2167 16902 11818 17264 10285 17216 5828 2938 15376 8408 9782 2559 19911 312 2293 16936 17582 6408 10375 18388
10072 13330 1988 12930 18631 19148 3924 7884 74 2982 14764 11595 8082 14744 3960 5607 12683 14305 15178 6971 4324 1209 1636 17853 5155 19540 1191 23 4050 14844 2868 7277 11935 1377 2407 10701 19684 18551 19646 5389 5156 4946 9778 12986 4054 5866 15710 9387 14340 8718 19676 14499 9877 8837 15849 6931 11455 13143 13768 10867 1639 17508 15009 2785 18549 18385 10942 588 17206 1100 17679 6960 11993 16223 3053 3692 1684 8956 4351 9824 7042 4092 15052 1606 16026 5025 17595 9689 19538 15874 3134 9403 9728 15380 975 5702 11619 11358 1936
6115 2087 9665 16539 8743 4849 4072 18665 13715 17119 14819 7181 15588 2540 8841 14212 6600 19291 14514 5296 12221 4760 17360 19486 8418 4639 6044 7076 2850 14757 8911 9666 3140 9773 944 13234 14835 10868 3731 16627 1351 4300 12193 6678 6348 10701 13274 16441 4004 18729 11846 9880 5583 2747 314 15654 12386 2567 10722 15286 12291 6790 19697 5310 10793 170 3569 10999 4422 15760 11905 3584 10284 1900 474 4586 9670 16873 3630 3354 17369 18036 18827 16394 4180 9784 6444 12390 14155 10088 15002 5882 10308 13733 6800 10337 7732 19325 9897
4263 1529 18494 17996 12808 14029 14183 6539 10101 14305 14318 17938 2645 2735 13503 15699 17396 13381 15315 19362 4071 7101 14016 11045 7143 13786 13299 5909 19116 3144 13058 1118 15728 7244 5222 8916 12568 19270 17521 17566 10344 18587 3597 10288 5117 3652 16104 13039 9161 6833 12993 2470 6915 8608 14723 10685 12950 11147 19070 14817 10358 14629 15313 7725 17324 7051 1924 14270 18895 16322 7146 7321 15752 17161 12884 12637 12641 13349 9828 19953 6860 11185 14879 12259 16778 12563 12902 9612 3017 17977 12497 8042 8017 8268 16069 12713 17925 769 12267
638 17361 5649 18471 19237 13987 16364 13201 17483 3644 3424 14147 14087 7540 2190 17376 6295 7467 19334 15496 7101 15941 15772 5697 5262 17398 5921 2475 6818 11553 6284 17607 18235 6837 5760 11369 721 12636 8518 4060 8840 5787 6811 5181 218 9982 16695 19579 16199 16212 11643 9396 18828 19126 5924 14489 51 17059 2676 16533 10517 9357 11336 17098 902 8775 13059 18102 16050 9783 11147 6158 16388 18490 10402 5508 13375 18445 9883 7887 10315 16736 16679 12677 8166 15700 13335 18254 16361 1347 15382 4731 10968 8982 12913 9551 12336 10386 4067
13876 17464 10378 3580 7770 19157 19984 19379 60 14845 16136 11307 8281 19539 8280 5975 1735 13179 2565 14188 11267 5845 13222 16388 7679 7556 19311 18607 5752 8429 4221 725 5991 4753 18891 2420 681 19570 14413 5541 19902 4998 2490 12863 5940 8551 557 14522 9066 17647 3847 13580 1836 9891 16254 698 11782 19942 12254 17462 2775 13700 5939 6212 19503 1232 15488 16568 5692 2703 6648 3744 9221 10063 16142 9040 4142 222 10227 19823 4419 11584 3828 16618 11009 18027 1164 15027 4334 16097 15718 15263 15931 11889 8873 11652 11741 3126 12975
43 12832 724 10041 6887 8629 11623 18547 18492 7811 18739 9189 1230 2112 19226 10747 14971 9096 2551 7800 4637 16413 7727 4495 9657 2048 8195 9411 18493 5926 15054 19591 16874 10074 8339 17349 6063 12324 19083 14313 17601 17277 15908 1809 18032 19969 14667 5112 5578 15251 16325 17731 15948 3872 13927 161 9331 5895 10855 14210 10480 7818 11682 3326 19702 15766 12872 5246 562 2815 5365 10141 15523 3401 9211 16408 12671 17060 13827 196 1149 4910 5313 15342 15506 6051 9335 4030 543 16788 16426 3548 18849 10934 15408 19440 11247 14482 3062
12153 11695 7368 17182 7462 14579 17092 8866 14631 12978 19000 16732 14985 6844 14266 13040 13366 17588 10315 14791 9292 18808 7023 7564 19432 11406 15986 2217 11153 31 9425 10837 18493 4448 4371 3385 6422 19084 10347 5489 4370 6333 7633 8748 11049 17132 12944 13922 7836 736 1342 2864 10938 18492 19989 17055 3916 15688 15230 15694 1399 411 9723 18850 14629 7441 19476 13540 2812 14239 17988 883 11246 14983 12507 12575 9779 10297 6264 18407 18658 2697 9321 18408 16390 13022 14587 16990 7067 10040 12113 16400 17989 16939 10489 12340 18091 9860 4861
4603 6792 6368 11090 9344 4954 12300 5204 16953 4861 10788 16556 207 7009 10575 16858 12133 5160 4879 14582 3539 14554 2323 17177 7104 5697 9657 5409 12627 14259 5868 5410 10280 14597 2854 9283 9534 16658 8078 8183 17087 18692 9953 8127 13971 15514 17752 1068 9459 262 3808 1317 10141 5983 6578 7455 18307 10070 14366 10472 8418 14269 19339 10888 11302 18209 771 7475 12394 1081 2756 6643 14041 2980 4858 11933 1840 17149 15814 14117 1229 4365 2689 8056 12856 17128 12896 5050 17014 6598 4957 17669 13253 8428 5733 2179 13314 19041 13507
10391 15342 14738 19686 6667 15794 15239 11661 6953 11640 18773 19230 17744 6499 802 4014 17946 5185 519 18492 6338 9192 762 10860 16987 6913 4118 17497 11960 2085 8631 121 18667 14003 19438 11344 7648 7197 14765 8143 17471 12285 9957 18320 15272 1685 19681 4730 14120 10093 10364 12433 14847 12111 15565 8380 11644 15188 13228 15843 6104 11269 3028 14294 16695 3101 6715 7795 1627 9592 17074 9895 10215 14757 2981 18792 16775 11840 17962 2596 2228 8533 2252 17989 9460 19910 3027 14867 18617 4767 8523 4371 6860 15072 16706 11481 11066 14641 4380
6272 14634 15949 10829 5078 1952 14404 2523 3554 5146 7518 5825 3675 2021 17650 17563 6446 3218 6285 19183 14997 17534 19554 3478 3931 8383 2506 3991 773 1957 4192 19622 638 4060 14282 19360 11577 12724 17589 19572 9517 3744 891 18906 11343 5285 771 4468 18821 11802 14113 6325 2625 3955 19581 10779 14465 12626 6480 19042 11572 6132 16556 11038 13476 12503 15558 16704 17466 6614 14136 4226 5738 5619 10214 11928 11764 8066 1233 14971 4437 19907 6423 1333 10628 5609 16277 5122 14956 19295 9575 11811 8227 13592 4230 2157 3958 10323 1498
6739 17964 1365 19289 14979 17200 1986 4355 16472 2522 7140 19106 10814 911 19048 6575 8073 6004 16663 12952 1505 11083 8622 4109 14978 18845 16393 16771 14003 7031 16507 13165 12712 17263 218 4892 506 19796 13873 1397 10772 1941 1442 3079 10764 8159 12145 11565 19924 8763 7245 1945 16848 7448 6735 18387 2966 16156 18841 2610 5941 14534 8339 14804 4738 1630 4570 2939 6552 15368 12761 4711 15445 12367 10537 14299 5208 8548 4763 6376 18323 10791 11878 15783 10248 12856 8648 7115 3310 17183 18233 5137 19483 4240 7129 3645 9157 15163 13653
11992 14767 12490 18443 13507 1966 6771 6864 13072 19809 13539 8633 4378 6969 6171 4152 18448 9686 10684 710 1208 19083 2166 17681 9019 13839 15457 8688 13918 18217 3883 7610 15265 18269 3056 15293 11686 18336 15745 1904 18107 17748 2082 13027 4345 12810 19843 8798 13912 16383 4835 17137 8821 17102 3663 248 18834 13563 9336 13441 306 11874 9009 14754 3327 13187 13768 14615 7196 4242 16556 17829 16087 9526 5884 14874 6759 8577 12106 10452 16276 5581 1767 3891 17225 1569 5889 12672 10962 13225 2404 4594 13046 17334 8090 12038 7987 10119 10507
17874 163 527 19963 5843 9588 19447 18813 12466 1 1776 3509 8315 14110 10823 3256 14478 9698 13226 16751 4144 17876 8281 8938 19435 11159 19497 5630 11049 16178 5893 4159 18567 5435 6778 16677 6628 12449 8369 8663 2873 5667 13556 2308 14797 2814 17979 11063 2534 4091 8450 15684 9573 19048 1469 7955 4632 7805 14347 210 7666 730 10370 16106 1285 5190 14097 11597 19993 3202 5185 12094 994 9509 14820 1584 17735 11218 15240 14990 10655 3334 17975 35 15480 17093 1754 17354 6583 8591 4610 19997 4438 10411 19075 19252 9481 3683 5137
11201 16408 13800 7774 5459 9477 10505 2276 11523 15267 7058 15212 16044 12886 8282 13521 13859 5504 2606 19984 16135 8314 7350 14119 19320 7571 10561 4437 4749 11020 4793 14679 7424 4701 1822 9276 8933 2607 13677 4321 19218 6002 16480 4588 461 15427 18620 1474 8237 19982 9420 18924 530 5949 15323 19974 7355 15134 16951 15795 5463 1749 18189 12758 2678 12444 9868 1009 4071 13769 10008 18093 1053 18778 17866 17811 16852 7463 10645 3301 15578 15998 1367 17271 17536 5155 15028 17752 13426 10434 7004 12158 9540 15930 12116 11084 9581 10250 4948
9572 17386 18614 18099 535 4265 5073 11309 6456 12433 6095 16415 11335 8591 9401 17827 4280 15016 17254 11985 15147 15783 2668 12081 7688 16499 14460 5626 3914 11168 6719 7516 9030 17261 5233 9345 10321 16802 474 6607 18702 15555 9726 14839 13247 15983 18363 6292 7215 18172 14036 2986 1516 15956 17313 12913 5764 15492 11999 2604 12937 6684 2471 16763 17013 3954 12111 14525 6092 16034 19303 8525 17679 9614 2996 16620 11341 10411 16674 15836 1072 15426 12262 16649 8438 7936 5654 19876 7323 19943 14609 18510 19104 5909 1493 15673 2769 1241 17707
9913 481 10510 4970 19655 12262 1616 16409 4396 19885 1465 5717 9667 8656 14457 18393 16556 9413 5258 9996 5207 11462 17933 1877 11673 15312 6630 4212 19729 14906 18270 11429 13107 917 11143 5890 9761 16924 15932 15122 14085 5613 15989 15269 10652 1272 8321 12274 15013 941 9050 16679 13498 17469 16749 15684 13987 18309 3343 4327 10371 7801 16932 18542 10283 6675 2420 15097 5623 10740 9979 16856 9411 8366 5126 8668 10645 5803 5167 7617 18783 13448 7765 19403 3344 3893 6497 7095 14344 18208 12936 18915 13251 18655 10668 19907 14097 2827 6755
3279 10248 11585 5222 3358 14721 9862 6344 13063 9308 9641 4991 13269 6035 8660 6501 14831 7437 8365 10008 6965 9937 9766 1823 12337 9857 15553 15692 4392 2352 13496 2641 15289 16122 1886 10048 4328 765 9340 18928 19802 12804 6525 9901 19176 12081 16583 16388 1928 17532 6033 2578 117 13672 402 12419 10308 5928 14392 1600 3752 7652 2106 1150 6294 17818 16493 320 18376 5508 11310 11350 16790 2789 9371 1233 2177 3362 15427 19951 9001 7500 8106 4186 17661 15131 2712 11756 8893 1004 1013 3085 13036 10580 2496 12484 2325 10956 7313
7019 6075 12836 8626 14959 15820 19812 13634 18144 414 12902 14084 12699 13710 6662 3105 7514 5824 4439 16481 11511 3219 13071 4045 17984 10555 12876 9351 19452 19810 3226 15944 468 4411 15908 6433 6190 13248 13688 4017 7931 10511 16467 2990 7263 8705 1992 14230 16465 5043 5574 2497 9910 16115 2052 4205 12218 16177 4848 17930 5516 6158 449 3706 18853 16526 10205 7761 1226 13139 15712 5941 9917 6357 8472 8712 16798 17949 4805 6770 19038 3991 3718 4541 19438 15976 11987 13799 17209 15890 1780 9774 14750 392 11454 4545 16280 15504 3580
15651 9249 17849 6323 5055 3848 313 11359 18953 8357 9949 6840 19336 28 15368 13485 19723 18951 2501 1100 19208 14169 1816 10397 9202 15263 6351 17850 7572 8530 18769 4605 5131 6541 3982 6216 18577 10497 3158 11631 19058 2528 19056 17197 1450 10873 14734 7846 17704 8725 1709 18160 11416 18059 10105 16987 7301 17471 7863 922 5825 8033 12531 15598 7966 12242 19765 637 1420 2637 5257 9400 16042 11638 15392 10225 9837 3213 2997 8030 17731 17199 6569 5373 8904 15040 19276 3071 2745 18176 5509 2436 11079 8359 19446 3263 2001 41 17294
17946 13001 3408 5591 11929 11510 9503 9143 15876 11571 5386 4245 5444 5602 14522 1715 15 7491 19660 4784 16350 9583 1828 10828 13090 15473 2422 7526 1963 3325 521 11478 16467 13284 17537 13258 12231 11140 9620 13097 10923 17382 15291 1405 18947 220 7909 1024 11073 1005 10931 16469 10180 350 9302 4896 19636 4540 3998 394 4480 6605 9779 15755 6991 16055 18455 15721 6017 9564 5791 10460 3908 13139 12618 13777 760 2749 1524 11267 5333 3319 8644 4003 16798 4372 17626 4009 18964 10312 7907 12171 7482 14870 14988 7431 17990 3021 6692
18437 14618 17024 1643 6867 2158 18570 19518 17857 11175 2966 5582 1934 1485 12508 9305 17205 19231 12038 6931 14064 9852 773 14140 17918 199 7417 17495 13562 622 15503 10426 16919 16485 6097 17700 2396 8423 18439 2572 8164 16538 10467 12001 1083 18295 5303 4976 6940 3528 9328 12246 3 16058 12353 7922 15804 11139 11410 19348 7360 10991 6979 16782 17622 9177 6117 16158 19403 1658 16594 3292 16085 4695 8917 13115 6162 9359 5072 18318 4684 5350 19750 19604 8012 12214 8908 7735 8650 11655 16603 1943 893 212 9691 15886 16432 3757 15229
17891 2824 3855 19653 12809 19901 10326 8441 5855 7464 6503 11497 12940 12723 11267 1210 14922 14658 11787 10879 13119 13432 19308 14300 1261 18286 13195 17297 939 5724 10061 16522 10845 14555 17404 4583 1418 17846 17736 13781 12371 9116 19737 15290 13859 6784 3233 12595 15316 18153 15473 16012 19641 13678 541 3208 11172 14362 9822 10709 5341 3647 9944 3586 10108 18943 12619 16138 7749 18555 8448 4915 18927 9249 745 15170 11253 18384 13788 4519 12418 14537 6392 2624 9624 6650 16911 4891 18007 8815 17520 11963 15250 10561 16660 12629 15030 16199 18225
1383 18002 11286 15254 15247 1189 8011 5805 11262 10876 8427 141 16763 2492 14403 3125 11783 241 9600 5911 7224 7094 1288 6466 2602 17528 9473 12296 2710 17462 4586 5386 613 10211 11092 1496 15268 11362 7195 14916 14690 16508 8616 11999 8611 6818 16295 7318 2442 13607 11129 4668 14609 13401 17331 15345 11700 15259 6409 12805 7540 2597 19856 16779 9772 940 10396 514 1081 1863 4102 17527 9682 14625 12270 4448 10064 5834 3715 10988 15422 13576 10106 2969 15785 19914 17793 7992 9703 17160 10595 11812 12102 12018 6949 14707 11560 15210 17211
13398 8096 7646 11914 73 9078 5420 4263 13577 14459 11829 16630 13431 10241 7916 11478 19924 8180 3468 829 5523 16755 11609 15308 11005 14732 11653 12295 12471 3211 5464 10957 4306 7340 3356 2613 192 4289 2789 4377 14949 1800 728 7558 17667 8150 13312 11740 12819 5455 18439 17169 3809 11161 6503 1832 987 13762 13855 10973 435 12349 8558 6805 7575 13054 1309 5749 6583 9362 9672 6491 3898 3668 7420 1539 17395 9352 994 16619 14548 11429 9328 2365 19269 10085 2362 11836 16137 13574 2300 17032 1190 19481 13992 6811 16863 18535 9096
14246 2451 17187 19024 17101 19079 5927 5418 2588 11009 15876 12861 12260 13512 18817 2781 5245 14921 17172 10413 6511 7545 11515 8363 17893 14889 289 11178 13322 15868 1552 15430 17477 588 6790 14384 14990 2404 13746 1095 19520 8608 9487 2689 18411 7919 17451 3219 9721 17964 11707 9816 3509 7456 5650 18471 700 8356 3320 19566 6272 7933 19199 19993 13360 14483 16823 4736 15857 17798 19290 17274 304 7300 1758 12323 3817 13169 6389 18830 13643 16577 3327 6460 9249 10302 7433 17230 13122 17224 19026 2217 13359 7329 10837 10692 3598 12450 16766
4890 1989 1805 8153 1523 16393 1730 6083 12691 15201 1850 12650 17621 824 9611 2202 19550 2971 15902 16749 687 10047 1117 6080 17913 17080 19078 10151 7033 18606 18410 16414 2958 10122 611 9443 19264 8276 6877 18610 2188 17 5246 6928 8432 14032 15122 4146 12737 4142 8226 16850 5088 9810 7779 6792 1387 18427 16220 10052 1524 12107 19535 11264 14798 3959 8485 18864 1842 19660 14341 5046 16820 12987 14509 5684 9508 12808 15034 9796 16583 16298 9167 686 11825 5134 1537 16151 7517 518 6145 12306 16063 15960 16623 2849 12547 5736 16840
4347 9501 13804 4527 17971 5454 1048 4205 19972 4403 6311 6638 18588 19731 17319 13832 1678 9701 15338 5785 6905 15375 4539 10097 18030 2443 3840 18280 4938 9334 13624 12164 18513 19642 6754 9385 13119 6730 13996 18628 12871 14626 13707 6388 4500 13623 1978 12961 12706 16784 18879 12136 16201 13840 9643 17088 4709 15032 15655 6023 3583 16938 1952 14049 14266 10294 16709 17752 3396 9248 17956 15067 18517 17150 15225 14413 1128 2975 3361 16898 9627 15805 14505 4070 10789 13852 3304 17397 7495 13176 15716 245 12332 1134 9804 11649 13064 1770 15459
12337 17520 3403 12891 9507 18930 19782 14356 1633 19542 1073 16778 2204 15019 3661 13276 15991 5004 16586 9161 4129 7944 7407 13164 10789 18239 7684 12779 14871 7236 6684 16263 7666 2703 7814 19594 4535 6635 8503 16803 3796 1103 18339 18618 3554 8823 3637 12100 618 2148 17644 16956 18254 2558 1110 13826 5588 7275 6827 7379 16695 501 16320 10631 16858 12667 17887 12981 18650 17663 4600 10905 18416 2838 4207 15195 3215 15719 9446 4647 4703 17055 9495 12052 2979 13098 2347 1616 10193 4546 9643 318 10467 16982 18636 15537 6376 19774 11629
2935 15568 7210 16374 8337 2314 13355 4875 151 16038 11334 218 10785 10676 12097 4592 5569 16839 11243 3824 10419 11112 10016 7482 4008 19523 18815 1525 10112 18692 4039 269 3087 4535 10560 18509 14302 5706 15403 15120 14062 12003 11152 5532 3726 3408 4322 11165 13659 18218 13487 11876 17246 6583 16371 10606 9000 121 11636 4500 486 3324 7181 18667 1119 13405 19441 17828 9698 14349 12528 19604 6569 7299 2120 10534 7665 11608 2899 369 5907 11153 4969 4518 10504 7978 16793 17369 9639 12552 8516 15868 14091 10294 8623 7281 7707 653 6396
2305 9937 8146 18350 1466 12770 6746 9787 10038 17883 8279 4916 6706 17751 10021 16248 16666 12039 18876 14076 10358 12395 9480 17261 1944 11709 4125 12942 868 19366 19110 15349 17548 7121 5242 17812 17454 293 9898 2082 11238 4114 16872 9266 14434 19918 8596 4861 5700 12325 12154 12129 17764 9764 6198 11724 18540 6964 3240 14439 5835 12502 10305 2465 8637 12969 13915 13118 4587 12493 11917 5347 546 8342 1424 4611 6011 11372 8550 11143 3712 10056 16830 10627 3115 2662 19030 5758 12847 5992 12030 383 19463 6104 5215 5261 58 6061 15618
8126 18947 379 119 9799 8054 13050 9780 11243 5489 16603 15371 6997 10741 18366 7058 12332 15732 19140 16482 6477 5622 10331 12491 4098 17706 19742 2364 11685 5024 10148 7867 5249 5393 11425 521 3643 5515 16485 4728 6439 7559 4647 10181 7388 15988 19621 12399 7087 3204 5403 16267 7054 3003 17619 18384 18837 18429 9886 15821 19376 2345 15129 8769 6363 2366 8245 11194 3675 3829 5483 3461 19531 14778 14074 9404 18227 16891 14106 16019 13312 14797 3956 17088 1302 2340 16443 8608 4791 15126 13432 10720 19211 3903 2200 4926 9081 7177 15318
19389 6688 18664 16113 18133 15505 10501 3927 11300 2263 4242 10048 3241 4438 19816 19301 14373 2103 13356 3751 2489 15744 9493 60 7614 3477 6074 144 19453 1737 4422 2590 2820 833 11676 11531 6680 764 5889 7336 17318 8111 14289 684 13419 12071 7749 15922 9435 11880 18346 19014 13440 5129 13353 7012 18547 4012 17921 14483 17544 6108 17701 2373 2882 6294 7970 14470 7613 17456 17327 4023 124 6950 4423 15268 16063 2814 2285 18575 11480 10802 14606 7240 9753 6972 17757 17278 549 2837 1654 9419 5584 819 12887 19696 13298 1 12389
16239 14566 104 17827 13969 229 14663 19359 18833 5588 7224 13772 953 10036 15123 14672 15175 19141 14380 9647 1761 7751 15056 12304 1058 12213 10903 34 1103 6396 16099 14650 8050 11701 11919 15179 2231 18193 14567 18472 15084 1724 9267 18638 239 13042 1169 16889 18254 16501 18403 6754 7795 19378 16765 504 17251 8460 13963 8056 16898 16648 4179 3979 10333 233 10771 15371 2858 5454 4885 16473 17914 9493 10834 2378 11458 12358 16527 1118 9752 17580 13529 9576 6007 14431 12092 2636 10623 13645 16139 4889 5391 5257 11794 2694 12731 5997 1307
2993 8891 17065 7131 18314 19830 15033 10470 17612 10385 234 3790 14692 5275 4045 1611 10871 90 12114 16553 14260 7966 27 8309 4574 5711 7189 10969 15339 16124 5040 6531 6340 592 1838 14106 8526 10756 966 19214 15769 8726 17545 3814 13494 5829 4134 19089 18070 17813 14854 6793 10847 1475 14645 14083 16726 10819 13071 17430 1602 9164 8811 4755 8571 12276 16081 5835 11760 8074 19850 2384 8649 15653 12327 5129 1399 4161 17655 12049 16587 3909 17518 19187 4308 8932 3910 11569 12048 7871 6344 15114 10293 18755 19724 6873 5463 819 9503
1520 18317 13678 1562 14170 17030 9456 14905 16217 215 11063 17997 16855 1760 7423 2963 17526 10725 1991 2542 1704 10224 13739 18250 12692 6534 11478 19784 3329 10686 14780 14509 15248 18748 8019 18115 4862 15506 16922 1581 27 2033 17670 8088 11444 16680 758 14373 11580 7551 10218 8920 10390 15816 15594 13851 15770 13181 6663 2050 9529 4932 5708 3915 6494 1072 13023 14017 11531 683 16062 12491 11035 12775 5380 10150 14063 8622 4356 6074 3735 11813 5561 17264 17051 17057 3996 1062 14490 6039 10904 17287 16629 10357 10813 12314 18598 18869 2988
5249 13198 15237 2633 11057 11770 415 13170 12015 7891 1605 13089 19194 3321 13752 15457 15001 3105 6226 1127 6372 13600 19335 12008 9176 4292 16811 376 1218 2169 5983 14864 7177 6739 5096 18337 504 8392 5300 16820 9497 4247 12699 2865 17065 4928 16828 13541 6562 17685 2936 6078 18981 10056 6948 12616 4896 5283 13096 1096 19788 7884 16704 6271 15527 16445 2596 4160 10901 11494 11872 11434 9809 10284 8280 10771 19088 4215 11103 5793 8990 10615 18069 5254 2247 17299 1379 2691 12529 18015 18975 7216 14986 10935 2086 6295 7046 12421 4296
7659 4185 2088 14002 226 6767 8231 4550 8207 9513 5993 13803 4903 18739 2938 16887 13420 6661 2420 16178 5544 4585 14897 8509 8309 14570 3527 5626 16695 9649 11288 3541 6780 17209 10391 14412 17674 11242 13934 14496 16937 12292 16775 3977 19204 1421 13945 10137 2473 2107 3371 1691 7537 3973 6504 221 11529 13897 1724 4685 13140 5750 9399 15402 15330 11583 4312 1798 1431 14117 3598 8540 17589 14707 2215 9593 10281 8663 7624 14836 4382 143 19842 6798 7575 7991 19783 19575 19107 6980 9194 18125 2966 10220 1962 2449 14493 6858 17932
5628 2451 4245 13204 5426 15143 8837 17587 16743 14783 18306 10093 8034 6223 19588 18252 8285 16753 8323 9871 9995 9923 6118 19796 3272 4821 10754 16765 13863 5019 17581 8900 158 13890 13844 16439 10055 15898 19082 9407 17575 8336 5215 14556 11014 6730 17650 12215 8324 3121 437 14558 9203 16402 8504 3161 5467 18473 8299 14272 1871 15658 9686 10973 10187 10300 10382 9314 14577 14903 1873 2407 6459 10696 9672 3905 6151 10492 10960 719 442 17963 2374 3154 16321 18861 2766 12123 6305 11904 294 15296 490 15557 16969 16690 15326 11127 1883
11085 6849 527 6411 11045 16673 18792 9276 13989 18705 13146 13113 2132 6436 1803 15814 11682 9073 16639 6948 17310 17678 873 16711 10479 14703 17697 5845 7991 6080 1760 7658 10668 1346 10599 8932 6306 8415 16057 10128 13297 17249 8251 14626 11865 11147 6902 12552 16148 6226 10804 4508 1724 9213 1459 13877 1753 13397 18162 18440 18642 1333 1958 17208 2774 16671 18952 6398 15928 2348 4477 4425 16878 13910 9258 9005 242 14438 18527 1673 2228 19959 12349 14431 15262 14549 18983 2349 9136 4725 13178 10446 1062 8382 14319 14275 5463 14161 4493
16379 5394 13661 78 12770 7994 8124 13628 19596 7820 9012 10461 2236 4122 9815 14364 12855 17459 4418 17542 9950 366 15421 18890 11540 55 11184 8607 8695 8467 2732 6254 5127 19359 932 14919 13735 1170 6944 16867 1730 589 6424 15677 15144 8823 2277 11169 565 213 2423 9397 8961 12174 7157 12131 14921 2801 13552 19420 8769 6597 7799 10228 7212 12003 772 8329 13615 6839 11115 6698 13087 11004 5247 2594 11349 17441 13287 9747 2785 7095 12052 11757 11457 18385 11000 3066 19937 17904 6291 2216 7653 16325 16978 10436 5513 4951 99
13395 14726 10700 11162 10995 2588 4244 1430 18613 16578 840 4913 13449 18168 1226 5648 381 13090 11893 7142 5081 10785 18839 1127 16229 17555 19343 8774 9222 18421 2243 2368 9123 19147 14229 15021 12645 17685 12229 13446 14328 19625 15363 18742 4034 6805 93 10618 2906 1823 15143 11626 9563 17533 19122 5251 12435 14157 16596 10250 12653 4784 2434 5264 19236 16736 17956 7357 610 8334 1051 18528 15109 10209 14451 12945 14047 6009 1502 944 1355 6779 7789 15498 15519 5794 3344 11362 6388 6079 9063 740 14138 13841 16606 18493 17378 11611 17460
11894 17787 11413 17479 1455 9595 7041 7501 12023 12255 8040 6743 16712 16127 1394 15800 15395 19874 3907 3969 17201 14696 6873 5208 7187 14921 10483 14508 6213 11634 14417 5312 19537 4828 9553 10897 18713 10760 16088 12832 5212 2417 17658 16297 5543 8358 12997 15179 4153 11232 14233 13269 17057 14118 9069 2836 19655 9285 13839 10656 5838 18066 3415 512 11190 15794 10163 10141 17799 4205 15174 2011 11498 4687 10441 9021 15514 5015 6551 6533 8892 10485 8402 5430 5098 16308 6366 11274 7506 19466 17485 16502 19956 12327 3409 3353 14789 18368 1338
16130 8040 10726 12076 5643 7454 8157 12236 11814 8428 1768 2119 7474 8746 8830 14923 7529 9415 6031 10491 4161 5353 7865 5791 6582 483 12337 16564 16837 15834 11436 11450 12661 10999 12715 1641 16954 7793 10561 9802 5504 12179 16376 13439 11337 14135 9833 15955 7842 12273 6762 8473 10494 1052 11582 9672 16788 13963 4007 1930 785 1554 14144 14635 9951 1232 7872 5040 3743 8128 4216 8869 11110 5241 10808 5449 12193 17829 6898 5312 226 19848 5771 18000 16772 19076 3276 4149 6006 1193 3040 13930 15786 18026 1299 13464 3304 13219 6429
9078 14447 5503 12783 5497 11310 8662 4418 44 5307 13805 19068 19878 15128 13777 10224 16405 2372 9070 1788 12671 12284 13099 12108 15472 11395 6886 13689 16625 30 4281 13111 6223 11378 14048 13237 14738 15396 11123 10967 4154 16727 19356 6396 12529 14576 3215 2382 11801 5284 14859 13220 18836 11216 2201 11077 14793 11322 3021 17075 8848 3680 4308 522 19395 5007 9196 848 7170 9981 7642 15113 15600 5920 14814 5298 15759 9818 9087 3035 16698 1476 9656 13176 415 4436 1945 10823 1371 5802 17848 18548 10460 9444 19984 19882 7384 3329 14825
275 9357 1179 12409 871 6728 13722 8363 18414 19169 19080 5567 5352 17154 19065 4258 12342 7100 10653 12063 13784 851 13347 15638 9365 10177 7544 455 1297 8062 17925 15159 10567 10094 10863 4064 3956 18553 15073 17856 7344 5148 12520 12953 16762 4339 8092 15136 11260 17465 1007 12475 15705 10720 3942 9305 6997 10867 6169 17364 97 3607 13073 412 2149 10345 756 9490 17909 5941 12937 506 7186 5489 16653 12768 17981 7942 19429 13649 18850 13726 446 8061 14537 14757 5341 8374 2454 6699 19184 7727 13860 3382 10103 16740 9303 6923 12295
13900 196 17987 7484 2622 5634 14799 1483 10115 5068 15608 14080 634 1836 5958 2575 15689 9271 12708 17430 4314 1427 17740 15138 15229 12005 10223 12353 9849 3138 19652 18419 10289 18882 12133 3489 848 7184 15059 18625 19302 873 3013 16510 10924 6415 9739 17900 13497 18525 5481 9594 17991 9740 8453 17711 3579 2418 6207 9398 5066 352 9816 5987 19058 15338 5519 1124 4136 10632 9100 15104 16505 15102 5236 15129 12487 8083 4390 341 7742 3095 6735 9200 17650 16758 1565 15898 16213 423 13700 7706 7274 16430 15778 8035 13737 11635 7809
8495 11263 17401 10671 6357 16861 4285 14710 13188 6151 9373 6386 10786 9876 16685 5864 4842 10778 10704 9472 2910 9378 10350 1382 1953 12667 4092 18003 411 12081 1072 5519 17177 11311 16215 13771 3919 11146 16794 337 3709 5382 12591 10279 11388 18866 11670 13976 17833 18138 7577 177 697 1069 14542 19361 2810 1629 4775 6070 15448 17518 6608 15022 17222 7644 3805 13964 2838 11759 14494 3503 8917 19357 11984 7025 2936 7901 16191 5840 4128 16696 15195 4182 13376 14280 4756 13168 3163 6145 8155 14613 8119 16464 11106 10115 7369 11931 2604
12234 15707 12301 19653 16324 3478 5036 1935 10334 3634 15061 10262 6053 17528 17794 8658 8111 13988 18987 1949 10812 1498 7736 11236 15731 7379 9978 12564 18129 16828 14074 7849 8934 6054 5193 19148 2094 14615 2670 18286 8099 12751 6202 16973 9824 13436 2271 8494 15792 18920 1830 5446 8704 13360 15436 17540 16902 9906 11217 17112 13438 12468 2070 3167 15117 10396 5135 1988 15454 1610 2006 17468 15867 16694 10499 3378 13890 7465 7018 9305 7686 14500 1974 15798 7195 3747 8460 17987 13581 5824 14281 11624 17041 9994 8058 7044 15607 2446 19284
19091 7575 16693 11802 5855 1407 19015 4838 9230 14475 13653 18780 1061 19539 6563 5670 12502 15195 6238 7859 3433 3662 1279 3503 17522 7621 8054 14543 19352 3102 3565 16235 1804 3026 2496 466 13016 7567 9213 7581 493 16889 14470 15245 1842 4767 13374 12984 18409 10464 16258 16180 271 8265 17481 6135 4681 11115 13144 9227 13328 18752 2087 9461 13960 19003 2183 4875 1535 4877 8382 1372 4101 7895 7612 197 4054 7194 13541 11355 18171 14547 18187 14962 3445 19961 19694 18017 9042 6142 18722 759 103 9300 10809 12148 3219 15947 706
3158 4136 10008 9132 5879 10044 18641 18920 16472 9703 6003 15393 7334 14149 17824 5260 14098 9782 13398 1470 3291 915 10150 637 19834 9380 2616 10604 18378 19951 14447 2235 9988 7817 5629 16130 930 7237 17362 9582 18703 12819 19662 4651 8733 10681 13873 14899 12165 15210 2222 1472 4864 11885 16890 3949 12643 4026 19683 15910 16591 422 11471 14839 8091 12654 7898 19772 901 8641 19988 17559 17872 13317 5379 1002 973 7287 13322 2423 6466 12060 13320 1891 3508 19047 12309 16012 18901 721 1962 7957 1730 10440 380 13283 19527 10804 7147
12876 1124 4953 13126 10876 125 3097 3781 12778 14995 4542 14089 557 61 3861 1072 18567 5426 2426 14914 226 8893 12917 19552 4878 17926 15353 4800 4499 8089 13563 13227 11922 14787 14909 6378 1907 8479 6273 2279 3002 19849 13056 9204 14912 4903 10576 1125 15771 3874 3437 1566 8944 7029 1947 7398 16917 515 13325 12856 5738 12975 14686 3735 18404 9027 11201 19660 12150 394 3384 8054 12503 15637 15652 3464 10143 15108 8819 17072 8578 18709 17858 8081 2636 3492 8569 1582 4083 15460 312 6589 2108 7939 18595 1233 6162 10774 13175
11126 15298 13320 6333 19383 16776 14492 9262 2330 7195 2541 6296 18038 7101 1644 10012 5278 14499 13973 4932 7149 13618 18221 9124 3702 18182 7100 6288 8479 14341 9692 7342 9687 8033 1750 2402 16663 12797 14647 17713 6248 13296 5836 8371 8768 16739 1593 467 3069 614 14400 13908 7787 19514 11502 7465 16954 10980 11438 16887 4983 11440 10840 1328 16227 5474 14817 18187 5912 11188 654 11067 18717 11834 7220 337 19948 3205 7134 4491 17188 8530 16919 6084 10131 12066 10121 16223 19409 7281 1971 10801 15838 19874 17072 9122 4419 459 1022
2616 16745 2976 12447 7619 1541 3827 8129 17470 19129 16905 6741 11637 18548 12943 6586 19122 2920 3554 14282 13700 9433 347 9572 5970 16869 4902 17622 19183 11204 10172 7552 12936 5483 7168 1569 41 1111 9833 2641 8737 14520 12978 10743 6910 12829 7523 12012 16686 10564 3971 5261 19497 8470 8780 14498 5272 14084 4424 10274 3374 4747 3867 18437 752 2302 13669 2524 8515 8235 6475 3277 13371 16470 3274 12384 12946 4340 19792 2753 842 15997 11681 8901 17378 15008 4916 13452 13846 1155 2874 9596 16731 5393 15147 8169 11807 4816 15126
6700 1466 15795 11716 1311 7494 8296 920 9470 9682 4449 13716 17105 9640 7737 16277 10297 47 13861 13893 6934 8736 15456 229 13223 14078 5699 2913 1126 3092 7806 15873 19363 17860 8206 13476 10176 6654 11830 5432 18387 18539 1891 16314 13787 17893 15534 16604 7566 6490 9807 2804 4897 12752 2329 17199 19673 2604 6822 12422 2877 9387 896 17629 11497 1770 17670 9502 14051 19803 11744 19510 5770 2657 10265 19380 8344 1646 10991 2181 14459 10324 4055 12913 16617 10597 5218 1932 8931 3091 8684 1416 4815 1553 13516 11456 2036 19907 12034
5253 18188 18442 7366 8772 5805 19793 19073 8364 14668 3511 12608 4621 10383 19224 9881 9492 9166 2756 12577 15810 14269 8284 14049 4922 17272 19892 5743 10012 15866 1754 7962 18722 9690 8520 5728 18013 4227 12448 4252 17076 19138 3252 17398 5322 8706 4219 8609 17210 16535 19395 5198 7982 10313 10107 2080 11658 12993 5820 7619 15545 6577 17573 19151 622 10806 8829 17545 18618 4898 5425 14146 16868 138 12300 16436 2632 18009 12576 8011 15785 7878 10131 16702 15653 14436 14236 19612 18382 12991 8942 14603 3992 11385 13570 13996 15587 1982 10530
14957 7382 14954 12942 2513 1507 2888 1372 17458 1190 4461 64 81 2081 9526 19194 1776 285 10738 17094 5286 8125 10367 3854 5721 18230 17712 3580 16734 11480 12982 6871 4056 17573 3123 1108 12197 1044 4527 4507 6352 10469 14645 3130 15439 2143 14835 1955 19393 17119 7287 4204 2430 3817 843 1274 18258 4255 14458 2728 17272 19215 1231 19254 14100 13118 7942 13329 6677 13608 19060 11184 18707 12597 1365 14434 12687 17373 5787 1099 4103 12369 7455 12134 92 6509 10511 5841 3038 418 13522 7213 17814 12749 8016 6337 14084 4500 9116
1869 2832 11486 1901 15406 8400 599 2170 14235 2881 6239 14570 13979 12777 5564 9362 12358 4298 9261 3451 13477 12427 4259 13268 7186 3703 10805 10990 9284 14433 16941 18284 261 19132 4915 16328 15833 2261 4722 6099 6526 10253 9408 7054 7932 11223 15476 6935 363 2717 1020 16896 19680 7853 8789 7474 6561 8522 19439 3319 16699 19941 15869 1968 11013 11042 1336 2056 2414 7224 6540 2842 4853 11357 9772 4092 15082 19305 12239 17669 5912 14473 10057 18974 6518 15296 17186 2413 8765 7073 16832 4897 11179 15200 5367 2148 6410 7303 6202
1681 15578 7537 2252 10583 14462 15139 17981 10592 11555 15785 9230 7521 76 10664 17037 17327 10524 3978 6263 537 9425 1633 2247 3066 114 13761 12571 10904 19921 476 1512 5462 2630 10708 7322 18506 1459 14325 11925 472 5654 8738 1017 3785 1601 2490 5998 7087 850 154 14792 12560 5298 17899 17907 864 15797 14986 91 11032 17666 7534 3419 13627 4252 4 7920 2697 9916 16153 6937 3319 18142 16166 3867 7754 5286 11638 8452 4602 2166 11710 8226 12128 19012 1515 6900 761 15419 13863 7659 7752 8189 11934 11612 15518 6979 14310
6102 12599 9103 16340 16932 12499 14649 4381 10019 3747 19006 16344 17254 545 18125 19806 5150 15173 11822 19246 9686 14151 4862 3622 8579 11811 14260 13424 3918 13659 4547 2277 6519 12355 9291 6610 12129 7738 12930 834 15377 18401 14246 5399 2474 1747 10083 19164 10214 14242 2363 5783 5770 12226 15439 4973 11655 4853 2184 14286 7789 3535 3 16585 14553 15170 17291 5239 12007 3645 714 7470 13512 5434 18422 4008 10268 8176 2785 4985 18391 13152 4556 4724 4431 1406 9477 7527 18137 11430 19341 9246 8030 16594 14854 18860 4691 10607 4712
14325 10909 6438 8825 9828 7405 9073 19263 15352 6439 6151 8424 545 8093 9026 16726 19923 1650 6645 4445 9685 6732 17358 2027 12414 2641 11662 13034 6635 2616 13810 13629 7681 12255 17621 11613 9693 2665 3271 7490 16986 1846 7133 414 3079 11650 14773 19012 8382 145 6276 11979 12752 12534 4804 17512 13004 19332 6321 9325 11771 11222 3640 2721 13773 7900 14531 8168 17019 2799 2821 13111 17364 2367 7800 13545 5663 11391 9528 1511 12573 2327 15110 16215 11706 10686 14629 4237 7449 8864 11411 10806 17010 12097 6398 8041 7425 19389 11522
830 4409 19317 18844 17037 99 1855 15843 9318 9171 10040 8720 2028 6651 11029 17675 5956 10811 6334 13743 6705 4621 6933 16608 19723 7507 11776 10587 13374 18416 10511 18610 5839 17935 16273 3108 16600 1505 3454 16998 10619 6829 7334 13311 11418 7742 18124 10740 1521 11779 3204 10528 4515 19795 2176 3321 6511 6542 16903 571 7372 17218 14348 909 17846 318 4653 3470 1993 10909 19608 6069 11514 14376 7099 10448 8467 2826 242 18399 7922 18902 4395 1426 9261 10143 11508 18671 18121 15593 5479 4673 7758 12386 17397 9057 5 18073 5127
11965 18241 1075 14959 1787 850 12444 10899 13460 10363 1764 11910 19451 9620 11385 1700 9552 15201 2821 4676 17395 7278 2091 17457 8839 16422 18443 19748 1819 17628 3792 19427 19992 10184 6936 2683 5093 12094 14867 2370 4810 14403 13787 12724 2685 42 697 7052 12992 4022 15861 10544 16495 2414 969 16686 6476 7901 18576 14834 2097 11190 8393 1657 16981 8298 15560 14960 612 16237 19889 15700 10064 3398 14448 19993 15122 19535 7653 10578 3417 2786 506 7191 12153 17152 11401 10614 4918 12999 3693 3702 18146 9357 15792 4868 845 13665 11503
2881 5838 13409 7282 7600 18877 3468 5551 3539 5706 195 6952 15652 19099 6601 4016 3353 1499 3793 7689 6698 10589 416 18998 15293 15000 11260 5341 953 1321 3026 7764 12142 987 2826 17114 9645 1258 1944 13827 1854 9905 14046 5362 3660 1238 14421 2874 9895 45 18039 15645 19442 15281 5702 13386 8736 16510 11068 7090 16816 12414 16327 5926 8566 13226 13387 7672 6446 3148 3731 11907 11073 18654 4911 15036 2741 5894 3434 139 19871 16748 13761 2346 19908 18094 6596 4907 14224 16601 1426 13060 6608 8555 15246 2026 8260 5657 11422
19777 5796 3660 19870 889 4258 16536 1833 6024 2926 17135 12133 16685 1220 5257 12355 20000 9202 8666 8767 2661 1260 16768 7237 18151 7863 4298 4891 5068 15429 15574 13534 4953 1351 5134 11830 1672 4070 7700 374 16257 15818 9466 5774 14459 16560 471 7595 1989 7169 17973 4360 5242 9648 6611 8964 15042 1714 4040 2578 255 17589 2220 2086 19779 15082 12165 5570 17249 18635 2155 12313 7615 12635 1658 14236 12656 14221 1074 11523 3143 7440 10160 1925 14642 2284 6770 11533 4660 2969 325 9168 4169 671 9325 518 11959 17372 118
9977 10755 13653 1050 3662 17373 18818 18707 9460 1353 8774 17145 16360 9189 17612 15460 13550 3685 9719 16336 17463 13655 10067 10100 8347 6121 7309 19851 6776 6656 13295 1839 12736 8815 19268 12988 4631 16733 600 9012 2410 3463 13833 2710 9649 15653 16999 10221 13252 15807 6959 12440 783 17758 2296 15650 16897 14272 15188 167 9554 7578 16902 6449 11208 14007 19470 8256 13283 17928 9469 979 9859 12863 9677 15476 12158 13272 18609 1691 14131 262 9319 11191 7417 11965 19871 5380 3712 14034 8563 8407 19578 2665 15175 14696 16068 19753 19569
12779 11477 9724 19893 16274 10803 7950 5539 3995 6692 5322 11813 9201 18071 8391 6367 9539 2968 17803 2347 18182 11711 16694 15405 13224 17960 3724 1997 6408 9091 4414 5772 15021 12735 5476 1559 11362 8372 16977 13330 25 16150 7879 2790 18335 4895 18781 223 4146 8396 10860 17315 4661 15660 13492 4169 16107 12215 2541 14055 5270 304 5263 5933 16175 16145 10549 15393 17650 12059 7992 12581 8115 13227 4650 14452 6131 16103 16943 5290 13421 2072 18547 10825 16802 7562 10330 933 10464 7853 7977 15849 16171 19566 6462 3703 5722 13092 8984
16013 10258 14928 4913 2386 11106 17851 6616 15017 16352 1422 12657 19332 17078 6211 11305 14743 12086 19670 14612 11694 11638 7939 12895 19150 4471 12956 6744 7700 3370 18620 638 9745 9013 15418 913 17230 8969 10937 8237 4433 18138 17852 8466 19245 2588 1279 19907 12881 18607 18281 9202 7900 9320 4197 4278 16237 12547 12723 1553 4399 7895 14163 397 18601 17441 17185 536 13663 9036 4949 16273 15572 16836 14670 9104 13886 9252 16385 3411 6377 15012 12534 11990 5459 17758 16663 8047 2537 16642 3092 9355 7992 5826 6912 16989 1277 2767 575
16944 541 2682 13260 8695 1152 5483 10518 17409 13409 4078 4633 7928 15244 17415 9423 16310 6603 13361 13152 6604 2456 6669 15098 19877 1649 11005 2478 2572 16423 10795 13052 1113 3902 1185 1744 14277 13835 8059 3348 2575 14341 16291 15532 6156 18027 14515 18247 6208 15662 18766 16604 14701 10444 4511 4815 2834 9455 3548 8544 8880 6725 2175 16472 14480 15237 7960 14713 10899 14677 1570 8358 10114 9148 11519 11775 6145 9212 4490 15069 19752 19909 12137 15458 5109 3276 9134 13097 10715 3191 16182 19581 12432 12304 15315 17380 6513 11704 6498
4562 18571 6260 13527 19609 16987 324 8553 11759 15881 16402 15700 11398 9494 6877 12136 581 7878 12189 3009 5429 10165 14271 19651 18147 7941 4483 17699 4464 1766 16215 11167 16177 175 9708 1074 44 17946 17742 5410 445 18726 11166 8724 5774 8751 529 19810 9099 11315 1123 7044 15219 6949 11258 5308 7532 9208 2036 3797 6534 13809 7184 7008 3544 12120 6837 1114 5603 3761 12276 2239 3672 16826 12446 1054 2804 8010 9548 11902 13436 12436 2959 15058 1128 7295 1134 17184 13232 6181 12880 908 19625 9635 2166 16876 10438 11039 14000
18593 1908 4720 2394 10662 13573 8382 9621 6842 1825 2804 18098 13819 411 15874 1646 14680 7397 12916 8669 12935 743 13852 14438 2862 3569 8857 11081 13507 17813 4444 5353 3496 1770 5881 8755 15698 17261 13241 16574 6101 8711 16 2808 8974 11825 17843 13834 242 5436 17015 106 14941 8454 1905 3752 916 4018 17535 13070 4485 5191 7372 2364 5853 18416 18412 2203 5323 9322 2050 10051 10863 18223 14555 15171 17126 4544 10479 10571 8108 2011 13146 17876 9582 3373 5122 7806 7517 5861 10893 4492 9460 13344 5590 15383 1105 13979 14466
1003 15441 10678 9960 10318 8757 2387 3530 12024 17845 8990 8875 10393 1500 5914 8377 14257 16339 15099 6829 16353 13578 10457 15250 4901 17490 4269 16561 1085 13217 13389 8513 5973 17215 17853 6757 11698 10964 9588 9023 19139 18280 1421 9929 817 14933 4891 7908 16023 16663 9136 8144 13414 883 7892 8450 578 159 7726 11184 12745 14853 13073 11195 1114 2395 7537 17781 18553 259 9076 17348 4435 19237 8746 12592 9213 16821 9514 1727 12651 8368 8460 17 15986 13807 4381 1582 1377 15466 2589 9669 11383 19212 15577 17184 15670 15408 7540
8796 2296 496 1734 8227 18583 18409 2417 1867 744 685 3616 3787 18726 1941 4871 15969 9598 16160 13730 7643 5682 7354 7030 15064 3459 16235 447 19278 2818 8420 16581 12903 17488 5974 14812 5481 19087 3723 3581 10058 19431 10174 2070 4636 12213 12762 16711 14541 1762 11921 17027 6300 15550 19428 7663 7862 1617 4873 18427 14962 12232 19957 7830 18963 9248 4821 19698 11146 7488 10025 2222 14190 17725 1971 16126 10301 10679 8652 13428 4514 1872 19559 5610 9386 878 2046 9877 18263 12356 14922 5743 19813 473 7518 12900 18637 12101 4061
3265 15919 9761 9877 3120 10015 12711 18310 15035 19433 3963 3750 11266 10671 6936 12638 8190 7035 1163 14146 6352 2507 11814 6920 5858 10728 4235 5185 5032 16264 11683 13163 12583 16348 13249 9399 8815 15783 1556 14898 10515 13913 18993 2918 12301 12931 1949 1325 11589 1124 788 12901 18575 12865 2761 4439 3207 12693 11936 9279 17180 2127 11577 1865 18916 18207 1339 11017 8822 4899 1303 7885 2774 6961 16278 3674 2259 8152 11382 8775 10107 7188 16025 9091 4463 12575 18918 14178 4170 4095 9 19368 12826 11441 9264 15960 16567 9443 6474
16274 16873 5637 360 691 3316 19243 19462 12809 13833 11385 14375 6890 7428 9939 2384 18007 9321 18804 9363 18371 667 14232 10191 18725 11824 9805 4764 9518 2182 14170 1366 9431 8608 17198 2014 9450 15038 6043 1382 1198 14243 15347 15717 10916 15820 10026 2304 13196 4167 17214 8881 9414 1241 9838 8799 18275 5759 14223 8481 3718 16387 3681 12719 19574 12900 6784 8151 8526 6734 14493 12627 11767 15628 5541 15218 10460 15299 17887 17643 9876 786 17129 16344 1027 8341 18063 7628 6438 13977 12041 15230 13352 2324 15928 3710 18375 3391 3593
13104 3834 16829 14960 17196 3868 938 8696 13219 515 9450 3682 8609 17138 2510 19713 11081 13839 3778 18374 11872 5791 4648 3279 14258 11695 10008 18632 2272 16489 14678 7096 275 10997 7360 8142 10582 13487 2517 8158 16842 15515 17803 14418 16673 11582 3166 10749 18968 1325 4630 18504 10764 13462 9431 17411 2890 8262 10710 6621 838 4375 3044 9828 3177 11251 17252 3297 604 2197 13159 11615 17788 4437 10292 8972 6387 1942 18878 17838 13259 13074 19685 8926 3752 13686 9770 9418 19371 5961 7063 10164 16383 13522 18820 4707 1989 11327 16333
10764 10039 13451 4799 9626 15828 16906 3313 2684 9969 2194 18659 9492 14092 13074 19813 927 9562 16347 18179 3973 6022 9008 3358 9795 17102 14455 6881 14180 15115 2737 19617 7082 9857 5683 18564 11087 19732 9581 17214 13942 7687 14437 2717 4223 11091 3085 12688 12130 15199 2658 14345 7085 10067 6013 10003 8489 15984 4249 14458 18393 4699 3964 4131 3237 13154 2974 10564 258 15941 17468 19480 13339 14618 8226 18155 1224 3236 4286 15234 17307 4523 3676 17661 16896 1190 10109 13802 3844 14826 8512 2261 8758 9448 17506 1465 18403 12157 17285
6001 2684 4758 14418 9283 6047 11680 14492 19592 5851 8410 18760 9725 1599 9667 8452 10943 5339 2694 4776 8973 10981 16562 969 4695 10733 11966 14259 15766 1878 18823 2028 2923 9620 5011 3983 18784 2960 2493 15357 10479 11299 1993 7896 727 14691 4020 18759 3106 15180 13840 11315 1500 19803 4515 12356 15981 19279 7532 1962 5192 8925 5213 6990 3254 2257 17965 2656 13152 19487 6127 12260 16285 19994 13887 11714 2897 9237 9250 16641 14009 14413 17915 6625 11576 12655 945 12165 3367 3469 2879 5120 14892 10363 13702 1096 2252 8324 6911
1546 9840 18376 926 16725 6433 13315 9418 3540 7605 6152 6614 12214 12492 10474 2573 17204 11681 9642 11325 19550 7500 12728 19742 2784 13980 11082 4998 16219 15573 1369 3566 11204 8495 16020 16866 5239 13970 4209 2256 1720 1455 10065 4697 5382 1362 14178 16055 6557 12424 14113 9022 4934 5326 23 8790 16877 4289 6031 1581 14246 13209 4256 10770 7069 6035 6183 7108 3218 16896 15821 8366 16317 12045 16423 3780 15076 10977 1474 7184 3703 17092 17163 17961 14892 2026 13242 17583 17823 15610 759 17852 8341 10837 18255 16459 16250 3371 5025
337 12587 1179 19198 2939 15089 18379 17878 6087 3008 911 11348 1799 18925 6052 3036 19451 19917 4284 8258 17010 6095 10007 16152 16728 16927 4443 4421 17608 3056 421 19312 13927 8563 7760 14178 19368 15615 4913 8786 14473 9467 4941 12346 316 13326 17586 17633 18711 5737 3424 17796 7198 17117 11217 13376 18762 8895 3000 16687 12350 11035 10412 14450 15347 11465 18683 6647 14447 5619 18510 15575 5847 17333 13750 3719 13761 9458 7736 18871 5770 4554 17254 11102 6534 15836 11559 94 10903 33 11525 5271 8001 19237 2653 7422 7778 7761 18396
8207 17121 14135 17488 5545 4728 9368 9324 11647 9487 832 11273 7299 3985 18539 1739 10387 3536 8955 8479 5021 15388 794 16830 14974 10804 588 446 16334 9061 194 15564 5055 8285 6442 6837 16362 19533 3516 12996 14070 13924 1436 16180 15584 16933 4919 4854 3029 14668 12305 12298 8126 15828 12311 3641 15040 8050 6881 7312 7745 12820 8045 14434 9347 18802 13235 15413 15285 10362 11442 15523 14008 5462 11851 7002 2034 13824 16838 10368 5591 9553 7554 10549 12934 17330 2256 15361 11010 19679 13190 9669 15268 2096 3688 19141 12638 19655 11769
10394 15081 19537 5525 9019 13840 2320 12019 15477 7423 8460 19398 18334 6770 14451 17702 14322 18074 15229 3784 9444 1200 5361 8509 8738 10216 17186 15638 7353 17854 15880 16391 284 14281 18032 9169 11914 10777 12721 11196 12771 6318 12156 214 13984 11615 6383 4962 10828 5313 16903 13629 9330 11912 3093 5533 15179 16398 10815 10535 15996 9365 17725 5214 523 4783 4077 12827 14880 11485 13461 12352 3576 2224 7911 19176 5753 12495 9456 9664 5198 5724 2193 6836 12810 10609 1541 14691 11614 19512 7786 15411 19799 7995 1901 14552 13275 19482 8173
12263 16645 9000 19511 727 17662 19774 9236 18649 11511 3036 14859 3859 3488 15464 9532 1931 15340 6002 12668 10299 18068 6004 18723 1901 7622 9003 16012 3511 9633 11165 14382 5979 5496 5768 9235 2964 10013 8841 16452 17156 2094 7646 7994 11669 9747 12790 4170 11822 11667 3855 17236 19693 14936 13642 87 9994 17827 18185 4716 5355 14412 11831 16411 5376 18863 5761 13048 18547 8912 10539 3946 13264 94 9377 9287 16284 686 12701 7971 8359 9268 5873 19817 9817 13092 354 12773 18117 4840 460 2927 3702 9715 16971 19323 16807 1111 8708
16749 17295 7752 13605 9877 18085 6877 9984 17663 15197 11636 16067 8932 3193 16553 19119 15218 1070 16866 13971 3439 8229 3123 17832 3411 2054 643 14438 13641 11471 2987 18110 6364 11113 5956 18251 7375 1731 19569 7150 15801 8940 12458 9631 16551 16269 11202 1652 10594 8982 731 11243 17586 12590 5112 12617 9539 9305 13262 807 15804 5426 2297 3720 9601 19771 19720 16798 3842 372 1254 16918 3618 13430 7963 3944 18807 13291 19432 14423 1159 5069 7581 14028 9876 9850 703 2913 8485 19641 12966 14785 2659 19906 1009 9600 779 4439 11587
19312 2103 10171 18367 11026 11433 2212 10651 19355 7829 11089 6477 8930 5157 13104 8412 8955 3149 3576 14743 16358 14470 5094 7463 15990 14489 9872 5184 6867 2048 17971 17972 611 1908 15656 8592 18925 7513 4307 3954 2087 17878 3487 16178 9551 6408 12053 10829 11453 15495 11049 5096 8295 1722 16696 16246 16461 14487 10774 9109 9769 4624 4608 13749 17012 5655 6378 4366 7327 11324 8816 18829 12209 13701 4091 2306 7831 5865 444 16780 6571 18265 6196 16515 6091 15119 7691 11887 8895 6630 14717 1114 2969 2395 1572 9585 8705 16227 11371
13630 12897 10700 7875 12573 15295 8474 15945 18185 15512 6575 14135 10498 16919 7180 2167 5717 11471 6999 18623 5102 14374 14778 8110 1564 5671 9954 820 788 1551 12305 10721 9978 3941 14118 5633 14314 16047 18450 10308 6996 14930 12588 7734 12806 16213 10527 12776 12467 19479 6220 6678 11034 14473 1199 8980 2846 4917 6012 13345 3321 10523 1664 12255 434 6461 6703 15421 16570 14074 1264 12035 2194 9012 12539 10652 4109 6247 7182 8362 18728 4024 10773 3264 13904 5576 15661 5486 6201 1119 16116 18018 7618 18974 11329 7936 17229 5479 11889
12384 15750 14817 11436 4037 4463 5761 7822 8141 9092 15356 2380 17793 12829 16408 5334 18551 19498 4619 16609 1875 11261 8805 13676 16587 123 14279 14982 14438 2775 8886 4664 5238 1724 489 15042 10313 13599 9733 18555 6116 13826 10996 3308 19884 18307 16302 11049 15896 7617 19917 3213 17403 2509 15195 18140 7795 2138 5531 15230 2889 12087 19612 1409 1893 18384 5583 14956 5641 3183 10608 3579 18219 13994 1448 15276 17260 10597 130 16389 10360 378 12714 17690 10863 14434 14641 17339 11313 4746 5990 19744 11515 10815 3679 14911 14537 10487 848
9359 14726 6018 2917 12580 4063 10231 1018 9580 15218 8727 5479 16192 6887 15933 8483 14091 5873 17619 2542 15108 12177 16265 5129 10091 14453 1438 11456 7775 16311 5986 10811 16408 1351 2116 2156 4554 13095 19730 5981 1631 4996 4851 3332 3335 6787 162 9845 2655 19338 13794 16532 8951 16756 4035 8741 10857 18907 13467 2547 11147 5322 7018 14468 19720 6356 13672 2214 2337 10320 11852 17109 10244 3145 12056 9981 3815 273 19632 10888 16558 19636 6461 7793 19518 17861 17787 17478 5057 14581 17443 17642 12018 18531 19300 1782 4646 16675 1866
7627 10270 18809 8449 19370 9417 490 578 5559 489 6904 245 19233 539 206 4472 278 11342 9594 3213 5519 10840 9982 9024 15783 15950 16289 7176 10007 2228 14743 18795 15502 13100 18848 15233 12903 11350 10287 8006 3718 16761 9104 12529 8497 13689 7426 11600 4094 12744 16818 13915 12924 15999 19277 17842 969 15405 18736 1524 1150 118 15498 2478 4207 1531 13173 9173 7251 18721 12944 17804 819 7536 6810 1681 11086 14344 10452 9078 9814 12057 16228 9052 19948 15246 2258 17344 18142 5654 18712 11074 8136 19894 14912 9535 10833 13290 258
7273 17064 8607 1288 3178 16553 10746 7820 14773 15243 8952 2219 16442 5426 17510 18054 2477 16019 19757 11159 13786 11234 12552 14717 5091 1181 1256 6246 15505 13878 4808 18480 11460 13373 5501 11380 4098 656 8086 13680 14006 15380 17708 14093 4611 6371 15012 17571 10060 11326 10337 6932 10700 12489 14718 16838 5810 5725 3384 605 6481 3109 17506 5704 13631 19649 16741 11253 18895 12091 12442 3206 9408 17163 13231 424 1616 16034 7167 6467 5381 4103 12411 16551 12487 14372 12323 10854 1836 9640 4573 6918 7387 17402 16627 17484 19292 14528 2795
3118 12036 3368 13401 3712 13095 19837 2248 2034 16760 1071 17132 269 1714 14389 12918 14350 6394 9613 18262 2780 440 6760 7468 19921 7917 15553 5991 7176 4597 7330 10900 2119 11644 18649 19003 14217 14946 16346 1553 3735 8054 10530 2723 9140 11144 17042 7092 8704 8483 16924 19572 9820 467 10959 5302 4596 1806 7613 13869 12120 19987 16540 17437 14432 5646 8460 2832 14203 4400 10318 11791 12680 7887 11854 16999 8785 12660 551 18961 7049 19776 18128 10044 17569 17864 3091 2035 1260 2370 15466 11586 16144 4811 5607 7255 4169 19339 6531
1600 15242 18646 17777 11385 16914 13236 683 13490 6637 18272 4906 8384 17805 8856 2482 17181 303 15714 16877 6198 571 16665 5839 2597 16809 18307 13660 12797 2505 19274 12786 17928 8375 7316 20 13582 8992 13830 5825 14919 7719 3016 2080 13769 6893 17585 6857 8063 18984 13144 15048 16864 10755 16579 19716 19516 5157 8800 15053 5728 16213 13384 968 5866 783 9016 3543 3570 18403 14191 14482 19422 10497 13407 1975 18942 16955 9611 8162 18481 8097 10057 8674 2095 4136 8106 6075 11582 11512 18685 19531 7606 11651 15813 8168 1952 14716 5549
309 16933 7333 16141 1893 7214 8454 2505 12611 1622 8381 6778 13216 11994 8713 18806 13060 11908 3099 3625 19325 18168 4341 4876 1404 7515 8177 3948 11862 14258 14903 3341 16465 4942 2202 3713 16076 17770 12426 5685 19153 2138 2519 1996 5126 16923 9231 14417 103 98 15386 17182 12933 15138 13190 15629 17758 4865 11030 12741 19777 13175 2586 12790 16201 7283 18507 11670 9077 17692 5972 5893 15645 3120 16490 18181 17959 11050 2458 1302 14594 6722 2414 12902 15970 7196 15441 11428 16398 11792 1195 7102 3465 1907 5588 18446 2374 14019 8637
15943 4395 305 7670 11342 3622 15590 4095 15862 7322 6960 10715 19840 17766 6017 16351 19934 17731 16949 152 18927 6884 12637 5613 6010 13142 10841 1657 16648 2371 16452 8868 1554 9020 3710 16556 3694 2868 4398 9611 9595 554 2358 10018 13972 279 14474 6804 9191 15347 10268 7797 16404 6404 2335 14785 8870 8939 14411 10307 4093 1981 1029 16997 7782 2003 13921 6532 13455 3251 9278 395 1024 17480 4250 18524 11332 2456 2590 18104 8090 7710 2116 3678 8826 17391 5476 11215 12140 13910 423 4460 11248 9936 10024 2074 17001 12325 12888
18535 1086 3944 13803 18640 16122 17918 8327 6844 13843 5359 12793 7011 19021 14269 9042 11858 209 1366 5040 749 17982 14232 7775 1732 16462 11911 2299 9463 9183 16827 1486 4493 1034 1524 5104 10985 9969 5854 10539 10716 5067 16878 10574 12309 2884 9016 12817 17357 13778 8742 12630 10778 6584 3728 14315 17181 7857 1571 17597 9993 14419 14500 18709 3235 9953 379 7164 2689 17794 3020 5635 10520 8602 12016 3171 6949 14507 13957 15891 326 5448 14099 11016 4574 8575 6500 15957 13427 5590 7590 10367 3196 8708 1119 1443 12522 15177 8990
9020 13629 3169 10862 5441 9357 18099 17984 9891 11460 19147 7035 19043 8830 8567 11015 17102 11252 9155 504 18471 13905 8283 17767 5805 1730 9046 8216 14856 2277 13646 15357 9747 18654 1268 2840 16794 16760 11747 10255 4474 1257 4392 9789 4369 4150 8232 562 18869 5012 16483 11583 15643 15299 12323 9772 725 18031 11086 18877 8000 6609 3732 2736 14104 6598 3281 2472 15344 11144 12190 13838 7658 9533 7203 12868 1937 19744 7637 4425 17651 13499 16222 18829 17744 18309 5386 1712 8736 5879 6060 6332 16044 15832 1491 5346 1104 6001 19126
6190 16269 14327 11021 14483 3262 1301 3809 8834 9569 11423 17716 13830 18356 12267 19181 10789 13464 6015 3564 886 15634 10880 3016 11586 16502 12940 12542 14951 12408 7749 7314 9885 2295 18342 5814 9628 15735 19877 16174 19520 12822 2064 5116 14079 1693 18714 9718 17025 17648 17417 17073 15312 8728 1526 18143 18423 6903 1807 13799 1209 15549 14344 2527 782 19072 5190 16820 11382 7195 16096 15355 6112 19693 5935 11937 14117 17702 14935 15947 11885 9204 16075 11482 10420 17454 5506 863 5742 7204 11880 700 2435 17353 5150 10933 12207 16172 11510
6361 10770 9580 7828 7544 11832 12482 8775 11655 10721 5808 2041 15076 941 6891 13736 5997 3096 2533 3891 16807 16684 11642 133 18132 3025 9319 18919 2728 15434 7914 9359 4003 3011 2620 17159 12983 18533 7391 11963 7628 12174 8486 4345 10127 11906 19373 13148 10174 3625 9787 16063 4208 6996 8411 10133 932 11082 19064 4402 9434 12093 11909 2274 13385 15300 1601 3785 5480 6087 10895 2348 17002 3614 6542 12539 16905 2412 1368 6384 18928 8005 16595 7615 3395 17075 8055 15635 19859 10305 9293 10342 5765 2161 19502 440 16900 19275 186
10079 18912 5913 9219 12795 14468 4789 6571 3646 16267 8365 15885 9923 16296 15363 7138 12980 12318 2768 15848 17465 14069 13288 7945 4751 13007 4739 8994 10604 4536 7513 7287 15790 2757 7225 18732 1743 11082 15120 521 7784 8164 10085 11512 1169 6882 2399 8430 18357 14908 5074 19174 16435 3797 9456 8481 9876 3911 7733 3401 16253 9769 11405 8540 1813 353 18753 13735 14306 16603 8428 9783 13788 13579 18552 6659 8309 17268 6872 13885 11930 16085 4724 190 5573 13094 15840 12549 11386 460 2491 8031 17385 18805 1797 4878 8536 15571 838
3466 6560 12476 6609 4743 11467 10813 16042 12583 1106 15133 1110 11327 6539 5160 19552 7457 18757 15295 12225 10265 4386 8870 5784 11828 12299 19834 9817 7346 6320 19921 5961 4549 4907 13217 8609 3397 1072 6314 15276 11537 16552 16504 16435 19269 10575 8520 14419 5573 19579 8072 17120 15350 3915 10517 15553 1730 19601 10599 10892 4567 2645 14256 6147 16393 12813 6941 19692 9578 3647 3391 1593 9081 4886 18163 15488 10141 11524 13982 214 17705 10619 13896 2432 5873 17642 13609 5993 14642 14035 14342 11716 14600 5725 8207 7533 4087 7380 19367
11882 11718 5778 7236 340 2409 8883 15510 4617 11227 16286 611 19058 13208 14134 7848 9424 7616 9174 9207 14818 7058 14546 15418 10217 5168 19774 15647 11043 4442 6073 7244 6557 1190 3655 5648 9218 2050 18978 13622 17931 19974 12728 17272 16078 9035 3652 7943 4635 18539 19996 7415 446 8042 12442 8148 3475 1179 13750 17340 18442 17430 18521 18302 382 560 18386 17621 7781 11144 19292 3029 10784 6119 6963 912 17683 16633 8631 3746 19078 19174 19329 6036 2949 14180 7703 9795 13543 13572 9077 6993 18061 8902 5257 17733 8294 810 5981
18682 14599 9342 14736 17044 3314 17812 19853 7184 1433 5024 15836 8222 14142 10538 1076 3402 10915 17762 3713 16304 18299 7769 5587 18472 3434 6485 881 16908 6812 8376 1156 11314 7474 14856 1573 18845 11559 9192 16624 2752 2098 14236 7198 19247 8252 16021 2743 3360 9662 4364 14282 12635 677 14783 4207 12753 16763 13936 10042 17962 17446 14545 9439 1843 12776 3893 5664 8495 3949 6767 3797 3541 5939 19653 8913 19054 8001 18204 8926 6211 6236 3178 4984 11881 10421 17070 15443 13634 8668 15989 5045 1385 7549 18314 5537 18359 17605 441
3747 11103 11878 10179 9740 5292 15538 16077 14803 6646 17948 666 18381 4257 13371 3015 10227 1441 12151 7034 18678 3699 19969 8565 576 17032 13966 11759 2697 1246 13258 17905 10230 4097 5336 15785 12985 530 13594 12784 14197 17672 1411 11 4136 10450 10353 7080 2805 12779 641 1197 2160 349 18616 13890 895 2691 11082 19380 12713 15787 10675 6556 7179 12320 10383 3254 18585 9998 13597 598 6408 13776 19065 3297 6621 18710 13580 5128 9189 18193 11111 4049 5797 7860 2755 13926 2442 9640 9222 3819 2012 8297 7563 3000 7529 15937 4289
2860 19512 5019 10046 15878 16003 10914 10877 5774 6679 11389 8112 12158 6440 9606 6618 14615 2027 1831 14376 19243 13415 6653 9930 17128 19426 9263 12543 5643 10418 2139 19760 6216 9943 12046 14121 3579 13080 19285 14498 6063 2032 13296 3544 4552 17973 5 9221 11451 19463 14889 14503 11319 18139 16555 6613 19324 5615 7023 1746 14234 6605 657 7559 19024 19210 7162 13084 9370 3622 4474 5148 19055 2005 17733 9791 13220 12379 6312 7554 18613 7729 2051 18195 16672 11449 8747 19938 17624 10147 4441 5183 12057 8762 8043 7644 3485 8935 14367
10545 17090 1389 16780 4029 18175 1558 10479 17328 7157 12113 1037 17675 4850 19776 14172 12921 12705 14835 11272 4912 18590 1255 5893 11047 8858 10411 7683 12291 12195 9768 13997 924 13130 1082 4606 10327 9966 16105 2273 937 19739 17116 112 10151 12407 16525 822 18557 14400 10118 6011 2582 7812 21 2704 19252 12024 12668 13455 10127 7905 2383 877 17799 372 8944 14445 16769 4683 8389 3781 19055 2974 3110 7796 1018 11630 11888 15047 3522 6579 9656 6454 11458 10508 9485 12405 18169 10836 15838 13853 16562 2310 16825 11664 11082 15457 11515
11723 19036 14623 4392 12660 19569 10700 18177 3775 6269 9127 15816 4174 15003 10080 14291 9018 12781 4477 18743 13659 14758 2752 16765 13445 11842 11245 629 18047 18799 9598 18627 17928 4005 11673 14566 14034 5386 16181 3813 9261 8607 10550 6973 9682 6614 9551 12581 13989 10117 1034 737 16313 12521 5357 9986 16127 2992 6078 16806 7552 41 12116 9828 7142 12373 15162 1356 10226 19303 16045 10242 7699 278 14060 2636 5520 926 10064 15555 13658 18069 13997 18226 3221 8414 14109 4552 14509 2038 13860 9027 14069 10653 2473 1294 4223 13227 619
6507 5062 15670 11645 15712 1821 19372 16414 8625 13538 17819 3038 8232 12518 7700 3252 13907 7625 952 1466 16993 3430 415 19026 8542 1304 6431 17783 3442 10395 165 966 1594 6873 4932 13806 8547 9597 4811 11487 12644 10698 192 19950 4463 19395 14334 2478 4596 5264 13650 3890 16272 14969 1403 6697 14948 17451 19091 11640 7584 15439 95 8520 19958 15341 12398 15346 14981 15577 8095 1745 15007 14227 5177 3892 18461 7070 18522 15803 629 2968 17156 7513 7337 11686 10761 11855 1127 5186 8111 7535 1770 14160 2938 19879 12875 15930 11990
9378 3456 14732 13998 775 13468 19943 16481 4468 7433 12722 13913 3539 16074 7134 19047 10933 8497 8323 13495 13791 1476 10242 13661 1677 2574 7688 984 18582 13051 2730 2591 8337 351 9555 10549 16219 18732 4850 13106 5842 2446 15471 19044 16605 13342 9570 6204 468 8608 13297 14027 11033 9670 14711 669 15556 312 4284 10811 11702 6664 6938 11737 4539 13960 7010 6602 6292 1442 15493 17278 686 7526 8971 10892 19785 7001 2784 4232 9175 7267 10457 13318 4744 1798 11010 16428 2937 17142 12032 14615 4372 3987 11117 3465 12464 10212 7967
18960 10150 19581 8907 12430 12376 942 3687 12711 9415 14403 10988 12808 6365 7516 5853 9942 18126 6182 7625 11706 15790 17061 14474 17097 1069 19511 4938 12185 5824 9119 17861 18738 4168 2601 3122 5365 19759 8604 19787 2972 11168 18306 6807 14890 14860 19499 16679 3768 11118 19689 5110 4942 541 1061 9018 7050 8132 5375 17593 12918 4908 592 4283 346 364 10581 13634 6787 8158 539 14915 12845 14611 1728 1251 8764 16095 6935 3256 4244 14347 7956 11620 10562 12773 10439 7360 8741 19026 14116 10584 7751 17056 14679 4379 10185 814 15404
15409 3210 13090 7275 9833 6931 18177 8452 10997 2818 7165 1575 4276 5303 13580 11891 17719 7957 19160 4988 17396 3296 15815 961 12250 11654 17263 16065 1921 19015 2785 11458 2079 3855 3602 16046 15297 3266 2227 17986 13242 3088 11847 1103 8419 14537 5333 13253 12729 18550 1508 19510 14444 657 6541 698 6580 19536 10442 7013 14518 6369 289 18572 4893 13699 11999 13893 16896 2085 11766 3992 12452 15411 4099 12244 14244 14626 7399 1246 11210 9618 6575 1755 16748 10091 16770 9615 6558 8244 16579 3202 6413 7154 5577 17109 3002 12736 2611
11793 15500 5409 18524 5753 9636 1530 10073 10886 17967 19989 2806 12494 3372 3610 4698 9164 13980 8055 4466 12001 2307 17587 8018 4116 8226 18580 11527 16867 8558 17210 14452 8338 2649 374 12358 2034 518 16814 11038 12592 13601 12984 2429 16758 18799 19052 7068 19369 11308 17940 19170 12715 17617 2059 11611 9740 262 10352 16692 18933 10775 11997 4970 10079 14906 15667 7140 6726 18187 5727 10647 3718 7014 6593 15080 7925 17635 6524 19978 2463 12773 3212 14465 7657 8600 11011 10712 13372 7693 11888 12607 8194 3348 2758 4309 16056 15705 11677
16048 13653 11020 12206 11770 16322 12713 4965 17764 18398 4185 13841 7666 9413 10679 980 4110 12323 5598 11514 18543 14756 6331 104 17763 13377 8728 16691 8982 12159 14987 19397 7601 15028 19080 11013 13294 17477 8167 5480 14663 3130 5789 131 6291 8908 12514 4408 18378 13742 13661 14368 15015 5884 17598 12483 18857 3529 6943 8978 18553 720 2445 9398 6917 15605 12344 7869 1914 2112 5545 3062 15251 10695 17760 11958 18438 8013 4780 2199 4843 17589 3353 4750 19793 12109 12050 17391 9104 13299 18657 3201 8550 15179 9242 19365 18145 11341 16369
2302 4823 4212 13545 18828 17842 18916 6642 11547 11018 6608 7656 7983 16094 10411 6541 9973 9654 16242 17501 15079 298 845 15888 5234 1572 19820 15194 88 6832 407 10002 12479 852 2059 9266 19650 13985 9574 14119 7307 12881 17165 19269 15513 4728 6438 4258 11430 13908 5611 5965 17018 15877 12831 4165 13569 479 12410 16440 18223 8665 15660 6895 7016 17694 10290 12255 16018 14053 1592 5157 251 15971 12522 15738 1038 901 8953 18346 8342 9534 1253 13847 4407 13111 4989 3045 13465 11319 19807 16214 957 9670 7873 4555 4220 3741 15070
13694 5333 12341 17334 11022 6484 12438 3418 10139 8407 17612 3056 17833 3245 38 4636 5340 10385 16272 4928 10382 9701 6332 14876 13614 9018 7631 17521 18991 9522 13211 9861 5845 19684 4335 6972 14593 2839 182 4574 13012 11542 10263 9312 17037 9743 9679 9430 6816 13727 4851 19217 18527 9578 1799 2265 11020 7617 15854 2675 10888 2148 10169 17073 17783 6292 17460 1195 11689 8605 19177 15160 5516 17904 2411 15158 19657 19490 18921 5910 984 9706 3330 14419 7763 13743 12201 1540 13135 16113 9811 2687 15284 1516 10381 10576 4933 4330 2919
3436 14882 19879 16303 5733 14998 13725 1201 7358 3168 15204 706 10145 6153 13906 10074 7541 8584 9141 19983 4417 11929 4744 11949 6521 9919 12736 14178 5994 7346 18233 13699 14569 15932 3589 16476 18812 5321 16645 9516 1384 14147 5440 1989 4553 17124 16914 145 18059 4026 1540 924 12228 640 5571 7376 11147 1279 4964 859 1716 8520 18843 12732 3734 1700 4182 5668 9469 7490 4113 19636 3723 12124 875 17476 17356 15793 18582 15664 9753 15764 7721 13563 6049 16183 6664 3435 17605 7543 7500 12254 1869 13864 8136 13365 13259 18844 16957
18044 8924 671 16162 10210 6250 12369 10355 6782 2976 7666 6247 15673 17972 17042 11807 17651 18591 11130 10067 5621 16881 7734 15855 10996 1595 7448 19028 1693 1779 15454 7409 3067 4159 10854 17238 7348 2433 9655 10212 17016 19016 17502 7230 15583 9504 8576 18288 2675 9283 11643 1640 10436 8050 19599 6601 18779 2473 17337 13341 2145 18213 11428 19767 9381 4873 14833 6069 9134 1382 621 3736 8861 4714 2011 13044 5841 10703 5265 4635 1056 8279 9366 5219 16332 13754 413 13091 18992 7315 18842 12893 7265 4382 14533 18847 6556 15100 10275
832 12251 625 19993 11932 7551 13668 15630 7110 13444 15693 16035 8603 5173 8947 12485 19550 7871 18913 806 2646 15381 4090 300 3349 2958 1302 16007 13830 6740 12215 19009 2583 15876 10805 10893 15263 18978 15995 8233 10492 8252 12629 10026 6336 8560 15299 12323 5331 6584 1825 14882 10333 8787 18533 13704 610 14864 8602 8279 16311 5041 19096 13312 16204 17913 16747 9290 18457 18951 13441 7674 13587 681 586 16745 9314 4659 7143 11434 9181 19279 11262 7599 7606 5332 5878 18195 16942 925 3982 14077 18007 19026 9557 10766 17893 19791 14907
17686 129 8739 2341 7783 4798 16615 4454 1001 5969 3430 3708 2809 12469 18235 4477 5432 7182 9207 13990 2464 3461 18876 4526 7574 11924 5008 16734 790 8478 11452 6318 6054 8099 6103 8418 18844 16639 10662 13215 19638 8071 9794 18044 5288 6555 6190 1918 5009 7737 13762 1699 6448 14186 11579 19047 3353 17378 12343 5548 9392 18598 17598 13531 12935 6282 11531 13434 16743 12188 15505 2000 890 10495 5187 10252 19843 13457 9825 10813 4685 14370 15143 4717 5434 3488 5266 11822 8253 9751 15328 14767 18360 3212 8182 16019 7977 10245 13247
4578 1084 6286 18422 4940 3482 10930 7481 7599 5219 14000 17396 7574 11664 10827 19714 6964 12864 3160 2094 11949 12735 18752 10645 11799 6766 13075 4224 5139 4601 3666 9943 1938 10588 14513 14070 11517 15999 11520 15692 3662 12106 829 12425 9357 13332 17425 19596 6852 5237 16532 1390 4365 6799 19087 4447 14970 16579 10957 7429 2312 9358 3252 4145 10520 17661 11723 1729 4209 4720 17542 19339 4916 2790 11843 10544 5544 16287 19549 15483 3530 17927 2782 1523 14076 18552 4747 10845 12404 3151 2123 5280 10990 17124 9916 18394 880 6130 16803
12641 1887 10087 2333 8655 794 3280 10733 19830 14809 12820 9781 16057 18899 7975 19578 5850 5118 10082 13010 14145 10794 5499 4540 9893 5366 11701 12600 8667 1423 13677 18924 15120 15423 17991 15485 10089 6468 6541 8322 387 2571 3573 12468 13029 11087 10907 19675 544 939 10808 18127 14473 12019 12762 6916 9431 7920 4218 7952 280 189 1047 5564 11605 18574 7416 17541 17424 4081 2033 16759 19279 5438 14848 7880 5503 18589 10977 4830 13923 11300 14897 12742 6942 13640 11628 5084 5937 4236 13390 1546 6226 11227 13454 3776 8241 4614 15374
8254 16576 7216 17613 16927 10984 6287 19826 12256 7656 4878 9416 16835 10824 17222 14688 5432 7662 19635 5834 7101 12350 5975 1736 18642 7892 11584 16476 4528 5465 2172 18806 13034 7811 12018 175 7546 4872 4434 5786 1847 15588 19070 8966 16652 16876 13031 18440 2975 3505 3219 18872 4426 9792 3129 18013 16776 11207 12743 9785 13984 12154 15006 1353 4603 8428 6101 7013 11621 7197 3167 2266 16881 18306 16407 5749 3880 9618 8651 16593 18150 12698 18472 18393 12131 13735 16293 15596 138 6481 16592 9492 7060 13434 2991 5733 9345 11543 9139
9265 3110 8824 8703 6155 7974 3377 3481 6194 5351 7373 12231 13105 10493 6320 12566 10529 7107 19879 5055 35 3743 3276 18895 18849 8555 17432 6139 3231 6079 18805 10414 8651 17772 9729 8988 7122 15518 2403 13860 1779 4855 3807 5106 13185 11834 13924 9099 5915 7184 13133 9125 4565 6572 16495 18870 2857 16727 19739 16681 18869 15177 14499 13037 13341 19626 7524 12770 12523 5385 18765 8181 13761 1920 14674 18039 16121 6152 12223 7332 707 18631 1778 15932 18901 8381 11135 1360 12516 12276 13645 1577 2052 2757 3988 14455 15833 2047 11185
10225 4837 5887 16618 8683 11422 7758 3827 10726 12763 373 19363 9110 1433 14996 183 8442 2239 13441 2235 14719 3067 16480 13008 2045 1336 4183 7813 13552 4998 2073 1699 9660 3793 8270 6070 4487 3981 5493 15979 18264 6888 5796 18962 5934 13716 6645 3169 14788 4513 9897 5275 7416 19287 12771 13424 13848 568 17941 13430 19598 3101 10723 17851 3546 18587 15949 15189 4772 3953 15508 11686 1471 19682 16628 4104 710 7352 6688 16289 12090 10819 14658 9783 17978 8771 16167 2735 11359 15134 17899 242 18327 9663 6787 8671 3917 17717 16659
17035 11511 5907 260 6793 16877 14397 588 2892 15278 19854 2988 4868 12405 7972 15416 12940 11810 2305 4138 9219 5860 2640 18048 3987 3951 209 165 3337 5932 18656 12794 14524 5406 6686 10858 19045 13954 10187 19443 9774 16717 15987 8181 876 7139 16535 5297 6768 763 7176 4748 3777 10036 14213 12660 18500 14549 14119 4413 19067 17546 7856 10182 15688 12916 3431 14184 5321 15052 14285 19252 4750 4938 18337 7801 14064 2489 7730 9972 6996 19907 19058 5257 6004 16007 19878 19642 18869 19930 9678 16458 5835 1203 4532 7645 17577 13807 9492
10929 3768 11992 14129 1815 18008 1121 17304 1274 12163 387 5272 11812 6750 14895 15900 18748 7077 12584 8159 1358 7437 9162 2598 18639 16362 429 18473 8614 10363 10197 9227 8349 5896 4718 1433 1004 8519 12703 12972 12349 17808 17982 9984 9278 14093 19460 11305 5347 9028 16396 4544 17948 16803 3627 2743 13531 5365 15779 13000 13614 2183 6912 10200 7620 3283 11600 7689 2187 8146 6169 11013 18753 6103 2401 16394 11999 12845 4524 17182 8036 9063 8344 1732 3686 235 9962 10851 16422 7771 11053 15087 17121 2408 10389 11341 17109 7350 7554
2234 9943 17627 14235 11650 1881 14541 18358 1551 2367 5881 8380 8720 4212 8151 15253 18275 16517 16707 15431 8906 8206 5153 2765 7651 14217 12328 3496 18186 2808 138 11110 6200 18413 880 4894 9965 8455 18485 17133 5052 17162 11311 10210 13461 15242 10569 19850 11574 3326 16912 3260 7563 14255 4018 5910 19254 7115 16603 7716 13086 5990 3558 2991 9784 17227 10026 2360 7338 9856 17867 9182 2110 15475 5339 5968 17928 14097 4465 128 1206 2985 15667 6005 13473 13641 13929 2888 5310 17513 16371 10795 1841 14497 18850 17003 14862 15936 830
13278 5781 12649 7615 3526 14327 17350 17172 10807 7411 16682 7635 18936 18275 6371 3840 1998 470 17331 2445 16033 19842 2535 3743 9833 9738 4474 15690 5545 18996 16295 9604 9949 8634 17298 11047 10940 6534 2409 15469 5051 19075 3546 1577 13412 7212 12062 3841 3756 18129 12913 15528 6023 16368 6648 6490 19988 6952 9945 14534 2941 2016 19716 8831 12224 10765 6009 2512 11308 1132 2989 5860 994 942 4673 8962 15898 2677 4436 8449 2376 3222 16742 3456 4374 18412 7264 13354 4830 3963 5652 18310 3198 18784 3693 2995 7107 8316 3175
1842 14459 6824 7731 18163 4669 14995 7882 15818 8440 3933 18446 5739 19527 19575 10893 2038 15964 11669 14286 7048 208 9347 18891 9927 621 17338 7959 15495 986 7484 7096 6041 18057 9351 13254 4077 11809 6228 10183 6427 17652 11747 15028 13054 18824 9836 15670 3604 10945 14985 5798 18392 1299 13497 9535 16600 18279 16473 6945 2044 16589 10985 13533 7900 19055 7739 18872 726 6289 19374 6917 4319 2673 4575 360 11614 15676 5557 19310 11137 8048 17160 1658 5456 16433 6733 15557 3188 12547 7086 4837 8005 17524 19129 18438 15075 1947 9271
19635 11850 12475 9673 6146 7936 2492 13766 18017 5119 775 2076 15826 1148 8625 1546 11540 16490 17234 3464 12262 11230 17764 9806 12918 14191 18340 19556 7181 1208 19092 412 5532 14290 10541 7016 12967 2677 13027 12699 29 11685 15220 9197 14362 1691 15106 76 11883 10385 10700 14109 10140 2598 217 14042 11871 5065 3503 19649 11492 12082 5681 17643 14148 9765 9504 3967 1135 9140 11807 5660 2439 17538 12114 1056 9417 6191 2346 16199 3631 19564 6014 12276 4446 1561 16102 15937 990 15008 6006 1522 807 1875 4598 3277 9552 124 3358
12369 17938 5889 12412 12104 12756 11728 13570 10816 7143 13314 15327 6060 13988 8037 3611 6354 13521 2155 12351 7566 11557 3958 1105 4349 9145 12971 1436 2308 1410 849 9056 6321 8348 13001 10094 16683 9117 14 15668 4238 5351 13564 12021 6590 13893 10014 5772 19929 6967 4861 11554 17971 15831 11859 16859 9132 14719 16019 8855 8612 18433 18615 19129 2905 78 14677 5028 1556 15477 5128 4325 19640 6162 2798 5685 8349 7101 7930 3379 19236 1897 8790 9378 8182 18124 4555 4268 16745 16665 1420 9327 7333 7095 6232 16365 19043 18931 19879
18569 18219 8861 19952 16676 819 16956 3299 1153 11402 11203 3695 17523 2575 10590 10631 19928 9695 10582 5062 16880 10247 5754 18887 14915 18894 2434 15227 6632 5116 18809 3728 18897 10437 4470 5680 6119 19184 834 12216 19355 11860 19006 1614 17476 13537 10589 9119 2974 14120 11996 13972 7838 1901 1554 12786 1662 16578 13810 8767 6601 8288 8179 16312 12939 12875 3487 5527 15046 11293 16689 17507 18757 3344 8255 17196 14824 238 3989 9389 1916 17224 16691 18257 3705 8334 15024 4156 9499 19402 12076 18677 7786 15233 14323 2201 9335 7248 11358
4896 16088 11522 9507 9397 6915 11514 19557 9063 19745 11475 18623 250 11007 11221 292 14536 19500 16151 8263 9497 19223 17973 16191 15925 8154 10088 14635 7262 1928 8519 11012 11545 13451 17755 8772 9913 9669 17753 14115 9138 18174 13803 14402 6014 15482 10386 13434 12482 11030 6182 6975 5412 11228 14216 15876 19440 10934 540 12244 19790 16782 16892 16124 13596 2699 10137 4490 12262 78 17473 4020 19909 12592 3604 10263 11047 11534 13798 24 14404 13156 11586 6731 19128 2957 14986 4491 12730 16485 7810 11920 8549 13638 11476 3238 5902 9027 10829
9848 12153 19095 13433 2110 13443 2293 8767 18635 11868 14307 14275 9122 19474 4119 647 17300 15293 12307 15459 1450 3876 19925 14388 4245 19965 14904 9174 595 12420 12925 6295 9104 13258 9046 15980 4734 11349 8230 502 1040 13984 17309 10051 3055 10874 3266 14485 2774 10055 13243 11774 4404 10026 9304 13564 3560 14612 1381 19560 17743 17266 10570 11734 9525 10813 19976 9339 822 14857 19330 3158 10599 6239 12923 4127 12634 6804 15149 11262 4244 11394 2065 406 14611 9412 11901 14615 3545 5987 5527 19172 18966 11051 7162 19456 2838 10827 6400
8489 149 2505 16008 2251 12647 9526 17291 9508 14786 19911 13862 6352 8718 14727 2184 262 1218 1332 855 19094 4908 10367 3975 9208 13113 13096 10176 9931 698 4088 12607 16810 19121 13321 16936 5150 8634 12219 9106 7314 5987 9195 12920 368 7753 6675 13389 12997 1346 10355 16580 8519 12906 7908 19901 19932 3788 19365 9586 12234 6025 9859 19738 15612 13085 14188 3864 12104 405 394 9293 6509 8595 2113 12795 16220 17734 7895 15344 1592 2352 5836 1623 8419 8282 1305 18496 17591 19173 10728 9006 515 9925 10425 11745 19149 6532 7712
8447 1150 1284 18328 13445 116 6815 19152 13648 5850 19061 9343 18874 13766 162 7739 18791 18105 7109 18331 13000 9680 10027 13017 8800 11599 17318 10364 16420 13973 16666 15389 12157 8053 14269 11476 3467 19708 14490 15616 995 3760 4088 18606 6890 394 14733 2203 12449 5750 14927 2978 14203 7289 13441 1777 16102 19468 14457 19769 7460 14587 13428 18796 11987 6322 3097 7649 12907 12776 9299 16820 12429 10674 18322 15513 9012 1019 6226 6613 14665 5856 19751 13068 13612 8637 18758 14231 11502 16536 17798 1058 15049 14928 18608 8865 18165 6344 15694
6291 18521 6468 19293 15538 14948 85 18414 15626 13463 11140 2270 17214 7915 17055 2531 18021 8287 14402 273 7134 3970 9082 18456 10650 14012 4375 5807 14610 15696 3748 9434 9140 3327 2409 2498 17982 15033 15825 17759 9021 9095 10653 6075 8775 909 8859 9436 10632 17071 19333 17457 7699 7317 9792 19466 4708 4181 19998 1741 7020 3757 9815 8028 380 2978 14226 15458 12759 341 4838 8858 19717 18188 10328 429 6488 15067 3549 11286 16236 10987 4788 2380 1845 10642 13442 18264 4531 17274 11019 2867 210 18298 3103 10387 97 15623 12029
10486 19101 8879 7403 19428 2209 15482 4230 8642 14761 6322 15453 17501 230 17022 2963 9303 18154 10421 12830 18510 4653 18189 16568 10104 2768 7331 2388 3930 2257 13009 4341 7657 10898 18664 6452 3481 18074 7959 1423 17157 10529 11141 11522 8135 5890 9256 15322 13817 877 14698 19869 3780 9497 13756 13083 16454 11453 6230 16876 9024 16160 16933 10502 9196 7967 2951 2961 13001 8458 17194 1825 5380 7311 18472 16606 19903 273 9015 176 7988 4409 18639 19450 3067 4121 2114 13503 18555 19796 14618 9947 16267 7520 17976 11818 11486 16168 19244
2930 11774 19664 17503 4864 2871 16981 5258 938 17399 4866 7518 5312 3480 12496 3586 1832 10441 10193 19466 12276 1071 3360 6918 9898 17379 8729 16589 1323 8909 4907 6347 10227 19515 10228 14085 14142 7430 5864 11273 17821 14629 15073 8626 13119 15860 16456 4075 8119 2384 8937 3083 95 15879 17106 14212 5495 10617 8567 1792 10402 19667 7113 14571 5183 11486 2566 13811 10630 8055 1847 8942 15413 2299 7161 14069 12617 15519 15494 2946 19147 17443 9620 11621 9580 1001 17406 12541 2646 12877 10700 5147 14970 13848 17393 13135 4580 13154 8017
19515 8644 3391 18132 17627 16408 2298 4074 14888 888 17761 4014 13717 1549 14176 18520 14783 10226 4239 13325 10554 19038 15515 17196 2370 6448 11591 432 8794 3708 19424 750 18204 15387 10883 17412 15433 3559 16442 8277 17183 18610 6887 2825 17706 15736 6683 14265 8672 17455 7169 10543 15548 14799 8367 13113 13272 15030 4560 4410 7714 9422 10097 11137 575 4418 7657 12786 13526 19577 16019 8021 16222 10631 5764 11701 6076 10891 6884 18359 14143 12138 9545 7046 17732 15415 5562 19493 11565 2028 6457 8695 11691 9745 6491 8633 10441 14739 19536
16300 2449 5703 4435 18270 17361 7336 2577 3682 12551 13872 12461 752 4907 18740 9434 10858 1367 13894 14014 9318 5368 19620 7323 14470 13261 12433 11085 9407 14217 1672 9420 11269 1488 19978 8489 6686 13848 17968 2073 11166 13064 7361 1348 410 9708 6075 2228 5819 11124 7830 4733 19669 6507 19248 19772 3938 887 17342 7831 1274 17496 18595 17183 14297 4167 3297 17896 5905 13371 7054 8968 5032 12132 150 17278 1151 18950 15064 6915 5873 7240 18180 2307 13814 18096 6716 4252 16215 11135 1739 15748 6748 18334 5101 5046 2366 6707 6848
12184 7785 17235 6217 2038 724 17725 11608 18805 7251 1031 1804 11643 10928 16682 6065 8346 10424 16166 16056 8211 15451 12774 11845 13928 15016 9774 7901 18569 17763 1279 2262 1003 13353 8174 3451 2210 14030 5882 1407 5637 10653 10849 2819 15833 10502 2906 7383 15951 12921 6651 2172 17341 7416 10652 16107 6608 13683 6529 2918 8033 475 5177 16680 3289 2157 5548 17493 14675 4767 5394 16553 280 7925 18102 7573 7624 10646 20000 2587 12459 17326 15489 9398 7522 11931 9020 18465 15401 8475 2624 8026 18286 14924 6925 3887 14207 14920 6592
8349 6434 17416 19987 18254 3432 16374 17814 18026 15486 4201 13478 3649 19810 10677 9320 9467 8589 1857 3793 1591 12715 14700 3459 10195 5119 6184 3006 9292 15765 8239 11497 4606 6625 15811 537 1201 12921 17734 853 16175 8359 4078 10438 417 4564 2217 2622 19749 11887 18373 13356 9071 11766 7477 5933 15729 13424 19034 7140 4557 4895 9529 712 12471 12409 5176 9512 19069 17397 3276 19811 1643 13761 5808 6101 8520 8465 5391 13969 17805 8210 11392 7367 8157 11894 18988 5910 19751 10011 6051 2382 11045 8864 8643 17019 5306 2359 3544
4364 13765 6040 14376 5107 4731 14277 5056 17308 3623 9594 14103 7290 8635 12021 4263 13887 18713 8254 2488 2020 9827 10697 6519 3190 7416 12643 3209 15897 2715 13539 874 9981 2999 4765 1554 8388 7150 3515 3239 15796 13719 968 7735 17694 17442 15767 19817 15189 12311 16832 10817 258 8548 11877 12383 12002 4162 9292 10977 4494 7254 12948 6130 7729 8791 12730 12777 5554 13522 15472 3440 8790 15457 10375 12516 16827 3425 17416 17334 10963 16269 14951 14812 16599 11663 12883 14998 16901 14879 4552 17426 19431 16360 7923 17646 19104 3381 14461
11259 11489 11141 10762 10412 73 5234 3860 9315 6748 10317 11363 11735 2183 19325 12135 9008 10024 12920 5142 10045 8778 17929 18503 6879 17522 15382 18112 649 11264 10771 6846 11682 14462 12716 2210 5255 12475 5426 18710 14558 4398 7233 14061 3397 10753 10641 9687 19952 19996 5528 3991 15041 14260 11359 11795 13164 16788 18689 10080 9212 8675 18901 14196 2726 17351 93 2769 8303 4834 11201 13509 2619 14414 13428 5961 5170 13704 4633 15646 19072 3935 4450 10807 19644 19523 4819 17198 8375 6874 6852 12852 17290 7538 12687 15130 488 9100 13602
7268 19583 16415 3144 11558 7415 8658 10034 5698 2481 14888 16389 2002 93 3396 13558 15628 11557 13978 16172 12111 2845 11800 6893 3602 7947 18146 7936 10552 8214 10281 7850 15071 12213 3874 19733 5869 4627 1967 5447 10114 19572 19857 16912 8350 7187 12393 7088 10474 1421 9883 19951 15253 19011 17792 242 9575 1189 17753 12384 11849 2095 5108 7587 16885 14013 11261 5418 3558 5516 16756 6506 19882 19327 4516 15587 2525 5140 16910 18392 7430 3249 3824 730 2709 1903 12186 18252 17089 16230 17741 12797 15398 15164 13574 95 16665 19546 15537
11835 62 8618 10406 15700 6473 1808 11690 19085 1919 5984 17610 4705 13354 7735 5898 13318 14789 12966 15763 599 784 8595 3663 2880 4543 849 16915 15228 15030 14772 2555 1192 2490 9329 16343 5389 17812 8374 14646 8332 3659 3362 19824 14628 6188 13388 3240 11427 6800 11389 1472 3838 11870 13433 8877 10364 10622 14877 9373 10644 1494 15905 18184 12450 5876 5168 8080 18287 12081 7874 8832 16250 15174 12708 7817 2045 17962 8616 968 4017 1249 12851 12644 18230 10079 13257 17755 14363 16742 14693 7512 14926 18160 9176 12946 9991 9628 19865
16741 4249 17009 12270 4761 3542 8623 1710 3044 14392 874 8067 15786 754 1904 1573 1066 19308 14841 13741 15314 3859 18107 19079 19621 16282 15243 3393 14197 7604 1000 5179 2092 10378 19027 18234 11740 15374 4514 14147 7132 7404 4521 15721 9578 14035 1803 5471 9890 18447 15469 14548 8190 13064 9940 16083 165 19498 8451 1662 16424 511 4345 17434 12034 394 8558 4745 11000 10769 14856 519 19895 7901 92 15078 12943 7186 15942 10013 982 3418 8739 8861 14813 4920 1366 16431 17713 11600 13698 19080 19042 15510 14738 4207 15447 18166 9603
14154 16954 694 16469 14906 10924 16198 6007 3593 11267 15394 841 9865 6369 18855 15857 3948 2466 11794 4361 6276 1226 16079 19072 16692 7534 343 971 4489 16749 1403 12888 7086 4437 13558 5130 10257 2817 8867 15479 12387 5111 11522 8108 11418 14631 15211 14021 13093 18180 18039 13704 16539 7351 7061 2435 8711 17843 13375 9302 9164 13741 3739 2514 4010 3480 12136 7697 11259 7932 18198 15068 7387 14620 12070 15815 184 7969 126 1662 12800 2827 16564 10804 12969 945 5745 5952 19909 15030 10892 12979 18780 2774 14152 16899 9263 16481 17206
2254 15983 17962 5018 16624 1448 334 13984 2528 5871 10464 3650 13511 13881 18431 18683 12194 12127 19059 18222 11425 7180 15891 10928 5134 8532 5240 11439 12249 17063 8442 3712 6090 8626 16845 3459 19979 10178 14013 16021 14537 1685 15874 17370 8301 11884 19653 15770 12932 14353 2574 12232 12553 12836 11212 15255 11658 19678 6825 9369 972 999 7584 18576 7824 1067 16453 5431 12284 10548 14932 8949 7419 8013 8883 9677 5804 17334 7614 2235 17326 8276 1260 13832 1904 6015 16952 14022 15227 3906 15813 4384 16411 2160 13335 19602 2843 10069 2375
8046 8943 5624 10102 7605 10875 14111 6013 14742 17621 12122 9327 17123 8750 14430 13745 8238 12512 15898 16244 1134 3121 11471 6706 8528 7771 1209 12339 8723 10850 1355 2201 17825 8236 16627 10891 9624 14381 7550 2163 15204 16844 7378 12538 10788 6505 9982 13711 3258 1235 14264 2613 16041 3822 6815 9082 1362 2327 4066 10751 2144 15507 15696 18524 8889 1950 13474 12232 10828 4411 2563 15178 18802 11328 16002 17759 13600 15453 11605 535 18556 18844 7382 10948 7910 619 5505 10845 2396 18149 16660 19801 9506 15516 8203 6818 4298 2246 276
12199 8273 7531 14188 989 692 13539 18991 15246 16182 3890 5819 16666 2488 9921 12518 10363 2633 15555 14352 11256 1436 17835 11500 10073 4149 17328 149 10297 5463 10034 9993 2200 17651 19258 1837 4038 3827 7640 18242 4634 2162 6346 9151 8711 12187 14157 19988 429 4794 5603 13299 8531 2174 17106 1654 5734 8876 6107 16404 12598 14025 1583 13932 8075 1905 16135 7248 12134 14657 18103 13500 6218 8280 10544 5320 1795 13698 13061 18918 894 2073 5190 19544 5613 11618 17545 15465 2035 9132 4735 7000 14273 3969 15284 5393 14814 8102 1337
10632 1677 16346 5722 471 8538 2273 3525 14486 11957 5557 9713 11067 6307 14621 5277 15985 2663 15405 6279 13818 17599 14424 18924 11567 4262 19952 17906 7450 19629 8129 18645 9042 1818 11109 9416 6089 4046 5847 18590 14117 4707 5043 5441 17113 14372 13588 2427 12650 18902 14974 10701 13537 13910 7672 6301 15582 7045 5275 2198 9181 7272 9724 19663 18937 4115 3312 485 15728 2707 11817 17267 7479 1455 563 10879 7156 2162 5495 12912 19377 11952 10738 3030 18962 34 9673 11338 7384 18576 18234 13756 6184 1317 7228 1367 12401 7334 13172
13209 8895 3091 2589 5187 7289 8763 2871 1832 3830 10885 1984 10886 15456 18690 18774 7368 13220 1751 9057 8445 3382 11470 828 1301 12298 9621 14517 19376 3441 14240 5617 17725 10304 15814 6020 17428 12748 568 9242 19223 4584 1191 2030 7984 4429 12884 4377 3551 13495 9421 130 2722 1408 3364 16286 8905 6162 8452 18781 12353 13132 5265 13332 11316 12457 1077 10136 16980 6952 9584 13242 14196 5903 10105 10840 8425 8405 9184 18394 17353 6022 14072 6276 148 4007 6350 17498 2350 3108 13916 2332 8901 7107 10320 78 7905 6770 16632
10050 7221 6868 2699 7216 7861 11152 4526 7665 14687 7676 460 7933 15536 18337 13840 17738 9177 7314 18106 7151 1987 4816 10909 7404 9712 4969 15127 3941 6945 15624 15639 13133 17059 13797 9513 7494 15343 2 8355 18899 12934 14685 2807 12528 1608 15088 11648 9723 1339 6852 396 13914 9831 14344 8450 729 7935 7152 797 4604 17102 17801 18690 18234 16067 818 17222 16325 17778 9500 1781 4773 4199 2801 17585 12720 10070 3796 19171 18117 6988 1048 4456 17991 10338 6475 10120 12884 8645 18598 10221 15792 1892 17016 11737 12403 14750 3494
17715 3036 7842 19700 7689 14917 19963 5932 534 1097 16613 19734 16431 19531 16264 14094 12243 11295 7871 2041 17829 6032 16820 13086 7734 179 6579 5004 12310 17377 3178 9547 2804 12260 1129 14167 1483 8534 1268 2337 7256 6007 13895 4369 5465 6787 12877 17442 14635 430 2658 18951 15166 4468 3895 15942 16563 8966 9112 1921 11384 485 13114 10912 14142 10578 3089 5242 19183 1698 12706 1809 17902 18591 17109 9565 13381 2354 6854 10032 13619 2116 135 16126 9128 10526 6161 17393 4270 10328 10552 8291 9941 14659 14242 15869 466 12330 18273
15828 5164 1812 15153 5410 4171 6644 7047 18517 13396 19761 9905 18228 18694 16498 3778 3394 11206 17420 10058 2252 9768 3178 4568 4952 7793 7538 1967 1701 7236 3405 16449 14641 10211 9965 13669 10416 7636 3694 19780 2352 11604 12359 17707 17709 17659 3051 12642 10053 8582 1797 4256 1998 18151 3245 19173 4597 14984 15167 678 15485 18424 7248 11458 11773 2031 11597 8266 4138 2456 11115 13145 10663 19568 18756 804 13280 9580 13020 6810 14858 15368 1192 6693 448 9526 9616 16668 13311 17095 3962 19338 15245 10274 11288 17332 16080 5526 3259
10084 11161 16689 9647 6228 13982 7375 966 11914 16409 6023 17845 768 7343 4466 13739 8210 17592 5889 2229 3853 465 1605 14901 17419 5473 11876 4998 5663 6157 959 15792 3628 15207 14806 15804 10235 4586 15095 6256 16788 6128 1638 14758 19408 17233 6210 12205 16111 3047 16233 6214 5456 15471 7033 8880 2782 14552 454 182 7294 2190 15514 2270 17885 502 9425 18875 308 15084 2148 18676 14642 19508 17049 15738 8745 4561 9676 11052 4873 15470 7241 209 2825 12756 5501 10920 697 8029 16469 16483 3241 13656 6731 6743 17902 10027 15809
8005 17149 875 8817 10571 17662 17290 16538 5262 12266 5891 9882 6275 2130 1045 3718 4366 461 7708 18790 9367 7248 13580 4398 5034 15123 12054 11532 4519 2204 6660 16656 754 10344 2103 19296 8191 1552 16971 8794 11342 7049 2252 18379 16025 3342 10449 17890 3921 7413 2885 10417 11205 4657 4306 17797 17989 11164 1545 4841 10487 14488 13688 1406 8090 1001 18804 11010 6353 10139 12983 5975 1494 135 5838 13344 16670 14546 803 8722 11233 3899 1744 19614 6655 17746 14770 18134 13570 6811 7028 3225 7847 12057 9771 1875 14279 4726 15200
14788 15737 6335 14159 18130 6158 14797 2279 8239 13877 1236 10443 19189 5796 12948 12648 10344 17847 9673 17766 18265 2128 12720 1350 2988 3009 3551 9549 2615 13020 1630 13513 19319 8679 13603 2637 13364 688 7107 14259 9941 15836 3426 8608 8747 8106 13265 6320 13999 17629 5725 7582 12938 14581 730 15331 17966 9851 2526 11301 3572 11016 5428 16109 17294 12471 1865 14180 9705 10292 17289 15749 10710 2835 17358 1346 2947 17195 5353 10275 8392 160 3912 4121 5425 17263 17726 5694 17310 2733 6925 2031 3680 18476 17752 11455 11207 16836 1190
16527 2626 4657 11452 18649 15217 12952 7342 1613 11164 18371 19202 1476 10431 14126 17616 18122 16297 11721 11196 6547 17931 1426 1641 14413 6206 15968 18764 5293 1006 5477 1454 2398 2419 8716 5079 8053 111 15825 18588 2376 6758 15898 17269 15982 18810 16135 19587 6765 19037 10048 12788 3612 13832 16888 9787 16999 15907 19014 5900 14218 4901 11784 7141 10588 4076 14626 18929 8105 3066 11619 17406 15788 16710 7773 3188 3918 5778 8177 14155 14991 2344 7841 15456 17774 8521 18746 17326 19727 5243 5133 5355 17290 15479 6300 13792 17116 17992 13891
19371 18680 19063 3832 3164 19428 19275 9833 7340 1566 8400 12916 939 15004 13554 17168 13362 2060 4600 3766 16215 4337 7925 129 14873 13542 17351 11038 17309 6450 7323 15128 19124 12258 3175 6707 13321 5390 2324 9396 6958 14697 19954 3395 14138 7280 12588 19663 424 2009 13559 1423 18578 16069 6049 5217 4777 17992 13374 12523 15372 1848 9493 4739 4108 8402 521 19041 2827 3086 8729 3824 13602 1027 8448 175 13133 13881 4302 14602 10306 9716 10964 14085 6057 11925 19733 16151 15575 16867 11457 59 19623 8111 1844 6572 14583 10645 15153
3247 130 14186 19777 17133 12595 17960 8012 3415 19074 4465 13902 2431 9589 6852 11279 2328 10969 5349 14851 11583 196 5658 15889 5543 6914 1627 15555 5013 16467 17422 4482 16336 9810 13461 5721 1013 16238 16902 4349 19462 18851 1467 989 395 19559 15333 19436 8001 4318 4274 6035 18987 11386 7540 7988 18099 14158 229 8159 19190 11424 7012 17047 16328 19367 3251 1007 11407 5739 13059 19493 11208 9948 15687 6884 2626 4056 2581 12651 17890 18248 8218 11200 7310 14616 15553 2307 18305 3198 15462 17232 15866 16709 12070 2582 10444 13517 11962
17220 10527 16715 12950 17379 13307 12317 15581 8338 13387 18458 13507 10441 9447 18592 16500 11315 4448 1704 11330 5152 19792 15362 3144 2852 4470 3446 15645 8237 19788 4554 14943 3505 6417 10900 9935 103 12430 18291 7610 15312 10839 15012 4130 9912 14194 16961 11893 9218 5015 11520 5424 2004 18807 1500 14443 4925 1261 8406 11544 8752 18094 19482 642 993 3007 13836 19837 14661 6312 9419 14555 13644 14869 8131 13683 11244 1503 4542 12360 2778 12 6230 12494 11485 12602 10036 3065 968 17213 9738 1416 13010 15335 5833 17309 6279 7261 260
2457 9842 10734 5150 1837 8504 13454 10797 18707 16002 4633 13361 593 6271 905 3210 19120 727 2701 7101 10638 16569 15080 3384 18493 10095 1742 7668 8955 5215 14780 19034 18710 9542 15530 5156 13054 5567 19557 18055 17676 3366 11669 6582 19216 12233 10419 17364 9003 7247 4499 11188 7126 14272 2516 491 17644 2201 19395 3749 14723 8189 19676 19175 236 17848 9279 1021 16054 10086 9750 1942 60 18024 6867 19570 2109 4579 9670 1565 18585 4472 10884 5223 155 17262 640 6425 8770 2817 20 14436 11163 18881 18445 4835 13060 576 3408
4536 11406 7970 16832 6033 774 2462 6580 10239 15351 2759 16277 2469 18096 14864 16553 430 14652 10614 2987 10303 10351 1798 17509 5737 8866 15241 16858 14136 14581 11929 17077 1974 8824 9567 2603 6526 11055 4300 854 5711 11957 4877 14889 14390 4689 5614 1871 18688 5671 10591 208 13356 14231 6050 3585 3349 9175 19248 12336 18425 5571 16673 17334 14505 9829 18058 2200 18177 19111 19458 16227 4125 13169 14598 18448 1122 4356 18229 4992 1486 5233 8319 17351 16610 18754 9611 18491 13761 16801 10270 11277 4963 19376 12382 968 8812 16283 2005
17302 4485 9029 8424 12134 15438 19145 11677 19 10949 5879 1916 4645 5614 5365 15605 6911 16607 14179 13133 14830 4822 4925 2527 11835 1758 16042 1320 5734 6957 11425 8311 17232 5542 18676 6685 8247 14756 9532 17536 346 9108 7572 14939 2006 2230 7903 12717 12223 11091 17748 1120 17802 12213 1007 519 7393 6821 11248 17831 2481 9967 9961 2302 11116 11180 6396 9600 2296 313 15364 2811 102 19935 8060 17578 11931 18826 16734 10072 14711 2977 14097 12276 16572 6445 13004 13403 1538 4963 14998 16560 11339 14011 16733 18301 4304 6203 8325
15193 8969 7402 89 19187 655 16861 13259 5335 8795 13542 7170 11206 17285 7914 14924 12619 703 12741 8054 15166 5839 17321 17664 9079 14596 9764 6328 17075 850 2829 546 10605 15253 19175 12852 18576 7436 8077 7857 3568 17820 7006 19293 8436 14027 6652 12948 17472 12187 17015 18426 12080 3265 8011 12254 9630 4481 11496 4923 5638 19011 8212 2153 16027 290 12768 15105 15680 324 16357 12581 15588 12871 17608 1219 1632 7087 19456 16431 19227 15946 8702 1386 4933 11346 15351 15303 4811 17052 2440 3267 1620 12076 6797 7842 13952 11552 11734
6690 17142 1294 13511 947 17169 3630 9299 12049 15989 12731 2402 9182 8955 7543 12917 19944 9136 2226 18690 8701 18669 15199 15667 13334 2129 18769 10814 10245 19119 15743 1633 12453 221 3400 13700 9381 19482 16998 5674 4315 12654 12148 1767 319 14190 15409 14858 14834 25 2329 7799 19148 1901 8393 11764 16971 10085 18896 18206 2682 7611 14835 9495 18754 3155 743 2853 252 10764 14097 17508 16751 16262 14201 18204 10985 5448 18163 18189 6807 10973 9164 14561 15552 14062 2956 14774 12384 14512 11948 14905 8557 9776 16790 13311 4808 292 5593
14714 306 18601 2374 4375 3399 2631 14666 6365 13014 19098 10597 10221 15187 1040 9236 18615 2925 6356 11982 16619 3567 8152 16433 10493 2729 7435 14894 16669 4343 17895 6260 8064 14378 8132 8657 5047 10036 8705 8154 19687 14810 7116 8250 6371 3891 12947 13306 10796 3626 6372 12607 5121 12623 1686 8588 8999 7456 6639 4009 4576 8170 4714 11823 7793 1751 14258 17917 16283 15831 11703 19438 9246 303 15636 15293 3904 12061 13734 6730 3078 12614 17618 14649 13616 6610 15190 17676 4135 3158 8284 7999 16542 19803 19596 7626 233 3692 11881
196 2005 3542 16926 14205 1703 8979 8752 13700 3025 12935 224 1486 1369 6549 17452 826 9325 15251 5165 17716 10239 14444 17430 12234 7567 19175 19139 9981 4530 2553 17160 6261 10418 7284 6445 17128 4193 1617 208 2388 19084 10689 10015 18532 12624 17257 10140 249 4203 19861 10136 8939 17367 18440 14942 7903 11992 579 16378 11438 7198 15620 13799 7542 1390 11604 16528 1772 6824 16190 18157 10539 8042 17070 1037 16410 11816 9009 18643 1041 13948 9864 328 17007 3356 18395 17690 13417 6742 9888 4888 17765 15072 2733 5379 13300 16797 2454
13818 13768 16345 12638 14724 3490 18289 16203 586 4245 2460 14499 8133 19809 4228 11633 12878 14043 14774 3209 2204 14656 9941 10866 1362 17684 5674 18217 1511 5959 3898 13877 15181 246 1029 2918 19099 16405 9587 13541 649 14343 13689 295 7447 7099 12826 9638 876 1743 11836 12368 17068 19624 8710 12518 16727 18394 18224 8508 8996 1015 1010 12673 802 14946 19442 7080 12943 12170 11523 4448 9983 2901 10469 18723 19819 8594 13660 18089 16647 19355 2393 5803 12036 1101 16852 16422 13157 2967 3680 2214 16777 2671 6870 14512 3146 4048 9077
12398 18826 11539 14938 17395 10103 13515 2767 6073 9753 460 2871 19655 8623 7394 530 14199 9876 562 14050 5482 1505 6397 9190 14396 3884 14350 3720 8732 3664 9044 16493 10323 14747 13904 8775 6694 7090 1960 11086 1998 2157 12924 15031 1067 523 8817 7271 5529 15912 4944 8967 13339 7156 5580 19315 16636 9629 14742 2790 2563 8086 18438 4580 10031 9009 790 4702 5609 19440 3714 1638 8767 1874 7063 19575 7758 9296 39 11851 17436 8515 6730 11257 13089 4209 13285 1023 8159 12793 2156 7566 13760 14069 11944 9500 6140 13683 1902
8541 868 11584 7892 2501 16023 16596 1494 6014 2805 15337 6972 13529 8776 4144 14790 16193 4721 5613 12363 616 2807 1631 9032 12595 3130 7245 11223 11159 6344 7841 17852 8350 13373 10358 18972 9725 15884 8127 12294 3541 13865 3325 10534 287 6107 15754 12342 6386 10177 7776 17395 7885 12396 2808 6277 2036 5202 17182 593 7656 15668 14251 11713 5058 16960 14814 1292 14362 10691 1472 937 6864 16296 16629 8560 15338 6382 7861 5875 8180 17626 7229 14923 10527 1654 2338 11910 7925 1206 3911 16761 19079 11428 10021 6879 12033 5184 7456
19904 12290 10925 13944 13825 14097 11292 16889 11470 5911 2742 9248 12355 9604 16983 11818 12497 4135 1951 18752 19490 1545 8048 14016 12389 13919 11671 7415 12084 13700 1509 14128 10805 13826 1613 7918 16965 15510 10819 16102 17087 18251 6749 2128 17382 3054 8717 19426 15193 1225 5046 5546 16974 18520 8460 10389 4609 16951 5565 739 17987 12679 14898 10150 17813 6114 4465 10460 7547 11938 12513 3797 7230 8765 7252 10146 1877 17226 14935 11176 4052 12609 16222 17578 19766 10809 5150 13024 7123 2668 15112 15477 5024 4528 9139 10878 14830 19813 6813
16957 17601 16389 19451 1362 15207 16986 9340 7179 3065 11464 7029 348 3306 2429 17545 8585 5257 2648 2831 8556 14779 5275 17459 10867 15154 8482 11591 19135 3239 18492 4877 19593 8906 2450 17404 3281 17904 16283 13804 7269 998 11286 14299 3825 3081 10472 19099 5133 17050 11727 13756 15988 2465 19576 5498 13145 459 7248 5524 1195 19044 14037 8172 16077 12242 17582 2043 6601 13757 5927 4669 6589 12866 5201 6598 18735 3942 7932 10762 10678 7494 14581 3409 3278 12951 1671 4330 15084 319 17195 14428 7609 4886 6807 9104 4827 897 6308
11441 8042 13400 18575 8961 3621 18658 12568 12939 19996 10991 10663 14316 14593 16573 18188 521 7412 16021 8854 3945 15879 14459 216 709 16256 7357 1231 19531 4387 4392 14129 5186 18791 14999 9924 1237 19581 3065 15296 15353 3711 4192 18920 7209 2883 13008 11874 10879 11535 19763 1446 11154 3247 13950 19738 7105 17748 12103 3722 7959 16371 16495 15082 11028 6050 15433 7897 11988 10863 10084 8305 18763 3815 4525 17078 10379 4457 15701 4990 11459 7144 19197 16914 4470 2958 3181 16189 12449 4007 7404 10294 776 14745 10921 3487 10129 15349 11106
250 7434 8101 4763 9513 16598 7612 18900 19830 4121 7447 19748 3081 7813 4472 15603 9291 14193 5017 4288 4338 16373 6590 18951 18926 7898 785 13312 11891 8788 11377 3587 125 154 16264 7307 7919 8091 9491 14925 7162 11113 16634 7147 17862 17805 3455 8783 121 2683 13637 2155 12771 17271 13468 16148 9165 15990 103 8503 2501 2426 18741 7117 2799 14822 3966 6851 11678 10101 11205 2132 7822 3172 7763 6029 17551 17460 4204 930 9484 8106 4748 11493 6400 7839 7223 16382 16959 18197 5231 9569 18410 14159 17428 9948 6098 10302 17937
12320 9705 7919 19795 8468 7053 2497 18431 5490 15302 1131 9108 13679 10606 4405 465 1739 14230 8351 797 16108 9373 5555 11862 7771 8427 13126 12577 18683 3429 2546 17781 11819 3518 17934 14553 11067 17441 5820 3372 10166 11432 720 4760 18160 12867 17162 3243 4431 13432 4215 19225 18089 10641 3832 4807 10525 1834 16038 9999 1656 17203 9098 17831 313 15368 3562 15010 18205 1366 13145 1984 16136 13023 7819 19557 12858 17307 11592 4916 10904 3626 10745 15243 10989 1703 12104 5480 12396 8536 11534 303 36 3348 1628 4863 7698 8643 17227
9981 7021 1324 14253 6317 12913 7602 996 11264 15012 5899 3130 714 11959 14586 18164 17411 18288 11215 937 6216 10657 13639 18591 11721 5212 10698 14306 11720 17987 7920 7069 15644 1871 2931 5318 14442 2405 2191 7903 16666 5395 17818 19497 9004 1160 3655 11806 6051 8512 16219 19451 1808 8679 12297 689 12025 1773 8146 5283 1383 19795 6439 18724 30 9743 8006 12992 9245 11129 15771 13456 5798 17843 14557 19095 13947 16447 9860 5918 15441 11522 8689 2063 6496 10052 3420 2581 6273 19361 8097 17216 13238 19194 5103 8078 2335 9422 2098
1640 8377 5215 13189 1981 15916 1673 15773 7558 15589 14486 8854 1526 5800 57 11618 9330 6116 5581 13781 13272 12073 13834 19984 14183 7028 9417 12969 17642 3555 7761 5016 14859 13919 11181 4701 5003 1093 908 6170 19055 15981 5747 10085 923 8057 16501 2149 2216 1920 13460 8264 9063 1329 7875 13794 10045 8862 12538 12040 6358 10786 11475 1492 2015 16988 5610 3486 9088 7597 18022 13185 18829 9112 13680 1771 8605 49 8446 16691 717 12075 7860 8866 5519 19298 18649 7779 8595 11868 11846 13884 2393 3556 13731 929 14644 15153 10683
11945 12067 12140 750 18619 17804 14515 15038 11158 16925 10049 10259 12618 13831 11226 18406 1210 15890 16127 11074 9914 14957 3218 10332 11430 16602 6258 2099 7358 5711 16589 3970 11564 7697 10467 11889 17214 4856 6155 12575 11484 3955 13116 5436 10998 10886 16112 8659 12294 10879 14189 4876 10392 10573 11463 12254 1371 3778 945 999 487 4351 13627 8635 8425 17727 12117 3637 4628 16024 8418 11098 16727 7467 14382 7411 9876 16309 7189 14210 7937 6299 12908 1414 15067 1297 3212 17200 19823 10403 8032 13615 12249 15048 13405 18269 532 19443 9524
682 12339 3371 16384 18413 3721 13823 10175 5877 13732 19728 4371 12294 3708 14398 1733 19134 2674 6649 7992 9070 16899 8579 3463 18698 14980 756 17918 10079 18468 16177 18979 7128 13700 17017 13505 12956 2504 5405 19311 3511 15442 9955 7270 4905 2592 5498 491 7076 11340 19125 16913 5926 14642 16565 9536 17059 15969 3813 19875 10706 8659 196 6036 5290 13593 9946 10860 16296 8527 5644 9696 6234 14592 10634 11450 16243 4192 18896 4522 2008 11217 7750 19248 16706 1101 15103 14280 19531 15493 14404 6151 17654 7755 5133 9366 17022 18153 11686
13576 14975 14880 8895 17480 13551 1838 13620 4409 19982 8063 3434 6678 15780 14007 15385 17398 3613 6435 11299 10056 16568 7473 14069 412 4103 1918 5850 9464 7121 4853 10060 14058 16982 6997 15861 15567 18508 585 2558 3712 1993 14375 1889 8306 12561 6395 12383 6677 14259 7927 19722 1974 19593 4236 58 18926 10533 1818 17134 10476 8347 14694 12601 17350 10369 6098 14831 11945 4555 12890 3797 13994 18882 10131 11355 10858 16777 1205 8948 16164 17740 4093 9231 16571 5098 7343 14905 19869 9295 70 4566 8874 3017 5134 6732 1670 17817 15229
4132 15046 13091 10877 5102 14713 410 4559 16912 722 18082 12857 12601 9011 2011 12519 16247 11330 13771 3972 3726 1189 10944 8267 18687 14666 18779 2566 11857 19903 3495 3284 19953 16139 5404 1591 9359 9353 12650 3232 2705 13101 9538 10336 18441 5925 16874 14442 46 407 7480 10233 1466 18366 19655 7302 361 7109 1902 11766 12564 14207 1018 8361 6742 128 8182 14855 14848 467 2672 4227 624 18907 6429 5185 2789 13474 2288 709 18146 6835 17846 7913 16367 4093 2964 8968 10101 6516 19296 6626 19701 17032 13147 12063 13463 11386 258
11438 7040 12344 8346 4521 19575 8189 6904 14892 13769 15723 2657 19335 401 12885 16827 4127 9831 19367 8093 14241 12618 17897 19318 13181 1015 12382 8655 470 7125 18483 8729 1958 10149 17253 18958 9129 12199 14252 2866 1991 4420 2101 8522 19046 5187 175 10932 12256 14916 15189 19418 4638 14958 7250 7548 5575 9194 18850 4362 15049 15229 17814 3561 18989 7838 19171 5665 9186 2888 4894 16895 11314 8622 14326 1414 827 9451 6457 5278 3742 7064 2801 658 19628 1777 9847 1102 10913 9633 13018 10309 13325 12245 7655 9651 19453 12390 10619
12473 4485 17924 16018 1084 12049 16517 3756 13492 1967 16940 2570 17205 3678 12955 1395 3555 4657 11943 8314 12016 8437 3160 7314 3473 14794 13489 11021 15884 10694 18824 15403 1424 4771 2051 13387 14107 4359 11772 4866 11852 325 8917 3125 3970 15662 14418 19804 18147 3506 15417 13468 14949 8710 17368 10983 8758 4888 12701 7580 1204 16279 1696 1561 8275 327 923 11767 3517 13948 4875 1641 19029 5024 8103 15787 17138 9730 6280 9033 11724 15378 11819 15770 1398 12475 4696 12230 7513 9481 17108 10901 10340 4524 5508 7420 12802 12485 18966
19432 15835 6664 13796 10263 4138 15615 2761 818 2391 16013 6750 5860 16572 7927 5665 9148 1932 95 2430 8602 5862 5558 2602 13907 5204 5600 39 7358 10870 13913 4419 14504 2745 15027 8472 4832 6971 18116 19570 17989 5479 10031 18910 17607 13837 4324 14978 994 10957 18850 11236 5429 18494 12857 5784 7986 9983 18442 18068 8669 13251 8865 8790 19895 7266 3737 2484 8342 1616 16106 7597 17698 7142 9652 15054 16228 13881 2978 13752 17236 10449 17134 4341 8494 1768 13598 17062 12143 6324 10493 8238 1078 9772 15686 13337 11355 16506 19683
8122 4603 10022 14462 2951 4515 14799 9290 10103 19539 2760 8060 8861 18367 3849 12490 15312 4775 11486 2792 19959 11872 15801 19114 11110 15946 12754 6668 3403 2625 2968 18906 15702 7112 18790 3291 7715 2761 4980 3730 11844 5343 10462 14786 13934 15247 6447 1026 1630 17266 6475 19627 1788 13236 17448 17143 22 1480 14264 8024 10483 17799 12271 19463 7553 11356 17019 18598 7696 2390 924 5318 13273 2400 19910 16999 18024 5534 7893 19404 5449 8365 5913 17292 12730 13611 18610 9087 9604 18275 17811 16689 5172 9022 10203 8226 9540 4661 12747
676 15773 11676 3364 8699 8145 14466 5146 11809 16966 5089 19423 12090 950 16112 9129 16965 19217 14209 16749 18399 13730 6976 7369 6107 17339 7286 7813 10778 3092 479 15315 11890 13319 19044 18384 15599 15291 1811 11807 14598 6399 1049 13120 12316 19579 2353 14182 8161 14997 15270 15991 11468 7739 2806 14916 974 8919 18619 15082 18929 440 2775 13791 3386 16486 7129 4554 17460 1209 15646 16570 13430 6216 8197 1700 7497 11176 16296 7515 761 6438 7832 16126 11779 11365 8290 8209 8628 10961 8731 8631 17662 6153 248 13856 6467 16327 18736
15616 18116 9798 8885 19723 16266 16082 6662 2251 8628 14005 18002 3163 7947 19769 15937 5000 9813 5741 15627 4072 18168 11453 3247 13953 8300 14150 8743 2550 7507 9284 16639 12597 6152 19214 16256 19883 6596 2167 14082 12823 10024 11543 16141 4046 12500 10165 14543 5930 3404 14908 3632 5425 18468 7405 9973 3689 16447 10042 11775 9027 19744 14120 8341 13034 1324 16359 14254 14118 18136 6654 6747 13386 4505 140 11516 18313 6859 18863 6605 17726 1544 10617 8011 14905 4717 1541 2890 4412 8878 11145 10440 12646 327 17867 18646 11006 2847 8357
1815 12459 16019 2826 8304 19227 16395 1208 4000 10172 1277 8724 8296 5377 735 12489 870 12768 9081 13239 4613 1634 3008 4291 3931 13280 19137 2304 14271 14690 11203 6 392 4847 13754 9359 18159 5322 6204 14484 2514 15557 17522 5178 2316 5516 19542 6258 11285 4699 10037 6381 5888 19968 9653 17625 4850 16872 19603 16478 3633 7731 11333 19258 9764 6864 5834 7721 6414 8913 3554 19771 4251 16598 5136 11002 1588 2579 2804 11847 14267 5842 16022 15827 14153 14602 17943 10774 10241 19562 1245 7134 1880 19095 8739 13437 3076 7295 16464
12101 10376 658 8012 1970 2846 606 13233 16430 17796 15482 11669 16224 18908 2447 8979 14712 14676 12073 6878 14652 5354 5218 8861 519 744 4928 11147 2308 11741 19205 18458 6071 16862 12797 19623 3344 2512 8917 16200 13141 15614 12761 11229 1852 1138 18506 1629 6615 2175 16515 16415 13466 5622 19982 15095 825 538 9974 9796 1274 6753 13367 6826 17264 4211 2367 18084 1642 17612 9286 8715 16858 10837 15649 15323 12745 7682 18912 1336 2021 18010 10223 11791 15822 3387 9334 12534 12046 7939 12677 1090 7690 7765 5668 14678 15375 14648 15687
12514 15164 10354 3531 3466 3558 9184 1044 17433 8576 14675 19797 6592 15986 13189 4919 2813 9616 14292 5775 1487 17956 14441 14279 11039 4503 1222 19613 7225 12417 696 10422 18418 6668 12174 12063 2673 15186 15495 9120 11026 15005 7591 642 19747 10780 7205 7443 8300 9691 17652 10662 11753 2229 16170 6670 844 3158 2747 6396 2316 16985 3227 2866 19937 19126 14254 2349 11016 12435 13623 4715 4718 5998 3199 5336 14096 10419 12764 19831 11843 14042 14313 1116 13388 7842 16782 6429 2495 13556 58 12818 18361 19413 1914 18355 1414 9847 13148
16925 9367 7689 14285 3949 3356 7713 13531 15770 11571 15367 10384 1791 18466 10989 13459 9068 3550 13219 9159 15311 65 5762 5452 10380 14028 4215 7068 7232 7391 6443 300 7363 6213 12158 14132 11745 13119 19680 14955 10452 4764 14095 4878 17560 9635 11815 16516 900 12219 5207 10507 9303 14123 3482 13694 12258 11277 956 8874 18788 9897 16134 3066 2567 4456 2582 14768 13656 8414 13286 8886 4649 1022 669 6476 10315 970 15185 4335 2014 11045 1880 8866 14013 1401 18754 4131 19421 2801 16552 6005 1809 9395 18105 7160 10660 13845 6522
8805 11940 14275 5264 4075 19672 4229 10312 8782 7468 3545 7664 7784 8 8306 11031 1203 19378 14134 4918 1857 3243 13394 8681 8192 2226 9190 1217 16324 1657 18955 10729 13278 15907 11886 16886 704 10830 5646 19519 16181 17268 5628 1987 14072 14475 7538 3668 3550 16438 7660 10429 6408 8252 8397 16903 4848 19408 17819 19848 1199 15975 1584 11994 7870 14430 747 4300 13649 7070 1640 18319 15379 8060 4618 6698 5546 14539 13508 13619 2782 5915 8716 16059 12889 2288 11248 12020 10371 19717 9235 2541 10003 2877 8402 10072 3658 15618 2034
13103 14291 15104 12333 270 4874 16581 12764 17662 2737 17628 17643 3289 677 494 2091 1192 17420 1946 14894 13539 18267 17926 14869 13186 19946 5014 7167 18168 4244 10542 2749 13233 1769 2288 12384 7526 7058 13638 18712 6882 3276 14349 14527 13888 19030 10651 6088 636 8129 877 5284 13838 17728 11834 15448 1721 13747 7616 11661 8309 6765 15139 9806 4872 15752 1804 14020 9815 11694 13114 19373 11850 15226 15946 19591 9199 7690 8021 10025 11457 19929 16602 18425 17713 18144 19114 11437 3684 17222 1169 6121 15550 3584 10144 18586 10054 10605 8248
3740 7727 16130 11628 12791 8237 6160 19434 3960 13215 3457 13934 1581 16998 17205 3429 4133 2590 6252 958 17615 13064 13853 16045 8086 10712 5849 8898 7100 14703 1847 3039 9801 13700 5118 1806 7781 16155 14926 13854 18999 6477 12017 15345 1651 5895 13384 19710 4343 937 3390 8020 2636 14380 12983 18035 9779 10534 17314 17867 16087 17271 14017 15892 355 19919 18927 4091 16256 13611 19872 344 8781 5914 2116 3988 1956 2400 114 19715 3086 5264 18863 12972 13630 104 894 14930 17478 8383 12517 14113 4985 14673 834 14434 6340 3766 17732
4800 7820 2854 5635 499 18540 500 2285 3365 3211 6728 12660 5554 16615 11178 7807 19603 17495 10153 15898 1940 3862 10810 4382 8780 7360 5944 1231 757 6540 11218 11457 16306 1616 13645 11657 3417 7317 3541 3594 18160 16688 1038 16657 8920 16377 6055 5358 10632 5868 5629 2373 2884 3297 7092 6633 2749 3256 6955 18777 14569 6664 15849 2753 17078 4298 2297 17521 3901 4997 16779 3533 3442 12583 5665 7036 3409 13984 17071 6144 18208 12920 1186 3846 18780 1111 19569 10782 9382 817 8311 15514 11283 13548 8092 6795 17829 13695 4738
13759 7194 8731 18106 9963 17962 722 1822 19821 3814 5723 17071 15039 9648 1888 4838 14124 6393 9776 6866 10497 4355 7453 7571 14493 13301 11861 12775 18565 12470 7273 725 1044 11531 15921 19513 1056 8972 4864 19303 7174 14362 402 15632 1704 628 2266 17678 8918 489 11459 10094 6124 903 1188 7361 1966 6573 17833 17355 12678 18967 19002 12827 9947 2519 8196 1140 683 16779 17595 17043 3390 5930 16741 203 1259 10655 7252 5034 8538 15224 11044 18702 19878 13718 5780 5936 2129 13077 14982 15330 9878 17484 1350 15477 6712 13184 19715
16429 16928 19950 14146 15777 7145 13766 6656 6336 785 16918 15405 12514 3686 16864 4790 3135 12447 2764 579 16031 7708 10891 7713 4096 10787 10273 15693 15287 15904 18039 7914 7881 17169 12203 8229 11888 1782 14668 16568 1308 6457 6053 17528 5450 2166 17380 17802 3220 2077 2869 3392 4911 17852 15647 14192 2927 6307 13890 11302 3546 17278 2290 7668 7969 15279 719 11996 4726 10518 4837 3390 4550 14358 9127 14131 13603 18433 13025 7868 14263 19959 714 11801 10483 181 13717 14926 11072 7313 11327 1913 2980 6920 17520 1054 5236 11003 3082
1005 3451 16431 16489 4161 17115 6216 4513 12205 3797 6035 15976 19130 7279 5356 5246 13347 2465 6895 13016 3027 5432 9860 3354 10018 15522 18817 6842 5350 12819 8316 8396 18533 19216 8500 17233 13405 6556 11201 4719 4832 11119 6488 240 16549 11606 10656 17395 16170 1129 14393 14951 8854 4558 1699 10849 5963 12045 12839 12439 16081 14701 15635 6747 4836 10315 13310 8801 7053 12354 11241 11215 19824 94 8694 19073 10530 19441 4353 1499 8046 7349 1543 11732 13102 18084 13858 1434 14722 1079 14782 5389 14442 6844 12872 15251 18139 10604 2641
1293 4682 506 6808 1553 19476 4480 3652 1656 17207 850 14317 6157 16945 13516 19536 19177 9306 14840 9600 19256 1462 7283 13047 16769 2636 12133 14941 10984 13525 11855 11636 6 1496 532 10417 11083 5124 14300 16063 4723 11276 7357 370 10281 19451 3133 2737 19941 133 3288 2439 8400 5431 6607 14098 2448 14194 7671 7798 15601 14792 17427 19056 13723 16262 10580 1686 16312 9990 5011 8582 15252 16813 15773 8831 18064 6923 3827 13948 4510 10665 4513 10107 13947 5636 13884 6651 4471 52 14216 5576 11327 12430 19002 3492 12837 5017 2180
6096 6158 13557 16222 154 14930 8647 2368 4255 17530 6361 1818 16678 8412 6881 10888 6265 5400 11038 16764 12059 985 8112 10571 4166 19387 11575 320 836 14502 19334 15372 17673 9116 1116 19357 13705 11387 8662 15744 13448 1064 3562 15924 1187 3362 5126 12673 17415 19685 13679 5098 12446 15653 486 2749 8839 18391 11361 9408 12062 8219 10432 1420 1719 11095 16889 17304 13394 9254 17805 7155 5682 10869 6065 768 1772 47 8971 16773 7369 1024 4947 4821 9339 14712 8501 16144 18288 1944 18086 16271 3338 15986 12698 10385 17659 5444 11048
19310 18788 6204 10889 18815 19984 5943 16603 19446 6117 2063 17729 15295 2064 11134 7135 19654 6405 4256 3032 2572 16637 10482 11297 11605 13710 863 8146 11579 6726 37 1778 4036 11509 17338 16552 6948 8414 3798 17821 1096 3947 4293 7959 5254 10686 10303 529 15548 16650 15516 12517 18664 4127 9828 18214 17005 14405 2156 15726 15965 12302 6728 9731 3679 19783 6008 16 10742 864 19354 5267 13289 9080 9918 19038 5951 15040 11812 11482 105 12313 12733 14835 237 12893 12412 2431 6396 17713 14883 2175 8596 2375 11424 1129 3133 12222 11920
4910 17088 11200 19032 8678 10673 18382 14692 6641 1066 18145 6779 8010 16585 13425 7878 10984 18752 6730 14 9123 1352 18490 3078 16887 16528 8554 10976 778 12797 8675 14782 5534 11151 7171 10340 9076 283 4607 10513 11406 104 8741 9283 15782 6708 773 12091 15550 4336 14232 7816 19587 14258 5821 14670 5414 16831 16171 892 3079 5890 17863 16494 18709 18266 2742 5418 8429 13406 11814 11605 602 6963 3646 8735 8998 19403 201 852 18301 19543 5814 16531 13078 16035 9502 5240 19474 5176 1577 3875 9613 9654 16017 7867 417 17104 1496
11069 19531 18663 18513 13985 4395 5411 16197 19875 16647 18497 15364 13370 11940 16228 15238 12210 4915 17942 4934 17400 3823 10741 18472 10711 8137 10388 19523 846 17397 1011 11313 2277 14259 18800 19538 15112 4747 5167 1621 7532 4499 9648 13259 8611 5343 7802 10114 1159 4099 14839 17578 6129 16289 17847 11730 9478 510 11795 2847 17936 15777 9930 7485 10629 19943 10072 14137 12634 6170 2867 16604 9247 4680 13952 3035 3012 12626 12323 1760 10959 16851 14719 11017 4549 5030 3104 8780 3298 11578 17913 10008 8298 16508 75 8946 5966 11537 15161
16366 13482 15960 15466 15249 2817 16620 10861 11193 3398 8506 3466 5465 18742 1340 9129 1195 17157 3686 13686 17078 10225 1422 12039 13768 11937 16513 16575 14254 8199 15149 9177 6437 18253 1274 18785 4005 16245 5588 11793 10982 12338 4839 15398 11799 14085 12241 8205 17253 13109 12426 19684 17365 17128 14017 12694 4745 13381 7358 6653 9915 2541 9692 12014 6923 12577 17428 8781 9524 8037 7004 18248 2861 13237 6416 18558 18493 6223 7521 18360 358 9837 15404 710 12819 8321 4926 5041 758 15548 14386 11953 1949 6812 11258 1374 10389 17571 7710
8322 19658 5212 10680 16332 11152 14009 8358 18201 16469 12408 7191 5291 15925 15521 13325 18433 18741 16527 11252 6956 13768 65 7214 14460 4343 14819 15947 10528 8221 9601 1084 3451 6492 16296 291 11699 12717 7480 16350 17462 1976 13534 16506 19895 1972 17856 11822 10960 9323 12929 10945 16676 5453 11972 7761 7888 10860 16846 2126 6228 9145 18652 14481 10021 11369 9759 18312 18598 10011 2 18908 12846 14271 18628 17454 8292 18834 1916 16271 3718 12499 15435 753 2779 13132 18014 13901 5248 19888 16081 19101 1469 11359 18746 6593 7814 5840 1119
7695 1514 4070 17850 7836 14734 17757 17814 3316 3233 12916 3105 10973 19200 12798 7710 8704 5001 13119 17182 789 18549 15227 19945 11593 11050 5758 11400 12254 10045 8117 5689 12890 15038 14165 2686 8856 15855 16427 13210 13624 11196 658 7811 7854 18113 1188 5215 7385 9167 19556 19883 1529 956 14556 16997 6253 552 12201 11239 12849 920 7750 11310 13600 11605 9106 16029 7923 19739 16993 16403 13355 18296 3159 2846 11361 11342 12441 16792 172 10866 10458 16276 12402 6583 19432 15200 6865 3571 15308 17771 11091 1991 5687 12283 7500 4209 18654
10454 16438 19087 19006 18119 16104 4814 14406 13901 11038 504 3036 264 15418 16775 6998 6935 12375 13447 9334 14639 16694 15529 7687 12224 6847 1805 4810 4594 7330 6709 5555 2264 18735 12728 5107 4739 3829 555 12729 2142 16303 5538 19469 19898 8995 1481 1978 12033 17417 2749 12831 9121 5385 2815 7310 459 18762 4436 2696 1993 14402 18763 6644 13533 19424 7194 3495 15938 6031 6759 6815 10196 4002 10598 13755 8378 16592 16058 528 3198 4714 566 16804 4563 2750 12430 7232 2307 8084 18828 16452 4394 19372 11353 1337 13281 6375 14190
13634 5910 12866 1627 19275 18431 8487 17056 9710 2339 16330 6527 9188 5853 14177 10797 10298 1936 6187 16439 16719 14420 6311 10160 3513 13070 4705 11750 1387 16218 18463 13939 15321 9038 13244 11356 5810 15195 12360 4791 8655 15295 12852 10526 15555 16489 18505 8238 17821 9502 12945 2469 5276 15066 19332 13784 15671 12342 17727 5515 6203 7704 15036 6745 3425 4319 9278 15211 15245 16889 4602 14851 681 17232 1924 3220 11704 1664 11843 386 2066 4288 19201 16716 14755 6703 10610 8 9565 7006 15928 18308 2919 13506 10960 3117 2370 19543 1595
13644 12751 16108 3252 12286 16620 4263 3636 11497 7848 19805 15256 4786 8272 2013 8770 1169 2302 13088 19236 15342 15748 10354 2418 10645 543 13352 14473 2143 10338 6142 17730 623 10745 2849 750 8582 19874 12809 3651 2183 18215 1033 12541 1600 17881 2209 7950 10471 6609 17492 18298 6929 12159 11472 191 5861 1333 15149 9264 2618 19342 14292 4042 4872 2857 14362 1209 5046 18973 18893 19878 7554 3219 9 8300 5037 153 5544 15887 18289 1772 17363 1527 1042 4614 15457 12923 5822 11555 12645 253 10355 12380 9272 16732 262 14418 8424
3661 11376 9534 11366 13271 14076 17174 4166 19359 11038 908 18653 15760 10859 2198 11007 13036 18083 1959 14959 11335 5966 8900 13453 8167 14476 9769 17862 3794 2430 15036 5849 10412 19643 7092 9544 2641 7334 5389 11011 3328 6563 14163 4222 5102 18587 19896 8570 14436 4695 794 5415 17754 8325 7205 17794 10762 3029 18382 19566 7149 13422 14581 6680 14308 10618 16047 7843 7606 13044 1366 16180 3880 11852 4091 18913 10018 18394 150 9584 8529 2211 17099 19246 2855 1193 19360 4774 5367 7265 8963 19514 885 7710 15690 17691 5830 19055 3627
14045 5709 8098 12523 2482 6261 6618 19945 9896 2439 17030 18936 10393 13373 12735 10911 17825 14466 15697 15666 6560 18439 15355 7635 16427 3970 3863 17612 7847 10298 18521 431 382 12823 10504 3877 6693 18749 1552 7912 8473 15105 19006 13361 5103 17520 16684 3894 12956 12051 989 5071 906 15693 1557 4852 6694 719 2292 15134 13538 12039 12977 19927 8494 19690 13102 18368 5182 15694 12442 3405 14154 6274 19865 15618 5515 17451 5018 1508 14465 1852 7550 8752 51 4200 3476 14546 1117 15853 12532 21 14946 3435 16481 10792 8308 16305 12644
9032 16238 2663 11623 6606 19704 19596 13738 13926 1420 19741 11085 17611 3343 7425 11739 102 13894 6766 15096 6312 1929 16528 11998 13855 11660 2396 4497 16647 1516 11532 17434 5044 7431 7861 5486 5151 8850 9744 9373 16355 2808 16855 328 13347 5619 11791 16928 11593 9006 922 11567 5470 11234 18248 236 6559 15228 12166 5610 4807 12438 4934 2822 9966 18767 5377 16120 17728 19739 2958 8531 25 16311 1594 18257 622 19533 6117 3616 3051 3736 17398 859 13519 4174 10800 19515 8626 6338 9753 19963 9159 16176 1175 9855 17271 321 10089
5102 6357 16741 1729 6035 4261 3107 750 4384 18840 8235 16809 8129 11572 7317 263 6366 16296 16688 16266 11331 2634 526 2573 14820 9999 17057 13680 1310 10960 11006 13011 3673 11276 15367 2711 396 7192 10088 14297 12800 9539 2460 6002 7204 18110 2349 8090 3591 8390 1021 8878 19134 18997 116 5647 6 13032 11270 8972 17808 18003 15623 5708 10005 4565 1464 7249 13021 14334 8699 12562 16491 15664 15422 7996 13501 9839 4589 11180 11101 2869 9986 9237 17247 1425 8919 7165 15447 13561 14733 11045 17657 9997 18797 6908 18781 17469 11400
7109 8464 17727 7622 1827 17508 15091 19068 2248 12898 17422 6456 19624 752 15662 16062 5287 7367 10700 8455 4921 19681 5818 18304 7612 12633 11683 15583 9263 19754 3526 3714 12704 16147 16468 9706 13147 17689 5278 13058 934 15203 19646 10909 6681 9595 16074 17046 19541 16668 4809 16881 2672 6963 4978 8238 15858 4865 8249 270 2982 11265 15947 17223 2779 12869 1805 8570 4796 13131 3874 8683 9077 3835 4229 9546 19004 8383 8030 17504 2136 7403 16128 7583 13611 3334 17678 10107 19931 3648 15835 18352 16910 1121 5361 741 18923 8935 4248
10101 6718 2832 4157 18803 8735 3144 10759 6411 15536 1256 12825 18369 15346 14755 15731 11218 18456 7421 1090 2736 16505 8219 16712 14168 4970 19509 15448 2908 14365 12480 5398 3102 19479 18690 6515 10780 6162 15357 3595 13150 2816 839 12340 648 7271 13374 10186 6952 13198 18434 7060 11976 15218 3010 2801 12397 10809 18846 13430 7425 2555 1576 5401 2410 2999 19530 6789 2229 924 4070 10367 14526 10716 4292 7996 2924 18210 14989 10378 1638 4806 19359 11636 10309 16938 11550 11972 2226 14126 16103 12369 18861 13195 14158 18213 14796 9318 16953
10099 3568 11902 1867 15209 18829 16037 2065 3476 6439 14267 16131 3797 3404 9288 17549 4313 17922 14633 15894 2559 5222 10158 16 10300 6352 17863 16796 1177 4665 11283 6517 192 16321 4886 4604 11484 6007 6619 10574 2305 16347 3327 9339 6387 19086 19347 19483 18917 14809 8308 295 16279 3375 9301 15613 9503 9935 1450 6022 7856 15562 9370 16322 8136 1967 3694 15380 13603 1943 16025 6994 3678 5165 7105 4878 17141 7449 3695 477 1378 15426 16827 9757 13836 14019 1795 2386 8720 15632 2356 1096 10631 16843 5713 13448 4776 4999 17896
2899 9347 15888 14062 7445 19872 12639 3655 18987 9273 6618 16791 11349 3758 14932 5779 6035 7264 11153 18097 17017 12355 16183 18663 7481 7181 14893 19935 2797 1881 4939 12719 15204 4669 15504 10430 9477 5639 9401 11793 3278 8372 1638 14039 18399 6583 1553 9767 4173 8360 15977 10064 10323 19490 19614 5116 1714 12776 15567 10842 4700 15354 5076 1348 12697 5467 15026 9740 19991 4678 19549 6058 1295 16823 5929 1875 18547 16419 13304 11506 18366 14725 985 5801 9966 13210 13815 9591 13893 8121 12082 10147 4931 14018 19155 190 9845 13978 3996
11210 10191 8813 15144 10745 18948 3652 2311 14305 17327 18717 7457 9298 15735 12438 7247 14201 17844 19389 14304 7302 12641 5578 8050 9894 12531 12740 11631 18056 9731 12785 2181 13895 15700 5331 18067 13032 15695 378 10062 15081 10671 1897 1334 7837 4367 14643 3532 10689 5840 12181 10194 572 18431 1807 5119 18499 2069 7826 13927 14710 19025 4847 10746 18760 6411 7975 18174 8803 392 2857 7395 10591 14382 16959 3067 7375 15413 11973 6039 18928 12001 2594 14647 6771 14599 4567 12125 16366 6489 15613 4782 723 10499 1570 34 5277 12364 8414
3876 8674 15722 5190 5474 2260 8670 1948 17278 330 1268 8771 480 2914 7016 1923 10463 10765 18024 527 10894 18887 7751 7356 19062 18538 1987 2362 18678 15575 2393 14484 9509 15131 14198 6749 6856 2269 5537 973 16564 15240 1630 2211 11448 19881 16158 12850 2333 19980 10687 18648 13376 10180 5960 12049 10547 8751 17859 1832 9294 16279 17002 7199 4485 3309 16792 3707 9515 103 5687 1210 6044 10660 14154 3060 17779 12793 8873 2959 9336 3376 18112 10878 19890 3571 10959 6284 15594 19981 14731 8476 44 14019 6402 7243 18105 13039 2118
5447 656 5112 380 16232 15674 17522 14165 8637 18923 3795 1677 8719 16213 13734 3654 713 17155 11880 2080 2989 12258 816 8214 4325 9453 10211 383 11674 1290 1644 4017 8559 1319 16722 6937 9039 10044 7202 4710 12321 2743 18183 5817 17741 18261 8263 17311 7679 1999 19969 1094 17390 4187 12924 4417 1422 5847 14062 2502 842 7443 5428 1639 7295 5458 9523 4640 1787 7965 13768 1304 9579 11157 12253 2679 7860 3627 10806 17606 15301 8943 1688 19353 15292 18239 9275 18223 18621 18067 16574 3303 14933 9329 16481 9705 8126 12797 14991
763 13043 13127 6390 17212 16312 8255 12561 3625 10098 810 12799 10891 14577 3617 19750 10412 10554 9398 3068 7291 13876 12094 8895 4681 16473 3504 12393 5207 16485 16155 1931 5230 7189 17830 9031 15815 17599 16035 4633 7491 12647 14477 19614 12519 10502 6353 15467 14239 7568 11651 8347 14735 12742 4759 8642 178 4693 16238 19657 13585 15813 13871 10739 9334 9062 5736 12486 5124 14970 17978 323 384 13718 9548 18090 10928 4441 19862 19747 13580 2216 10714 5205 15847 16298 12817 18552 1359 11628 6812 10852 16664 10749 4122 6203 18668 9758 798
18880 3941 4071 6672 11168 18146 9108 18060 4714 11040 5305 19252 14445 19693 16657 3287 5673 10834 13870 1211 9736 11584 11533 12327 7579 83 9669 13012 15695 18250 15597 3923 10329 19039 1174 3649 18531 2592 18743 9609 10957 5230 8713 12078 19864 13899 12784 17553 16687 17528 2597 10384 17426 6037 1688 13543 9988 8320 9657 17459 7406 9284 3888 10236 19510 6510 430 11903 14683 13737 13102 9984 3349 4405 15213 14022 16663 10331 19002 17958 14416 16710 14400 10399 15537 5689 1898 5436 6941 8120 8997 3273 7604 12447 15891 18310 8614 976 7789
13270 10183 11651 16536 11164 13735 16445 15050 11303 4659 940 16941 9366 1717 12037 11899 2560 14516 8721 2636 5476 10965 9667 5216 19910 10530 16546 14826 18916 7661 14386 273 4717 3778 5423 14521 19284 16686 12590 10763 7490 4831 19033 3589 18058 10585 16990 9183 19325 15545 19013 8785 19823 11431 8680 3339 19929 17678 621 15367 1418 469 6501 5819 3724 15868 12577 16322 9877 11534 16054 14997 6789 18369 11271 11518 8790 17966 443 558 15216 15984 17890 15715 8740 7862 10368 19200 10760 8343 13752 14617 6207 2464 17100 1776 9745 5817 1426
18691 10620 5215 11524 16139 9832 139 10887 10228 9063 9178 15091 18732 15667 15676 11493 11930 17683 10724 15419 4846 15210 16867 12062 16171 6991 13312 5561 9840 13580 6935 12775 19435 10100 10630 6694 10384 14803 6570 14354 17913 14561 12178 5335 8291 6788 11317 15627 3295 5331 9428 16229 14516 19653 16844 50 16614 1321 1376 13990 3291 52 6129 15100 19176 16102 16737 13439 19905 18087 19163 13482 17787 16416 16018 13259 19901 3018 18049 12105 10574 15461 5902 4191 11453 15021 900 8344 16306 19466 12689 11908 17676 11709 10227 19690 2483 2934 10234
3170 18466 15758 15232 1884 2476 9335 18931 14356 2429 13393 3631 16900 14166 19672 18232 10468 2489 5960 1374 7105 13383 6473 11451 10610 13594 2076 11279 422 8662 16991 15463 18063 18743 524 7747 16964 2243 10702 10782 16077 3828 8675 10956 9117 2367 2762 8598 10132 3684 8521 12911 13044 12184 2694 16505 3106 8672 224 12264 13570 12383 10 8970 7222 15066 16593 19795 18538 5171 6989 6008 9965 8349 15239 13297 5155 2139 11773 16705 11548 3281 144 9861 5612 1523 13127 3381 2539 4254 1768 18526 401 1144 5287 11170 16731 12010 15844
9196 19957 17589 9483 4446 6667 18362 17585 10066 11278 5684 15947 13931 2340 6921 239 4560 14360 5034 12696 3507 6894 15911 11655 6651 8141 976 9759 12316 10276 15377 13274 13087 18491 5056 5277 4054 3648 19444 10225 10868 9746 11680 8044 7015 16815 17195 11820 15975 3171 9961 9778 14293 16655 12269 4540 5960 6124 11999 16425 15121 12240 6404 10849 7528 9056 5805 3242 2978 8948 12917 13561 8908 4110 17327 11921 10158 7596 15406 13856 11476 6700 5113 10490 360 15478 12233 8833 15659 7583 2987 13216 16207 12273 17377 10379 18564 19243 18975
9724 13392 15637 14832 8552 1913 4314 19985 12184 8813 12747 2603 2613 6562 3214 19240 7782 7508 4853 18354 331 16656 10229 16011 12858 15501 14734 8265 7236 8505 4017 15588 14873 18605 18755 13754 19073 12824 10846 19117 16781 17971 877 2299 10308 625 86 17118 13639 6972 9470 3314 12931 6720 816 14339 19382 17224 13420 7095 8316 15179 11944 501 17061 6082 12136 19957 19102 16215 5105 19615 1379 480 15444 11942 7652 12485 13824 6223 14913 17218 6212 7431 1506 5562 8732 7643 11432 2000 3538 18245 1321 4895 2176 9549 17427 11117 6172
11225 15777 19481 9884 17593 5064 5563 1243 12713 9630 2540 8402 11576 2728 14263 7956 14315 3162 9828 10245 17955 19951 1529 5189 5881 5171 13414 6720 10745 1460 12169 8420 3864 6871 11367 7666 3038 10542 766 12041 10512 6385 12620 15805 19450 6180 5838 6056 18627 8049 8774 17354 11626 4105 9198 3160 287 3635 10360 23 8316 5913 10477 4487 3637 4796 14596 8930 14568 10024 140 13899 12971 1716 9721 11444 124 19031 5334 5162 3916 15000 13572 17845 730 19888 1984 13385 18493 15278 12183 7405 9745 16395 13146 5529 8915 2614 12545
11156 15585 14495 13335 8973 17925 19333 1142 1321 17858 5548 12191 5765 8741 537 14168 14684 11251 12711 1341 6255 1537 11702 7892 15171 7906 11339 14417 18581 18553 2466 4963 8000 6209 8889 15351 11633 11903 8081 9594 9603 12109 18179 1771 9240 103 11026 8540 3246 5092 19130 15354 17954 2254 8943 15338 8354 10522 16407 18519 16898 16788 13260 10391 1675 2714 14013 10149 19829 10966 12678 5537 16911 19923 11611 780 12971 8726 12966 6305 2416 13510 17647 11193 14442 4875 5178 17501 7711 9430 1012 14549 18201 18379 220 9056 18725 5984 4584
11899 4517 18840 12881 11699 5076 15206 19852 18341 11515 8230 10556 3280 13755 13518 12938 10691 14611 8899 1038 5715 13681 12680 12762 11204 7403 8432 592 1464 18885 3078 3583 12122 17501 16045 19321 7134 11994 9593 19570 19069 242 5435 19379 2213 17266 5252 19013 18883 4138 2748 8013 13793 5679 19855 18167 17220 12801 18024 11096 2872 13998 11519 4791 9529 6759 10733 484 4861 5337 8651 2723 18948 5559 9451 3507 8465 2473 3870 18380 5106 10439 7393 9807 14216 19860 16258 7416 2724 9315 14696 18600 5748 11267 1671 14326 1111 12336 4308
8447 15747 6363 4845 16915 5911 5195 650 268 8634 13524 10996 5201 8041 675 13302 14064 8969 2385 4268 18205 2868 17654 13472 9223 5818 15682 4240 3844 19531 508 15383 13856 13540 1999 15112 3169 11735 9172 11709 7146 2007 11207 5747 12166 16285 4194 2002 18372 6524 9805 19695 4349 9760 9677 18000 15323 17851 1496 19032 519 19850 7015 13582 6017 2898 19156 1360 9374 13369 12046 17216 12096 18263 6587 4839 17369 11880 16936 16665 15923 17095 17502 11560 19844 966 6415 4590 17637 17659 17585 6623 7511 6161 14666 8 7698 16733 5171
12612 12692 3680 5719 14192 6227 16875 19500 9400 7471 5214 3758 5871 17711 8933 10524 5541 2851 12881 4944 1704 18269 10512 14146 18079 6468 17020 14681 7167 18922 1949 16239 6957 8340 5305 7669 13894 3066 5011 15205 9387 11661 895 3430 17891 9621 14443 11845 7545 15525 9145 2882 3989 15053 15949 18133 19722 19305 3274 17901 17670 14347 8202 313 4578 14426 16042 14437 19973 12910 11230 16906 104 16589 10107 5269 17853 12653 7200 13751 8354 11447 5674 8104 12420 234 9424 9080 18070 9527 12044 18157 13574 18981 16440 6415 885 1693 6114
8765 16811 6974 12275 16630 16658 7512 11575 3223 3047 6400 769 4921 9170 2250 13233 12421 10695 4477 5432 14532 11709 2858 19833 10787 16088 9462 6697 6721 13064 15099 7924 2714 1038 16512 6149 5816 4352 17657 4314 17149 4700 1457 7100 13974 7954 7037 19745 11742 17461 19375 15666 11823 14251 8550 2869 19047 12188 17019 17113 11996 15060 5076 6187 14637 18563 18213 1804 1950 17638 5647 2772 11806 1671 16606 2226 16724 5664 5215 17279 18403 9895 3695 4086 389 17613 1566 6904 8329 7312 9176 18367 19907 6524 2467 10074 512 4420 2412
11874 164 7202 16063 1782 18232 7840 18635 17140 2852 16328 4196 15684 5259 17719 14507 16608 9755 14158 657 3460 8909 8448 12354 9133 12159 12260 15729 16645 19443 19772 3731 7715 15022 10047 5611 11052 1141 13620 17365 9001 18069 17233 6978 11348 17265 5753 13685 815 10715 14705 14546 1496 17470 1587 8850 17857 17725 16257 219 15756 12161 8889 11639 13803 1841 16213 4986 14468 18909 10291 7056 15219 2204 9160 5121 11324 10956 11172 18293 4382 4079 9692 4329 7357 4395 9093 12500 6454 3442 8746 11273 9102 2355 17299 18431 8189 5962 11563
7702 2067 6523 1242 3845 11274 16325 18618 18982 8975 13888 1592 4149 6723 9029 14822 17372 14959 5032 18101 19534 1687 17040 17538 5366 6627 3258 14903 11115 16870 15569 18094 6380 17197 410 8973 15477 10342 11695 6601 13224 11997 11248 689 16060 6148 12302 17986 7912 14212 1854 10219 5798 17802 8 15606 6714 1956 19904 17242 1503 15011 17697 1396 9621 17264 15930 10738 12260 2286 6142 4947 3937 9745 5526 18783 9556 8867 3160 10708 891 11052 3752 9065 12771 7468 18071 11513 12822 4905 229 12237 8487 546 19171 3874 2193 18388 5824
11541 2597 17606 8883 9790 10685 3874 12003 13755 4432 8114 992 9215 11697 12109 12839 13434 14540 18668 12032 627 9734 14532 4452 13346 1138 6244 4596 17904 18847 19135 5300 7957 987 12681 7421 13876 5242 5808 4893 8925 10408 9303 19997 13143 6296 16208 331 18026 18109 8928 19382 5477 19313 4946 18151 11865 16453 6524 19653 8780 3145 12151 19778 8426 17329 8002 15312 1933 19717 10830 1277 15761 13378 12195 2504 18183 5912 17035 10816 5199 972 15525 4997 5235 12865 14365 15073 3883 39 1430 16084 2362 10279 3129 16881 3361 10625 3956
11918 8173 740 3593 15396 15268 1107 7906 11252 15577 3539 5368 18025 1441 5801 3680 13507 15852 2210 4047 18396 10443 7992 3596 579 8180 9924 8950 3390 10605 8912 10741 250 18522 15883 9603 140 10951 14982 8680 7583 18659 17793 8973 15722 5850 5350 8639 15184 18058 5620 5079 13121 17382 2013 1678 5821 11930 8820 4679 13062 3770 16452 14923 12776 10280 13723 12658 15941 6269 15415 7861 1469 12049 4428 3120 14986 1132 9192 5096 15922 8201 2620 8928 9094 19955 439 10923 15171 11307 8218 12190 15646 6475 18819 13619 1751 18079 9713
14514 15393 9045 6850 11618 1236 2926 4995 19039 455 7099 15550 16269 2040 15578 15876 7827 11672 72 10614 11682 12570 14173 3067 3681 16548 2749 14056 6618 13605 9070 3883 1932 18789 8670 17887 5368 17962 5521 6248 14375 9004 6794 7514 377 12958 13562 19992 762 9621 16111 13789 10775 2584 19927 2345 10289 10281 16162 8687 1415 3237 10732 16335 14656 19544 15936 12539 18763 9725 11112 15376 13867 12678 19615 12770 16506 12148 17364 5282 6632 17927 8921 13438 12358 17670 3238 7568 14137 17346 9065 10410 10928 14458 2063 6119 17868 1017 12322
7846 12693 15021 13446 17500 15772 14924 3844 1856 8498 6594 1748 782 19151 19700 16936 12073 15864 15725 10858 8428 2502 5062 1343 9771 9841 11292 3149 15375 9872 4121 8277 16251 6029 12805 8718 1930 6446 2066 19501 17144 14240 7547 10300 17137 15377 8942 6805 3380 18061 18894 14880 434 5396 5678 309 11073 2396 18443 9443 19023 12944 5414 446 9381 14772 2492 2010 10608 5632 7332 7763 14142 1060 5837 11239 12793 18288 14049 7401 2914 7262 10066 10394 12690 3858 13571 13458 18588 19381 12582 6758 9911 14758 6700 19524 16368 5025 12069
14767 1529 10049 14994 16766 17982 1081 19839 19060 1118 16279 15323 13845 11780 2246 19545 11636 6367 16703 3073 18011 7601 5804 13121 7567 3140 10129 19716 7281 5469 12705 4960 2824 8811 5939 107 8853 15148 9030 16276 18893 12911 11232 6709 4941 9659 7026 16429 2585 4451 13625 9176 1042 16698 10620 5955 11843 982 4416 18670 9557 9902 7963 8797 16117 19610 3762 15914 7976 16725 18519 1686 19570 1151 4101 19724 13555 17660 15243 9107 1182 3851 4275 16695 17423 7645 6384 19758 13002 7901 2417 14521 10619 10775 12547 12033 18109 14276 9741
10457 10915 12272 18846 2035 8975 2504 18422 451 4730 15467 12977 6603 4853 7248 13912 11131 9232 11557 14056 908 8417 15462 11041 2581 7214 17860 8373 17184 6178 18685 10087 15540 17796 12433 12081 8379 6932 4461 16449 13808 18061 16964 3160 6087 960 16528 12534 6102 14485 6481 4350 3861 18453 4130 14791 15050 9220 12488 9464 10129 15959 13178 16061 3314 2249 4475 5565 15544 9457 13643 11275 10882 3528 9509 758 13653 9953 2466 9684 11920 6159 4055 15111 14122 17889 17258 2417 15332 5047 6893 4114 11604 3782 1176 13686 13771 7498 10256
16764 14533 688 6156 9943 16758 10866 1444 18778 12246 8439 376 7419 5424 7629 4643 14889 12135 13396 9093 4710 18148 15566 5219 5619 15827 449 9531 18567 1501 8685 13930 2181 2741 10137 7649 15203 4534 6711 15998 7158 6453 6911 13657 4817 17373 17364 17886 19593 11624 8139 18301 6451 5907 19939 6328 12639 9105 4239 6726 19121 9803 2944 769 12103 19171 18973 11645 13283 14747 19852 4151 1836 9692 1701 3363 10182 6524 4154 4640 385 8532 11640 8072 14459 245 12674 3245 13628 16784 18727 11556 19307 11380 14967 2026 17637 16128 19221
10624 10964 14228 10255 10943 3794 10716 3471 3930 2905 6735 4528 8879 17455 5930 16813 9574 9126 12185 15485 2785 16468 8483 34 11849 18031 7603 12675 14317 13321 5979 19936 16328 1858 6921 5675 14438 6374 11720 19570 9056 14757 19464 204 9047 3443 18963 3063 18271 19119 15338 15613 18771 1940 372 14709 8004 12456 17170 16542 16150 7614 14106 3238 12166 3113 142 3392 10060 15727 14655 9410 9700 16457 15043 9441 12508 1185 4574 14128 7292 19888 15994 4990 15278 5785 3181 13904 13036 18610 5925 11989 4925 1352 17463 17684 10314 12243 18567
626 15086 17634 1127 2989 6139 5989 15010 12331 13929 10464 11994 43 17671 1850 9979 9352 1161 328 2603 11704 18159 8973 17636 1843 4884 8049 5350 15549 14672 2280 13737 9549 8541 19638 1148 7222 19358 3148 13011 15128 11320 2175 5995 12400 6797 15214 15924 7667 19801 15352 12561 12342 3947 8433 17368 19843 16572 11508 15916 527 2389 18179 16995 15420 17170 6526 8555 7799 16767 13442 5093 5109 10809 14618 12443 418 8048 15221 2301 16280 1853 74 17448 4475 8648 8895 1977 2897 10193 14390 6895 7866 18299 700 9697 4620 18527 4267
5967 8151 9960 19677 9330 6083 9293 10281 6889 13869 18555 17514 15938 15229 15548 9690 12044 17186 2497 7227 7770 18868 17138 8270 8621 9403 9236 9977 11848 4587 1629 1975 15183 2726 10318 2485 17573 2487 13341 1125 12222 12818 19597 17717 3350 12751 4422 17971 123 7941 15623 10066 12155 17281 16765 17179 11962 1914 4220 12298 10428 14097 14453 16955 18241 6430 9728 3862 15047 6819 8780 7577 4967 15694 7281 14901 15477 13294 11536 1764 10736 5434 11219 19768 16498 12011 5684 9084 12877 8408 9358 14459 14302 18299 38 12071 8466 5977 5345
6718 12230 10520 18556 4510 10672 18550 3220 1478 17114 15898 9006 1232 15494 9139 9875 1341 13089 3267 8180 14911 10598 16214 1484 13542 1951 6701 13901 14107 9244 12786 4927 12817 14006 4090 4458 15213 7398 13411 13146 4436 11447 3149 14684 10923 14125 9607 12587 1960 6362 17834 3905 7904 15561 12567 19356 2117 15218 2943 12532 18722 9463 7853 2863 19003 4294 12239 10592 5727 5730 7734 8501 6841 4502 19008 10582 4548 3806 4229 5587 13964 17402 12261 18531 7790 15612 16169 6924 12620 12933 19009 10053 15933 13131 10518 7369 9214 7884 13391
10246 19672 1765 12448 4703 10647 12706 3318 12282 17526 655 10510 13184 9496 3147 8812 15445 15804 5606 10868 2582 6180 18316 19992 9756 885 2918 2405 3593 14588 7760 4205 17859 8807 10292 17459 8528 5507 2512 13189 4238 4459 828 16465 5307 4683 15136 11149 1955 1748 11616 7510 10703 5189 10414 17699 10177 19493 8234 14802 12446 11221 15816 13895 5591 12612 13468 18327 1998 18540 5842 13731 13047 3989 16185 11120 10330 1759 19262 10834 18266 6150 10936 13138 7884 11268 5522 334 19274 17196 18933 1520 7604 3020 19176 3738 18145 19791 17488
15576 12707 5165 6475 8256 19045 18567 5283 6353 5822 2072 16827 2013 19031 3436 429 13285 1336 9175 18432 5913 8906 16725 10604 15666 7236 12660 12060 3982 499 16222 8109 6028 6249 7336 5826 2674 6458 4796 17391 1910 10499 16676 8919 19490 5453 3467 8331 3554 8132 9613 11471 19042 19547 19168 14930 19030 13719 257 1344 12671 9141 13684 12579 11244 19178 7135 10294 8158 8218 10626 7538 6153 2666 7948 2166 1258 12280 965 6960 9520 18380 11365 7410 18255 8364 18895 18929 564 19227 12964 16458 11672 3370 12941 1738 12223 18230 13565
15152 13233 3663 14414 9700 6025 12599 15718 11080 4048 18733 9109 8256 18147 3282 12099 16830 17910 13433 17843 1141 1514 16846 1700 10071 8025 9803 3313 12312 19237 19011 485 673 3091 1555 11555 10648 2341 124 11520 10235 7576 6625 18629 1063 16819 15574 10495 6941 16370 17303 13683 19019 16493 3675 18137 2456 5876 520 18187 11854 9313 5847 12243 5860 17966 13278 11688 4113 6791 12723 17768 5928 18952 7528 3178 3742 2325 3618 11238 5324 16746 9712 19557 10460 10900 15846 13733 8918 16256 13390 19717 16330 1789 641 15279 436 12096 16393
2192 15647 16741 8174 7534 14261 10684 9587 1308 6538 9946 1684 15005 3132 14757 5808 17952 3247 636 1587 10522 7059 167 18222 10154 4936 15075 16542 11553 8597 17123 14560 7107 11361 12643 18252 10447 3129 14036 13275 898 249 17777 9250 8438 12850 13850 8919 16085 8259 12838 4696 4195 11077 13853 13082 13571 11715 5060 2088 9044 10894 68 7140 16040 16715 19302 8407 10906 18555 11999 11907 23 4601 11353 3948 18760 2433 14970 17667 8135 19363 17042 3881 462 10501 2076 16439 2738 5304 17678 4998 8788 9846 4829 684 17630 4637 3409
2428 10942 3549 6130 2375 1058 18404 4182 9104 10400 2446 16860 19903 3654 5039 823 13794 11821 12799 9972 1224 11154 14382 4848 15782 15347 5209 15842 7582 18484 12510 6532 13987 6777 5130 14670 3994 13419 13053 16646 18973 14577 3080 8689 18287 3159 14489 2841 19492 2553 10742 2572 7259 1607 3150 14142 3536 235 6032 2053 9700 18623 19326 7959 8076 16532 13293 7767 15456 7079 12351 4591 11644 9310 10650 1227 16371 16173 1632 9632 15821 14894 10759 11591 10534 4435 8754 10502 4066 12360 984 16253 3284 7782 11490 16508 12537 4224 8641
8681 3370 3202 6069 7904 7197 5491 16996 17909 5440 16645 101 11035 16453 2650 3500 4340 14882 1055 16595 5723 5224 12728 17924 889 6035 11718 13347 5619 8842 11804 3296 18880 6 1946 18882 6054 15504 732 3671 2344 13745 14990 1746 5338 15516 6258 1759 7292 4464 3190 8104 12859 10820 5255 2628 11725 16204 5022 1390 2666 5113 3860 12722 14896 6115 6662 16956 709 3619 13445 7852 18735 8906 6644 145 18144 9570 14031 16423 4609 9407 15054 14435 8732 10270 14975 16342 3446 1636 7413 15578 12899 15529 10244 1690 4379 1457 13883
6359 19823 2085 18050 5751 6836 2006 1912 5017 10666 6754 4732 1687 18407 7546 17674 13996 15158 1657 12809 990 17098 19670 11872 12257 11686 17168 9814 8567 5505 3672 17087 14243 17867 19988 10805 9610 13394 6622 304 9604 2387 20 4640 17743 12620 2862 2643 18040 8179 19322 14343 19852 18798 3266 18399 1620 19979 3410 13009 14591 14367 16824 7066 10570 18140 9345 16329 7215 17509 8915 3043 14739 11823 5576 11822 19169 18015 19521 13641 1232 4854 806 2502 10950 9818 6851 13053 14948 15209 4541 12204 6988 13833 7226 6053 8727 3130 18721
15432 14987 13350 4065 14430 17720 47 12442 17010 11334 13652 15527 1628 17564 26 19924 343 18697 4193 17552 6442 14229 9927 2534 14893 5625 4988 5488 12602 4484 10221 19025 8374 18194 9032 15129 3737 7388 10350 13223 18530 14963 12438 7543 721 5408 2626 10373 8723 13752 4477 5766 773 614 14588 4424 18433 5036 8869 10501 16897 9706 16278 5026 10139 3712 6273 402 3117 15585 11386 18613 6770 18351 2836 12867 6572 2899 13659 17451 13620 10365 10893 10082 6438 19970 17605 11843 165 1129 1288 11138 12562 17236 16544 12262 19212 12848 944
3607 14663 11970 11374 9597 16249 4126 14147 2043 11142 6665 18285 8708 4297 11253 18644 5012 1550 16166 19211 14582 17221 4166 4541 18515 12094 19841 8804 4681 11790 13365 1420 4426 12804 14380 9602 18415 9284 2239 17234 7412 9490 9494 2296 5853 15838 430 18448 5344 447 15115 4959 17850 8215 8026 7909 4796 1529 14813 9239 9784 16229 12730 2096 11726 7434 10509 16620 2764 7891 18413 12987 8690 12235 11546 13968 7406 8105 19930 4853 18814 14236 15230 11695 6987 1766 7567 14246 409 5729 14872 1049 10917 17979 19327 744 14524 2721 16920
5082 1313 17945 15978 9654 18649 3895 16569 2746 12501 16280 95 17538 4843 18118 13927 486 2248 7039 16468 2455 13052 8167 2187 11627 15625 12568 7022 8897 14877 2122 14683 2401 3928 18136 13526 269 8613 18429 15294 206 8859 18614 9336 10779 19285 19473 16310 19627 19869 17377 8044 9569 5753 85 17835 13759 600 2013 15776 14667 7405 19123 7277 7927 6971 6053 18128 4168 11842 14759 11272 14823 10150 17000 9042 4783 2159 13544 15095 13094 13655 5066 18476 8892 8276 5234 19408 2554 14453 16977 4908 2376 2212 5313 13512 2073 11086 4018
18512 13667 12211 9133 963 18083 47 11074 17760 3572 978 5915 5495 10735 15457 2667 4995 6525 14362 8542 12687 10511 13659 4140 18920 10175 19126 18439 6249 10752 19637 13704 7400 1022 10855 15894 13482 7758 16738 9677 801 3597 2517 275 13251 16614 11325 11850 10839 16310 2349 5165 14444 4278 11160 15834 10703 10596 12926 11895 19635 6027 9483 14964 5493 17978 19437 19742 12222 430 17239 7005 6767 2155 13598 5193 19999 4182 13203 11016 3012 3332 5005 15354 14415 1370 13081 17490 19212 15429 19755 6661 12014 13540 11674 13273 14135 2367 10649
14741 6562 9289 11885 2190 1752 4545 4565 7142 12665 3992 8770 4435 11059 6045 18479 9528 12784 19311 11026 5465 13502 13343 19293 8192 19158 7517 6815 6549 15283 6322 8013 2553 1359 3120 11653 9793 16159 14766 9585 3504 1374 13917 9682 2183 2148 7002 4568 17206 10199 15941 1424 19740 17820 4269 14334 19600 5571 11291 3579 19118 13969 17339 12453 666 7550 16709 16899 10762 12817 5605 3767 12676 16510 10075 6267 12666 1276 18549 16724 17505 15200 19980 10617 11268 5594 13834 18597 15654 16907 10913 13111 1987 15914 14753 4495 19634 3563 12518
11817 815 2704 16311 6521 7008 13226 4413 7103 11548 7033 17555 15018 18376 2461 15878 10041 8088 19481 15570 1709 6780 16268 18482 7975 4149 8676 10361 15025 18167 9900 4370 14906 6602 8976 7797 12182 11718 18891 14575 15802 2436 852 5710 4432 18186 7163 4660 12261 7089 6378 1671 2908 19417 5482 12218 12905 17360 1771 16563 1170 8943 18739 17423 19140 17290 14443 15422 5316 19146 13631 1870 12359 13290 14541 1694 18597 4867 2052 19982 4715 8561 11733 2269 19395 8373 17176 1474 6526 18696 9067 19821 7904 19612 5251 16588 8277 15103 10814
2450 14941 13998 7892 12600 10880 17046 5207 18330 15667 10446 387 7364 10236 19286 1431 14418 6078 15275 4200 14766 8325 7448 17635 17321 8927 10560 6509 9736 10569 15698 17265 10575 3462 7014 2687 8040 8715 17082 10201 2428 9492 4617 17811 10949 6319 3061 19091 11367 18100 11676 17067 6652 8601 9421 9782 13983 17415 12687 6963 886 1323 9521 6798 17020 19288 8041 4290 19238 17437 1333 10900 3691 10846 8446 17526 12475 8749 6286 12353 2378 2776 2783 12754 3064 4746 13733 4171 8996 9523 16368 16014 3518 12174 8038 12911 3285 17182 4609
13264 4400 3988 15536 17943 19148 4325 7141 3239 19023 19727 2917 3836 11154 9733 1944 13 659 19019 2394 13275 13910 7658 6591 3551 8792 9612 2043 16728 5406 9213 1900 14740 14764 14651 16529 17230 17980 9970 7920 2926 12720 10512 4336 9253 1107 12661 5571 6094 9218 19505 11452 9316 12150 14065 18036 2511 16265 12119 18274 19980 11568 6690 12831 19088 13930 10142 8667 3593 2875 16505 1600 9025 18352 4303 5427 7208 17665 4322 4301 12730 19573 9036 11677 6427 6834 8672 2565 19366 14078 13970 4833 2984 18304 5089 1705 14875 7684 16426
17182 14816 10106 2315 5346 16892 5332 14203 9802 12153 14834 3943 19428 19971 16383 11318 14851 17145 16295 11011 19263 4616 17547 9040 729 9908 4273 1058 11949 2646 13019 5429 7108 10978 15855 18711 19880 1078 11523 2044 13118 17116 15513 9649 3698 14439 1850 3458 18407 8656 2760 10691 11958 1043 1372 18850 5002 12753 8271 14185 10888 10512 19450 710 10328 4444 2886 9761 6745 1130 3073 2148 2744 5615 10700 6619 2619 15009 10037 492 13223 1376 13206 12968 7414 17376 6470 13647 12179 16148 5896 8694 6097 3365 9853 2260 16890 14437 12611
2662 12393 19840 10072 16025 14533 8061 5087 8323 13002 8135 13066 12420 18085 14317 18940 12785 15341 6434 10641 470 10186 3427 18482 11325 16419 8848 19204 13948 10960 5384 8686 17477 13028 18271 2995 37 1819 2458 9763 3475 13968 7944 12796 17354 8928 3754 18354 11739 15735 16659 19331 15600 13235 7733 6707 6505 16966 9163 5855 3605 14402 8180 9795 3525 7657 2691 2016 10066 5143 10578 1213 19686 7064 7010 7256 15751 298 362 16923 10712 10053 126 18272 9394 9955 14810 4443 18660 14924 6244 13804 5457 11620 4798 6156 2346 16553 16717
11533 7830 10949 15497 15460 14563 3208 15509 6508 11627 17279 1463 1264 12344 14225 2808 14010 9051 9204 2457 261 8872 18812 18072 13992 8556 10902 1398 17745 11742 11099 2673 14764 5457 12574 14279 19841 14617 11449 9230 6358 15669 15532 12159 3369 7570 255 15455 19147 9881 11358 7312 17066 16003 3603 17560 17691 2665 13499 821 4638 8801 15866 291 4069 14037 6007 11071 13350 11189 3052 1499 11369 14062 1059 4918 10173 19916 15999 7651 3842 1988 906 3925 15252 1210 9283 7218 3618 18172 3054 11684 1427 15159 11532 2756 16846 10910 9562
13303 16030 8870 9693 2482 14692 5872 13444 14762 935 10383 15549 4627 9665 1412 1209 10616 17787 9375 17313 19573 19852 17841 355 9934 7593 18415 13068 6563 17824 7850 18845 19633 13028 16330 1292 18743 11699 15632 2325 1415 14749 5899 15559 6195 16959 18350 4684 4932 7915 10050 3431 4368 18325 17611 2754 13987 12679 2607 4605 490 1789 10481 5705 18294 16442 18503 8268 7536 5738 18632 11383 4601 5175 11376 3850 12434 19334 662 17895 5752 13318 14813 9661 2778 11240 5285 15649 9848 4805 11313 13723 15890 10634 5789 11419 14400 8260 12767
6390 5865 16603 2669 11369 10867 4128 11004 10548 6287 14169 14491 6925 12771 5638 15162 12781 8197 9370 4908 3283 153 3661 17857 512 16701 13710 5545 6010 10287 802 3971 2515 4444 18259 9883 15946 3109 3771 12909 10844 16895 2069 17964 6128 3696 16433 413 18879 13532 14412 9173 4213 19017 7886 8166 11065 8709 2613 8629 10875 15881 1356 13600 16683 9271 5320 5459 2263 1287 9380 18088 11587 10790 14993 2057 8883 13944 6046 14881 1553 10549 19224 8501 11328 5665 1909 7122 18374 15304 13993 3298 6278 2544 15586 14171 11427 10245 12512
499 9371 8024 15510 6722 14726 4187 9599 18834 18646 6166 7486 8465 19918 14723 15367 14785 9745 7032 16374 13459 7637 14466 15325 17984 18313 2930 7521 19084 18111 12856 14425 10694 16852 7151 6354 19846 11839 13109 6696 16417 14842 15378 2552 9795 15162 2615 11799 12388 2697 8325 19056 5689 15254 1125 16028 8288 17777 4797 694 17109 12788 19029 8564 549 6064 8499 2907 19455 17287 11826 19922 17636 4617 6236 5088 13051 13356 11914 7401 15081 12987 19893 16799 6580 1460 5032 16273 11764 5247 14759 17476 2226 16547 1258 1518 17938 8321 3563
5865 3297 6061 14928 18877 19587 18530 12700 2390 1453 6048 9327 6338 10456 2244 1012 16485 10242 1336 17022 13434 10679 15093 16476 15630 14792 17965 13254 7347 2383 17601 12626 15334 9023 8800 14866 4750 15829 2148 10949 14659 9769 4210 14607 4287 3975 3133 18829 14007 4947 5277 3107 9379 5114 1894 16772 16505 9983 17126 18721 12633 19253 17453 10122 9138 10979 1435 8043 7955 13894 10247 17820 1651 16183 12061 3683 6363 1998 9510 8220 13162 3283 11087 19721 14463 11575 19762 258 201 14557 17182 11082 17043 1118 470 7117 16778 5209 8189
5479 10907 12444 791 11626 6913 10893 6279 7661 5281 19051 18333 13732 3398 5256 1266 17696 10947 13249 10945 18856 15671 3049 3604 6848 9145 19668 16886 13725 7263 6716 1075 8542 16227 11764 18303 2654 7421 10324 5810 13682 14901 6418 1686 10444 10109 8750 9058 6459 336 19002 7387 3019 8361 12330 14681 12721 691 16429 17079 10640 16551 8498 8385 17386 12114 9706 5747 9813 18480 18818 17978 11391 8248 8162 19741 17391 12234 11928 3640 6912 9319 6679 11267 9365 11922 11885 2438 17547 382 12979 8323 16486 14197 15058 2435 15382 8652 5623
17346 17057 18282 11517 18681 8389 8119 3707 16926 18988 19621 4032 2654 8740 17648 81 5112 15118 13907 606 19546 210 3763 17883 8873 5990 12966 3365 3405 13783 1918 5691 8333 7615 3800 9691 5300 13689 7408 12084 4857 12974 13919 5102 3058 12221 16884 17945 13419 4016 14991 9209 5585 10075 17138 18370 16326 10972 4400 12766 8094 4631 4527 18566 12447 18518 13920 11014 9861 2094 18484 4192 6758 9863 13559 2209 11614 1048 16010 6299 462 18578 16067 18840 8514 16955 18090 534 1023 8106 9582 16833 16998 6940 2626 7941 19299 16311 11761
675 433 19599 9041 1173 3857 170 13342 19644 12665 4561 7330 4828 18411 1287 10761 5284 15229 8481 19383 19141 13459 16565 17719 17289 13176 16523 2276 6098 16049 13527 12210 14322 16117 8440 5898 14219 18481 2612 13371 1411 54 18819 449 135 16393 15987 16919 4887 11820 14838 5406 4122 11491 1176 18119 2633 10982 10923 1879 4599 15882 9574 9755 2133 13747 11000 18821 17328 5007 11549 3933 17888 11815 17768 19419 5671 1523 15475 6869 11638 14483 9851 10670 596 16241 5575 6719 18754 7209 8298 7948 16482 7416 17299 10659 4327 18038 3025
17073 4599 18243 1031 3878 7309 18780 17275 11976 18622 13030 11490 8001 11323 12001 17908 9278 19857 668 4459 15345 16901 16336 18371 11001 12726 5962 1839 18021 9871 5192 3167 18647 19268 376 8412 1269 13551 17376 1251 13470 7726 18592 1831 9722 4130 16270 18099 11292 8479 497 15882 13364 12496 5523 7902 6705 9070 16594 19143 6560 16005 17698 12464 1845 4194 9894 4284 8749 19661 13480 4878 154 17205 6630 1467 11945 15581 19149 19986 13430 13778 11041 18983 17075 17193 4374 16077 7459 17433 14957 6243 3300 12034 18824 453 11111 19245 7170
881 10180 15801 834 6162 8632 6455 10011 11229 18586 11090 9365 3771 16198 17631 5023 5314 1355 14698 15913 13764 12400 2590 7870 3726 6076 3666 6489 16441 3788 6873 6001 16011 17110 932 13846 12324 6202 2568 236 18007 2626 1604 18039 18447 14783 6381 4068 2573 16965 1022 16416 17331 6661 10635 5739 14106 16366 7772 16192 18548 4010 10862 11482 1714 10203 4397 2292 9166 1118 6365 4347 6797 14528 19980 5815 5477 2613 5255 4595 6480 5347 5763 19097 7611 2352 15838 15401 12584 13429 18288 19304 13094 5777 1797 9787 15642 16189 4952
13339 1001 11929 5766 1025 9078 17960 18101 8916 7698 13313 19500 14441 13573 4080 707 8137 3352 1261 1348 11559 18540 7471 13989 18382 13266 13119 849 9962 6294 7857 15788 16841 14664 10677 8961 16521 13492 9752 12929 324 11320 7969 13290 18108 8187 15915 18163 1880 13766 730 15210 14074 5006 15288 8634 8309 12708 3932 7368 7800 6678 16379 13 2794 88 11611 13710 18445 14 4410 10608 16159 2796 2292 3427 11876 12621 11974 9290 15510 15266 11618 4636 2162 13972 12538 14782 13732 7188 17312 15453 9423 17160 7019 7261 5653 7330 14022
3608 2667 7325 4959 7 18203 8337 16058 6919 18386 19933 3857 942 1444 7520 8872 9821 581 9599 11608 2416 5781 16802 14855 9680 7664 12610 19317 14759 18331 6401 19077 8768 11442 17413 2218 2511 6885 14713 17494 4517 1969 1677 7523 6708 16000 19644 3577 14100 576 17720 980 17591 8070 18743 10036 3610 7680 4703 12085 6501 9971 12269 19885 853 8125 5206 5992 7113 18152 19689 13926 1182 9783 10447 18724 18368 1208 13907 3080 12228 11423 1019 11842 16085 3064 11186 3350 17169 12159 14479 8883 2360 19375 11722 1416 9001 15681 16638
8725 18477 8563 15394 2448 1099 7250 15676 4883 4259 17461 10838 4806 3619 8512 18045 16382 19857 19433 8200 5463 16668 10822 19745 19273 17706 7125 5744 17211 6635 5565 10441 10494 7160 6006 8328 2608 8873 11514 18688 12603 8616 2584 14994 12314 2659 3736 9921 18234 6419 12786 17395 6296 6273 8394 7894 10858 9993 15586 12984 2788 11528 10243 2916 14493 5907 10571 10994 18401 1564 18970 9852 12003 10901 15342 871 1710 8080 12487 18395 6512 9896 11437 14261 8163 1618 4334 1292 1480 12593 14924 1648 8604 472 2870 2594 10833 6005 1313
16582 3075 11620 4056 11431 16846 7437 17995 1973 17827 3857 16112 17559 7527 15620 5907 15167 1353 11508 16731 14114 12989 340 18369 11903 19179 1579 7711 7246 15091 18379 1515 9025 11414 8433 11104 1819 14939 1823 6695 14040 13690 14764 13202 18274 4188 14945 17343 3497 1512 17032 11939 19067 14747 14467 2892 2503 18564 15044 17176 8660 5909 16498 2475 12656 9447 12819 11643 499 14870 5429 16202 13598 7955 3101 15009 5898 17001 9206 18768 11244 1128 7181 16422 16347 5741 11746 7316 8289 18420 14228 15575 3046 6820 7375 2873 16143 13714 9922
11013 13563 18512 19478 18802 4277 12109 8170 17111 10970 9066 3942 382 17950 6768 5496 10971 15365 5348 6212 11759 3362 16585 13258 18896 14155 2022 13899 19214 14733 7652 1102 11409 1120 16996 15793 6009 2356 13005 2321 9555 8676 12009 4237 1795 6595 4632 14702 10836 3133 10525 7713 11711 14324 17827 19966 19548 12610 18103 10126 13575 7021 3294 16243 3487 7736 7879 11643 13994 15308 17163 3451 11658 13957 10124 10838 3837 12793 11131 4375 13855 358 3207 7951 8042 7254 3121 7591 5634 14407 13326 8506 181 19209 9698 13066 244 7959 8286
14519 13081 369 13921 7076 12832 6368 2133 18662 2828 15469 12746 6903 2748 9066 8291 9870 8996 10436 9805 18176 5537 7618 5886 11612 18820 6599 17086 13072 14566 1482 14877 11031 10711 18873 19393 4876 9446 15664 8654 1337 19603 4197 17120 18427 4996 14523 4281 4670 18152 11984 6633 12567 5139 16416 2708 2194 17625 19957 8935 2117 13328 2289 6125 1557 185 547 17629 16082 13838 147 18558 7145 907 3122 6852 9667 16882 10130 18275 4597 17241 14616 6600 2767 1062 10529 13789 15421 18454 4598 8003 10441 7501 12773 17775 3155 5204 13943
434 1693 7854 15782 14918 5939 16038 17505 1964 14387 2640 17133 9315 8046 1482 16662 18821 17727 11836 14379 17249 2031 13958 12926 7243 13 10447 16515 15670 17383 2982 3120 7878 2066 5909 7538 1007 16541 7427 5085 15694 9831 10512 372 2130 14512 13152 16046 16907 15102 5666 3087 70 15383 16579 15743 12542 16663 3747 7386 7260 9337 11933 10805 10957 1507 2327 7884 13964 7546 636 14783 6369 11761 4916 17591 6223 17721 6268 3718 7472 18281 10007 4762 17625 1277 7189 13882 7594 14525 8543 5518 19454 3957 2539 1024 9186 8409 16596
15279 9905 12765 15163 2292 6788 14686 4469 6441 10049 2509 5272 15052 5023 16212 3594 3094 17968 18272 19978 12017 10725 3830 33 6673 285 15000 5650 12872 11576 14259 6308 9309 15273 18631 12723 9965 2563 14642 18607 13477 10529 7014 9491 12866 441 12682 1540 1828 3731 11768 309 4433 926 17180 6222 153 18056 14418 4916 12393 4446 18262 10528 13006 13018 18693 9219 12513 14285 10019 5144 6822 3106 5141 16033 6418 3702 9191 6304 17273 9031 13129 17628 2478 12487 13623 2054 11209 14919 1824 4529 18584 8179 9068 6709 3228 1538 1365
19871 12320 14815 2847 14668 16128 14573 6683 12084 16965 1443 5412 17823 15603 5056 11376 16725 12874 15819 19192 18980 12350 1661 1224 15166 1530 4639 7300 5294 17568 4072 6950 6934 8954 228 3152 14480 6609 3316 15423 13501 6674 3822 7574 5188 14514 17065 15574 17916 12603 202 17232 1018 13736 11558 15431 8470 15829 7285 19848 772 9330 2937 18898 8487 15674 13861 10289 9231 8067 17037 14326 4566 9139 16872 9940 2065 10147 3158 5185 3452 18555 6582 6755 12670 12185 15399 4860 12127 5049 8295 13324 11403 11121 13496 16144 209 7124 4400
540 11402 14100 14212 4111 2532 11488 5836 10175 18747 2132 18851 2019 16416 11952 5759 8148 4408 7613 12286 5481 4713 4153 18413 4460 5438 2222 5380 14654 9750 13969 3077 6872 18702 401 12350 4189 17904 1377 4392 7353 3895 12649 3393 15948 9388 8400 12406 7244 3535 9112 5044 12068 1068 2169 3793 5605 4364 2741 13349 13330 19368 12245 13405 6183 3299 9376 17840 17723 8275 1989 12763 11074 2689 10474 17648 7417 2339 5092 12348 2187 134 12612 6705 12619 19091 4598 1128 7246 9113 2738 5362 7260 5351 5935 3372 18827 15567 13408
8486 11641 17732 9486 15441 1453 10358 15523 18826 3940 7976 15678 19467 13782 10851 10071 977 18374 5239 13906 17515 5504 451 14956 18184 15246 9714 8024 7809 13430 7274 15056 3266 17087 4399 5241 10987 12419 512 19140 6391 6358 11470 12693 14906 8926 7979 19895 1925 3286 16371 6280 15698 18080 14458 13208 9194 6674 7311 15713 14936 10261 3805 18596 19460 3888 121 17587 16958 13857 17832 8527 6827 10240 3394 16411 236 27 19492 17651 12791 2287 3735 9491 19274 8097 9487 10951 1042 3087 17979 2707 6679 15864 19411 8822 17876 18797 1239
18745 7190 280 13210 4400 9880 6712 13079 14134 988 2328 12980 14135 10686 13657 7540 19760 9900 11498 14465 18940 12890 3522 7775 6696 6261 12138 13626 11902 12149 227 15842 13357 5652 5082 12812 6972 12116 6953 9467 6459 6224 14181 10684 15618 14096 9765 15700 8481 19857 1464 7640 15286 11794 695 15956 8227 16306 14358 4793 8356 9899 11164 2730 3837 10270 5417 1548 19309 12109 5615 9847 6189 14949 3635 16013 18141 17119 9448 8527 1722 9929 10018 8067 9692 12322 10051 4541 10381 14364 7099 15575 1839 9949 14668 2628 2556 13558 4191
11397 6743 9378 19706 13658 18977 18890 13619 11087 13140 18178 17356 10284 9885 13563 4055 14320 3385 6636 12780 777 16766 881 2999 5701 1261 17512 5463 17082 18897 13992 18500 14167 15089 11888 15883 8259 14364 15847 2219 13976 3615 6087 1035 7979 15135 18608 18944 15073 1605 10885 883 3321 16181 8144 12518 7339 17204 2444 17992 6790 4758 6528 13622 4603 14755 13169 5019 19431 9635 3299 7338 11947 18483 17504 15706 14049 3704 253 15541 13823 5627 13756 13821 17007 8946 1792 14321 2992 10977 6825 9916 774 8746 10684 6136 14462 11051 6051
11783 7671 6930 5891 14410 10059 13809 4284 18001 11777 13680 5969 3811 5434 13404 15323 5464 3297 8827 13926 16857 14068 3813 15049 4331 2601 15475 2031 13278 15760 7637 4756 6741 17374 12390 8553 10414 1696 11128 15429 9677 17363 5471 4585 2792 12512 414 19076 19698 5014 16773 13326 14423 18024 17592 9668 11073 19336 16830 15560 2467 3851 10292 15458 2132 3729 11266 17615 7439 14306 16639 10589 13750 2475 3573 13394 8466 11595 12525 15942 3381 7482 17740 18895 7040 10251 10856 15483 17847 17926 12295 929 17257 5825 19562 2438 14876 8610 16206
11346 1092 18777 8534 3548 12464 12277 8365 12561 9994 16364 3319 12203 14562 11452 5095 9177 15913 16700 5139 12084 3095 8378 14844 224 5969 15117 2418 17009 19301 8490 11681 2685 13078 2259 6367 1635 2393 13821 3866 1363 8976 1886 3476 9215 5500 7520 19396 19991 7783 19881 7163 7040 18550 12015 12512 12669 6588 4949 11870 1066 2629 15304 13786 17055 8978 13742 11927 15993 17187 2850 12656 5377 15548 10938 11024 15015 826 12269 17618 15230 7618 13243 9954 1406 11186 1724 8041 11953 11569 2171 5942 12887 4301 13781 11663 19884 3672 11626
15982 12447 186 8444 5747 13289 63 6221 16111 19995 16053 10932 13763 1433 17733 12110 9193 19504 12022 16591 7886 6671 8148 12409 8232 16424 7229 13377 1664 12004 7592 13104 9410 13147 19981 13133 7158 6943 5261 18641 11584 1812 11375 1374 11543 19029 18629 17174 15207 12321 16513 9897 17761 4828 2192 2165 3484 2582 18375 5666 75 9154 10000 17494 8386 663 4688 12667 5320 12192 17207 17742 7794 4228 5411 18165 19196 7211 7643 501 18231 1823 11760 16195 15134 18529 1182 3893 17584 18263 45 14256 15682 12758 17086 17730 17710 13891 10202
12291 11147 14816 289 4494 19692 16978 14432 17507 16723 13286 3187 16252 8730 19810 15951 2801 8026 9423 12552 18728 11243 8192 10473 13395 18266 17291 6912 12771 5414 14843 11052 8571 8075 14753 16434 10053 3192 15007 730 11664 15977 8794 2370 5954 18698 5473 4631 1688 19361 5347 18941 17091 18376 5046 9275 8431 16717 14902 2375 1084 7927 16995 9829 10187 11851 10664 19681 11338 14963 17607 16331 830 8174 605 7732 8007 5226 6608 17455 15403 14855 2656 3935 13879 1017 11191 18745 15306 17593 10405 13748 10632 3404 2976 3844 3718 7632 10626
11625 11980 19962 17144 3086 16123 6411 19825 12137 5387 17070 5940 14928 7318 15282 952 10228 12895 15315 11436 2637 16933 10526 18058 3026 19008 6563 3479 19228 18405 2671 13322 16056 474 394 15621 18239 6985 10317 16326 4485 15303 8560 13864 19991 11992 3078 11055 16703 2235 841 19145 3053 19439 13024 16168 9060 16705 10248 17003 79 16707 5359 4053 17362 19806 18913 4740 2684 3027 6890 1834 7809 5716 10224 4043 14412 2007 15519 2537 7015 13304 2099 19337 9605 7207 10103 3383 1032 16339 6727 6061 9630 9510 4060 3791 6709 2839 7495
8364 17291 7451 5334 9419 8724 9222 4238 17633 16487 17965 13931 11203 16150 5652 11961 259 4608 14523 177 3985 18624 4648 10864 11716 16704 9328 6408 5660 8668 17736 9504 3319 17555 5515 4361 19139 4427 18945 19026 18848 1979 17708 12187 7949 11481 10780 15438 14363 1910 1936 4800 6069 4693 17628 8204 1888 12682 13848 1898 4824 8606 196 9945 2476 356 16847 923 6685 18968 5850 1698 6605 2225 1765 5166 3099 5173 7739 1602 14389 11524 13916 12391 14192 7378 9457 17611 14745 7472 19650 13619 3890 7632 9656 19608 6252 11043 13215
429 9632 2012 14587 12011 17868 5148 16441 1544 6400 4948 2616 2446 2662 906 18081 12311 11112 9736 18482 15312 18281 13663 3225 18917 17281 3073 15221 18014 8098 13846 10817 13617 9927 1706 8574 15118 1562 15053 3315 10017 16706 10622 17318 4815 9611 16825 9458 2746 11877 17581 19211 14701 3476 6566 11301 668 4830 7775 7821 13509 3625 5493 13467 8745 9214 16260 14387 18617 7606 15030 6846 17449 16909 1050 4366 6449 10499 15745 818 8925 10131 10034 9312 8127 15706 17745 12004 13811 567 2315 17423 6845 18336 3224 2841 4542 15735 16248
12908 14878 6531 13641 7217 7527 10271 10127 8775 10621 14565 17423 7557 2187 7293 14413 19612 3215 18950 18030 14811 9910 15383 8103 13520 10419 13717 2706 10782 6996 10629 1917 16592 236 12695 5413 9118 3802 761 6156 18661 11910 13745 5782 8134 14116 7302 11083 9599 1325 2034 5967 7279 1871 11571 353 4987 13526 15049 15266 2087 17349 8296 18168 7429 2054 18479 8750 6434 4216 5075 6707 17546 16572 2774 7034 19543 687 8069 12925 14210 3490 9515 6395 17528 19156 18869 17777 17059 9450 1157 16151 16914 19928 13312 11591 12346 10494 13778
8523 8443 8963 6930 2419 8358 3677 10229 9378 11591 8558 16576 984 7317 18739 17527 16111 10676 1927 14479 14223 6844 18625 10505 2961 4281 30 8086 9683 12964 16117 10124 19548 1680 2545 14591 456 19387 8045 2494 11854 11150 11456 5063 7036 4282 6798 9475 12053 6555 1588 5191 2310 12794 2488 1452 10519 954 1886 14328 11 11519 13920 10551 8167 7286 16585 2054 13689 16774 19241 575 5864 1933 6964 5178 13099 4174 841 4863 2995 2684 19220 18146 3517 5180 273 11054 2079 5707 2972 15223 9904 12312 12066 5189 16051 8647 9770
4072 15652 14219 510 15513 2841 17857 18387 8641 2753 10425 3884 8482 12914 17950 11620 8545 10712 8950 9759 16436 6695 15973 6072 6973 14374 173 18462 3594 15213 19931 3918 530 11206 16961 18928 7841 7746 11097 8138 10552 4400 6992 19717 15116 6332 18619 8430 11777 1825 14782 19154 4616 604 11631 12571 10774 18514 8788 18714 14701 8070 4812 14474 14950 6267 8644 749 12309 13364 15569 1792 11554 13404 9327 18767 18725 4137 9404 17454 15642 15634 11947 18897 8288 12328 1851 16295 2331 15312 17803 3613 7475 18822 11603 1868 16213 11463 272
18402 17297 11338 4814 10325 8635 10401 18902 9549 18697 2950 16102 3684 10971 7663 9294 13404 18748 11998 3038 19077 15964 10095 55 3922 7103 9283 15093 5086 7625 9209 16222 15211 1929 18895 14926 4404 16781 7339 1753 1978 10182 4320 15523 17698 6930 8261 19093 1898 19744 2362 6702 16647 3568 8502 5556 10376 19 17240 16289 15023 9194 17716 8463 9626 3788 13945 2410 11658 16172 19010 2646 2253 12951 5470 3611 14700 10283 12546 13517 9717 3606 9738 16847 5474 11014 5336 15698 14560 12497 399 9366 3676 11346 9830 8389 10780 10730 8319
8967 18075 12094 11529 2959 3364 16131 8050 4736 659 15443 17216 3387 110 8064 12139 2234 6087 13734 19666 2710 13960 11100 13367 13806 6150 19615 12657 18539 18775 1952 11739 14399 12701 13015 17939 10703 50 18899 18110 18542 1055 9954 15355 6680 13062 11600 19654 3288 2370 12801 8878 3823 12968 15160 18702 990 18339 4562 8350 12864 13095 6705 6558 17502 14152 1405 16769 6881 18223 18247 1015 5326 3350 4500 9680 14446 11866 1616 4916 9307 4689 10718 480 11350 5688 2606 2955 10069 13500 1270 18036 2300 788 15192 4319 12908 3819 10176
9433 5600 18109 10789 2007 8742 7924 11339 19486 794 18840 14509 3263 5185 9845 2953 1379 15999 2800 4917 11640 10354 12176 2005 9046 5694 14292 8789 7132 17085 2476 19963 18692 15022 14032 18549 271 15221 7287 6516 418 15702 8205 728 8377 16384 12459 19064 17738 8121 13373 14620 12299 17944 15765 19009 10233 4756 1185 12862 11463 12307 10799 8841 14242 328 15511 19683 10797 1187 11176 11995 7313 9952 9011 11375 19742 12181 1017 18091 15587 18454 4072 18827 6681 10298 14737 18079 16678 12006 11561 16393 13908 10737 250 16707 17463 18441 16304
16762 14467 7975 15320 1780 11815 16125 17620 15116 17811 9219 5790 4068 6575 15739 4144 10682 3146 13923 165 7736 8646 3700 2329 17708 10296 1390 18256 586 7344 3511 19934 14084 16005 18660 10439 13318 19830 16832 19327 4368 1406 5714 14588 306 1401 1074 19571 5425 10359 1071 4576 5933 6678 2966 18449 13380 1127 10097 17785 8436 17444 19655 13072 19301 12100 16363 14322 6609 18828 5117 10599 5206 2361 8181 12422 2059 2295 15608 12003 7728 13378 16813 18046 14179 15761 11682 18198 2302 8822 18467 7955 17202 2624 13959 4584 17019 8442 8551
17338 11738 6267 19323 5438 16187 4282 17648 18493 3631 7891 1429 9428 8192 15533 15352 6023 8629 3079 19056 18557 3894 13070 18555 586 1784 18027 4712 11688 7326 18864 6764 8947 2965 4004 12262 9813 3929 17465 8139 8246 10715 8409 14542 2206 6538 15738 14037 5181 2909 7170 12036 11831 13438 17382 15538 9818 1951 6069 10396 15463 3902 4800 16088 14885 13660 11958 11186 14774 17067 13250 7443 17943 11395 2694 16947 15960 10490 12884 1336 16153 6257 15348 4813 15707 6937 4481 10274 4143 2348 3647 2684 5039 5652 2645 6838 10068 1298 12256
4566 592 8381 2098 18319 7932 2565 83 3833 14546 18252 2735 5510 19697 1479 3876 6481 13006 11387 18124 10912 3081 1970 5176 7924 8262 2493 15930 13769 17728 10492 18239 19512 3595 1437 18633 357 17185 6020 15123 13089 15021 6848 8167 4004 1016 15921 4449 173 6633 4841 2042 3055 8151 7554 8503 13371 5274 5984 18992 13412 15323 14063 13590 14376 16319 5514 14090 7664 14669 11080 6217 10563 14068 8052 775 15077 7936 14982 10556 17128 297 10201 2306 1319 5032 12565 8470 1279 12686 1042 13652 17758 7620 11334 17953 10008 15138 13285
10949 18301 3859 18681 19491 9194 3650 16286 17910 10575 7275 19758 13477 7640 10093 3102 1557 11683 1534 13412 12761 15078 11016 8964 11462 14064 11416 8257 10613 6830 9908 6525 7087 5206 1958 13475 14033 4603 574 14923 3162 4935 5939 2123 15522 15006 17172 2001 11153 19869 2760 10645 18601 2511 7993 8617 11990 16072 7461 10868 17985 13328 2200 10692 8097 16783 16271 5863 16186 18834 19603 18981 1690 16837 2242 1611 4869 18270 2888 16721 3006 12248 11419 13140 17051 8491 5874 10634 18499 3186 7409 11851 15010 11447 12238 10774 8894 2652 9387
3087 13233 5876 8070 2700 3279 5050 1666 19543 4869 15887 13628 3823 12182 8743 17736 2300 18272 18490 18443 3937 14686 6598 7330 25 7806 3095 7216 17926 3851 5417 18772 12560 13083 8066 3169 14443 12059 7300 5231 11080 1198 5215 16406 15494 5618 10194 723 1425 7620 8208 9820 11053 580 10265 14569 5144 1877 4578 6255 7976 10792 11171 12989 13462 383 3584 19642 2029 16163 16381 17711 17478 8224 17484 9632 16465 2694 17456 2449 2305 1681 19940 18273 4398 8313 18358 11591 16728 8992 12053 6294 2273 16938 12673 18835 4119 14028 1044
15508 712 5026 3665 10311 9758 17285 15933 3705 16907 6292 12637 13022 18588 7244 18179 16909 15962 17382 17253 3638 10605 6496 953 11800 10659 9696 5649 19042 16962 4184 16642 14803 9570 11959 12039 7168 3358 12481 12439 5180 5107 17161 10127 5816 16061 5452 14342 13308 19593 6658 15135 12220 6625 6202 19482 1036 4499 1800 14988 13925 18505 15776 7846 9815 11153 4481 4672 8350 12123 2572 10457 10510 11186 11216 3875 13923 3255 8335 19224 14137 8832 2906 15653 14059 12786 5637 19614 18657 17242 7755 3755 839 14554 160 17836 16086 17751 19069
11450 14026 3004 13160 17319 10003 2338 19117 15436 1017 6280 19026 19473 18267 10325 787 12654 6959 9529 11674 16155 11332 14332 19583 12367 14266 11581 1349 1623 5004 1605 8716 8185 6134 8260 11530 17356 18914 18202 6103 2939 13627 18540 4969 1419 8979 15475 6705 12017 5270 6325 6597 14623 6050 13925 19744 9915 6452 15790 6655 11830 10631 9321 7421 18629 4468 2995 9171 12801 11380 15671 15352 6057 10073 15410 13488 3219 7689 4838 736 15776 7469 18207 1059 17287 9040 12983 19379 19057 1941 12252 7915 11789 7862 16919 4393 6996 7606 290
16429 2417 2317 1333 4003 10279 9757 4928 19848 7395 11790 13252 18376 10771 11013 2944 19770 8291 11748 6931 9553 3956 18852 9480 18650 3669 13582 16874 18086 7968 9114 7315 3493 3716 14501 14163 6041 708 6818 10593 16971 10798 10363 14348 997 7779 13731 8408 11590 14896 6777 3135 1598 7245 9786 8309 4485 9354 19046 14581 18038 5782 14176 842 16789 11176 17683 4435 8344 18429 8008 834 451 9164 3180 17590 11110 11482 3979 11649 3265 16790 11994 13895 12734 19875 8587 189 6855 17427 4039 15156 7187 12578 9205 2270 2231 605 17528
16791 4711 18875 12448 11099 18559 8673 11159 13119 16139 18251 19167 7854 15327 16272 11959 18717 16650 9825 10128 17008 15037 3811 18459 4580 2914 12555 2449 3779 11756 7474 3597 6623 1872 18038 18238 15123 18285 112 16775 12102 14496 14880 10564 13686 8855 1807 6204 13415 17154 9617 800 6499 6129 11183 13942 13389 11041 4807 12524 8770 1065 902 17156 19464 926 17362 1227 14521 10386 12595 17604 8556 6352 9515 19471 13390 16400 15112 1749 9614 9567 12644 15964 17722 5223 7296 19618 10758 790 9517 8880 5928 2792 17911 17149 13451 13530 8906
15313 642 16765 13461 18706 18751 2077 2289 2102 3572 1079 16636 15728 1284 10169 19536 8578 15602 716 24 19219 14446 1924 3457 12630 7908 14025 12219 9577 225 13202 19072 6331 10984 6180 10172 18175 5997 4193 16216 11890 15521 7922 19273 14835 15202 8002 1637 6694 2593 18694 363 18261 673 17479 12225 6816 11318 7154 16 19321 16854 1982 18385 6497 8976 249 15316 1372 13993 11141 16701 4739 15347 14812 16580 19053 19964 7426 11197 10935 9556 13799 2060 16387 6552 5931 12515 17776 10376 919 16740 16008 2794 7668 10036 4169 12654 12214
11306 3468 10791 1969 3090 2496 10807 15618 4212 2099 613 1552 15515 1432 2215 17092 8974 7623 18496 15872 2526 15680 15497 18410 18205 4780 13608 5959 10536 5009 2581 14890 12326 128 1784 15173 13107 7244 1198 6233 19738 918 2995 18625 16241 9577 2426 5992 16892 9557 18589 16650 16800 1224 9777 19616 10109 9216 14448 17144 9607 7727 8040 7650 13746 2335 16072 15224 2653 10096 224 3282 18730 1713 16937 2958 16838 5469 10084 19934 12905 4757 4880 18141 3997 14422 6527 15448 2998 19028 10784 10689 6520 4534 1973 16136 3667 13613 13052
14528 15532 5996 19152 19293 19573 5296 7351 19803 2000 8164 11594 19951 16843 16695 9552 18447 7919 13964 1344 9404 4046 13017 4034 16694 12742 3435 119 19382 8190 11311 14666 19961 1669 19169 10936 7125 18309 8367 6553 4006 6744 6432 17188 16433 16672 12567 19866 13808 5369 9862 6007 3860 17587 2686 1712 16141 14107 4922 18565 7491 3239 723 18282 10611 18451 6976 8562 3619 12532 17549 9632 7634 19021 12493 126 8175 7940 11208 4013 15988 835 15616 6177 18113 12518 18538 6049 16801 13633 4755 5619 15392 17000 5966 13269 1551 2353 1087
14071 11525 8242 9660 7907 18062 12288 13486 19637 6980 13802 17736 16894 10535 19399 14553 9892 15942 5793 18746 2960 16248 3408 18341 2119 148 15899 563 18763 10578 16913 12482 11889 14954 18061 3320 18811 2554 10407 13242 6264 8205 740 15171 14495 16228 16749 734 13245 11282 8986 11584 18865 13143 8974 18010 16584 10374 14397 13897 6343 10669 16173 6811 15405 4663 11543 18817 5556 7832 7145 3646 19734 12381 6350 19431 2357 11239 16820 16454 19644 990 3560 9127 10451 15237 7961 6628 10514 124 7250 627 837 10453 15715 15056 17791 13237 2313
14217 14393 1695 8751 9049 7344 4513 14982 19636 13584 7991 3690 13257 5182 19904 7139 16026 5824 14667 13163 2462 14183 943 11117 5302 7800 5839 14771 8657 14746 4370 15691 11637 5659 13631 18764 5227 2433 12999 7175 742 10647 4786 1735 13237 17781 2276 12641 13085 1953 7259 1156 8772 1365 12333 14033 17535 6478 14816 6471 16640 14955 16000 8737 579 10116 19797 12807 11422 7519 19690 7968 6923 4279 7342 11722 9222 9284 7554 13879 7607 14220 497 11446 14493 14547 17686 11861 4438 16310 7577 597 15364 1659 9161 10813 9418 3442 314
14310 12099 14430 10599 4932 2179 12334 4604 3292 13498 1665 8868 10392 14576 13603 4419 11236 17032 8955 5194 17511 16973 18936 14126 1208 19108 6669 18560 1745 3439 4221 8152 2902 45 17850 16446 11766 12717 11839 14856 8551 11719 199 8171 9694 18988 7612 17456 16101 15088 17468 8039 19681 2510 18975 825 16935 17878 9497 2416 16363 18855 5887 229 1719 5359 13380 15059 11022 181 8141 988 860 4300 15961 13237 13420 7368 9117 11145 17172 10127 14836 8621 3906 1152 12506 11115 446 10383 5478 18787 3911 3580 2448 17203 17858 16499 8897
4195 10419 17529 1755 86 14943 6871 7736 19755 14574 19930 2325 17975 5143 1162 600 18456 12243 11418 12745 10521 13015 6663 3953 23 13848 17057 9297 17085 16340 14954 8905 14323 12561 9692 16300 11329 5964 6375 7734 230 9985 12066 15913 7572 19220 19771 2666 3296 17240 16316 9153 1860 6600 480 1558 7226 19668 7133 16299 17053 245 469 14685 4293 915 13630 6226 1093 16968 15300 6498 9165 7691 18490 4993 1197 10415 15703 3251 13419 613 9112 7974 643 6733 2413 1278 2917 8738 5883 16473 18333 9049 2534 10242 6954 5273 3580
817 19889 19690 13347 9315 3209 5191 8385 12155 19463 15506 8616 2223 816 16842 14659 11159 556 16712 18998 9416 17724 16992 3992 17008 19285 2944 6832 2790 13959 3999 15350 16302 16970 17075 4485 18830 15303 3371 18882 8454 6951 7219 15734 4629 13087 18864 1028 4095 2722 7657 3147 4159 12137 8688 204 11932 1007 13741 15015 8527 2139 6103 3192 2558 3459 6900 18654 3840 1101 16127 3756 4177 12777 19679 919 19729 15698 12097 9543 14477 14089 5403 16679 18234 10463 2638 4691 3879 11102 8321 16577 11940 10852 12321 18114 6040 1889 6388
8111 3346 13783 9646 11873 914 19108 3569 7832 9998 4083 16683 13745 12438 2246 11371 2615 2354 6881 10837 673 9804 4234 18086 15180 16038 9074 7452 19812 17578 5190 11788 1504 2983 1378 1986 17103 6680 8979 8240 4429 2725 18295 3364 1286 4346 1266 19012 2520 2461 14834 4128 18424 13342 3002 3534 12596 4815 8702 8136 6949 11341 5152 13470 12922 1215 15459 4344 17133 5366 13583 7531 14487 8539 6815 19057 16362 9631 19669 15467 6049 16417 18399 17063 5836 19011 3798 5733 17124 12233 11046 4985 6967 18447 14450 12613 18383 11092 5916
8668 16098 13340 15038 14747 5145 16994 16937 446 5446 14684 4666 19952 6665 3655 16577 11954 6721 4503 17340 14371 6064 17906 2527 6147 14960 8228 11352 14797 18514 5000 3074 5584 6845 15999 16415 6900 6374 5333 6651 19515 17282 8241 4507 17826 14559 18719 7862 14727 4449 3411 3449 17530 13850 19866 968 19243 17961 4245 4020 6866 14387 18873 5277 2806 19691 862 15854 391 13190 12906 14002 3302 13461 1258 16230 3079 14580 7688 13803 8685 11238 7579 3648 5369 18777 10998 8854 5003 8800 14570 8281 6216 8266 6310 17774 5048 1657 18382
7711 1453 13497 13281 4134 10394 11413 9069 6735 13817 7624 15956 1828 3467 9239 2772 692 9401 10339 16698 2468 2046 6996 2136 5406 19640 12941 4995 5969 6827 5469 1156 19366 5117 5118 7747 4055 19407 6847 7432 18028 19750 10507 8576 7031 8675 16869 13092 17112 17546 18850 110 8877 7407 4522 4685 12440 6465 5395 5762 14533 6013 3927 7338 10801 6450 15446 14763 1052 5089 15008 14356 10321 17530 9448 5993 18036 164 1524 8831 14112 12842 19651 9508 17354 8708 15375 14021 2815 3509 19432 4939 5055 4834 5929 8398 16126 13819 694
11407 6954 12586 1577 19040 18731 15544 7810 10156 3515 7855 423 16850 12940 7804 4293 14844 11646 11221 23 5448 197 2 6730 13409 77 16253 8343 16451 4531 16327 9501 15785 13135 6866 11808 18593 7998 15411 15048 17007 17873 9860 14263 10445 6464 18908 1975 18842 2290 14564 16674 4608 6692 2936 3801 3377 13354 5335 9702 16916 7382 3083 2318 17160 9897 18609 1511 3781 5083 5778 11042 3170 1375 11839 1961 6510 10837 1574 11927 10763 3221 14584 8023 1039 13408 19501 7828 4214 7901 3759 11248 7726 294 4388 2177 6278 5236 14012
19072 7897 14738 14669 17646 13174 15631 6928 5734 19430 14363 8006 16975 4294 5741 7661 5156 3981 11551 3349 1651 18326 15776 14596 9335 4227 12248 7780 6103 570 8623 5469 11317 9795 4177 3264 11301 19331 16194 12861 2341 7865 16677 11478 10797 4015 17191 16892 13317 3691 2022 3902 15088 8416 6302 19136 13387 6560 2225 10868 10825 2260 19732 5242 7487 15686 4840 10616 13807 17702 6821 13964 10554 7128 424 9508 16751 19158 5640 17297 13735 18956 18033 15746 5076 402 7916 11920 2015 4512 4990 6603 17341 6948 1835 10827 17838 17724 1764
12942 13357 18034 4850 7313 14933 12339 12468 12776 18562 13935 7398 4651 12036 11823 13783 3655 10478 5551 10547 2228 2397 8897 3044 10728 8807 13289 5282 8523 4674 2066 8720 17192 12100 4933 19942 19181 18355 1957 15829 10529 1240 183 13776 3473 10143 11918 4514 8762 18880 16644 14743 13444 5484 3999 17327 1504 6320 10280 13143 4679 8894 15452 11277 3149 18153 6712 12859 6722 7621 12311 19559 3241 11306 4083 5156 4153 5937 7135 9758 19015 18896 9585 18395 19579 11074 2706 18886 7647 9728 17733 13260 12186 5792 18032 15285 7193 14724 4921
19854 4267 11755 1410 6232 12787 3812 13455 12498 17946 74 1368 14120 14368 7167 8933 8604 11710 5971 3393 13940 6841 16732 4662 8304 1777 18723 11224 17828 6638 18812 9202 10775 7135 18442 14625 8939 11346 4057 3597 13837 17505 12981 8795 5061 7 6920 14186 12726 19542 5989 6417 12071 466 10354 4305 17451 18104 9603 2969 16431 13133 15419 14564 11985 8420 9977 18006 6405 3014 15308 2857 3358 6444 1093 3663 6505 1313 978 19472 9764 1843 2990 4815 5356 19168 11891 18694 7822 19350 9889 19549 5689 11736 17079 17219 13327 12151 6161
14635 6850 1308 8073 14497 5784 18958 18309 15126 12979 6741 6160 641 2761 12306 12366 3503 507 4028 18653 7349 10090 19733 13223 10946 12160 17176 18548 14455 4485 19890 7051 4587 15517 19709 11141 16228 7555 19717 16258 10743 4471 4523 16492 18775 6164 4362 3389 11942 14409 6469 1410 1826 3001 946 8166 9569 12152 18101 10664 14452 11757 15592 13738 12579 16165 17129 17501 784 9684 19527 16414 9109 7573 11013 3270 970 1069 584 12500 16018 7001 4746 6352 8321 1720 12632 18202 6450 2585 9835 5073 19671 3438 10052 13796 15291 19201 12247
7211 9647 9667 10843 3797 11143 10468 15229 18001 17886 5557 4956 15452 1557 6949 5757 4654 13714 17439 6640 12968 17620 10258 17387 16500 11435 18933 11106 11805 13715 7879 2622 14831 13918 19143 400 9005 9189 137 15213 16477 10841 4640 14043 8501 11938 3306 6410 18407 12936 18253 14716 15808 5619 18902 2707 13589 10065 2453 4050 1067 16134 8174 5442 17862 15694 1999 15362 17804 14275 7477 14621 485 8447 15726 6218 11847 14220 15154 6561 18898 16558 4423 5172 4783 16089 17258 15190 18987 7023 5196 6629 6272 3254 14795 7593 13632 14856 13661
12311 8424 376 19130 9889 17542 11533 13724 17227 2088 5221 13662 15554 7411 19875 6248 11048 4606 13618 7394 19804 15829 17872 10906 10533 6574 8413 1087 6514 986 856 8945 11004 18180 16999 15401 3092 8696 4234 13298 5584 11731 9750 19549 18157 17180 6586 10799 12984 13803 9841 14825 7172 4893 1792 260 12631 16422 5190 3783 18452 17570 3058 1510 15976 6284 13505 878 153 5865 8245 4498 3477 8631 15201 4849 2284 12257 8140 3186 397 9691 9458 7717 7137 2142 1564 12053 10370 1139 11383 5483 17539 17482 18547 11131 15935 1074 4285
12238 6512 8639 16771 12940 1429 10161 4421 1918 3830 18994 19450 10365 5044 7120 4264 16911 4009 8580 7437 15207 13983 12155 14116 2914 10565 13686 7521 16196 16596 486 399 912 11297 16568 16846 8914 12824 11393 6417 19382 19021 12405 8418 17906 8358 9515 19017 2989 2635 16316 15537 11945 6280 4377 2316 17564 10131 5317 17098 6602 18307 13245 17956 15554 14281 7637 5955 4922 18825 16703 1034 8873 14178 4195 19422 6501 2610 19016 13674 16355 13149 15165 19279 8059 2379 17658 15503 14316 6514 19375 18655 8975 11108 6258 4950 17030 9384 11761
11516 3474 11160 4143 12291 654 3055 10319 19012 13009 4824 3934 9474 3191 4191 3083 7731 6352 19633 7091 5112 3115 15133 9524 1696 16698 8330 11974 749 15301 19871 3979 17108 4890 15855 19386 12474 12535 12980 14779 11699 7782 3727 867 3859 632 18261 13677 4977 17808 9761 8907 8162 331 14276 15001 5152 17207 14107 4795 10992 13320 10840 19472 8065 6493 11947 17790 12086 9630 18566 12080 19252 18604 6071 10628 5771 1048 11262 7663 6977 3213 125 16499 19494 8381 6031 14823 348 16906 2693 2509 2451 15155 8725 10346 19681 14941 13814
7785 7611 18115 9368 18175 6376 5741 672 14934 15427 12046 689 17187 15432 11719 2830 15860 13102 4437 16512 15622 11030 16285 8447 2425 19532 10870 15128 2939 4315 3988 16622 7531 11627 2635 8519 2815 13818 4111 12851 3263 3439 4710 1766 1760 15071 3949 620 6910 7135 6892 17293 18037 16030 12392 4381 13630 7449 7374 13500 1504 19523 7337 17493 8395 15024 3138 19511 12565 1270 6590 11721 19322 13065 7222 7119 13041 11203 12102 4132 532 10585 14834 16057 17895 15028 8821 7769 3176 18046 13094 1324 14930 3459 12702 15768 2282 3332 19935
19343 9034 11899 13759 7924 19075 14817 823 14945 8450 8058 5266 13967 8048 8138 14713 8526 18370 13518 16509 10195 2086 10113 15476 7311 18834 17073 9676 10440 19179 6240 7147 15024 5838 6514 6598 11047 8518 13495 14618 10763 18979 10198 2327 4984 4119 1164 9729 19484 14765 11146 13940 8260 1978 11177 11313 16551 3102 854 17568 16179 2438 1629 11542 17470 5511 8662 15623 16470 10375 14521 4360 11830 12781 17345 5437 5749 13312 1944 10724 19670 11943 778 11492 700 5772 15289 18052 9477 1437 5546 356 9731 4508 1633 1414 10749 4654 19836
14759 10345 14418 11410 9392 17257 11558 11789 13689 9429 4271 15685 11294 650 4938 2642 8640 21 17395 16192 10990 6648 3295 10084 3057 4376 9756 7639 18403 2850 16023 14242 14298 15328 19135 17426 16368 11202 19182 8843 5682 2252 4042 17535 9087 946 6509 4420 16000 13380 10932 3629 2521 16159 6085 8482 4034 8968 19858 1240 17067 19985 7766 7321 11938 17407 8854 14063 12416 7926 18639 3311 19052 5454 12431 13076 5871 8835 12824 9673 3759 834 16575 13810 9077 12651 15789 3267 5516 2171 5572 689 17939 8081 4133 8998 19459 11877 6517
7208 11188 16270 8177 7090 17316 247 12118 12920 10041 18057 3349 6482 1870 18895 9431 11177 3764 9061 15270 17348 11242 19991 15756 6678 9818 14665 6115 9020 14657 16129 15092 10664 3930 3237 11933 3609 19993 19142 18079 391 9364 4817 1863 172 7035 4801 6599 15359 8401 7492 13593 3504 13197 1806 16365 17163 3578 13199 15291 8295 4212 18142 5590 17618 15851 11825 13125 9405 9127 1113 9752 1823 11236 18215 14798 16534 3762 18972 3164 12745 16070 7557 4004 17345 1476 4929 17511 1687 19141 2265 17769 9044 7504 9096 5388 18986 16910 1164
12068 12489 9696 19434 17068 11372 58 9384 18505 6455 3336 8141 14061 10595 6149 2855 1140 143 1360 7717 3469 3058 13306 12918 10914 13332 6905 5439 1958 15317 2070 9456 3327 3461 15129 15621 8239 19911 225 5302 9008 18535 191 3090 11883 12395 19895 2396 18860 15055 19838 16698 8831 4996 16075 1859 14012 10189 3097 2166 8737 5301 3002 17702 6737 9230 4338 4437 11214 13891 14220 14027 301 11715 12434 3253 1560 14355 12516 3563 2277 8459 12491 12743 2063 12271 11159 3738 10139 8740 15024 9737 4382 11256 6188 10260 19026 16687 3642
3656 15270 802 4174 16010 13747 19614 15851 291 7543 12495 15275 7179 6352 15293 11761 12005 1063 4156 16860 5308 19847 17210 4331 8988 8833 3043 10798 18341 9557 8321 1977 18678 9346 7581 9203 10068 15208 4377 7729 18610 19859 4851 6443 19280 16388 14809 18798 16249 4585 17339 7824 19428 7855 5073 13441 9407 14435 11131 12943 3006 5761 17720 736 15539 11511 7955 2590 19364 12496 7624 6246 18257 9392 15262 6104 12523 1038 9891 8911 757 8928 13478 10520 9325 10910 11319 200 3687 4019 9138 15751 10816 4308 19997 395 18830 16995 8607
9792 1496 11654 10725 10541 6825 13226 15125 3832 4275 10955 11972 11824 738 1978 1041 16577 4544 11811 6165 17544 10212 17788 4074 15693 5062 14605 12993 1632 1565 18926 12963 9662 11016 9719 17634 2044 4201 8074 7868 10013 15609 14560 6478 1419 3996 9050 4880 4997 16640 9834 19222 11706 18042 10761 18369 4686 19202 14761 17060 13746 15833 2134 8833 10996 4265 2858 14235 10959 1523 18693 610 4047 622 1833 10292 3207 16170 11134 2650 5531 18467 12269 1745 923 19931 886 14060 12039 8976 10756 19112 6625 10064 4713 11708 10341 15935 12510
15087 4634 4309 19038 4272 13912 18769 2164 11281 18524 2348 5522 588 147 15127 13436 8374 8681 10347 13661 10032 9013 8025 1872 10268 3093 145 7867 19134 420 10825 7747 14687 6613 6533 19693 2488 18759 15104 8664 10481 8668 14841 5412 11942 5293 6825 10741 8845 4314 7114 2061 7457 16819 3592 19137 10105 12195 4562 15202 4929 9263 5991 7430 11620 10545 11062 18112 6240 6311 7018 16304 17183 4030 18915 3451 2680 10404 12400 13736 16103 10 13471 17587 2900 17537 6758 7344 3220 9133 10976 11302 1002 12982 509 18453 17517 14768 671
14224 9857 6260 15835 11442 15567 1564 3465 19508 15123 254 18815 19599 19058 12915 15902 10955 16892 1640 14193 7729 18676 4290 4560 10348 8976 19858 12502 1948 6127 3886 10493 2625 3307 15340 2588 8578 5145 11308 14296 15389 6217 19693 11336 11153 17330 10048 10657 2597 10798 15515 8312 1518 19301 14762 13554 11244 15558 19834 4237 239 1434 9457 8336 18414 5993 9311 10636 6748 16937 525 5702 6735 3741 7312 11861 9867 15027 2375 11833 16148 7672 12292 4049 5346 6625 16130 18459 16664 16585 8806 8988 12491 15408 12266 2634 7189 5877 13132
2293 2522 18984 17697 5566 13796 5283 2636 13126 7665 3393 13607 13541 12060 26 10666 19272 18121 19495 3816 18866 12027 13613 13182 7872 19399 16417 6172 16652 5424 8588 16954 17770 11375 2998 1835 15 19690 18014 8583 14093 12028 14532 14040 4511 9561 19646 19333 6139 17970 16788 9161 13828 12625 8985 3116 3687 1046 6818 4680 2435 19210 13715 3851 19573 7341 4425 2265 8077 16457 17617 8060 3324 17076 18306 15073 15559 1680 19955 62 15685 3768 1689 14882 6779 12600 1799 19044 12064 8745 2376 7985 220 11265 15587 10348 10133 11499 2791
18199 13117 3769 19023 9495 10892 2405 17589 8405 4956 16875 16609 13366 2163 18550 10692 5038 10422 16176 2765 11412 3201 8206 12209 8358 9288 1946 7650 11405 4906 8118 11421 1246 19618 9275 5628 19084 19829 11128 11683 13810 3282 14727 3122 19101 5821 8088 8734 6951 2059 9238 19983 7217 17815 2696 9112 7334 17357 1216 2671 9880 8708 17598 12681 11994 14763 10703 19718 10645 313 18749 18061 1361 14165 16785 11445 18548 6731 16449 11882 1621 780 15649 19932 1668 11643 2546 19591 1497 7504 2699 14456 1995 7509 1987 17571 8683 2529 14008
15937 1622 12426 18477 12551 685 15017 7169 15837 2093 8692 854 4062 16546 7103 459 7756 5137 17189 17605 8200 1558 18430 8724 14131 3935 917 10038 15441 772 13682 4815 3994 16547 548 7307 9030 16349 16071 14246 10564 15708 3114 622 7455 18116 11573 15309 13695 226 5770 6947 18700 1416 1094 4601 16142 16664 19376 895 9117 14647 11271 5936 14322 8008 1412 15996 15615 1084 15169 5197 5417 5685 18387 17847 8351 4666 19303 13470 17837 5975 12610 10410 3101 2153 18984 2156 11332 15067 7030 10963 1725 210 14101 3638 2207 953 19023
18731 6624 4195 19744 16481 6465 15070 12629 17777 4504 19952 8988 15776 12321 7292 6642 14230 3172 12266 7230 16082 17200 13999 14077 16845 11799 10189 8332 15417 9400 6692 6645 8344 14355 13172 13638 18762 1425 15678 11846 6618 11073 4138 2717 11272 17169 1306 15209 14325 19884 14499 11919 7712 7895 44 12091 1264 4060 11547 4404 17791 5575 7357 16468 18020 16111 7548 4358 15247 19338 15820 19171 12599 3793 7986 17366 14505 1253 18169 2678 10651 5795 8112 136 99 9516 10075 18434 19167 12295 11347 3676 6897 18684 5356 6534 6626 196 13285
5588 16294 11446 3425 5795 9565 312 2054 5701 6676 1155 11341 14873 69 18651 8293 658 11204 14451 14745 18739 2368 12373 11940 13842 3853 10277 284 3013 3166 13447 1381 5047 18045 3609 17348 16900 16385 9326 8480 15462 15851 17910 12844 7311 6203 14641 6804 5558 3020 3402 5404 1324 4952 2281 1501 7738 11896 5111 7403 16805 1604 1341 14237 5296 9738 6701 4993 14475 9186 2237 13285 7261 14095 10807 9905 7374 6847 17204 17576 909 702 14256 11534 9582 15882 12624 7689 17716 3183 10184 8471 19993 1312 4393 14923 17699 18522 2269
1728 14181 4355 13537 5838 2041 5708 9839 2573 11313 5048 4867 16953 18692 11082 13617 19963 5229 11598 5499 19119 13772 896 4278 18944 7145 19522 11004 1783 14335 8375 8569 7662 11811 18649 16201 4464 11861 6204 15678 5688 3726 1132 5795 17510 193 17515 8381 6819 18695 10401 19082 1907 13840 12952 5512 9846 3273 18225 8062 7079 9901 2796 16341 3004 4149 4564 11219 7040 12367 5347 1023 581 14276 19650 18914 8948 13056 4021 18415 12330 18796 1457 9391 16900 12808 14477 12429 6266 18683 18700 2222 7953 2332 10165 17303 4571 6297 10612
17208 5841 18196 16781 6292 7834 11833 17122 7484 5151 8472 12756 19935 1993 4678 13118 18627 17658 2568 2235 11199 13534 19478 9313 12548 14548 978 2704 8262 8651 17834 2820 11043 6721 18290 12992 12850 4951 5297 11601 13289 13195 3331 18717 7882 13084 2342 11082 17567 4291 10132 10664 16561 11451 9016 4247 17989 10950 5139 18838 9642 12736 3507 12617 1182 3166 6143 163 12425 5303 2979 19429 1774 13548 4031 5925 7331 8320 17702 1569 13576 17814 9015 6443 296 14437 19685 16604 15230 4930 5533 6330 6000 8947 11476 18629 13427 18368 3061
4934 6248 18214 19551 2506 6876 7354 3838 17130 8872 2014 15802 10524 14230 2487 4227 7648 19481 12875 17377 5908 7322 17707 8971 3850 6812 3025 8476 6326 16735 3036 10087 526 3588 16023 11213 7933 8027 8108 9878 11111 1756 17352 11815 1553 7602 8914 5240 10813 17605 18067 7307 18026 6612 10152 14209 9135 18798 337 17833 322 9223 11930 12704 14107 13576 3659 177 19835 2966 930 5203 6381 16167 6708 5969 11076 8665 11505 6340 4657 3696 11559 8523 6515 17926 292 9850 16563 18741 11887 6580 1543 6659 10013 11220 8391 10354 9215
1069 19818 16055 388 12403 12286 19245 6593 10316 1091 5976 4341 849 1105 15691 8092 12184 14259 2702 478 19163 9052 13648 18163 10463 12725 9162 7531 15775 11558 2786 3469 12687 13876 2096 11228 7560 8641 401 11787 5181 7651 12281 9574 2270 15181 2806 12987 799 17086 3466 17998 2210 16451 19833 4767 17992 6418 168 13617 19280 5919 6566 4586 4512 14532 15439 17812 10702 8352 2613 4302 1864 12595 7068 11880 8997 13786 891 10962 5271 12197 12285 783 18472 14957 6798 1482 2508 653 4819 14935 7900 5188 13784 1056 15802 16381 6063
45 10866 16894 351 5822 15975 7317 9004 470 512 15400 14229 1163 18916 19051 2447 8710 4938 4922 3976 7234 2351 11940 88 9567 856 10535 2573 11568 9165 9918 15501 16054 6471 1297 13320 8914 17308 10663 1642 7087 9420 9889 16097 2970 10613 4490 4517 2214 18696 423 6067 9744 16483 14533 11561 6948 4628 9799 18869 13385 19874 11583 19190 3100 12019 18466 4382 190 263 15907 2003 13239 5978 16947 11421 3021 12906 7634 8704 8856 8779 3762 7139 3219 13645 19023 790 1053 15312 19238 18265 16997 8338 7093 7604 1985 749 11610
5590 11335 3152 6932 1536 17139 9849 12000 14257 4030 2637 17371 808 19362 9096 3891 5559 2435 15607 6680 16149 10351 820 3421 14714 4153 7150 19350 17364 17274 7105 2306 6799 10430 16935 18088 3081 18361 10542 14098 12620 12343 12301 19658 15247 1083 17725 5653 9699 13183 5082 18236 18351 2254 10466 5593 2728 12960 567 3725 9950 15387 5769 16297 18198 8187 10961 3868 4990 11013 16588 9590 13533 7513 2281 10670 5571 15574 12564 7008 19396 19249 18296 13815 738 7624 12975 2516 6844 14095 8143 14597 5943 2227 9190 17608 14288 7775 233
9405 10863 8735 9084 14742 14860 5545 255 18883 17850 19341 8942 7569 5928 10635 475 8132 4058 12944 7920 14807 3206 1954 949 9114 19191 14357 15978 11893 14453 5647 10443 6782 1206 3538 7205 17842 18466 3032 2210 16030 14422 12609 8260 12363 4875 5169 15212 9996 13248 1051 11122 3503 11086 13396 7135 3791 7762 4122 4348 5203 4184 14715 14522 12356 7795 15016 9091 13315 136 375 9188 10169 19957 19547 8601 6693 9524 219 19687 13475 6946 718 1781 2749 11171 16750 16649 10317 6554 3427 6709 2099 14066 2752 5930 14866 8555 19623
7941 13799 16726 9572 18220 7226 3440 10205 7538 5672 16017 14297 18136 2495 11140 9011 11859 5741 10112 14482 6779 1056 13635 8567 19993 4458 4089 6949 18040 15914 14054 10668 3392 13182 19077 19648 5435 14667 5937 9010 12715 215 246 17291 12878 1746 12020 3903 3990 5196 16842 2787 13363 11877 6900 1294 18386 18153 14228 4052 6381 12198 7938 10728 16010 4515 982 16002 6000 15609 668 18666 16624 19507 1381 5735 17269 11823 15655 14625 11702 5724 18170 17619 11155 11464 9986 13275 12995 13991 2531 19704 14766 3777 13541 15217 11415 17677 18096
8844 9862 17856 767 15443 14779 7618 4581 9251 11456 4145 3200 6521 14461 7220 11467 7547 15681 4378 1036 17086 19464 14494 2788 18451 19970 9178 11495 1954 5974 3527 10851 16727 15719 6978 14083 15950 2069 13995 19818 9925 3564 9436 16989 13591 10375 8438 19493 15598 13145 15517 18904 5479 834 13955 3154 15569 3875 6483 16861 17122 6509 10736 1944 15920 6530 13962 6628 3284 3291 2060 15409 3896 13953 17679 10378 716 739 2560 3986 12302 18381 1087 17800 6007 12700 16105 2803 18532 8928 16199 10180 2879 5388 7863 11335 19144 10040 10224
13221 16212 13454 10598 8983 9584 15259 13439 8119 10356 18280 6351 2541 19186 4027 7991 7467 570 5790 4266 7535 1672 6587 19793 8235 2291 1033 4542 9962 2494 20000 6806 6774 13716 11687 519 8037 16116 8882 9951 14894 13433 19206 12144 19903 11744 10421 6229 14317 18977 5248 517 5393 8795 3423 6437 14915 12008 17280 4278 2128 19196 2271 6463 3252 12091 12178 19865 13476 8720 4765 3324 8110 17260 11344 18832 4073 746 10426 7767 14087 13700 1140 7432 3500 16205 16363 13605 17334 2034 3931 19895 4416 9945 14712 19743 7552 12827 11860
14037 5748 16946 9990 10096 16592 18296 7496 15161 10954 5502 9689 16854 5092 8548 11225 10930 16150 7364 10623 13081 13751 15922 15664 8177 3097 8030 18995 85 12083 7273 1470 18812 4814 7306 8114 16516 968 17738 14007 3768 8610 11127 233 8269 7368 2426 4905 3456 5090 15341 4275 1653 4817 11570 14036 4126 11004 5860 2282 13073 10213 7802 13177 8509 4447 1457 12770 6882 463 7646 4859 19897 18529 15381 11802 18767 12250 7006 1454 1962 13932 1288 19714 10098 5033 10615 18604 7839 12348 9919 10047 19990 4809 15735 18204 17842 19292 16629
3105 11459 19190 5940 3184 562 2686 1494 6950 12381 5837 1543 5047 14676 9903 15030 7969 13670 12599 8118 1664 2515 12792 11453 2179 6695 11401 14425 10141 5408 757 15144 9030 6666 2713 15520 6176 458 9514 5626 472 5038 19779 6943 1116 13453 18006 12788 7609 19293 12823 15063 14030 4109 11254 16020 6847 13064 18255 2673 14456 12266 14415 8798 14424 12149 9057 6293 17785 1682 9091 6831 12774 2438 6213 12083 6243 3425 5175 11685 4450 12043 14755 840 8717 18222 6833 1539 2459 4813 14830 18342 4232 19062 16979 17949 12162 13772 4850
18786 15152 6707 10778 16592 15042 4897 13367 17281 5301 10772 11167 14083 1756 4588 6886 17038 3173 10314 6108 16881 13765 18791 15921 10075 15091 15501 17989 13523 18879 10897 6259 10055 9879 1642 5884 19059 538 7678 923 11832 16529 6296 947 124 14262 4374 18115 10452 13300 5361 513 16677 9623 19257 8650 11449 9392 17512 15214 8002 17075 9455 17048 16377 16259 6644 5049 6142 5944 5129 17105 18227 15903 10049 501 7268 18075 618 3037 17141 10800 5799 8894 16020 16476 19715 17703 19399 3400 9273 3151 5211 7373 12335 8595 8967 1290 16175
11126 10069 14954 8024 16578 7122 12307 7241 13921 5509 399 13516 4207 12275 10025 7368 2168 17510 1199 13386 6470 19825 12573 2840 3270 17339 7316 18397 18771 14538 18705 16700 10051 18317 6596 11340 8133 3754 10569 19042 12986 10322 7633 384 3649 4387 4950 7638 9427 14076 5241 319 515 11384 16592 16781 16157 1451 11233 108 4826 17055 10776 13778 4392 17024 18467 17171 9281 939 12766 9084 10171 11497 16675 4909 5784 8183 9319 19493 11391 18884 3701 3428 14087 13782 18613 1424 19761 3075 3306 11145 3516 12662 14056 1823 5949 5539 19527
6995 1570 12545 15851 18524 16129 1476 16501 8501 16257 4830 1378 6087 17865 1028 13396 15543 5834 18410 10036 3916 18900 8702 11667 15963 5310 209 14000 13234 10697 6667 16005 19837 18978 7315 12354 3534 2256 17981 4229 5882 5889 11012 894 15884 14588 11402 4332 3299 15296 13921 16639 15679 10885 14332 14336 13286 11039 7120 4199 7935 17941 11065 609 6280 13938 5287 14268 10886 4061 1505 10438 15319 19833 5411 8138 1575 5871 15822 242 13497 16887 8929 8441 12562 19048 11514 7956 8703 18300 9480 2574 7053 3015 11123 14859 17406 2301 244
9617 14623 11673 15772 3543 12498 12913 18884 8841 3398 11383 14662 1540 2324 3928 19801 376 10382 6018 5695 12897 3761 3472 14868 17719 10616 9713 1375 17170 16237 5192 15518 12903 17053 11637 18086 4645 15975 7580 12917 15393 18232 6707 12637 18089 9573 11641 18609 7951 2642 7386 10492 9262 18702 17034 10345 9837 1723 9045 5968 3773 10814 8725 14081 354 18307 2915 3585 13015 3177 7163 15631 6081 4436 11604 17968 10750 5764 8692 3577 19328 17081 5528 16241 1877 14675 13595 4302 427 2959 698 17372 11931 16005 11921 4460 11146 3458 4371
3371 16204 2846 7321 8682 16961 10684 18219 18289 9510 19715 884 13309 11774 19630 325 2291 1579 12205 3580 5640 13617 14250 5269 10784 4816 14229 5722 6775 4549 8417 18504 3824 14550 8454 12207 15219 13769 3825 7968 6720 15663 14544 17274 12022 13468 2056 12328 1612 13703 7410 393 4177 5455 11431 15539 723 1003 6616 13219 18532 17299 14201 10805 10486 9856 6588 2918 2015 7414 265 4485 11166 6282 18834 9211 7391 9038 1769 13345 604 7848 18132 11753 16429 461 11032 10311 5179 9574 15597 3439 17371 4464 19280 4183 8919 15885 4209
3610 19368 3185 19114 17550 2762 17419 4689 11715 8845 2535 3715 8103 4220 9036 18080 19484 3992 776 5312 9835 4746 3829 8050 1428 5162 2041 3777 3125 11868 14279 12031 11117 1151 16093 9745 17719 18767 16805 6359 7630 17318 10909 13858 2288 8810 17677 12142 5068 14901 5228 10631 18607 15122 16790 4120 1127 5155 5471 4432 11288 12302 114 18528 2850 1282 45 7510 7979 3792 17743 1290 18957 4914 10904 12932 4334 19533 17196 15685 19150 10887 6529 14800 9804 17438 348 5183 5691 10726 7470 5841 7491 14472 1044 9137 11554 10778 12362
6053 13738 8842 1192 2122 9188 7273 7188 13656 10699 4192 12324 5610 1358 12007 6943 9901 1634 382 3693 303 4283 1791 9033 1824 18775 6822 8141 1054 4472 14356 5220 18382 10502 16099 14379 8225 15700 17823 4948 17333 4809 14842 11876 9169 2236 16123 18643 3917 10688 9 12653 84 19027 7337 6149 15693 11479 5382 5953 4093 18357 15265 10822 14000 14734 2182 14427 18791 3584 5169 9550 19643 2035 7525 4373 17685 5940 10088 12430 15534 5632 8045 10408 17988 44 7694 13241 7533 17763 17144 9311 2045 7122 9287 16962 2521 10705 6324
4877 114 3694 13307 15052 11145 11367 8852 2389 18703 5987 7142 1252 13805 11911 15794 1327 14044 7955 1489 15947 9778 3716 14025 4946 16332 14874 17425 9442 7743 5281 4193 7080 12429 9856 10636 11512 4805 368 12826 2029 17488 10593 18266 1902 8037 4804 4457 10805 1909 12757 10345 9437 7654 2475 7346 11473 19989 1688 19606 11830 12456 18478 12526 5786 9902 13289 3106 12296 10744 14510 11945 9293 18033 411 6645 15617 7128 9104 8205 7427 13860 6360 12006 13708 3856 14227 9428 17864 700 5336 9737 13759 4199 11811 14661 19258 7810 11154
2847 7157 13498 11988 9620 16752 4935 17911 11474 5815 12735 4461 5743 11032 9653 18854 6476 24 6930 4367 2187 15149 19942 12780 14619 4018 917 10702 15821 14269 18210 10318 1311 14434 17241 10350 12917 13561 9612 5094 11643 2386 428 6771 4522 4455 10017 18089 18329 7790 6147 11971 19105 10203 16311 10448 5608 6408 4873 10875 10013 8831 772 17990 8511 1728 18682 8001 6212 16841 9854 8544 16561 15688 5262 10345 524 3386 10395 2908 12257 9738 11065 5801 10856 19509 17596 15559 3242 5439 7406 15660 2587 16787 6306 3663 6789 4717 11624
14625 16146 6182 17914 6441 1306 12052 4472 410 8185 7500 2379 15661 342 19433 11 1055 18399 364 16339 3551 1585 16056 2030 10234 10883 8358 8530 6434 12420 12466 16697 8372 14585 8443 7420 9073 14968 894 9868 9949 16426 19285 18297 18625 17323 14903 9918 19313 8308 9583 5233 778 4483 13590 13653 15076 3950 3263 11637 9952 3479 14401 8599 10904 2112 8462 12166 3134 6552 18979 14147 19716 4379 237 9370 14793 2991 10316 4510 3445 1114 19017 2567 10951 7446 7275 10271 15346 6135 3692 14152 18136 4715 10673 1169 6008 11510 14895
6096 84 17903 10644 4934 395 19188 18301 14532 11771 3241 7521 12647 11725 1297 8178 5576 15594 19586 15604 19198 5458 9592 17782 3664 5316 14183 15395 15793 546 5015 4915 6577 4077 18475 8948 18133 9985 18215 9633 8489 11054 9618 7244 9879 3002 12355 15446 9350 8698 5784 17158 5890 8765 12800 9502 13886 2497 17618 11459 9532 12145 10416 5531 13162 17145 2240 18608 11510 18582 11628 4550 19016 5141 18522 13547 17233 17801 18607 19697 12464 5959 14508 13168 3610 19066 12047 5699 154 5828 6534 18996 14727 8442 2274 14134 18809 18980 2936
10418 1172 7046 16961 10606 13240 15648 1550 10126 695 2974 7800 9435 1667 2917 19658 18489 2429 19562 7723 9420 8381 15875 16360 12073 6104 11028 15779 19762 14498 3781 1960 14902 8994 11461 10077 9602 4632 10022 12136 8520 350 16080 4640 5487 16972 11470 1047 3519 17213 13759 6669 4161 11104 8564 18480 18150 15216 1889 13562 8147 19644 7438 17013 15291 12957 15595 12676 13607 11145 8169 17203 19253 13989 12149 16115 15362 8914 15017 10990 11036 10562 15753 1653 12558 748 13429 18649 18625 4495 821 6388 9449 4663 8111 9180 18097 12927 2188
15114 9095 5138 9593 19086 9255 2385 5304 12825 12830 11413 16328 13484 13214 3438 15091 16984 3020 18070 15460 12289 6753 16589 3454 19362 12429 17980 9676 6666 2251 17577 650 10118 17733 6795 11739 11195 9359 18294 3851 7669 7809 13561 2728 10786 6967 7039 4592 17297 5652 17184 19099 6897 17145 5368 16820 14044 9559 275 9648 5308 3008 8784 12991 6480 9500 6545 9002 15717 11203 2710 4967 430 7238 13944 829 10619 6517 14667 936 11526 10325 9920 13954 9016 9090 18603 12708 18800 10953 4597 17293 5034 8471 1614 3922 272 14036 13779
8989 7742 19748 8972 19173 5887 13828 13505 8325 16455 11744 16559 10996 2627 4684 8790 1113 6593 1083 3323 18397 8600 15790 13233 3546 19318 13716 7680 17011 16642 7264 15317 966 17278 1489 14088 14227 716 278 4422 1312 374 10200 14929 10044 5751 12124 9789 14698 8007 7132 14563 18614 2317 4784 1931 11004 11139 11970 19217 17392 10930 16892 14358 7145 18382 8732 2322 18313 15509 14983 1307 19197 19697 11166 15823 841 4073 9363 14724 5249 8389 14238 8838 16270 16385 3201 2970 18565 18602 1048 3728 6267 16729 1807 14722 9315 12381 67
8887 3875 11233 8821 16269 8813 59 2455 4825 19507 18192 15085 12200 13664 5854 5192 11879 5589 8855 8264 14021 15247 11458 16660 1699 7297 6492 4653 18428 14590 4806 8974 4279 10145 3284 18154 16220 17920 19027 11909 2608 10756 13357 89 17513 10748 7431 17098 8202 19244 12592 3953 17201 14465 19316 16945 17737 6480 10331 13052 16844 15678 17778 11293 1289 590 14376 19098 9025 19344 16241 19504 16642 6588 17227 12603 3368 10886 11279 8487 8838 17858 9128 19816 16707 13367 16759 7366 5849 8205 19429 6211 12239 16497 17604 3374 11038 8618 629
4948 11750 13371 16377 14790 12889 6625 6114 8656 8188 12734 8703 9839 18897 15623 12240 1927 3819 6707 11220 14431 19065 12422 6019 10070 15776 6770 1516 4244 6588 17284 3218 18756 2884 19341 1307 16899 18866 2194 3776 8127 4694 3528 4655 17852 1899 5048 4816 8798 3209 18894 7281 1184 12364 8887 6208 4042 11849 13481 7982 2716 15611 12052 10197 11595 1312 16712 2004 9185 249 4854 5871 13149 11026 18102 6668 996 15067 9607 15698 14551 16365 16427 19918 11903 9792 8481 8128 6112 10320 6351 14682 7363 18236 12533 8569 18418 11629 9016
16200 5805 15503 7849 13642 7434 4138 17376 11271 7393 11876 14529 3772 249 8454 15865 884 7828 4064 5494 377 7764 8109 5338 28 19506 15175 11994 13999 192 2036 14157 12282 16457 16033 12723 17276 14576 9291 8903 15349 18078 12904 12030 1121 16324 1050 14473 9173 6089 19876 12196 13671 7881 7372 15093 17125 8690 3915 14542 15337 14131 11505 16315 15331 11924 12481 5264 18243 10040 5040 17823 19498 9864 14477 1842 16813 4177 5406 652 9865 518 13561 999 18062 19106 5220 2079 17118 5295 16940 9565 12771 5390 10073 5426 14127 8103 4724
1503 1459 7706 19394 3926 15950 4727 15494 19147 16798 2345 12391 952 4964 19445 1704 214 15176 6024 958 19747 7916 8679 14063 9486 6188 6223 13697 445 11611 4431 8097 5899 7743 353 15151 14751 2998 6168 12216 15883 7078 18310 4095 9732 17175 5325 2733 6796 10460 3951 7311 14028 9523 12521 2854 2540 19704 18865 1815 19605 9561 19479 14763 6708 9603 17665 19009 5290 11838 8800 15500 7891 11931 106 2756 1609 2080 6253 2621 17618 1877 12533 3481 16673 16661 1093 600 19746 16215 8290 16049 12670 11020 14534 9471 18928 2952 1521
4087 11923 14000 17911 17709 7601 1896 12273 4928 16161 16402 1836 10642 14844 10860 11512 5358 17181 17315 16136 8622 18380 12127 6986 257 17715 9488 14495 16037 1821 8935 9793 8740 555 14178 5483 9390 2409 12399 9189 10761 13335 2271 9136 7995 16295 10727 17781 7510 4221 9924 6969 12521 12321 7893 10230 8356 18064 17988 17511 13458 12485 15372 12740 19101 6711 12448 11760 9766 11124 9087 16718 8215 19624 4213 7243 959 114 8114 11614 1962 15104 17118 2979 6647 5802 10968 11952 15540 12266 9846 12884 3190 16533 19214 11088 18603 7373 9109
2474 16981 6782 4595 19483 3009 17022 8060 10682 14431 16523 15390 19433 19612 5742 661 995 17582 4539 10191 7100 14194 3554 13184 14540 2147 5909 13370 9466 65 12548 11443 2285 1918 3140 3532 6388 11712 994 15366 15697 8845 5570 9097 16215 16761 12983 4911 7320 3660 11595 19990 7866 12926 13451 19769 7355 10778 1880 15599 14066 11839 13217 18118 19804 18389 9091 1794 18769 1190 2617 5404 5684 4644 7151 3886 2955 3281 19539 19406 17587 10454 408 11966 13244 17315 4324 10243 4283 16569 15443 13907 11343 3015 234 1089 9421 14744 13178
10451 8410 4600 1803 226 819 5700 1258 5882 9732 5543 5313 8851 5775 13564 19769 140 14043 3357 10463 17060 12820 12449 18311 346 11672 19881 14341 18910 16274 10095 17122 3098 1563 17214 17211 4378 12128 19620 4792 11742 16992 12350 17601 16355 6333 14092 17311 12443 16936 8090 14574 4513 12160 16152 2676 18942 2110 18450 11063 9569 11265 6589 5767 2430 18134 5666 17782 12594 4258 10388 3724 12053 7642 7782 17489 2656 10502 14705 146 14567 10807 4274 6124 4516 5988 6785 6310 13051 12232 703 11032 7456 10865 16912 15613 12692 5028 16999
9953 3876 4331 9712 10114 16093 13396 12229 5293 4242 2683 15084 9445 5055 19054 8972 8558 4098 9043 10951 9015 47 9578 1 18054 17859 55 8851 19386 16667 4845 16813 684 3286 12253 82 85 7595 3803 18939 14364 8222 12860 5040 11351 4826 14289 15415 7299 9782 11462 14434 934 18306 6292 18793 18392 15194 10984 14677 1684 6771 10280 17422 6718 2449 8315 6276 3737 4680 1606 12137 5396 15598 4594 6441 15104 13827 6044 1353 15481 16322 1948 15289 18677 6744 1651 19954 14133 10952 16160 1299 7305 6810 14335 7932 8895 2172 8004
6662 6910 11523 7499 15660 19651 8034 5207 2718 12610 3119 16943 7243 17376 1108 2499 17275 18142 14123 10508 6796 1867 9952 996 16313 13865 6470 14002 13973 17297 13588 12466 16713 11947 6341 11616 3973 227 6937 6368 15054 10888 17063 3223 9912 2320 19485 17783 11830 7361 9802 13789 10388 5457 3081 6475 3992 1831 18979 6200 2124 14584 15176 2330 19923 17026 16336 19453 10818 2039 5141 10485 15310 15161 17696 643 9964 743 11114 18671 18122 7628 6309 13681 15446 10858 4283 1788 17348 12938 1185 3943 11777 5802 14746 7406 18468 15173 5291
13298 10081 8402 4539 1217 17275 2261 7574 4712 12046 12580 5114 8408 2240 659 11484 15066 11183 13003 662 17390 11657 16407 4292 814 14955 13009 15003 19587 1059 647 4401 11499 8232 5275 3353 9176 18889 7707 764 2252 11159 12632 19746 15220 10059 11915 3420 1731 16493 4443 10769 12132 14761 19352 13063 19002 4005 906 16659 6902 18445 19947 251 6826 6313 5667 8604 5365 7666 1673 6869 6186 704 14487 12672 17269 6047 19263 7171 836 13973 12524 13685 15525 17553 9134 18245 15576 12445 11599 13624 13524 799 2457 6961 8703 4072 5083
12692 14200 13300 1185 1846 17990 4178 14653 4647 6349 12098 13328 19106 13786 13760 17462 8251 7397 5469 17932 10097 3510 7562 17368 9676 15894 3789 12379 13526 18697 57 10797 10994 10730 10270 14471 19718 1987 5433 19877 19945 19189 19813 16756 3124 6777 6177 1215 16202 16579 7023 9649 5733 9069 1370 7601 538 16531 2450 16804 8643 6403 18543 6893 17767 12895 15117 19434 6575 13699 13574 15258 2206 2268 9097 9665 2068 3388 15164 12524 19315 9486 10604 15711 19590 4894 11640 2681 146 2172 1049 6084 2792 2474 4572 4184 3955 8823 12794
13692 9116 3646 14386 6262 11584 978 19988 12637 776 2696 1683 11213 13521 15138 14803 1681 8307 14138 963 19447 17994 304 877 5450 15601 17863 5601 12687 16732 19640 4512 11038 941 6836 19684 5890 7816 16022 8494 19101 16133 14459 836 15497 11085 19193 7037 14240 9864 7199 7128 14947 9638 2014 3408 8097 13790 17342 8634 350 9628 3743 8016 2300 4495 1179 3592 5527 19899 18104 16259 5859 18082 3903 7708 14190 5157 19795 10699 1510 6646 17192 6227 19351 19239 4723 19571 12729 19420 9620 7602 5401 11750 11572 12056 11764 9858 13560
2185 16196 17831 14312 5807 15767 14939 7320 10620 12540 16906 17649 3204 16522 18373 15739 18775 14746 17860 797 16457 2705 18660 12774 6029 17628 66 10608 9353 887 8178 14180 1078 14523 10511 12153 14395 1706 3076 16186 10188 18129 15600 7253 16079 15613 1692 12507 19407 13444 3417 8412 11230 19687 2086 18140 13556 19472 6624 8020 16552 14091 6608 1998 7153 5035 15042 1499 14814 2302 6222 17958 11814 18588 3617 15432 2442 14065 15026 6961 14289 5036 3081 16520 8750 10692 5872 8247 643 9878 9590 13157 19682 3978 18839 7503 18933 7170 10239
8277 13116 18443 13968 17317 10909 10989 8327 7051 4654 11722 4954 12537 12940 1429 12641 1374 10546 12117 10509 8692 15889 7947 12769 8276 16874 4794 19789 2621 1091 9064 956 13708 5972 7063 523 16675 15383 4921 17256 16764 4367 10734 276 10473 17000 19270 2683 10165 16059 7403 16076 10936 10935 14066 15388 16006 8745 4259 14848 4134 5729 7890 11467 18942 9286 2592 8714 19475 14463 8796 17325 11487 11140 1819 17208 17918 17519 1318 9078 5061 4412 1252 10352 294 2941 6461 4341 13939 4251 619 16421 17169 271 16955 18223 17735 13223 18285
9178 13743 10185 17639 11919 17627 14239 6639 1598 781 4289 15524 7606 15833 8373 7238 1190 6434 5238 6371 16437 7019 19342 13957 16436 4841 17383 11940 7005 13302 14362 11223 11862 4126 16643 19847 17527 7252 3777 10919 3010 16223 7535 19919 1848 10386 4198 4578 17193 7479 17984 18589 15079 3414 2083 9109 10026 8378 19747 16261 9757 8521 9391 5192 12276 8386 13170 4945 15626 8868 273 6143 8430 2062 8476 1311 5338 4396 16461 5941 18811 6812 12401 5384 19924 381 10306 5005 8233 12629 1163 5715 17232 492 16802 5055 9799 19755 8246
2486 9139 12290 2118 10731 10751 18687 4567 19445 9631 9529 5406 14904 18404 10878 7784 8324 12638 18061 8314 10865 18864 5543 1215 9571 18224 11834 19253 4005 14955 11066 18959 1863 11704 6468 19699 14639 7596 14548 15768 10615 9274 9059 18667 16528 910 5142 3542 16160 17060 15282 933 10165 1948 19461 11730 8347 8790 15087 6489 15602 12688 3797 4731 15984 4291 4056 5736 2452 11316 4440 8467 15861 4879 8677 13649 12946 17654 13820 2351 7728 14539 6862 13220 45 7428 3788 1354 5 19462 3408 12880 5368 11098 6314 346 1915 17276 14774
10324 19345 11537 4403 17067 14018 19045 19926 5282 11538 6318 6349 15818 1236 14436 9277 3131 12995 18379 13747 8191 6979 10742 16199 251 6425 6566 8387 12178 18707 13040 12511 4861 14770 11616 13204 11426 11141 6458 399 3364 17668 9174 16256 10634 3093 18950 9868 6249 3605 8839 2181 16729 11542 8348 830 4195 19548 14009 15327 5823 15335 8912 18008 16614 4154 6675 17953 3487 9631 4072 17891 12492 16588 13127 7580 5063 16207 12217 17538 13799 13111 8964 8097 8732 2418 13145 564 2024 957 15972 2312 18480 2717 6879 13584 17927 13018 12915
10609 9243 8689 17857 11611 3547 9748 8162 1185 16028 16046 19275 8601 10555 5108 2519 15813 432 11828 778 5189 2109 1201 17572 16417 1476 18028 18500 2658 12575 10389 9768 8911 15840 88 17660 14550 19766 19578 8320 19995 13397 515 401 19021 729 17966 6893 11447 15334 16804 15450 14164 3157 7288 3094 9792 13289 13991 17537 1774 5743 1413 9954 620 4715 9395 4381 10399 13593 4863 11480 7496 19792 16590 3911 7982 15372 10702 15163 13217 15754 268 13050 1930 2883 4339 5630 19282 958 6072 5571 13439 7732 15144 10147 8784 5972 3931
1074 6594 6260 9822 8088 13077 4821 15026 14991 7754 17734 668 9114 7866 18806 16200 9636 3219 14861 3073 4668 18362 15109 5998 1033 8374 10076 1238 19787 15630 16041 13177 968 11759 10241 19900 14358 5797 7879 10885 8661 1574 15245 15862 14771 12218 323 18101 8170 4616 1605 6732 8935 8977 16759 18317 6351 7081 2937 8444 6481 8944 2194 4023 7235 15051 19683 17474 10143 17753 9485 14318 15257 1367 2901 5237 16527 16864 8460 11698 12637 18742 17269 16359 1202 2225 13179 18470 1819 18348 11825 11013 6227 1912 14456 16473 1462 5325 14721
3400 15739 14217 17417 12440 2570 12060 19538 6815 3479 8390 1864 1706 14756 6498 2961 17144 18497 9497 4563 15382 14560 595 15253 14414 19794 902 19623 2116 8520 12128 4442 13081 6312 12134 9358 14333 8961 19848 13593 1657 14995 10212 1731 3331 14223 8555 1082 19422 4607 17224 1703 592 12703 16542 13492 18344 1602 10437 2710 9154 6907 2376 5490 18220 16989 33 2437 12684 4028 19321 15026 18327 13579 1809 4999 18769 12487 15252 19802 14356 3660 5060 15023 12315 3433 32 8562 18154 82 63 266 19676 9102 15961 11468 14383 10084 17803
8530 3961 120 7998 12998 16485 18569 6516 773 2874 4580 16933 2982 16288 4186 13832 1725 18075 8486 3493 17790 19928 4434 19758 6886 14691 14178 13155 13169 3948 10543 19582 3636 3225 11777 8122 18110 17566 13334 15908 17441 14054 6035 5377 18339 3570 1788 15029 16764 17946 9910 18684 7551 15292 11726 4539 10353 16883 8945 1487 8779 13896 2392 19579 8902 3575 11987 19235 17345 14003 2075 1331 3847 8571 9182 8321 3385 12330 9565 13823 6011 16717 16364 558 12787 14607 1998 17259 2790 14082 15160 3416 211 10718 13128 3696 13131 2716 6584
8678 13833 17936 4238 11303 17608 8238 17154 19403 11263 17265 1665 5659 11657 19999 10932 7813 2941 781 9697 18669 15985 2547 18372 9360 8606 10757 7712 1005 13502 4980 1885 14264 15742 3155 16356 478 18134 13083 3554 13550 5621 166 5796 7183 19830 9230 3203 16148 16373 14457 6983 12865 4792 15827 5452 1093 17958 2840 8000 4857 15922 4701 13325 17366 5972 5984 13225 4007 10033 15951 10345 2734 7895 571 10580 13199 6937 18432 12933 10081 9814 18699 626 14148 12898 9435 8159 19585 9301 12047 17621 15063 1765 8751 9981 9114 10591 12581
4729 925 8113 3997 13898 18066 988 8643 12757 10328 11057 17434 13733 1476 11872 4787 15907 17376 345 10395 19684 229 17892 17833 7546 6987 8921 2237 2781 11625 930 8504 6010 11742 10817 818 2736 15843 6094 11363 11396 11413 19524 13508 9429 11313 16911 17370 7955 19146 6641 16364 6254 12087 16775 19154 3715 4812 4153 15221 9752 13994 4889 10822 1366 18149 9750 8883 16779 1653 2444 7188 10185 9000 8758 8635 2766 18956 13061 5128 8190 6213 1084 496 10922 2951 10832 10644 3436 7765 18524 1747 10785 11187 9719 12242 13612 4273 6552
8854 18542 10295 9697 12065 8993 18448 15705 278 8286 10345 1996 6833 14627 12371 5292 9000 19016 17605 16155 12817 9780 15428 2478 19714 12921 17717 2525 16285 5083 16034 1089 14732 19697 1436 10911 12417 17132 13814 595 18645 3804 1193 6264 16043 18622 11090 13538 1843 7155 19367 7322 9330 19809 3075 10050 17107 2843 14276 8008 19232 12116 15930 18443 18105 4795 7931 3648 15731 3287 12652 6883 12765 16365 8355 16162 12047 3272 6680 7294 5073 8498 4267 18514 6747 3056 16115 13245 10882 10241 9350 16018 14605 5539 11900 1895 7106 5085 12861
6632 17148 10555 17635 5695 14740 17896 10970 15614 19783 2817 10715 10138 13639 15001 4255 17595 14789 18096 2458 12971 2753 1436 15985 19935 11148 13012 9401 5620 7336 16689 12339 5542 9307 13362 12520 370 16208 19253 16242 6339 2593 6871 16333 19786 14765 15500 15588 13689 1275 18743 17137 8650 765 4843 5973 17381 2900 19752 10001 5737 175 19332 10659 3446 1886 17185 16206 1760 19681 18600 5250 2124 17902 3258 14427 16558 9596 2528 19234 18848 2088 11685 3996 12541 16944 6952 9762 10422 14781 9800 3172 10441 16582 7618 16230 12074 12270 1997
275 7614 10977 11300 13928 15457 7945 6470 7369 6310 10465 373 17026 8184 1361 6767 16106 14757 17359 6155 18367 2847 4615 3255 8518 2341 13240 7457 3313 8262 4820 17221 1077 4242 3460 2737 6285 18961 1290 12374 8992 1336 1430 8850 19622 1559 7855 19085 7473 750 18720 10413 15288 10520 11034 14079 7537 8149 5090 19861 14896 16393 7012 8606 912 13488 15920 2235 3988 14149 9318 2422 11775 17467 14942 10296 17792 12138 4652 1577 942 7419 18047 11476 10094 13449 8020 5329 3789 9489 17172 19426 13381 13498 9121 10083 19995 17110 13513
7755 5599 7006 11024 12951 4234 7748 16651 14970 5830 5123 2917 6132 9503 14443 6812 10424 8313 1569 19244 9048 15559 19605 16840 5217 5438 14017 1828 307 14423 6075 5175 10506 2257 14165 17876 8400 5151 16983 18086 19247 404 18215 18929 8185 11956 7721 2946 15501 7990 4046 14667 11585 8461 13450 16756 15949 18696 13529 18966 16665 4225 7452 11040 14685 1815 11303 18435 1539 17128 17739 13202 16587 19316 15372 6826 8105 4382 14940 8305 15730 8072 11392 4139 2615 9257 8825 5867 17827 8806 14087 10280 5434 14176 19886 5785 19897 7503 10560
11360 14156 12763 10495 6194 7462 13773 1393 735 8992 6122 917 3725 6861 3520 4621 2785 499 3761 18767 4080 8716 5454 2697 1434 783 12933 7166 16456 4476 3127 10931 14127 9047 12867 7426 4243 8180 13847 13867 13592 16345 16677 10371 4507 10342 15196 8708 3457 19451 16461 12903 11937 8406 18522 16007 14678 8509 19238 19933 17528 5668 3491 18520 12783 8896 15252 4434 11938 19327 17608 7181 2186 1861 3159 760 2666 15179 233 743 18772 10840 14587 15918 6485 19163 14063 14733 11430 642 1135 9448 4100 5226 7990 17228 4246 1255 11300
17534 12733 18408 15198 2 8970 8606 616 6111 1086 5877 9888 4770 6644 5256 6526 11262 382 10855 151 4762 4362 3194 6980 14862 12478 6591 13074 1632 3483 18009 5386 8017 9585 19682 6211 2127 3532 15783 1610 6270 18732 4306 2748 3384 2861 7054 2368 11097 19104 12896 4754 5136 5623 43 17584 10388 2460 12450 17529 17771 740 15184 7006 10596 7726 8333 4152 13877 2674 3419 5997 18904 2347 6928 19200 11778 9555 130 19339 14148 14606 13467 13863 5310 12496 13117 1029 18023 18063 10308 15190 5412 17066 16885 19891 1756 16758 8971
2968 17192 13244 19654 7693 1225 15830 11836 10910 10896 9030 1775 10582 13829 18840 5664 17060 19150 18201 1217 16790 13110 7766 19078 10667 13558 14241 18080 200 6875 19757 1640 10638 18263 4106 6714 8756 16551 11141 4602 8682 3959 12383 9455 9250 14791 4299 13585 1519 19263 5155 8352 6057 5354 982 4053 16974 9711 4368 15 10580 10516 12548 1308 9298 12168 11571 1871 19037 10342 11107 4489 5453 7471 6672 1517 17191 10981 19419 18908 10744 4347 5045 17205 8192 8748 10003 14931 8438 1394 12463 4689 2893 5545 15330 16478 3469 3403 11558
10129 15421 18090 11282 19359 11770 13382 15385 18986 8444 12229 8424 7577 11207 9313 3925 2199 16637 3064 13841 6313 7913 5408 5132 6298 8983 3294 15019 6147 3291 2551 10677 1771 15538 16830 13803 14524 13910 4195 2298 8648 7231 10539 15351 448 17093 9191 16835 14689 9204 17605 9745 10649 5710 16255 6538 8363 16122 10071 15896 10297 16094 9120 15042 7856 11845 9519 2151 1777 19224 225 13932 16052 8602 6123 443 9607 3565 18907 5921 3049 3339 13433 4116 13408 8934 19241 11939 2274 18380 777 10982 70 6789 12662 5534 16139 14009 18066
3662 4214 6630 16607 92 8121 13938 907 8997 16094 17061 12923 11560 4733 13721 5204 14311 6898 3961 6067 13816 17735 9338 10692 17158 12986 15759 7255 4711 18803 6614 15755 4078 16592 11286 6288 18452 14288 8718 5188 15522 5013 8763 912 16513 19487 13352 15001 14183 18333 12002 16238 1473 397 11261 18892 17217 12272 4522 14430 14277 12727 16538 18583 13875 4740 4971 14458 18985 11291 12004 17265 17157 6447 10051 12807 9257 10425 11917 12234 12493 5004 12201 17751 19101 8434 4085 18591 3830 19178 11646 10149 7162 4319 7531 17410 6523 5539 9207
9355 1240 11635 8317 14603 16844 12971 10413 11675 14612 17008 1163 9283 14419 6511 9363 3988 14958 15900 3461 16784 17601 10883 12602 3921 15514 14780 7728 14544 5792 7154 17089 18956 130 8467 13335 9073 19117 208 2391 12446 19611 13652 8423 8738 583 19048 4800 10734 16021 15321 15686 8011 12302 11778 3971 19995 11618 5450 19485 18311 17847 14881 13741 19883 6109 2586 11962 17171 8386 9814 19755 8867 4179 4118 14094 15948 6369 8362 8313 3060 18927 9306 8449 11049 6113 3704 12669 14600 17850 9233 13607 4578 13534 7775 8859 15466 3221 6923
6812 18404 19385 18783 1856 5702 18308 6388 7681 14556 17497 3618 17579 1866 15200 507 9176 9958 9027 1804 8026 10998 10211 12186 5548 2744 1507 14874 16311 6215 13405 14784 14059 18828 11151 7962 14049 8355 7312 7359 13514 5244 19109 17559 19482 4048 17888 5261 19340 1774 15132 18544 8634 11269 7233 17065 12040 5031 7306 17456 7255 1256 12535 1110 12744 13333 5243 3255 16884 10817 6433 16155 19043 12544 4714 17383 6715 9175 18626 17591 18455 8898 5362 19986 16194 18039 18949 12669 14338 8095 6080 2910 19790 1060 4384 7246 16505 8585 8975
887 14172 17380 11997 1025 4687 19612 7718 19362 13882 15516 15203 6293 17871 10077 17517 12845 9984 8869 3950 4524 14818 15473 10714 5099 17166 13465 9792 11980 4983 3838 4513 2825 11654 17229 9119 13749 14467 9674 6168 16654 12805 4023 3510 2447 13730 10745 1961 4108 1948 8320 821 4862 5067 15975 5330 16837 7710 15535 9239 2809 14718 9698 9427 15522 5478 17790 13809 3698 2997 7434 941 12914 4631 12599 18071 10797 7593 6186 19200 17957 2896 14902 3590 11495 11331 2741 17755 7329 5120 13964 15752 4711 11794 12237 12773 3480 1933 18708
8391 19588 16295 13865 11781 11202 7049 5141 5181 2047 18706 2936 14604 16554 17269 13119 16755 14115 5265 16124 7790 4101 12898 15844 18390 14176 4116 14529 2421 1802 8914 18788 13834 7619 7937 9260 6140 7769 17007 2529 3548 19593 7637 11631 11771 6563 18933 132 10868 9225 15601 9794 9951 7573 4067 2789 439 19528 19424 7979 12147 6726 1721 3971 14175 6606 11803 9092 5036 8822 15463 11701 5687 3978 19582 16091 4743 2743 39 10924 8369 12008 4688 10854 2253 11084 16210 16780 726 13900 9072 13939 14235 8047 14945 2819 2792 8554 7092
700 16675 6944 18582 19376 8227 18011 2811 3931 15089 5634 7606 12757 19656 11035 3023 8519 13117 10362 14063 518 9433 10762 13754 19198 7576 3026 18412 14900 11230 8435 8811 710 10598 9773 14627 12515 4959 6624 4212 1682 9199 7401 13526 9077 18738 16934 12987 9764 6435 10666 9379 4523 8097 5303 692 9529 3439 14550 10967 11043 15535 7138 16158 399 1107 5068 9428 3898 9683 3485 8194 4834 314 603 9907 16021 19148 10393 7385 16260 19412 3681 15940 14493 17675 10112 2937 17511 12373 14381 19220 8200 13981 15949 13693 12802 7521 12887
11882 6802 2046 9434 12779 4009 15748 15348 1020 6740 19349 14399 1705 1829 19289 1561 17131 14711 1144 18822 15655 9600 7120 19200 4746 15753 19694 8778 4808 19362 352 4540 10075 867 17783 3888 16111 2663 10868 4728 17637 12877 11440 8451 18363 19715 11441 14626 12114 15054 17261 3286 10359 1301 3213 6998 19636 1910 17758 14855 6649 621 11123 8468 14088 9512 8925 8728 8552 7674 14902 3927 926 18976 631 14072 11917 9817 5875 13386 3820 8912 4285 15129 10048 19049 8458 7015 9613 13711 5845 8657 2924 7624 3631 5662 10215 5513 1957
13076 6638 17256 5311 10070 14458 10787 4523 11923 8324 8613 10317 12341 11859 6360 14123 6584 7864 6391 11748 6374 3093 2962 12322 11032 6481 13482 15163 17061 5835 6826 8234 17460 2689 9975 6891 7495 5342 10807 1747 13435 19420 2724 211 5372 3559 3638 18714 2413 12424 17037 10053 10914 18396 11939 4882 7503 4828 738 15175 5486 8471 16839 9402 15278 1702 3666 14294 13432 19221 19242 6290 3227 1498 18260 7128 13411 16194 15632 9786 14618 9126 9656 17628 574 3700 11040 382 15848 15879 17965 5991 17495 2647 3563 15546 8495 9175 14218
9122 8797 1681 17190 5515 1804 16562 10734 11323 18948 15512 7598 12259 16821 17928 8641 15649 5672 15797 18807 10461 9531 7802 16662 927 10914 17867 4039 19507 17624 1902 11272 15686 8168 14330 17004 4334 2609 3111 3374 14264 11460 4907 5929 670 3968 3370 18339 18684 5396 11165 8388 19867 16723 15906 17981 16767 17599 6191 1645 10429 14258 8785 10672 16459 2224 6746 16749 6473 11240 7279 6238 3569 19796 13462 3585 1253 16858 10893 14697 4011 11592 17802 16684 12521 19481 265 10504 17146 8370 11532 14091 8238 19898 4151 575 6152 7193 7516
7297 3240 2117 9166 9512 17833 8462 8020 8912 13487 17209 10561 5828 8211 8915 171 14841 16355 12224 3259 9753 1128 4669 12336 18101 11251 7555 6747 10883 16855 2651 17902 4847 5419 3597 1535 694 13406 9584 11098 13499 14170 2772 8652 11667 8951 1996 8531 7221 8870 6762 11053 9040 11420 7808 8809 1087 14055 14275 1446 19326 9007 9646 18739 6830 1095 10049 17140 17542 15131 6092 18017 6727 4630 1742 3649 1964 5864 16438 8884 3140 19053 11245 1886 5278 17610 3027 7042 9914 401 17675 19950 10213 3587 8955 15706 19335 8126 9363
8328 15041 12038 12900 4826 17990 9738 10701 6911 15374 5544 11563 5352 810 13959 5204 4789 18870 19517 15655 21 14158 13665 16357 14688 6021 14028 17586 15742 12459 7663 15230 7423 16778 19653 10952 19882 5846 3655 12564 19629 2889 7771 10525 10637 7023 6230 6375 4304 12904 6487 9599 18925 12338 7560 19665 11501 10030 3185 636 17288 8846 4421 8446 10123 18377 10597 9976 830 16218 15440 16985 14347 7145 12676 2973 19195 1348 9286 4727 11601 14915 5351 13747 16157 11702 8478 17086 550 17851 179 10729 1873 3932 9129 4772 16767 11649 12639
13241 9937 10130 17899 634 15971 4276 6865 19568 7018 4343 11279 13552 10700 6631 7516 8641 15851 12534 2232 1476 1676 687 12142 14111 243 19671 14870 10729 11648 19999 7036 13354 13474 5645 5622 4703 11403 16588 8374 15407 7404 1525 18964 4180 5371 726 10930 3150 15487 11329 8646 2421 18450 4431 10481 655 4842 2472 14702 14980 1736 3753 3179 15873 7183 12310 14138 9892 9684 3664 19491 15921 1360 16489 4949 16580 2285 5238 10149 13693 195 9544 2388 9870 7174 16762 1120 4117 11220 14352 1899 10960 10528 8363 6094 13096 5164 1333
13521 15782 4332 6457 12719 2249 18888 843 4308 3559 3325 1985 3984 12600 12081 6112 8660 3647 11876 15157 16023 1428 9850 5679 12858 16286 2424 5427 3755 18979 19032 8923 16077 2411 2139 13537 3901 8532 4061 11838 5874 16367 3835 2742 15695 13891 11770 93 842 17377 19939 5692 7585 17712 3153 9927 11237 18471 13837 2056 12307 3420 1190 12921 16559 14370 13174 10367 19043 2212 4039 14422 18185 16948 5553 1430 17014 3385 5361 7820 1577 1222 17569 11216 4975 9447 2767 3078 14020 6887 229 6423 14335 3773 184 11583 3753 19963 7289
14720 9813 19751 17071 1098 5450 6821 4751 19013 7079 5171 13025 8580 11781 3247 6319 3939 13319 4016 19244 5039 16976 17675 11622 8630 9245 4935 2083 5736 18669 1660 4139 17976 10660 14977 10349 7252 13889 3437 3532 16192 13588 6708 8594 11219 3058 3731 3023 12221 2416 16950 4555 8387 8855 5981 5751 1539 3889 14676 5704 3470 5218 15948 8395 1146 5339 18421 6856 9423 14448 5642 11355 14706 7044 4632 8490 1372 14170 8513 8001 6422 989 17728 303 13388 5193 16481 19824 14024 10739 17887 15091 12087 7453 17177 15540 16008 7907 1992
10467 15254 4200 17829 14172 9634 7916 15974 17040 14554 17916 12636 19827 4038 640 8524 13095 7205 17343 3020 17109 6884 10984 2882 6610 13642 12855 8773 10729 2790 15836 4403 17726 13688 13770 9881 17007 9654 8130 16621 2942 7788 2626 9474 15619 2174 8568 7587 13395 11025 10381 9709 1845 11607 16761 4971 18851 8478 17396 10101 4168 3174 11358 18284 7634 11455 17509 7720 15061 5214 1622 19154 7463 3987 15877 1247 14999 3188 8455 15641 14231 14983 2618 4894 13294 5830 12879 16504 3851 11937 12835 16476 14499 6979 11013 14424 18214 17225 17029
7612 10996 14949 18105 7723 3153 18772 19424 716 1051 4787 833 16039 1781 18916 3474 6982 16075 3697 5457 15369 11794 16846 4265 10961 11203 2961 4593 3234 4320 396 13223 295 9690 12152 1558 11928 15642 18508 8706 14554 13242 5857 4192 5752 19904 16895 8049 7655 12915 10022 737 10640 6097 4994 9639 12314 17575 2878 742 12540 6277 7553 14954 16400 10004 919 14820 1221 5801 12101 18336 4295 4315 10591 17819 18848 8331 5162 1349 15226 6951 12851 7043 2980 8303 16627 14539 9142 8105 2944 433 13938 8379 18645 13256 4605 14591 3947
913 15354 10286 5224 14479 15352 641 12226 6039 6786 832 17429 16125 6481 3010 19794 16016 18538 994 17232 6943 14154 5070 659 14963 308 10737 13320 17480 3213 3481 625 11682 17483 4001 14527 14899 11186 1550 18385 17637 11638 2819 8069 19707 17375 15684 182 8078 3751 18456 18138 2124 7846 15311 17351 7987 787 1871 10086 11932 599 9102 9611 9797 8356 6890 16166 11847 9418 6491 12909 6211 4331 3458 13961 12368 6026 2823 675 6974 4417 9063 7723 13023 14904 15087 15489 17243 8232 3005 3036 9185 19801 6318 2554 4785 6420 1463
11221 17287 9179 10923 17286 16185 15536 8113 14655 12532 9425 892 1807 13315 14557 961 3886 6702 10149 15628 2207 11036 7455 7449 701 16830 11258 15058 6351 15711 2274 13894 9247 10017 16438 1161 4466 15346 11339 15995 2801 10585 7242 7235 7825 19681 9220 7270 7754 9570 9437 14818 702 17439 818 6704 7978 11471 6997 15211 3488 19038 7808 9648 8224 15719 16150 11783 2584 17478 18543 19152 10878 4826 1508 1650 19859 3648 5843 7400 17115 14353 6170 9349 3274 18808 18296 14811 11704 6741 5118 12844 2724 12703 2139 10571 13962 18378 16603
17971 14392 1242 18413 4084 7439 8681 3494 7560 18433 12996 5555 9440 3580 1071 8294 16700 6143 19250 16804 17592 5679 13298 18806 5276 17649 8727 2642 2724 466 17332 3346 9189 10478 19409 1280 2224 6821 14589 14909 8896 12193 1123 10458 12194 7510 17105 9982 11846 11180 10643 8109 8852 14838 8861 676 13460 10766 8361 13698 435 15005 11202 5828 13304 4692 11985 13019 18181 6633 4384 6965 10229 5652 3375 862 14737 6412 16413 2321 17558 6746 6828 17162 1101 7455 16274 6730 17503 18277 16872 1224 5063 5122 4528 14474 12201 18330 12039
4483 19756 19963 11797 2192 2793 17431 17266 11662 2888 18286 19275 19508 5826 6816 13167 12465 9798 17110 7334 17329 1977 11243 16296 11308 2899 14180 12959 13350 8057 2162 3039 6835 17084 18452 6568 1395 11547 13227 1298 2002 7921 14799 1417 564 10794 3620 1891 4359 282 17280 4820 8902 12491 4531 14829 7441 14671 13603 7347 1649 15968 11634 9155 3030 8250 3848 16666 891 8020 6591 16316 3945 8064 19651 2354 17408 6292 280 12448 12059 8648 7517 15331 3681 6944 9449 5630 19257 3470 2595 19744 10093 13910 3448 7643 8239 18855 9973
11428 16952 1645 5073 13808 992 7703 14401 14491 17155 10724 8052 4851 19734 15984 13240 15574 2886 1247 6843 11068 1383 17767 19689 12680 15358 19128 13490 18644 3468 17083 16362 6497 5703 198 14147 145 7907 12669 4905 15336 19940 17649 9953 17582 7436 18572 8227 14378 3291 5124 17115 19393 13197 2962 11985 19512 15842 5435 8289 3663 231 5122 420 17909 12685 10527 5350 6711 8234 8083 11557 2283 16122 7761 16914 16110 18084 19867 10805 14621 15925 10025 14303 8067 5022 3498 464 1742 9348 14785 19588 8999 7852 5002 1915 17783 12974 17457
4658 11494 10589 982 13463 16628 1319 3679 17806 11179 6017 3551 1850 15850 19147 9382 5969 9551 19114 601 6261 14785 4213 15558 8634 14034 12239 12224 4714 8109 19766 9056 4583 10528 16397 2503 17011 2166 19352 13405 12161 10888 14583 704 15371 6041 10015 8720 15747 14129 12399 4009 15190 8910 17118 19111 11299 16695 16093 5897 8378 18681 9849 6752 2683 15437 14962 4871 15794 3840 4943 2595 6168 12674 14800 4277 8958 10536 13477 19439 14111 4805 13800 15625 12946 2318 10545 9586 184 17146 273 8952 13017 10051 2155 19891 18530 8621 15530
6315 19562 9776 15272 4486 10577 12278 17613 11298 4594 7419 2034 12118 9622 11221 12963 11748 2407 14169 9242 19807 8870 2735 3177 19532 8372 14937 16333 19789 2478 10102 12722 11653 17134 18220 2068 11028 3567 19453 15882 19346 9166 14316 12621 2809 11356 18787 19465 16633 1678 934 8881 4392 14185 1171 1972 3905 8765 18467 16670 18049 381 3657 19821 3357 9329 1200 4379 2582 3788 2516 8115 7795 1241 137 649 9623 10002 3145 18508 11396 16191 18903 14796 2719 13674 6679 6806 11516 7275 1824 287 7456 11395 16957 9546 16791 7051 6548
8597 18442 4219 10126 5554 426 1408 13226 11827 7731 11053 18575 13679 9146 6138 14792 3459 10326 14927 6018 8038 11114 1522 11637 16663 8914 11147 15163 438 13190 3053 101 7050 3045 1324 17843 5829 17769 16394 3956 917 6056 18298 18204 9716 10727 343 1150 16073 16910 11865 12462 15802 8075 7158 7586 14377 14257 2912 9946 18467 9703 15820 15347 19380 11630 17439 13641 18206 16314 10924 2036 12270 19955 15629 19308 2486 15101 8745 19803 16969 15268 13203 15732 5943 11118 11295 1606 9310 4681 17459 12060 6275 11733 12304 8218 4846 2477 18621
4566 5317 4666 11346 19058 15397 19327 6214 8726 7609 14528 4629 12908 16393 4788 5083 15605 18371 11335 1127 1696 5616 19606 9693 19915 3450 7959 10401 12348 15344 13688 16029 815 11583 1701 2485 13141 6517 6437 12473 14796 9983 11378 8505 19248 17962 15536 3550 19889 15924 16508 5910 1195 17460 10470 11806 11980 12278 10266 8425 10244 6475 2931 19766 9710 7122 10986 14356 168 14190 4041 18344 13078 11037 7608 1988 18643 1837 14841 9895 4255 12535 17510 4272 9191 9012 10046 11035 11431 10514 5615 11239 12181 8274 4336 19517 9058 12694 16517
8159 15909 8927 3624 2987 7009 17587 14115 9234 14330 10543 15921 10711 2948 7224 7241 17865 10663 6959 16564 2997 1915 862 11861 8650 33 8582 4277 1271 15173 18424 959 14282 7119 11829 18647 17614 8150 2048 892 5970 309 19940 13220 1285 17048 15878 7527 6538 10238 9573 13025 10512 7483 19138 10015 4474 15396 5106 14017 2249 11146 1500 7504 10262 12077 13250 3447 1741 5872 12062 12418 15699 1888 7138 2494 2888 8815 2594 4751 2561 15646 18406 16530 18249 6006 4529 15846 10195 13498 15166 4209 7201 4337 6850 8999 7039 9633 1861
5057 14852 16254 19771 4139 2542 4883 860 13650 8164 14221 18064 1218 19118 6526 17156 15333 12241 17772 1975 1105 14046 1327 10810 9055 14804 9599 5499 13365 8317 3166 8376 12954 14752 6061 16897 19092 5293 1146 17043 10317 16438 13357 14105 1068 2482 975 8159 19106 6790 12421 15808 17763 17520 17742 13124 11332 11995 19760 8467 12449 14744 1576 8231 1971 5793 5063 11879 7938 16887 10463 4019 10793 10882 17447 8336 6738 6757 10580 9101 10752 2519 2070 398 12761 4200 14086 10729 163 4953 12036 5142 16946 3921 730 16246 7752 1993 2730
9369 3151 4367 2548 17011 11190 5564 18924 8197 16905 16035 18649 13985 19686 5425 8586 5802 13200 17991 15114 13454 6569 4690 15386 15725 13517 19168 819 7951 11052 12363 17594 18106 17839 13109 13878 9375 15862 4112 6381 15382 3028 11354 13879 4651 6070 15507 7675 18537 3827 370 7407 7318 1437 4777 16584 11614 18993 7343 11123 2279 5908 366 16505 2303 2450 10360 12434 16640 717 5645 2675 2762 6164 12719 7919 16397 6613 10930 19380 5924 3877 5657 15444 4644 732 10852 8270 11521 18986 11873 17375 13135 11758 18974 10995 16341 5902 4224
2475 5937 15949 17704 4873 977 12489 3813 12146 8340 16364 3862 119 1066 18110 19069 14542 1939 18545 7180 7038 16962 12706 1311 17183 10516 16302 14340 4222 11890 3389 19092 124 4976 16390 15728 830 5145 13815 12989 17978 6437 7004 70 673 15557 9112 16603 13341 5229 16984 18690 11104 13020 14267 8701 9700 16164 15751 2194 3503 5149 16486 10092 4758 16640 14247 2005 6040 13202 11670 16189 4602 10249 2164 18312 216 2660 1487 18599 469 6655 10561 17893 15861 4912 14736 10158 19976 16509 7577 6828 15219 6460 17762 17560 3438 19398 10865
1296 9518 4074 13957 18638 9683 16388 3333 4172 4206 15520 19588 19311 6611 472 15217 18149 6391 19542 1718 11198 15682 16119 2408 19744 4497 9302 1234 10273 7756 18166 5476 5881 2092 10510 17069 3103 4371 1004 17919 9743 14631 9458 16803 265 9354 1671 5265 6953 1393 12575 18318 10325 14649 12106 10714 15914 3483 11860 6342 4517 15896 18006 15883 16208 1188 15164 15087 10645 15186 6467 19409 13771 3344 14441 12645 15011 13919 16598 13505 19132 17012 17618 10812 4571 16403 3250 7189 13753 17875 16055 12348 19596 10606 8994 3426 13600 16575 14914
16694 19866 2562 8093 14397 18313 14810 293 8202 3295 9934 17419 18986 41 10166 16947 16120 418 5130 6855 4493 10972 14490 15808 2825 2445 17184 19873 6731 8233 14022 3447 8079 13494 19467 3605 4547 16259 11668 9325 1813 5277 302 2741 14335 5841 5236 6476 3601 17973 18711 14159 15646 1008 16418 17275 18610 5650 14710 6998 8391 5692 5936 14107 18531 3884 14459 4748 212 18270 18276 11662 4104 19477 14703 542 13360 13654 17150 16807 6511 16357 17460 7442 6441 155 8714 4067 15126 10888 9042 17294 14762 16615 2574 7932 4937 7759 12772
6143 15739 6431 12309 17854 4767 5063 14505 18950 17135 4176 18410 7096 14434 1371 16628 16208 1887 4020 85 2738 3161 16919 5727 10132 12715 4876 13792 3583 14510 454 6835 7707 6718 1580 2587 15904 5861 17223 2018 8070 4016 2990 13337 10435 14935 2156 3534 5589 19935 320 17804 19167 3076 6929 18845 5266 5491 15105 19722 12064 1964 9397 7077 11679 6364 16199 19149 16463 18201 8279 12289 10209 15407 5548 9295 18123 12577 19836 10988 3770 1420 18855 15251 9596 11152 4381 4789 3698 2169 10698 18146 3450 12094 16896 13477 14924 18908 17127
5681 8974 19261 17235 2108 18235 8861 15280 13462 1576 14906 16893 16551 15606 16591 6920 14976 7671 5097 12198 13082 9878 8242 18056 5761 17044 14603 15126 19946 694 2509 4475 4563 13075 16837 2198 3710 19320 7805 9757 6189 16444 14250 12746 12677 5217 19494 8615 4586 11675 19123 2927 16933 7986 13526 8677 6120 11916 9887 10432 15726 10859 12120 13916 94 11723 12222 17875 10699 6108 3932 1044 11262 3528 14799 16872 12192 19987 6182 7234 9746 10032 17391 4521 18262 7872 17770 7440 2498 2566 4235 4247 14275 4305 6617 14978 11450 7551 17604
3909 2969 9183 18594 6144 10486 16192 17390 13251 18945 3128 4852 4691 8459 14323 16661 241 3690 3970 15792 12084 19265 10252 6821 19799 12998 9134 9809 3395 185 9152 13696 2917 17059 15797 3146 4864 18742 10276 10354 12791 9025 10887 9026 1362 17950 6410 8901 13141 11329 10477 3345 3552 15303 9577 18158 7030 12447 1350 17449 7124 17791 3165 7320 9099 17134 6668 244 11515 16324 3389 18471 12233 229 18826 2171 9245 10286 19816 17801 11670 12277 7276 8843 12635 14148 19339 6179 759 10444 13337 3541 16262 8632 832 4792 10041 6861 19735
977 3978 12117 4307 18434 19667 10729 1158 2601 18136 13629 2381 14130 14655 9057 6148 18625 12289 8012 12153 3188 2680 3720 3397 19462 7202 19479 12008 8418 836 15492 6974 7180 17432 3066 19035 683 17586 10727 756 10784 5896 12661 8286 3008 1161 17753 4558 8736 4604 6144 13067 184 16844 394 19665 825 5992 3579 7088 18940 1323 18438 13656 4152 11956 4493 1878 772 6752 11429 8210 18447 16522 16855 14921 16928 658 6846 1300 57 12720 8957 7768 8341 139 13974 4245 6951 338 15086 12099 18353 17704 18628 3217 17235 13482 19896
7136 12700 5746 18091 7912 18469 14392 2718 4475 16201 2834 14908 4102 11198 7294 7989 11930 10900 4955 5589 5049 14858 17081 9500 8802 6417 17594 19437 711 11113 5290 17209 9504 10352 2955 19187 12031 5615 547 12633 11914 12985 6687 7144 12679 3484 9926 4600 18105 13364 13253 19429 15603 4582 12784 8578 6010 13813 16140 12740 15701 9839 12104 7767 3054 5763 3161 5106 11097 12521 467 710 9360 295 6229 14771 12510 7749 10187 11145 6629 1492 14315 16212 14788 477 9560 6952 7873 11956 15183 7081 5034 17296 7338 10766 7882 8249 1581
5179 5155 18773 520 14965 9759 14517 14590 11419 9916 9732 16514 6685 8455 4454 17093 4432 12540 14234 19203 16609 19032 5458 6345 7472 140 7803 9308 11392 6807 5061 6292 12264 13412 8946 10653 12121 2672 2174 12927 7278 13680 4589 16062 7710 4101 2486 9801 17799 6825 4634 1095 1678 6623 19717 3660 2628 2602 14485 360 19573 13144 13226 5843 7928 2555 18155 4848 7518 15853 14476 2638 11616 842 9683 959 2976 19901 19053 3981 18511 8877 12863 16998 4786 18531 12644 4365 15781 4562 9321 14500 14231 15428 19065 19110 19997 6875 8705
14349 7270 15818 9799 1322 18175 17232 11747 7933 19842 1049 4489 11915 19884 13269 14616 1313 4286 19657 7968 18852 5268 15528 14346 12980 5361 493 13528 2604 5601 10994 1008 980 11804 15701 16179 2415 18607 19762 19214 5917 7135 9308 9565 1103 11583 15649 310 490 18143 3086 4963 13962 18301 11733 6588 12585 15340 14900 3688 3463 10029 17068 5792 18241 14827 13154 13592 2739 12134 19816 5739 12151 1334 9249 15616 5953 7932 2557 4267 16928 15444 15383 879 19760 12189 122 3782 18354 17676 13620 10980 5756 9470 10284 8018 8613 4459 17741
10620 4152 9985 13745 18456 14753 9005 9838 15513 17977 15598 1949 16941 1110 11080 6200 13228 455 11317 19015 946 625 489 10541 5570 3088 10786 17138 3213 12180 13539 8462 6931 12415 16221 2801 18281 5944 1179 19804 16088 10668 11119 5004 14554 6014 7324 16637 11111 9619 2290 13475 17254 3224 13950 14994 13903 11622 6099 19123 8864 12510 16557 8380 12578 11730 5561 8448 2806 19984 17226 5114 19369 7436 19577 2136 17316 11913 7550 4790 3639 4735 17261 10801 11116 11035 9856 1372 1749 759 3486 7279 7535 18531 19985 3557 13704 2970 13878
1751 153 3975 9012 10655 217 12255 5918 16517 9312 12277 5099 18867 18145 9456 10404 11493 4054 5301 12080 9364 11327 12176 9892 15690 15226 1431 19602 11650 15883 13503 19893 276 11565 15127 929 12546 12369 11588 18520 8627 3434 14470 3355 14218 15429 14147 10971 12626 15055 4414 9100 17820 1090 10336 11879 5651 12922 19435 3454 15257 7557 15975 14429 15116 6441 733 19729 6824 9773 4833 15368 632 12241 15602 8868 732 17425 9245 9277 4805 6953 14911 552 16178 3083 15833 9782 6427 14757 6244 4728 2184 2828 3535 13650 2327 4463 16672
3909 12678 350 18571 14030 15479 11567 15871 12496 561 18996 14644 13357 7250 4698 14935 4989 6442 14659 1145 17896 16284 10301 8569 12320 7243 10986 5999 2831 7675 3080 10323 2141 19225 2728 11784 10406 15842 19857 1323 14389 16748 13680 19005 17891 1405 7180 9588 5174 4532 11276 12822 5754 1921 12191 8429 15858 13295 7016 18925 4092 6339 17 19360 9124 18014 3421 10392 7628 7648 12573 17810 5730 2346 4321 4354 17494 17900 17696 12975 7350 18600 15665 14916 9327 12897 7316 17806 1300 4216 19167 1556 1663 17728 5091 3608 7626 9736 5336
12169 18102 8768 12419 12393 8760 5670 1332 7241 1973 2630 19495 10856 3662 3846 18137 219 2130 256 11339 7143 19583 2211 13205 18994 17577 16445 5000 13287 17845 14697 6774 15529 11481 5174 388 11692 5647 6197 4163 16650 11584 40 7811 7691 6133 17497 2881 138 16455 3264 18436 9139 17249 17800 5149 17828 1479 16547 17966 854 19871 9998 17627 14664 15270 12122 6448 2911 1453 19440 18113 15801 8043 2877 17565 8668 5791 19372 15494 1337 6557 13713 19346 12029 19421 2413 18111 1126 1834 8007 8109 11461 19038 18526 11447 18304 4304 15063
869 3909 19145 12287 15506 11171 12795 10591 3932 13831 2207 3137 4685 8745 2025 19572 15242 2781 18291 681 6818 14539 1451 16963 15159 13597 4991 6343 12651 15825 6004 16755 7285 8581 8605 12267 8435 10493 7325 1203 12156 3624 18377 4670 17509 15004 15610 15853 12835 15179 17961 10988 2538 8847 13119 2065 10383 9983 3067 19256 16385 16713 11826 8509 16844 10857 5948 11680 19223 3614 572 13016 5359 6196 18463 15624 759 16953 17234 8323 9289 2345 2695 1923 17289 15928 18586 13408 3974 15493 14439 4257 8398 13145 19494 14667 550 5423 10280
12774 5867 1189 14920 16276 12658 2596 17611 9336 16792 10130 5155 14451 16492 19289 1547 5701 12066 12795 13660 5793 17928 19395 15053 4770 8346 3888 13924 15193 13287 12556 1075 136 10485 13382 5395 5437 10832 19681 3543 86 8442 1248 12344 11053 2694 2357 15472 2341 908 17400 4086 8799 2039 5442 16448 16005 13834 16387 6299 3535 14093 973 208 1854 12011 14742 19189 8603 4650 18840 488 19593 2246 5199 13880 2423 6257 8415 9178 8949 17915 13581 16122 8990 11369 10966 6745 2057 15300 5357 19327 5547 2072 2531 877 19265 10270 8896
16862 10755 481 18980 13412 10278 19025 10219 12494 10464 6548 17409 17079 10102 1593 9059 12099 1707 8123 4290 6573 5594 17038 10182 16952 17962 7666 4528 4624 6305 16710 3381 12148 6419 13423 12427 9978 14761 5060 18564 8561 9472 19910 12320 10070 16842 18163 18015 981 13952 9005 19664 14338 6538 19705 11136 3329 16979 9537 14139 9354 1440 10806 7740 18470 7960 445 16727 3578 9946 17930 8775 12463 12700 3083 18944 7859 2802 673 5893 3859 11976 3015 6222 16170 10518 6593 7599 1738 18408 2487 13763 6163 16776 12595 13397 4526 4055 7072
10860 4292 17036 18474 9095 4533 10192 8301 5221 2591 7979 8692 16279 12068 18890 13 5339 11687 16753 16448 14392 10538 13166 8947 5379 17606 4955 4059 2027 11333 9152 18205 16163 3947 2328 1309 13904 7335 3901 6775 12394 4312 3915 1195 19316 19344 2812 5115 13596 19095 9359 9786 3365 16425 1289 18681 955 17318 6200 9434 12883 16494 1414 18804 15017 8034 631 7515 7932 18768 4446 2767 487 7969 6722 759 7738 8194 2403 18391 8357 201 8521 18128 2501 5187 13390 6203 11661 9953 14508 7375 6208 2643 10666 1922 3095 12167 7336
18194 2567 10106 16992 10847 3213 12311 6332 7028 7694 9492 9251 3879 2753 18016 5562 5119 883 301 17266 12621 5496 6836 3064 16229 565 13700 11270 4213 9115 19188 5164 11768 1813 8565 5166 9728 10361 1588 16091 4615 16586 12865 16112 9617 2281 659 17453 11353 8959 5598 1895 11112 11065 3998 9637 14180 5383 15929 8684 10808 13076 13369 11539 1472 11444 19845 12508 13696 8917 4829 9668 11064 19118 15263 7125 6851 3044 5906 17833 12137 10048 15404 19476 16646 10393 15549 8430 3110 16481 19067 16121 2870 6053 13147 2700 5814 12326 10211
4724 10341 16333 9036 13551 1429 19155 2664 3557 13900 298 13506 1011 15065 15959 10371 18316 7706 14571 16455 7314 19941 526 10097 8324 4944 6250 17389 14081 119 10335 17475 10028 11014 2017 3433 19308 11044 4240 13744 16515 6370 3226 12056 7882 16270 6016 8013 4881 19431 15062 12334 4403 16385 5123 15537 1435 10821 1909 790 19037 9792 2313 1354 5713 7524 18326 3469 16739 7439 17057 14017 18541 8490 10668 2631 13446 10432 8792 19981 10281 19083 13889 1095 3325 9272 14746 11898 16293 16505 18491 16392 1219 7115 11856 9614 13238 17357 414
4506 13193 9455 10690 14482 909 10273 17426 1308 456 4166 5228 6059 17934 10891 4655 10524 13616 3973 11257 3661 19087 7254 3013 16790 7598 10430 945 5418 14938 19709 12924 6636 6433 5611 3235 5615 6375 7175 14838 13918 6930 5693 9140 14768 11594 14500 16450 9995 5270 4682 15348 4874 19445 15204 14977 14045 14290 2929 4907 13556 6106 1480 7963 8739 7137 2090 8122 7438 16442 13388 2703 10920 7484 7668 18092 7098 824 219 14908 8029 1573 16340 12110 7144 8672 7008 13144 19179 11533 7334 13596 13694 19651 1679 17905 2737 2563 1295
14179 3575 12211 12515 15934 8488 11271 18400 11132 5577 2020 12147 6482 1503 13192 3546 10856 1761 5605 4910 11008 13793 17259 16239 995 1637 15609 7681 15764 269 4899 5452 18942 6966 1782 3611 8635 2090 10848 17096 3334 16935 3117 12833 2279 10395 3425 15562 16188 5885 7702 4894 2105 8413 8572 18725 4070 4006 6293 6839 3300 14781 7908 9391 616 14477 13797 1061 7505 13712 13395 6032 1556 4558 3439 8030 15894 9190 15833 4747 4760 19138 8576 16225 7328 1226 13820 5870 10367 15424 885 708 1979 19729 6503 12222 7051 8644 13538
13366 7456 1798 15961 14151 6184 19341 7960 18511 4506 2980 10777 6678 6380 2637 6549 8630 7005 16707 3086 4607 4999 17813 3475 15585 777 6529 8958 6548 15012 8673 16867 714 17548 1090 3495 425 9455 12659 8326 2534 16186 19950 18557 1918 10167 18456 858 26 2986 16656 8917 6922 5797 8720 19586 764 8999 10896 651 6526 13102 19780 19195 2806 12459 7757 8702 12182 5876 17305 19475 4571 10514 4991 14237 6631 819 6268 6854 9354 6229 6051 12002 13066 744 12413 10073 18914 17393 5168 9787 4365 17414 13296 8455 11391 2469 19701
1109 15005 17372 15650 5736 7236 19552 14618 9631 4068 15117 13821 9269 17860 13027 5966 3387 15565 18206 9900 15545 4209 5061 15812 3751 7161 14322 9970 18149 19915 4664 7184 8592 8529 11349 7223 11354 5245 12304 6059 12216 14018 7120 13708 9697 17525 6311 19216 15118 7620 4792 3217 2605 8557 14242 15326 15998 10552 3195 12046 11468 16169 5822 6169 9405 17420 7140 12366 12789 7016 772 1691 13617 12123 13151 19140 9198 3039 14533 6255 15454 16274 8870 18989 12557 9742 732 9833 13257 8219 16134 1048 13750 11186 15917 9346 5973 15217 8734
10776 6060 245 5725 19825 15237 2975 4799 15626 8817 17934 15370 7581 9363 6713 5780 10957 4601 2369 903 16904 4941 14162 17005 4731 16258 15961 10889 15736 2841 17421 1770 11275 19904 15435 12537 14486 13775 2895 1074 1932 12138 10794 10609 19275 3998 4384 9456 15923 8314 17032 12659 1616 14518 12562 16484 14053 15130 7014 6033 14586 14969 12828 19864 16022 14517 6921 14578 16403 15346 10168 15564 8072 16988 15062 5336 7087 17756 18679 4783 11212 3905 10752 5453 12163 2517 14283 14531 9618 11252 6460 12983 12469 5550 7831 15329 8702 8973 18725
11401 1225 3556 5486 8256 11648 19601 19498 18195 6457 17872 13977 19502 8274 9068 14147 8402 18286 883 868 1882 18940 16797 2024 5537 1213 13315 14701 6244 16078 15191 5402 902 6623 10076 17048 17901 5892 3680 7535 12499 2096 8382 11524 3247 986 6846 19766 3075 17216 5495 4381 1301 19654 2600 4557 18207 11125 13744 12453 10984 19135 17489 10815 8870 12674 7375 5558 12964 10717 19306 9222 11178 12792 17574 19262 4938 17191 15253 940 13325 13647 18656 14076 12890 16023 2395 4371 18115 11572 8938 3189 3080 18698 7245 16330 3910 10175 7597
2945 5222 12343 18846 10827 12096 2237 19231 12149 4455 16806 9172 3030 3257 6217 12718 856 1581 14150 12376 19982 527 16536 6653 17013 5602 2378 11082 656 12298 13443 13366 18303 17134 113 19847 16232 10684 4482 14372 13046 3871 18668 8192 15817 18399 10942 18010 14252 13278 3104 17055 8063 15422 234 758 16760 3633 11967 14197 7241 14808 3038 15313 11912 1107 5456 15691 5488 12997 16442 6818 7023 5169 19391 17229 15484 12035 1752 11653 3206 18687 11227 10404 7613 10551 17628 2617 6758 5607 3760 13209 500 17602 5599 18298 13933 15009 8743
14031 11305 3647 4783 9364 10492 1094 12148 2373 5234 16395 9953 12921 17103 12578 13133 16365 16165 13132 19606 15311 18808 8790 2562 4847 1518 9973 17664 5138 3865 8466 8042 18598 7797 815 12701 2677 1813 14363 14533 4540 6668 6219 698 8097 11063 7176 19660 9380 1602 18553 10046 5943 13853 19177 10274 4751 1295 7235 11673 8767 18189 4944 4404 5182 10026 19832 10949 2988 6826 19677 15799 7989 15551 18670 18051 5071 19500 19449 4158 7540 10020 6784 9545 16186 15181 10333 17433 3808 2233 17052 432 17025 647 2338 5849 3325 6391 4819
7412 15247 3132 14014 10997 3709 4092 8099 19658 19030 19129 5559 3188 1843 230 12251 10397 18229 11355 14609 17924 10473 8752 8230 7765 1680 1605 16443 3575 16295 5788 9561 6958 3988 18912 18166 2410 3109 10528 3066 9127 19561 711 13992 2314 5067 13461 2230 9823 19738 17249 1512 926 1282 3285 11788 16529 17587 6130 4008 19733 17429 3593 8808 16656 13765 11055 18930 15805 10424 15211 16708 4355 2408 1146 11308 19506 19786 10981 3724 17975 19866 18076 1825 14059 16291 6795 4989 10990 15391 18123 10482 5503 6066 7427 16884 1387 8615 19666
9247 11099 7379 12037 7181 2023 8155 95 1809 17646 9426 7533 4718 5755 10940 11909 4196 11777 12346 14653 14125 3868 18546 5951 1855 3064 7285 7495 14872 2637 6867 13394 7210 16882 15253 1347 13289 19819 7872 4124 8358 1308 7762 1704 194 17384 17205 9780 14436 2330 15431 2680 13348 19006 3482 17701 8925 7712 14397 10076 7476 13906 11333 11423 8232 8800 4462 7406 8581 1834 5652 15752 10603 2496 241 12718 1579 1500 12380 14596 17655 14392 1797 10243 13270 2298 12003 6612 19385 16210 9410 10661 18558 2592 7135 8520 14078 12338 3325
17321 2940 19165 4058 10860 13444 4592 9623 13641 4767 11941 12950 11437 1197 3567 2968 15197 14099 16325 19923 17669 4917 11923 9996 12313 4218 15582 12541 19506 8327 16709 12624 13414 3985 19637 15011 18056 2428 8644 4383 17489 188 13598 8887 5801 2606 10853 16891 9011 1549 18627 5098 1069 5247 19001 3518 13787 1799 5083 11311 12039 7142 2863 10556 8973 10694 11794 84 19365 9474 4396 8337 15231 2635 18808 1475 7689 10457 11709 14775 4781 7726 17501 1536 3475 5130 9561 13397 763 19582 8945 17670 18584 6186 14373 13853 1103 10203 3544
19398 10358 3801 14242 10260 14871 14511 13051 19571 19416 16366 12290 2663 16757 17161 2249 7873 17844 2542 9957 18739 19610 3321 6310 8168 12319 7748 215 10172 13012 18266 7590 18346 15741 1142 3348 16397 2401 14978 4341 3905 10002 10425 8050 2763 15160 8418 17362 2699 4800 8380 77 7187 15204 4933 2514 11539 14873 4837 2737 11345 6725 14024 7280 18951 13292 14110 6542 5137 18066 18794 2968 13246 4102 9927 3838 3919 826 11043 9380 7879 8252 8426 12116 17173 53 4255 646 11930 3150 3979 13325 552 12956 17809 10511 2645 17400 15101
10893 19345 19033 12957 8227 893 19090 13246 953 16097 14212 5751 8592 15920 3574 16551 17850 9863 830 14863 18657 1677 3507 50 14140 14195 4915 8514 2225 8078 19444 11265 8066 8477 19752 2361 1090 13654 16510 7821 11338 5908 19562 11550 15246 1183 7778 2837 1544 11719 266 7587 8911 11971 11587 8457 6129 5506 13853 12366 4259 18908 7201 13071 4008 9930 9085 7692 2378 17829 10840 7002 3588 15901 17872 18372 19390 9729 5375 3040 16454 4280 12197 11625 3738 7978 11141 19223 2501 6109 12850 11875 19458 8905 18107 5020 14793 19104 5393
10018 7688 4873 9004 3650 14036 9982 3804 14393 15105 7311 13504 8991 8631 3304 15054 2080 16676 2048 11635 2315 13135 1294 8120 9151 12923 17982 4801 1178 2786 10292 2441 18612 8443 3606 3790 4345 18828 4319 12874 5493 2648 19355 16714 1388 18177 1102 15944 19500 7735 1366 13178 16461 9271 14453 6536 8537 14991 13251 12232 17666 1982 3909 4100 12654 18924 6313 5752 16615 4722 12545 14965 3760 17169 12758 13013 8282 606 1515 7352 8024 5897 2599 7148 15032 4931 5542 5609 10235 6652 18632 382 11680 3171 10348 9572 18997 17724 9286
6367 2861 11454 4516 19907 12319 433 19137 11444 5229 3792 16607 18065 14064 7701 5223 9486 14106 19373 15553 18458 15617 4807 11695 17868 614 16507 11653 7407 3548 13137 8641 12656 13884 8695 15498 2674 3036 10305 2519 10015 13792 5599 7370 11183 19979 4094 17891 1449 19313 19474 5577 16089 19031 17217 9122 1135 7152 11736 16051 12313 15260 17967 19735 5185 11609 6502 13317 5623 6894 6412 19749 1224 10659 3346 18547 16028 11946 4160 12652 14292 1184 12058 16224 6949 15846 9688 19841 17740 11146 17890 3652 14895 7100 4892 15038 9383 13914 556
5970 18000 1189 19134 17849 2870 17376 10157 19364 4890 3016 18139 257 621 2777 19855 1820 2440 15606 12119 18419 4562 8033 3074 4620 4866 1793 7780 13478 9436 6907 11109 672 9063 19838 2987 12890 16176 15330 14233 18030 18014 18872 9780 6074 7410 997 9757 5722 18504 2584 8356 19721 11559 10252 1961 12039 15065 3193 9169 18695 19592 9476 6158 13740 2125 253 7549 19009 3826 5347 5367 2798 13778 7508 7570 15760 8700 435 14998 6926 12836 1652 3755 18288 18474 9080 7286 7714 17675 18940 12430 18392 7553 19517 10350 12914 5838 1689
8121 10179 18508 18282 6246 9713 1490 19182 19446 11336 10470 13824 9215 15906 15034 8798 14240 8930 6799 8976 2270 8532 466 2915 18163 10629 15071 2415 7456 9289 11643 10051 19951 15003 17387 14326 2226 1597 3742 8387 2295 10552 16089 17926 5184 9955 11411 5856 5939 5333 18532 12338 18719 10906 5708 16276 16115 11290 13358 6581 2966 15525 7992 16483 794 3382 7006 18726 9358 6515 19291 16525 13129 7989 12918 9875 8084 1006 15480 8551 16238 19450 13300 10432 17137 9020 1520 4547 18288 1439 2728 6501 13947 19458 9624 7206 7405 18213 4550
16556 12051 5610 1477 3097 2931 4552 15385 3873 10450 17153 13182 10530 13118 13832 16355 7168 18873 4758 204 7888 6186 6006 11393 2050 8555 5770 11265 15600 10523 16079 12281 15697 7231 15595 18479 5254 14518 18867 6315 7283 11358 14133 11711 3609 16611 17703 2612 15245 7634 448 18783 16228 7533 17126 8127 19501 15368 5772 11735 6406 1849 5013 2852 6613 13425 9599 13173 14714 11896 16330 13511 3094 2888 9224 13984 16616 10543 19432 9377 6572 5614 8465 4929 19836 18189 5039 17891 8926 16386 11736 18526 16173 14609 7421 6958 4091 15935 9153
6778 12098 19986 17055 18251 3386 16732 8456 4218 1686 19831 7279 13625 2616 15541 8839 12571 11752 14856 1384 18925 6512 17701 9925 14734 10547 5311 14722 16004 3356 12462 7991 2030 2833 13351 13054 6605 13319 4185 15197 15194 9085 18862 14535 11000 14026 17158 15332 5402 7951 15640 11619 19338 2310 2497 8876 11446 8334 5880 4720 523 3642 4043 8549 14738 17788 5666 17875 16167 2716 16751 1086 13695 12929 400 10522 7490 17732 16421 18103 6324 2808 14319 16400 981 10263 19406 14675 2267 3169 9159 15439 4420 1289 5465 525 15629 17139 4337
5745 5861 592 14177 11977 7278 11721 16842 6133 19551 11237 4309 18698 19804 12770 16516 11077 8033 19219 212 13422 5448 7778 11664 4512 15049 11154 18256 4484 11991 4630 13366 14577 14108 3072 5738 1915 5151 940 3 10774 1049 10209 16776 2341 16113 16804 12200 15155 12232 18973 14302 16646 11231 17582 6320 5278 3015 6342 9708 10614 7103 6717 882 19889 359 18009 11040 11588 6285 1348 9855 11367 2994 6311 7541 19698 15267 9205 16560 5397 12618 19895 4395 5258 16807 12497 734 11605 7673 12295 1844 7513 14189 18108 6478 1336 10087 5777
4353 18413 1914 12917 14019 18361 16902 7948 5678 19919 19896 19310 1731 2207 18455 2188 15670 16337 9072 2922 16561 19253 16618 13419 3677 12460 10671 13637 12547 7416 17552 19789 17429 9512 9553 10889 14346 4581 10498 11302 19207 11905 4625 3464 1269 14061 10 10196 4769 16370 11974 3652 2320 5953 17232 4329 8938 2514 19796 10148 6350 17641 6070 6408 3561 9639 6505 8370 5780 199 19140 16320 3776 15625 11997 15212 2570 14827 16276 13550 4926 1143 1796 2067 15992 5597 13218 1152 6135 6971 16508 12299 7108 14328 4348 3131 16223 11299 14960
10097 5087 13337 6741 11950 9600 2273 4655 5954 7443 825 6426 10745 11629 1699 14031 7372 5359 8235 4060 7920 1076 19118 17571 18970 4165 4335 7119 190 10664 3604 7618 8433 16365 11717 5 11588 17165 14668 14526 5171 138 8600 13598 2294 9788 8573 7901 15423 10960 11557 7499 10019 5539 1728 1180 4265 11432 13067 4837 14072 4540 7599 11752 7111 871 10045 14742 7832 19876 13790 15064 10843 3914 2524 8571 15828 2754 16576 11538 13735 14483 11233 13211 4589 10798 15922 6291 19057 13198 12793 19801 5126 9671 476 10598 14792 10722 18388
12887 12752 10947 4632 1177 12804 12550 15707 10428 6101 12438 11502 7262 6827 9251 12968 6913 257 11742 6616 13632 4508 11767 5009 13085 1149 12190 13742 10601 15151 8773 12494 13095 15943 12583 19749 14558 10790 7181 18507 528 7504 737 13397 10660 5428 19372 9553 950 13698 5546 18479 10791 12626 9786 3701 14350 7662 11586 2270 2096 11557 10112 1079 3188 4396 19181 10733 7454 17016 8131 10062 19906 11397 17617 1631 6622 1943 18353 15831 18152 137 16072 6516 3391 16021 7586 4793 1715 10381 3284 12751 11763 2045 6360 10551 19858 5238 568
9320 1185 19848 9991 8089 6365 4411 1577 17226 14813 4764 14454 13683 18949 19241 16904 3530 1145 7654 14758 18845 5798 17280 238 7909 14649 18868 8716 11180 1679 4981 1298 16659 18522 983 10743 4366 8625 11955 581 13534 14953 16865 3103 12399 16081 6393 17337 6723 9127 9891 1043 10404 3955 8553 10886 14952 9003 15434 1384 2553 9383 5061 1564 18408 1615 1884 4942 1521 689 151 4884 5179 6870 19634 6245 8520 18654 1719 15639 9785 15366 10868 15699 12078 3863 7645 8500 11666 19975 15848 395 7634 18825 8605 12753 15073 1593 9550
16260 14907 8424 6949 11460 2976 4128 19533 15159 13466 5546 2964 952 11885 17837 19792 4662 5160 12584 17362 14706 10996 13847 14028 2401 9304 7941 5484 15191 2699 11574 4025 12583 10886 509 11275 12938 13064 1691 11562 13837 5253 3758 10112 2743 15117 4533 17739 106 9334 11889 19934 10706 5685 11859 1214 2903 7044 10471 5636 6924 15258 14162 8117 14871 14632 13544 16835 1415 18837 11482 548 17350 15967 7235 14018 1157 687 15255 4165 10113 10091 8124 9366 12710 6216 8048 15737 6909 14263 12408 19743 14102 13282 4463 6246 18752 17242 10115
12307 12758 6978 6132 4583 7855 14185 18922 3749 16477 12522 10297 13212 4433 2985 222 622 2652 16877 13100 10420 10217 18834 12588 2583 15418 15962 15935 11866 700 10199 14067 4379 17749 5076 9832 2072 8657 1538 12593 2415 1963 7002 1884 15603 15504 18330 16584 19004 6064 12231 13152 1585 9456 3909 8641 12479 402 16530 1676 12337 19886 204 6028 1616 7651 17879 8795 17677 11445 4049 9283 14407 5182 10841 4586 15214 661 14560 13803 8357 1735 13154 6318 1057 3574 2124 14674 3202 19597 121 11564 16006 17142 18637 12199 3704 11135 15652
4736 18459 3232 16740 4340 16970 7834 15047 3001 9694 7947 9972 13591 3410 9503 4859 17123 768 15925 19201 4488 14182 19256 10807 2657 10698 3981 8304 8329 13416 14934 14553 13112 6347 10105 4916 5908 15248 10992 10534 19753 5562 3043 10945 4620 14200 2040 13183 12044 11407 8572 7752 8601 5463 2816 2944 2750 10373 7315 3969 15271 12666 4486 658 6002 15656 6752 16755 4243 4800 13004 10867 3595 10369 3849 3426 3546 11112 18094 2012 545 12411 14043 8767 4719 6460 7813 3098 12856 13672 16965 9634 3286 1164 13932 2587 4440 11715 9558
12658 9713 3861 499 7489 19990 9136 2781 3370 15385 7446 4017 13042 8335 5918 9504 8954 12730 11485 5385 8495 12712 8288 16035 12668 13966 11922 4335 12053 12330 389 8975 15788 16446 857 1047 18265 3784 18333 10432 11325 3705 1577 7881 2470 14877 11232 19225 18309 19104 7536 4247 12310 4762 8591 9010 14340 15361 454 16287 19762 3050 4577 14767 13126 7043 3401 13888 12851 5521 234 8642 10602 12834 10986 7131 17209 16361 17100 11251 5378 6654 9146 14170 16798 15270 8581 7769 6078 2030 17961 11103 11783 14470 14909 8230 14297 9023 6047
4465 3552 11182 267 2029 13158 16173 6253 2401 9890 1230 17390 7097 14778 5295 7646 18253 15384 11484 593 4072 6082 19336 3792 1036 18422 4997 14577 10004 18030 16872 13393 12840 12996 15497 16968 3132 12062 6996 13958 4544 19089 14997 6823 5393 18941 8776 11344 6019 8962 3764 1046 18535 9426 14051 10408 14019 1530 13152 19482 13150 13721 19941 9147 11808 17452 16478 14635 18055 16662 2538 19697 15442 17032 1431 19890 16180 11618 4970 15813 3915 1494 9938 14672 14189 10948 14294 2963 9906 8197 7993 16327 727 8262 14558 3844 13514 324 5548
6236 6333 2802 7179 6656 15439 12542 5304 14045 17710 14162 17053 4969 10009 14909 2928 11776 4710 11135 17467 9645 3865 12093 19251 3782 11667 11641 4726 5373 18339 5094 7361 440 1570 2160 9372 1838 3559 14364 15500 3899 16389 8837 302 8960 19772 4036 15773 1272 9617 5825 2825 8875 2384 8691 231 12812 599 16536 10966 659 6775 13162 6552 9630 12980 14036 5262 3156 12535 756 1349 6262 11299 9211 6760 8516 183 12381 1949 7981 4221 4657 2157 10749 11675 9216 11878 560 10169 3410 365 2076 6942 8369 8465 18189 14220 5064
11407 600 19139 2913 432 14647 14040 4574 1516 16193 19723 2996 2112 19099 19 4111 9855 15095 4367 14263 15400 2977 17929 8392 1055 14702 823 3235 16870 1716 19029 13561 5648 5156 13370 6193 13661 18535 301 11604 5847 18037 15326 11831 17878 3027 6788 16838 13558 16471 6578 10006 13526 2021 19683 18119 9560 7702 16847 3996 8181 1332 4049 1860 19479 443 10464 16849 6846 19114 17817 14845 14333 16359 10631 9581 15901 999 14561 11098 19214 11893 17755 4318 7742 6507 15695 3040 8832 5478 15783 8840 7730 388 11660 5234 15615 13759 13566
3124 12937 19326 10637 14914 10118 19497 832 14255 5036 2760 10931 16111 18390 8078 2750 19708 10950 2530 2792 16407 9060 14908 10301 19695 5503 15239 7291 1134 18873 6243 10653 13305 14051 12200 5447 1657 18418 19849 13023 2047 7662 5136 2435 6252 4716 7947 3459 17179 14290 8937 13986 11702 6898 1108 180 7174 11529 7266 9512 2770 14007 958 2746 15395 7926 1068 19432 8322 17640 16289 17405 12929 3706 9255 18249 4834 17610 18410 18984 12321 11494 18784 12428 12354 12109 19844 13347 19742 16354 8338 7238 8286 17308 11274 17391 11551 19937 11186
1447 8505 13551 4606 5940 8502 16147 17448 7032 8560 12527 5443 7494 3070 7034 8266 4511 4820 19295 14474 4967 14738 17829 7437 9629 13912 8435 4199 719 5564 11134 12298 4844 17468 14233 17429 17803 1651 11901 4756 6081 2623 14720 9909 6203 10506 9255 9566 7483 6684 12344 8776 4281 14999 11147 18054 7733 16491 10751 12608 5795 18698 1758 17754 14882 11122 6023 6094 1899 13451 17227 6851 9371 1753 11076 3255 4883 532 18791 13597 2666 14086 5306 17917 8471 19453 3453 11692 9569 13347 19618 961 6575 10249 2071 788 16192 16482 10129
7961 15721 220 1986 233 15279 18512 7695 18727 16458 13862 10708 2506 11491 12236 17064 7448 18854 7525 4440 9588 6523 6091 3450 13120 6620 16365 7102 10591 3360 19841 15237 10542 556 14982 9680 5439 19504 7213 4598 4445 2432 9231 8288 14830 3994 17927 6605 4587 917 13142 5873 18363 121 7485 9258 10278 651 13694 12057 16275 4374 11250 19416 3527 8520 19633 3978 17599 18017 1594 927 6861 15440 14891 12181 765 8220 14459 7355 14254 729 4470 11994 2530 11132 4363 14350 4255 15995 19776 15607 11301 2310 11802 5244 14675 10614 18153
11815 3060 7726 6387 15820 2128 4703 16642 5380 4751 9113 19657 7365 19958 9168 17332 11502 7080 17041 15797 5721 17156 18774 4333 14174 10231 8410 2226 12215 7512 10135 14102 14887 12253 5077 245 5785 19803 17951 19257 3893 9883 17053 12739 4087 16002 8473 9071 19862 13365 1313 11102 15621 12634 5390 14306 19425 13488 10426 6866 14721 17719 11811 12606 2298 9056 3008 14088 3547 7169 605 6879 4387 4187 1322 9377 6739 13563 6385 676 745 2629 19604 17558 17543 12017 13588 16014 12355 3450 6623 5103 1489 3161 4458 17137 994 13500 8130
19667 9989 7921 14559 10244 7969 8476 9914 10386 14350 3265 8217 2594 1708 11609 17069 19029 4075 11760 6168 7772 2702 9094 14750 14818 579 1055 15098 11115 1889 15740 6477 12938 15726 14660 940 13796 10762 15021 3098 6642 4405 4792 8798 5742 7082 4089 6950 3218 407 8039 6597 5750 3668 4198 3806 574 14292 4017 10401 13250 14978 727 18542 2582 6248 11696 2016 2439 15677 959 5212 19587 9981 6475 19182 16617 5442 16692 7593 15919 2831 2876 6986 18201 3812 13688 13713 3105 4944 17937 17994 16637 7505 15321 2724 8720 8983 240
6043 11038 19271 10637 108 17549 8101 6610 15210 429 9366 2947 10259 13355 10506 2402 2109 195 18214 12313 3812 4589 11313 6029 17835 16893 1387 17162 9205 8599 8967 17289 18248 8700 7211 15905 8766 14834 4902 17898 15575 14008 2872 11356 7445 5010 19272 6787 8411 10906 2618 9913 18578 2300 15486 355 15128 5403 13720 12080 1534 1549 12628 11468 15849 9152 10623 8998 479 12195 18502 5974 3692 4819 14343 15732 11045 5234 9201 7560 316 19549 3620 11645 4016 14419 968 14759 574 17554 15698 16374 2666 17847 5256 11588 4789 7561 2367
7485 12420 11204 7914 16782 5594 7882 7333 12126 5595 11972 14211 1482 12580 13671 16608 16642 14677 6535 8489 13198 18374 2868 1329 611 3619 13377 14568 6335 6144 3948 18974 9452 13473 9717 16473 12556 11578 9889 3363 6214 14079 11673 16599 12321 2286 12633 15234 12340 14259 2555 1314 4658 273 14776 19819 4894 19743 1107 12791 3859 16730 7669 1206 5725 718 1526 9296 10548 17322 4620 1806 8528 7301 7265 11124 15760 12171 3399 18655 3629 6776 17199 9272 10806 17782 14547 10134 19659 18016 2195 12064 1481 3927 18981 14770 15165 9412 8968
8686 10911 9602 2423 10983 11183 16958 8067 13745 17866 19569 13550 13108 1407 3833 17196 9081 19533 3622 19346 6710 7756 7040 5422 6020 17913 13879 16817 16362 8268 9796 19118 14516 7634 6554 3958 17949 7489 9633 7841 13319 13179 13085 19189 15310 1298 5648 5697 9090 2133 2018 18088 18735 6050 15501 16636 2985 2459 12202 19949 2728 18305 5173 10031 6559 11009 15128 5983 7426 12571 6007 7811 1271 8058 13988 13004 8502 16931 11371 13806 18067 12354 3158 10439 6466 5582 4398 6989 3076 11329 5999 5803 11159 6317 15934 12491 12337 16264 8995
19716 18345 959 7876 16999 17293 16972 11216 14200 12225 11437 2651 7175 14179 2948 9097 4717 2273 19544 2869 16163 13183 7327 3879 8729 14116 4999 11295 7335 3150 11642 19446 12050 14073 8101 9699 8296 19899 11900 16514 7629 16871 1420 11483 392 17621 16641 7146 13875 507 5365 4919 4219 9030 18553 3247 17001 6470 1175 2527 4651 707 10976 13871 11497 16328 3875 19809 10639 4938 6205 6607 11872 19713 10892 3293 11396 7202 8309 12992 17795 5051 11653 4153 7980 18085 8760 2034 10775 2669 1840 15198 2330 10072 6438 14041 14640 13826 13937
13566 16199 3517 13824 6055 19562 9920 954 1350 13766 7538 8906 4326 15908 14323 13419 14858 15190 11699 2168 5929 10130 5205 16332 19387 940 5569 4270 13078 6590 5022 18474 5720 8510 3708 332 13079 13723 9237 6780 19603 11883 9450 11202 482 6508 18603 2644 8107 7886 4178 845 8972 16189 7960 17055 3391 17530 11343 16806 16693 14127 11089 15640 17585 2617 14379 16578 9516 9916 10064 5661 17619 10304 17258 14513 18168 1975 5347 1191 2515 16747 9037 10616 9781 7999 10377 11972 9498 8993 4314 11676 10047 2660 19857 2178 11719 19291 6737
14132 4382 10425 11881 15828 16593 7720 3995 12355 16051 18018 1004 10060 17748 7807 1394 19104 9919 12169 16750 12245 8944 16989 17131 15009 14560 18223 16538 4127 817 11354 15872 14247 7446 10108 11311 16019 17149 5585 12723 5914 1757 10365 1272 14823 11002 17188 5738 4526 9307 2000 14474 5725 2666 18714 11685 11573 756 12352 19393 294 5092 3958 9634 2344 3077 19982 7802 9155 12689 1303 5220 9209 5970 5546 6615 10746 15072 12932 9274 10946 1711 5991 16530 9571 3978 12687 1534 1442 14255 4828 19305 15002 15595 15473 18131 11612 5457 18368
1556 973 13614 12931 14241 5482 12346 13212 7151 7756 11500 17216 373 11281 12532 18843 16087 6855 2651 5823 8261 15489 8262 10405 14301 1023 13633 18205 6474 7450 12407 12913 18260 5104 16608 7384 5559 8085 3229 17162 3759 8778 12949 19618 18668 8536 5525 7279 15672 5745 16679 4070 7071 3619 15199 13463 9098 18027 14690 9072 3934 9363 2167 5397 15575 14463 7254 72 16160 3885 13274 15784 5302 4540 7547 16822 14062 14323 14781 5954 14839 6046 13771 18221 7871 10739 17416 12516 1344 15653 17810 14020 15253 2831 2455 17744 4454 1147 11753
11273 1343 8760 11747 12024 923 2444 18710 4901 19981 12796 17883 7735 10138 15779 15770 959 17297 11434 8152 2462 6612 18105 2291 13061 17278 13307 18061 8077 6862 4753 18707 19162 18862 13747 11659 271 2124 1351 10130 19671 8763 4470 14315 2144 9710 10688 16913 19155 3222 19710 8685 4644 6287 12922 5012 480 6445 8263 7916 5496 6964 8965 13714 17713 19719 9038 9523 12791 5998 12306 16336 4107 11925 3026 2471 8265 7676 16275 6809 19017 16953 6692 9488 13904 4088 9412 9090 1366 17263 4005 3430 7631 9042 16327 2516 16248 562 1912
1826 3435 11673 6968 15573 10237 15016 634 16224 12362 12410 1402 5814 15274 13309 7153 11804 3359 5060 11255 15053 1085 7763 3481 1680 5248 14103 14220 1848 3791 18491 12986 2627 12791 11812 12010 15630 17181 882 4577 9509 1377 8763 1233 2425 10873 14417 9922 2157 7858 2682 11729 3030 15805 2931 5661 11034 17413 18483 18374 12428 8553 12725 2918 16669 12561 19197 5723 15703 7748 18155 6732 3987 11022 5611 15446 1655 15870 13741 12089 8085 6113 7314 15756 17474 110 17292 17291 66 437 390 12937 6863 4471 3610 14933 18049 12673 4388
1297 10071 6867 8075 7469 1399 11831 7717 12789 3431 8738 9593 1065 13126 6526 14885 12566 10208 4222 2127 18849 14405 19839 3794 8931 10868 10970 13635 2572 2648 11347 12991 7901 15681 1672 14326 7959 11002 14442 4469 14953 4212 3460 11986 8137 3929 1406 18030 162 9370 12326 14798 4645 13091 15668 10842 8369 6054 12291 4649 14246 14719 10289 15125 11839 18650 1174 10127 14555 13658 7428 14740 9158 3190 6650 10628 4306 4737 1439 13161 7582 9482 11598 8079 15519 9970 678 225 19698 5177 10574 5735 3102 3036 16176 19112 19078 7238 12025
10430 19764 10920 19550 1596 15513 1653 1884 9489 12578 2656 8673 11012 4029 5764 17809 16025 15389 13328 11316 19993 3516 15892 2831 9729 10963 4639 6467 706 14626 18437 19769 13646 6220 6495 17702 1535 5495 8502 3620 5353 3495 14716 17113 8754 14202 18138 4455 13808 7713 14613 14614 8495 19455 6572 5098 14554 5825 414 19375 3152 7110 19027 11537 1613 19474 13997 18709 10263 5276 14564 7626 14253 3224 13130 8370 1842 11595 171 6445 13487 2269 1599 10362 12935 11533 7403 18505 13713 5294 14305 13461 18337 2180 13293 1058 16167 1256 19135
18833 16457 8669 14701 14575 10616 12336 17530 16477 10434 15593 1390 12448 7265 14185 10548 2523 9437 12253 12668 3783 16591 2327 8752 8520 5700 13230 18735 15088 1363 17609 7878 9080 10081 8562 13896 4050 9810 7153 7002 16662 8672 19167 2833 13354 1873 15867 19194 16991 10069 6195 14722 15262 13508 19706 1174 11813 4835 4479 15306 9262 7995 17529 3347 13929 5939 12930 8825 14609 11126 13347 11913 7401 19673 12898 9903 3321 3594 18458 11731 4946 15307 10661 1078 6927 4812 17648 12809 9721 17411 8993 2314 16415 16668 7899 19353 15502 7776 18841
4644 5318 12206 16549 15953 6364 12266 5915 3713 16959 8948 10787 1323 8474 17236 16119 14123 13606 7782 3730 17979 13663 7356 19559 6287 4726 7368 10091 7862 7569 1950 9561 9838 1920 2232 6775 19157 17177 7802 9690 14101 3883 17887 19796 4091 6888 5292 2006 6601 2314 9662 5669 3417 4285 14050 6924 17737 13412 11392 3757 18905 8779 908 10778 12406 15586 4410 17574 2308 4286 437 4841 6873 17663 12201 18025 19261 6166 4911 19197 16635 15353 8511 12371 9945 17963 12468 12870 19083 15883 6915 3414 3613 5021 15908 6465 17496 18865 10299
4929 15963 14970 8617 17316 1805 4802 2731 634 12072 7296 2414 6530 13809 12857 12973 8903 14254 16945 9381 6892 538 17384 3754 1401 15607 3703 2626 11626 18769 2717 19622 2701 18368 13795 14934 5277 16231 865 1136 2502 18435 18529 4434 5242 9146 13187 3473 3235 18509 15561 6012 16594 9738 16080 13893 11911 5928 14497 4376 15472 8035 15861 11216 12042 6199 11227 6789 10060 4684 6501 19894 13778 19136 11711 19604 19993 2778 8454 2809 11607 11881 10171 12062 8277 14695 126 3944 17379 7997 2388 14891 8976 7257 8855 18369 4165 13957 17407
3931 7271 15943 2245 10565 15704 3088 295 15709 11702 6324 13070 1805 302 12818 2606 11447 17114 14872 1947 14489 8892 8103 10832 18219 15831 7227 2474 17555 1719 12069 13595 16451 15065 5376 12765 14590 11527 10134 9644 10619 19390 16985 18528 12259 15271 9606 16766 13442 15398 16008 6165 6420 18343 12562 4456 9051 5744 6361 10864 17703 7531 11852 17731 4121 11699 8449 1662 17139 19176 278 2762 4968 7058 1707 11466 3929 3187 11890 541 4013 4428 4738 5536 5024 6979 7888 12043 19412 12951 16796 6353 6036 10508 8257 14049 3988 15628 9239
19320 3100 17642 17904 1790 19538 680 1941 14266 10272 7292 17905 869 8943 6718 9058 13505 1204 6622 11657 5907 4692 13939 7511 6788 13416 15477 3163 15605 10157 18017 16905 11999 8550 493 18172 4669 760 8781 6225 9694 17112 3761 7087 579 3429 16329 7837 7986 15442 14473 10354 14074 11047 15314 18650 4588 5198 16965 16715 10850 18281 9297 4822 9927 4307 12078 15978 10303 2069 18508 1994 11 15220 9602 11530 7799 741 18703 7070 18558 5492 735 56 5407 17023 3363 11376 10182 1668 5547 3469 39 4332 9876 12135 1571 905 18755
2178 10378 18323 1399 353 16216 11038 6318 3703 7765 6313 18183 19393 18814 6964 12826 16492 11345 11215 11469 7388 11241 11929 11828 13571 11987 17542 17859 5490 4323 13280 18200 16103 9762 5664 14248 17034 2079 1769 9075 11220 16254 16516 922 12058 18809 690 14230 2458 11579 3181 13749 4853 6291 7929 19932 5828 17035 708 15268 8117 2042 5248 3793 10928 16851 4843 16187 5140 7420 9056 9025 12732 11768 4400 1846 11013 4675 19366 17831 16818 12415 1747 17335 2892 11012 18922 15475 19761 4847 6626 14103 15179 281 8641 3194 12226 100 12253
1683 7767 7227 5962 18270 10933 1979 19944 16237 12936 12379 5067 13494 15127 4406 14075 8188 887 14670 6874 15878 9132 15775 6718 7185 892 19406 10112 6563 16957 17062 10621 12650 16962 14385 11811 14008 13186 11608 4336 13161 56 13598 15838 5856 18492 13990 867 15382 8192 13011 16270 17211 11821 4851 1688 782 16161 19340 16463 11650 19139 11548 2835 12384 16773 8225 1771 11898 14396 5080 7917 18030 11639 15076 5141 10161 19748 483 10775 9288 15526 10273 16763 17333 7054 15437 13144 15767 16734 18253 13556 2298 4793 12111 11838 4932 11761 8309
7452 11562 12664 12688 10019 15119 6955 14551 8396 3674 16534 13937 15701 14431 15528 5519 6637 15426 15527 305 10865 6766 5832 14044 16139 4755 2623 5701 236 19204 6395 18007 4795 10311 12762 12197 18520 1442 6559 8711 724 7686 8367 19960 9221 16219 3831 4194 12543 9658 1716 4316 8539 15314 4152 11201 4637 19849 12114 11862 12780 2428 933 8545 7409 16366 10314 8896 17813 17052 9299 16841 7677 691 3811 9444 13419 2892 12203 13096 15063 10906 8056 17207 13071 7661 10148 13692 17379 2732 19931 15081 1482 1415 8400 4366 7055 2639 18748
10648 9303 9512 11072 5721 14287 7279 18211 19845 6759 16595 2669 10161 17997 18287 5371 7284 7203 10987 1369 17534 14310 12431 6730 6720 14134 797 19512 6792 15670 7642 3574 9945 15445 14434 11914 7833 7501 9359 17014 8234 7887 11030 4328 8488 12402 902 4916 8050 13568 18582 2195 11598 12605 973 6758 19098 8753 5193 1404 326 3028 6539 12944 11891 5017 19769 4871 3966 2207 18159 18397 9902 7764 14839 12318 12947 15358 926 9279 2285 9604 19496 16747 19831 7839 5267 14069 7632 4496 14099 18395 1126 13611 10476 6470 8822 994 14476
18307 13414 13847 7867 11074 19972 6573 14524 14291 5561 16535 6278 8152 4820 4551 10363 19797 10983 5277 16780 2274 2418 12386 10092 17712 3515 5816 7004 11141 5398 10780 2261 4166 4903 16845 3080 16593 5948 7490 641 17800 4080 6401 16867 13304 5812 11628 8065 8346 16230 5429 14042 4450 13053 16503 13522 13937 5986 1984 7388 19324 15133 12165 7986 19482 11916 12982 681 18123 12877 825 13653 14487 1561 10688 2027 3834 5755 9542 13011 3304 5294 16161 15031 17923 19549 1465 895 3770 8889 14709 2357 10854 13029 6672 14217 10069 1763 17940
7208 5679 6581 2347 13749 6267 15130 13151 8368 16501 9804 10009 19465 16814 6641 18124 3056 4943 2023 6958 7413 8160 12895 18848 4515 17606 5376 19107 12067 10820 16157 12551 928 13205 17374 16088 15810 16481 11644 10581 7123 7115 4541 13907 12331 8151 8140 10318 7336 4053 17310 11345 211 15659 3448 18738 19867 7649 11835 19887 8638 7088 18620 17193 11418 15161 7889 18237 4577 17232 8292 13975 901 1078 11974 17225 9990 13187 9247 13510 8973 19713 13928 4368 19510 13247 19175 17893 8706 14336 16884 9076 730 8855 12385 8550 6621 12127 18899
5219 3968 13479 10231 2316 14588 9492 5024 18203 3553 3079 17519 4121 15014 2730 7643 8862 10695 2058 6359 609 5502 2695 5440 17082 15671 13587 14592 13428 11193 5478 11734 15356 18623 1306 4117 14053 16854 16736 19291 19032 16371 3413 5844 13661 719 4972 1260 15913 706 15651 1417 15677 4644 14613 15212 2326 5622 19434 8739 3366 8027 8412 16635 7294 19931 18764 16883 5343 7879 10487 8475 1562 19047 1250 12177 17784 11559 5780 15485 4926 14380 18384 12999 1016 5582 13947 7102 17007 6329 10186 2494 5480 376 1161 18124 19066 7792 1140
3831 3891 12952 16784 11788 5311 2259 2378 15294 18587 18148 1191 7854 1947 11302 8931 3651 6475 10840 2280 14333 2638 3318 10873 8682 1634 6740 8174 11341 9163 161 10793 10654 10541 14649 10982 7673 12537 8779 17632 10095 19713 5901 16223 9198 7216 655 149 4003 13215 12052 17005 14497 16782 6788 14553 11468 9879 14370 13188 8062 17362 14295 7124 11317 5605 4131 3544 16007 19999 19276 4461 16765 15822 3444 1054 12355 19821 16148 15702 18978 11539 7276 14298 14219 2997 1796 9899 16458 8680 4818 19787 562 4970 577 11612 5790 15771 12448
9220 12641 1953 4918 16259 10093 2652 7615 17708 9110 9316 3237 8703 17981 19080 9710 8367 11909 3747 7008 15637 8129 3270 18658 3436 16378 14088 1820 109 8425 7874 12692 4717 19541 18618 16075 6637 9205 8740 18760 19075 5203 8545 13504 14711 16843 8585 8130 19050 3437 3265 2165 3974 17227 5937 11159 17816 8584 13267 674 9002 898 8218 2475 17145 15687 15201 3153 3098 14647 8372 17726 2491 2386 3946 15029 17444 9074 12081 10464 17801 10045 4581 2745 12224 12292 4990 16881 8364 5152 1973 16930 17197 6794 11631 17746 19600 12726 412
1302 11395 10956 14524 18267 15358 15951 895 14774 1885 9390 12200 12497 5815 6237 9076 16703 10099 13399 6951 6982 11243 10050 8540 4792 19925 15937 361 9990 5106 1760 952 7290 12631 9970 5777 2912 8910 1298 12872 17129 9726 17840 16851 19031 1828 19710 6585 15359 14475 8613 1873 9271 17243 11895 1501 10891 9112 5014 14343 4528 5288 10423 8569 14248 12269 6502 19892 5805 4601 6757 14704 1936 2201 10051 18942 8395 12414 17445 17437 5071 9110 7945 6577 15441 5365 4793 10780 9492 17589 4676 10390 14277 3032 14414 4158 6361 467 3485
16475 2709 4803 3603 13173 10947 15935 18446 13486 17432 12098 16602 409 17875 18161 5499 708 8461 17126 5012 5227 1398 4497 12592 19036 3919 18498 14347 17610 7687 9295 3935 12505 6545 2562 14241 8273 8935 10198 3724 19492 123 15553 19156 12498 7571 10124 5258 12580 3432 12922 13570 1560 3369 785 15155 10532 10761 16147 7055 13966 10649 19306 16654 3175 6955 6778 10474 18891 16919 10940 12419 885 1651 11306 18742 8640 10551 4815 10273 18320 1435 1292 13508 9366 11410 11875 844 5634 5696 14486 13059 8099 465 11292 12036 6772 19756 13254
2693 5058 2866 12192 17693 651 10617 18397 18916 578 9060 13421 16464 773 10899 62 4540 4461 16273 13038 10045 12987 17908 6197 12183 8425 3782 6791 15093 12152 15890 12624 14204 16808 3323 3921 13446 13363 18349 9822 15708 11753 15697 11017 1069 11462 8306 1134 6697 14041 13462 15116 17248 13420 3436 16245 11223 4421 9530 5247 10486 13215 18762 10449 3373 1012 5991 9749 13316 13628 19278 9645 4849 19298 4698 6017 11482 8110 3325 5531 14471 6396 929 2802 19061 18243 12060 814 18761 9114 5449 16726 10225 8840 7405 13600 3099 14520 18712
6824 8621 11284 14024 1634 12197 18163 8079 13083 4740 11714 5967 7987 9062 6807 1107 7341 660 22 13200 18247 13495 8650 3803 9178 19776 17360 17142 5557 17761 17786 13602 9168 9921 11011 14853 10625 16234 3167 7613 629 16601 3979 2114 11834 1832 1207 6538 17736 5421 2501 14126 15571 15709 10799 18097 11515 5926 10399 6904 11178 9425 15250 10701 2336 16580 186 14303 19734 12702 12940 11332 7549 4735 17361 15880 13195 4010 14335 15873 8987 13417 3858 13673 15154 17128 7396 18769 19519 6253 14395 18535 17981 886 10346 8947 8399 13032 4221
4611 1067 13877 17972 17067 13512 7368 17794 6079 17550 10492 17640 410 8784 16932 2483 17578 16999 18658 17436 6628 11012 2836 17429 4368 6641 2505 5428 246 13318 14911 5411 8625 18428 11696 9170 3439 4574 16641 19354 9764 5798 5107 4708 19539 186 4169 12810 16188 10845 428 2953 16462 14650 16872 5380 5090 12719 8318 14010 17778 4523 16540 3749 8127 13608 7172 5015 423 2822 12673 637 4885 7306 17245 10255 4264 361 18272 9141 15269 10262 16016 6686 1109 18558 1045 14393 2932 12408 2356 11521 17433 12644 19420 12611 3152 1951 19558
3902 7612 7042 9743 6029 15386 3728 11248 3981 4716 11558 9222 8703 8764 17319 3727 18978 16534 2355 7259 1238 17945 2836 5421 16116 5852 18536 7208 3071 12130 13932 1713 1881 1961 2126 8265 8218 16361 17700 11889 314 3834 4137 8117 4611 8153 9248 6946 14453 19738 11471 3409 18243 4232 283 16916 18530 17727 2332 3239 15987 15658 12301 2610 1402 4758 8766 7034 10217 5678 1259 8833 10113 14618 3962 13 7119 1948 619 2538 15011 6103 19375 12101 9288 6644 19535 4709 5073 6090 8199 19302 18653 11458 5802 19174 5233 18428 5130
12685 7317 14913 4340 13693 5187 16052 15408 5999 13927 2252 18590 2114 2509 16583 8012 5093 16053 13369 17703 6521 1498 4345 2593 8206 363 12470 12801 5913 19901 3720 4073 3275 11691 14094 10494 1442 12872 6447 8118 18299 973 15997 17267 16527 15860 10893 13690 15922 16668 17549 7557 17158 13820 13624 11324 164 564 11916 5964 11543 16908 14196 10064 17661 7107 13788 8066 3573 8674 12983 14937 824 136 15485 7967 6969 11885 12465 3333 19723 1038 15236 8349 7367 11044 11649 12225 15881 9827 9979 967 13117 500 11608 1790 378 2029 7830
17417 9614 10805 3575 801 17204 13021 3176 15116 10428 9478 14444 19776 926 8264 10258 6683 10910 3208 10746 9668 308 15048 315 1268 708 18462 17223 10094 7608 18224 8467 7894 15768 2089 19521 4291 15754 11462 848 10366 18486 18061 9083 4961 5229 7123 11237 18495 17544 12324 4110 12226 9153 7388 15143 2580 18590 8974 6014 8346 4314 4915 19446 10061 18222 16129 4076 9455 130 8768 5368 3762 12758 5013 9096 2571 15219 13754 12520 11646 12861 16604 5131 7873 310 17515 18007 1015 16264 9315 6513 7434 2447 7326 2093 4767 1388 11018
10013 16126 5769 14000 2689 1228 12282 14670 11082 10036 13400 12753 15331 11940 5056 15852 14589 18820 12582 15821 8745 13191 14180 3813 17427 6471 10829 19034 18529 8269 4063 787 16286 7445 6328 12756 6706 5100 11920 12206 1530 6386 12858 2730 12197 9371 6070 17622 8976 12401 16350 4117 7914 3467 694 17470 2037 6552 19166 10877 17368 7418 12611 2005 14882 571 12199 4214 3374 7768 10654 10208 1252 7783 10961 14205 5839 14649 5062 11267 2570 1317 6562 3144 4630 5179 3964 14597 6191 14220 9758 7345 14903 17588 7862 5198 2155 3891 8349
15119 6951 5186 17309 8842 8572 1986 11787 12622 11312 41 15198 14417 16813 3496 9251 8033 13685 12615 17744 864 13421 3009 17284 16318 9577 8132 14475 3380 9697 10597 16766 12120 9937 5480 10261 14176 19619 17343 18703 17247 18439 14807 4050 16086 7778 2702 5277 1715 7613 4997 16170 13432 19138 19964 16739 7384 7513 16472 6048 2097 12773 1608 17529 1917 17104 12307 7183 15493 9655 1594 15053 11567 608 6889 851 15637 2048 5938 4989 13820 5440 19616 18893 12277 7791 4258 19724 1028 13194 19213 7537 9946 7548 709 15226 14413 7320 9045
9667 8412 11868 17747 16491 14985 13766 586 16900 18753 2478 14701 12410 9071 4888 5465 12287 18893 9168 19824 5733 18867 9390 6887 5373 12495 16922 12441 8038 80 4959 19325 11255 7408 8987 13910 5033 6820 16734 10385 13630 11105 2217 1181 17234 14825 7106 960 64 7697 12696 6338 2979 17277 8461 9982 9557 10233 7156 5377 811 12581 10790 5818 10983 9856 12360 6446 3131 1048 2335 8229 6279 9844 12830 15564 2656 1378 14535 8936 8999 1190 11182 16030 10356 9339 11154 14123 5614 2006 12161 17531 1918 7149 16280 17113 18350 7565 6754
16776 1961 17293 3393 7309 17615 2546 10228 3986 14257 11385 7921 18360 17837 13614 1328 1493 19432 9343 10466 16121 11833 9719 18536 291 8121 18667 13239 19563 10806 12927 4018 13322 14863 17933 14053 2729 12216 15549 15772 7031 16524 17112 5440 5704 5603 16140 18112 10388 8884 13301 16436 13949 1728 1624 12491 7586 1161 19813 14493 3933 6450 4452 1207 8668 17352 9503 8718 7118 14354 7022 10494 12348 17150 17647 13809 16397 5686 560 2799 3353 8886 15385 18775 9430 18727 8461 9998 535 16937 7399 13079 4623 770 7180 5091 1320 6378 6788
14220 6259 17009 15804 3717 3220 13776 19621 7239 1749 14053 14586 18574 16223 5882 3004 9420 11236 1995 5325 2143 8812 19952 7561 3551 12281 768 1685 11469 7620 15890 5732 6419 9906 14501 8064 18804 13198 8838 15187 551 16632 16053 10999 13785 15368 3415 11936 12668 3659 17667 10748 3248 5286 19197 16856 19227 18655 12205 14700 8301 10202 13211 4368 4295 955 5463 9664 14414 7680 13818 11072 2806 6305 19542 19178 3893 18240 1366 17069 3453 3006 8659 19168 11299 8211 15289 23 15587 3747 3147 12259 14575 4347 3064 12257 12081 19215 12527
1546 11758 1658 8512 10423 17481 16096 9726 1592 16706 13243 18000 11221 3944 15988 16881 11093 1675 2503 1681 4250 17938 11204 7890 12863 10401 9494 596 1035 19928 10703 11709 11643 5121 2846 8301 15921 17699 13131 15205 4471 11311 6230 2535 12383 14861 12620 11290 14354 10472 18283 12777 13607 14002 2649 781 8313 8865 3888 2597 4997 15206 17857 3009 1230 121 16483 8917 13563 3712 5006 698 3406 4412 12040 15816 2802 6937 9814 15719 10556 12035 16604 18446 16393 795 3290 1207 11775 16234 12126 4991 2254 3209 14594 16559 8361 14980 5321
5279 13257 18193 4805 2851 8233 18353 19191 2723 17971 19966 19022 15974 17150 10165 15243 8296 15684 19301 14152 5947 914 3251 13986 2822 1585 3779 2318 17987 8874 5675 16128 11043 18886 14158 7407 15971 13854 12194 16037 2531 9862 13349 15010 19583 5771 3076 14708 15407 1961 14120 12035 2476 5542 11896 12511 18174 11142 6060 19764 11017 7904 3979 13485 6932 11112 17652 4072 18744 12326 9803 5550 9909 10930 4801 4517 9557 13458 7924 4377 1771 9780 5299 10538 10581 6475 660 6603 3902 1811 13249 9154 17037 19051 15910 4341 12899 8414 17384
12896 12581 472 14800 13343 619 594 8830 18334 12738 8714 2368 14565 2104 5991 19927 12939 19121 694 14889 5381 11166 19408 1102 15906 17951 18607 12425 18503 16772 13594 440 17289 12986 9477 18678 14386 7084 17648 14316 4912 13052 8050 8096 18417 11082 8922 1753 13520 10035 18930 4169 9778 15719 16143 7225 16 17353 3008 13848 5233 7576 5852 19913 8021 1235 17520 13372 19513 16840 16820 19052 5593 6809 12371 7789 17099 3414 331 14533 11090 14658 696 10719 18178 11027 15748 19283 14240 10201 11060 12020 7416 6378 16589 4656 2657 14430 10428
11948 454 5939 13364 9926 3706 9250 18350 1263 16210 13325 15628 14426 9875 3483 16740 11831 14992 3267 3244 239 2064 4261 10716 161 7859 1685 3534 15021 2049 5611 16139 15299 14234 15224 12932 4749 9579 7994 2578 12506 17933 6994 4861 1613 13070 15129 19791 12817 15514 3965 2528 16890 16032 8752 13606 13734 11369 12563 5851 4670 5705 15956 6059 1677 8198 15259 11070 12505 7572 11885 15165 19317 8241 16966 16680 7302 5681 58 608 12979 1344 8791 16239 3852 11389 6705 7447 15317 2737 15746 15411 16868 9457 9097 9665 6419 13929 2882
4655 15116 15644 13571 15883 17170 4069 7032 1984 1726 1763 1788 9287 12056 12994 18373 10380 17673 13715 8454 19788 19317 4159 18306 15905 3070 2430 18805 10386 9383 15245 4752 4806 4846 14512 4844 12216 6713 16900 15293 4788 12091 17814 9320 19321 5688 11228 6761 1796 14077 8019 4391 18161 13489 15688 4017 9940 2702 11837 17640 17435 9679 12278 19091 8360 10983 6774 4794 8843 6335 15792 14337 1659 5440 4100 11777 4301 18420 11314 16004 3416 14787 10211 7870 270 1619 8216 15975 4864 9891 11395 11939 18281 16229 11621 320 9548 10555 16883
8127 11022 2567 11536 17423 18337 12766 2349 18039 5048 2498 13144 10155 17790 7925 4830 17507 2882 5588 19396 2460 10674 6060 420 11203 14895 3548 10841 9136 4942 8459 6285 19324 2768 3264 6143 19070 644 1065 6479 10620 18037 2575 12148 2579 312 7166 2577 12026 13568 10444 10642 93 6963 3719 3857 4033 12545 8037 7728 14364 4290 11778 19752 11888 30 13415 12706 19827 13884 2983 11871 7277 1514 2568 12016 2286 8757 2975 16206 42 13734 8996 3772 9274 5687 14280 12447 17866 4129 10282 10992 14730 19524 18916 18722 3575 5307 17002
10194 11301 9098 18042 16037 7557 15884 16811 12485 18203 14086 17496 5296 14488 3956 5048 17476 6623 18290 11653 2538 15859 16158 19653 1228 18900 2366 9752 19996 7781 6393 10436 9922 2656 332 3078 2022 6014 6541 13585 19731 16233 11663 3910 9050 3623 3004 1587 10789 12693 9975 12310 300 12761 5357 3424 6141 717 1585 17881 2738 13345 2781 4903 5992 683 4925 6105 9662 2139 17311 8811 16750 14569 11270 19118 15424 6012 7238 806 6689 7983 4229 19869 19408 14969 14751 14560 2586 782 2922 10138 14878 3091 12409 2556 13453 12160 13666
16817 16897 1778 13084 13006 7533 1599 4782 19682 8875 18967 7458 5259 8633 11518 15487 8213 18697 17976 13445 9497 12386 9296 7720 8407 9065 12539 3229 8452 7138 13700 2873 10194 13689 5331 5462 8285 15973 6418 18791 3927 2378 4818 9797 16403 14641 16247 7067 11099 18716 11547 16409 18199 3606 6861 13293 13574 12862 324 15453 13996 19505 15113 7674 10749 15319 793 6268 7117 16199 8811 18995 2734 1460 12007 18703 718 11949 11182 3035 10715 7092 14876 1433 10806 17415 1381 5346 6358 3856 2466 15274 16678 3135 19644 17386 19915 9410 14820
7648 15890 12496 207 9844 1296 18007 12349 13589 9781 14235 4254 9042 18518 4608 12864 3085 9408 16389 8454 6700 9932 14258 1907 8879 1931 5470 18543 16608 4851 10207 8441 1952 7239 19764 5274 9846 391 15320 9657 15551 18829 19712 17284 1644 12162 7136 2278 15148 15029 18476 3850 15737 14694 63 6936 17317 17251 4594 3626 9543 11360 8430 2028 18055 393 394 18671 18425 9424 7306 3775 14487 5455 9048 18058 8189 2171 660 7196 15732 14999 13231 3245 8522 715 3990 8501 15688 14785 4901 4645 7702 8629 4839 4577 3630 2954 12033
19361 15820 8443 785 15223 14901 18888 18477 16472 14289 6286 19458 3631 6510 2248 16408 10988 277 104 5625 10164 16634 12402 3942 15317 14256 8470 8383 10452 6045 10423 16753 964 10351 12634 7055 9115 12007 2832 13739 17280 12586 3693 201 1625 12854 18497 14709 5995 4214 1787 5653 2247 15636 18732 10516 17008 9258 12052 9188 12434 5584 5921 17625 8268 5039 16303 6621 6601 16254 11187 606 17735 2038 3 7026 2683 11861 15842 15263 13432 3310 121 18998 14953 10315 4076 4918 11675 15004 444 259 633 348 12519 18977 12197 2159 3141
13168 14275 18982 11531 16211 3559 7803 13771 12604 4130 7994 8785 6092 3423 19546 9970 4631 16684 9332 18226 5266 8510 15877 18736 15903 7279 5828 18194 4314 18129 15227 6285 5908 7937 11043 10782 19665 4207 9238 7793 14002 1653 17790 2410 19785 17090 17371 14040 16433 3457 1904 16794 4750 16155 12452 9277 1707 12096 4212 15028 15871 6841 17420 2743 689 9250 1427 14668 5962 4249 16940 12953 16230 4401 1004 9863 15173 18848 14970 13886 18627 5808 19640 10346 3138 15567 3032 9933 12729 8003 19101 15326 17648 8800 14051 2793 18795 19551 19592
3627 16329 1239 18745 1586 13293 17978 1819 2364 12434 15564 12372 17114 19965 9610 7834 2294 589 16126 13991 1290 13657 14008 16969 5334 14315 19062 5700 3617 2539 14451 12734 7345 808 13335 19471 7922 15490 2422 3594 1594 2410 2571 9847 9151 7395 9525 13030 6572 5711 10141 3754 9501 10349 3080 16774 6858 8755 19989 6904 18174 17689 3651 13227 5707 9040 17532 4884 307 6844 18391 17463 2412 19667 9113 8182 17520 17303 1435 13762 13007 18106 8761 18098 6362 18991 8777 7431 10866 7454 18526 9297 6591 5068 15059 4823 8137 11486 17497
8627 3663 6627 14047 1535 7476 5923 14144 6469 13817 12508 13159 5488 3016 3690 2252 6824 15047 2239 7928 424 9848 2368 2531 18506 15128 13846 19965 2116 19902 18998 8170 13856 12756 3871 4437 3487 12283 14759 12738 1745 10402 16672 10084 17165 8090 16810 15780 8996 19560 7203 1010 15110 19382 7639 11961 14565 11837 8765 15489 3753 16051 1975 8810 12290 12878 6969 1886 13748 11619 17789 6099 19262 1294 5683 2498 16252 18028 5450 1556 17664 4609 4309 2750 15341 1128 6577 8345 10282 19998 8878 4171 15304 6167 7599 12036 6556 10858 12338
16665 17010 4024 15766 8281 14197 1289 2408 9345 2782 15381 9606 10110 17231 1380 16166 7917 19160 10978 10853 67 13994 17299 8062 12851 10336 2819 14380 13323 5652 15054 17838 11383 1716 14661 514 12656 5415 6486 4143 14702 4568 17396 16399 6465 18008 14064 9930 14095 9213 12446 7907 9564 9808 4327 11546 8726 18265 10147 19294 18075 19301 1815 10459 14212 350 10312 1953 7472 12827 1743 11051 509 14478 9215 823 4254 6784 17421 6419 19177 4111 19041 15091 6379 1269 11488 13481 6275 19142 13608 4203 9671 16605 9636 10507 16828 19023 17561
18281 18593 15835 13 19692 6528 16410 18419 4171 19740 1054 15845 15403 7741 14957 9844 10528 3460 19445 12663 59 8587 12621 10958 18352 10683 16746 19785 4241 4313 18028 4709 13990 6540 1186 17495 18380 12254 10486 17888 8719 10457 494 8443 7857 19902 12905 5922 13370 378 14165 19809 13127 9935 16202 11098 11353 15184 17233 17305 5505 17637 16414 8535 9178 5365 4104 8923 4985 9383 19122 15911 8418 7347 334 1682 9855 4276 7390 7422 7266 645 5200 9183 8283 2771 9137 3416 17702 14754 16234 11201 6227 1727 11164 11615 14795 3366 17806
12890 6660 15771 4722 14951 9280 1604 3720 10984 10246 19945 19942 17268 5409 15346 1491 10603 8593 8378 17502 2791 16991 1139 3224 13501 8771 2888 2484 954 1974 7527 7714 18756 15819 4002 2195 19999 13905 4652 8117 13144 5077 1686 18823 9866 12021 8717 2316 16298 12103 14304 5148 1110 14671 6442 4289 16223 6029 16898 12095 11175 12595 9922 16170 9380 11022 7431 7766 7086 5235 2232 239 3580 302 6046 18330 7813 12816 18448 3534 10718 15801 13672 16831 9647 12823 3506 6844 5104 553 12794 7625 1457 19766 13405 519 2374 3371 2058
4539 15973 10631 14216 3329 10308 9711 15135 943 2431 1858 17972 13927 6212 11618 2071 198 6725 3966 8810 18633 12435 9069 13861 1123 18465 10637 14832 17196 13686 11652 8668 19879 7585 6530 1199 10579 8139 12424 13732 14668 14263 9163 1923 4263 9229 3794 4364 9574 3389 9436 2973 6625 8786 1302 66 2869 18827 19938 4325 5386 7991 17878 13521 13007 19251 13446 692 2630 13705 9091 7017 10961 18841 18223 6163 17728 1063 747 6986 5967 2936 17543 18297 734 15845 11362 9578 7783 19012 3769 16117 7971 17487 6412 9110 12372 16647 14032
2397 10889 5248 7544 6222 2799 19495 5804 7929 5888 6436 5761 14861 1566 7404 14297 16377 12424 11350 12145 382 10201 11696 7926 3154 8428 11073 6899 2318 5068 15083 7466 11437 6850 17595 12219 17352 1031 190 18689 2360 17135 3080 18132 8151 12675 15274 6664 1506 8991 3906 3749 2067 12967 16273 17268 10260 12349 14497 3300 11151 12870 1663 12406 16586 19520 12125 11391 5559 17868 5226 13932 6196 4553 14999 13734 15310 9601 7559 10448 6346 2532 3424 10496 18772 7013 1885 9081 18025 12217 2176 14839 52 17747 17311 17713 6259 16655 16364
19695 10853 1353 16782 19739 19511 17760 19094 2178 17780 11309 13167 16820 17498 10696 3963 8812 909 2142 10613 9800 7747 15557 19606 11487 11216 12391 8145 5048 6549 9311 13739 4596 2328 17432 14543 3008 6535 3245 8673 3998 18665 9251 7776 261 12733 11061 2838 10961 1396 10189 8373 11512 18685 12966 18283 16207 8851 12283 15454 164 19686 15854 15765 14449 17353 10441 6232 16959 4522 18791 747 11209 3480 2360 18319 6373 11377 314 19473 2352 8962 13427 15124 14737 14941 19772 11091 10345 8811 13911 6167 3620 8068 8213 591 71 12468 14461
2715 6484 10333 19848 16437 18919 8258 8957 14682 5613 9137 19541 14275 10134 11109 7619 321 11300 6565 14248 8145 12234 8201 7953 17372 8484 1936 16098 8655 11267 5789 559 11491 19291 1449 4241 9172 5837 4925 13585 4860 16347 12288 15813 9896 1199 11772 2718 3163 11390 15837 19144 8730 9756 4843 16360 4221 6166 12938 8285 13022 3352 14756 10549 11767 3391 4102 11623 7015 5564 6160 19143 1631 9689 12533 11339 9301 3109 18791 18484 8250 5667 18443 11893 14262 12095 10405 5115 19033 7006 17247 296 15725 12322 10487 14633 2349 1279 1293
13755 5561 3950 1705 4973 19736 10449 15494 4373 16206 5753 2706 19913 12059 7585 6342 15366 12085 5832 5337 591 17254 8137 7503 6934 12484 8547 9307 14590 14721 14346 2445 13401 16202 8571 4146 15599 13365 11252 421 11417 15568 6468 13590 2135 8927 12941 19417 7478 7832 5228 839 15012 6458 7771 18468 17287 19109 1614 15370 18221 6090 6542 19300 8143 15013 13903 12102 3498 4657 18012 10761 9544 18849 1568 11605 10795 631 6680 11090 16001 13833 1980 14703 4911 4607 15487 17319 7278 17687 11103 4547 10963 9686 2894 8687 32 2131 17328
4467 4278 17462 16290 10880 6456 19853 2526 7894 13393 5784 2578 4730 8273 17663 15325 11359 11456 2159 3634 4079 8901 13164 19500 19970 13313 18926 11158 7047 17403 15482 10927 11317 17280 12144 7728 16909 15288 19632 18153 13493 4758 11662 4214 9376 4901 12459 2001 7506 15257 2176 9135 12425 16003 12654 4440 6915 19039 6445 11401 7705 8260 16842 15729 5370 15485 17202 14872 12790 2631 6254 10710 11796 1944 396 11234 7691 6725 3710 12182 18870 1354 1169 286 16188 1510 18862 14248 2209 9234 11910 7898 19099 2796 7460 3072 5978 19158 760
5730 4747 3270 14299 13371 16245 11077 8400 6566 5742 15411 5017 6813 9921 5507 8368 14887 9654 12950 11889 16908 6816 5149 6408 7351 5066 7608 11618 17121 9410 11341 4953 6499 2392 12663 14893 19170 17232 13388 18976 16048 5032 4817 17413 18022 18191 8613 9122 19718 15339 11686 6714 8947 908 10629 9618 17328 10199 10526 15309 13557 4377 15481 15012 18178 17372 13890 1493 7366 2478 4634 6391 171 881 16099 6308 1103 3282 13814 3232 14739 17802 16032 1120 1606 18773 14778 8071 4252 2313 16373 4708 13117 14327 6319 729 16148 11513 18910
18220 341 7536 18668 16074 2853 12204 7447 10379 15988 18553 6245 17154 686 4909 13255 13862 13865 3294 976 17894 2163 2354 15344 11949 3745 2625 4801 2802 1925 6502 10069 5433 4683 4472 10993 14960 28 2410 7171 17195 9203 18473 18844 4136 9341 6898 14538 9105 18389 3861 13723 9700 7690 13207 19763 2119 8519 8948 19621 9464 26 13304 15897 17812 2239 5470 19134 3935 12745 6093 5908 2234 12200 16221 812 14720 9116 5846 10412 6397 19217 17880 3617 2307 1596 14049 3362 3346 10516 7988 9478 15790 278 10945 18955 19261 2152 10690
12099 17118 2316 3068 6034 8906 10725 3557 2435 16538 13644 18557 3688 18529 19814 1683 18188 4142 9188 6010 2600 14817 7281 18066 6046 16042 11771 7731 7135 9648 1993 7512 1481 7428 15109 8934 9065 18885 12916 5601 7956 19070 19601 17393 8194 18656 2459 2788 15156 7591 8253 10894 5620 19152 3670 9230 4572 6990 18676 3518 6777 7163 8970 2755 15106 2591 17346 18207 16897 19943 19722 779 8467 13288 12907 5906 3249 2394 526 10199 17963 17489 17282 13038 13472 9381 10648 4450 2583 4009 2840 5057 1463 15050 15382 11262 12108 15052 13944
15136 9251 3093 15453 6501 16692 14456 13280 9054 7291 19599 3689 1134 16208 4980 17917 13018 19198 5362 14230 3544 4002 5531 1669 17948 14762 12525 18822 15939 16979 10058 19068 7318 1805 19307 11991 9059 1182 17770 8748 17778 16988 5292 19255 6003 554 2496 3101 15366 11957 8424 2654 4928 14761 15699 18476 366 12829 7817 2371 18690 13529 9983 19791 224 13200 17045 13279 7983 16929 15620 12665 17320 12762 5630 5923 14992 8494 5974 4489 16104 14433 1505 5944 17011 7491 10266 766 7165 11975 15657 10834 1460 3586 7152 12695 16687 14988 13837
6160 9960 19170 14094 7899 19370 14370 713 10993 19394 15154 6394 3185 5652 15137 15876 11192 5437 6539 12611 13584 3630 2320 243 15147 3757 2744 6976 17874 5382 8115 19643 3924 6138 2724 6405 14404 859 19824 1417 16777 17698 11549 7390 8138 1904 17307 5529 14721 2467 3970 12134 18340 3934 13520 12808 19859 5490 2332 16579 6234 15480 17474 12909 9983 14621 5872 11478 10514 9205 19554 11057 6016 13649 2486 3841 18430 1332 2629 9237 18572 15878 15273 7978 10263 17106 17437 17102 14879 9955 10856 5157 7143 13632 4241 13296 14517 8781 3010
4532 5900 11162 10701 15794 14233 9090 4008 3883 10731 19179 14141 18655 18753 7193 8035 13801 18904 2465 5255 16895 16779 18295 13086 4903 10030 18967 10503 2539 1111 3130 9815 10803 320 4867 11438 19005 11870 13548 18732 8853 19174 12657 3467 8347 10938 7373 17030 5062 13147 14242 16371 17493 19330 13991 13779 13332 14100 7952 2775 12683 6580 9398 17762 9447 7052 2868 7366 10491 1791 10711 12878 718 7425 9082 3048 1868 15612 18042 6035 1440 5368 12573 16672 13805 16805 1508 14637 13038 4723 19903 13726 15422 18423 17899 4283 7817 16891 18736
6353 9999 19672 17837 68 5783 5357 9070 9320 15408 4458 17530 8309 19271 2894 18637 10501 17655 5691 15979 19850 16822 11990 3131 5426 6168 8804 14764 6776 12085 4912 375 8138 11875 2908 16977 8246 17322 6119 16684 4664 5319 95 840 14248 12195 15437 342 5666 11346 8459 16309 12999 3469 5297 10017 17403 17212 4831 17299 9329 8949 15453 19926 7353 6091 7584 10534 1756 15464 18042 1284 3861 5132 18824 14311 8871 16373 7612 17974 6221 3038 418 15877 11288 11345 18643 13934 4064 11955 4974 3159 15563 18620 14345 236 16479 5333 2310
13688 8830 7846 6991 6290 15790 9566 97 8941 15826 2154 16471 16370 12314 10346 13879 10471 11975 5624 2085 15117 17160 15620 16109 9206 14499 12924 19482 16803 18837 4804 11008 6829 17560 5163 11922 7926 13609 1976 13808 11222 11994 11544 6507 15783 11397 13796 4440 8701 6202 2565 18697 11874 5243 10795 14342 10022 2470 18992 6763 10634 3024 8638 1586 19311 16500 12457 9249 7035 3144 10867 13194 9814 2534 2314 4793 14347 9174 7629 3091 8877 5570 1395 15543 8492 4956 16322 18574 17393 6166 10624 276 15283 16081 2198 17391 9404 10299 17685
8879 11232 19388 5281 18525 17505 13189 3140 6056 17823 4528 4392 1303 5796 4026 17758 4502 16762 13906 11071 7330 4273 14250 973 11084 14277 7382 13028 6771 11351 7414 16105 9582 12807 15433 12589 18624 7133 3183 1928 18447 1543 11229 14192 6983 12025 9347 4031 13822 7685 11940 16614 16676 3243 10442 932 16523 13366 11041 12038 8603 1531 18207 8151 14721 10019 17210 13383 3765 8223 9939 326 1633 4182 17362 6021 14691 3134 1508 14443 12596 7308 8220 14232 10140 2972 15376 6852 3260 3354 15703 14526 1550 13948 5926 14910 1527 5953 17095
11127 1015 15063 13985 17920 17639 7744 1911 4782 9329 296 1980 18986 3377 19988 19574 15886 10598 137 7836 2655 13596 3025 1482 18614 5218 2262 1984 18304 2959 5682 17371 13345 12570 13954 12080 7518 1363 19264 6360 3240 13149 3193 2818 1355 3934 18110 14045 11207 310 18718 19597 1861 11830 3553 7207 10557 17140 11728 7747 18200 18062 11609 5867 17492 11770 6021 19044 8257 6403 7336 8423 2026 11840 6275 5499 18961 3868 4873 11126 3262 18100 15259 155 10803 11907 3447 2070 2874 10496 1651 5814 19952 15988 16593 13974 10287 15869 3851
18297 12 7658 19381 18906 347 11440 14663 1363 11298 14242 14656 983 13200 17753 19000 14373 10847 1032 13177 6780 4827 13657 464 921 11608 8169 463 19576 11614 3998 1811 15846 11232 9249 16667 5364 12778 326 16243 10438 6961 14910 15434 12770 10924 19155 15767 14703 9809 13699 12450 19548 7573 13972 3726 17616 7583 216 6626 15808 13112 7898 15921 4287 9263 3057 17750 12718 6915 10873 7566 14796 13934 11638 6730 4244 13955 6254 13645 6956 384 10138 18381 8249 9021 15189 18852 9806 95 2372 7555 12608 6636 13856 19944 15231 8509 9972
8844 4718 16539 18845 18501 17190 1792 19043 18571 1626 5995 1927 17904 10246 11106 12029 13912 5798 12671 7994 12981 17490 15442 13917 9050 19865 6419 15711 12178 8145 18432 13654 6263 16099 7364 2880 14005 9491 2563 6165 18854 2466 17909 7670 670 15930 5505 13000 4689 17726 18965 4295 19415 19710 8508 2374 14255 8464 1568 9795 12417 7478 1388 3399 14077 2406 16495 13134 1701 8576 13547 7800 5077 10112 3396 7939 2355 19311 16148 15609 16729 19949 12967 17995 8323 9063 9811 9819 8186 2911 1589 9779 14940 8343 3224 13916 14543 16149 105
10967 12770 15375 16598 15397 9411 4731 9266 6304 18714 13786 17764 11509 16331 7035 5737 9823 7199 2134 10470 9860 5410 17814 2067 5700 14906 472 15986 11120 8153 19215 11767 8718 15061 7255 4262 19876 1517 7595 18057 8145 19352 14372 1473 8505 17172 394 958 18053 1340 6763 11676 3088 7042 12844 13751 11362 1251 4415 11448 2031 12386 17479 13111 18964 11092 19831 79 12542 12065 6865 8913 13643 18992 2722 2128 15219 1668 8342 5237 3361 3938 19898 2599 18336 18533 18168 11749 15112 16945 5491 7441 5362 12360 896 11267 14237 19611 505
14631 1098 13089 17519 225 18909 17003 17584 19861 12150 11944 3028 16921 14493 8009 1466 12080 6653 19269 13461 4465 15721 8759 13690 3854 13842 8380 8416 465 11740 6255 2442 14933 8951 18892 15811 14435 8236 4762 4857 561 9728 15616 18147 3828 14876 14910 18825 10951 15786 7337 18748 18657 12918 14222 11981 951 18634 17431 13604 18160 2474 18255 6496 8418 802 2064 8765 14142 10770 9502 5043 6528 9221 8473 16954 11368 16529 9911 7332 12109 13735 14024 8855 9757 15860 5535 14877 869 3504 17638 16206 14383 13188 12588 15801 18187 13574 11294
14792 6762 90 8140 8009 7836 3590 5455 14251 7904 8377 11102 2549 17577 7921 18394 14491 5301 13752 14660 12850 16434 6421 621 5238 2168 12615 16792 16062 16404 323 15309 15324 17029 1991 12534 16877 3460 17257 1845 6423 11175 3896 5296 9275 19126 16907 5631 8881 16332 17023 16856 11765 19507 7109 4870 19055 12351 1708 15505 13842 12454 8506 13768 8648 9808 125 4888 17624 1387 223 12080 7405 15931 3202 6002 4604 14541 18078 13932 8462 14705 15349 12252 11859 15956 10390 9619 427 4011 18949 19341 12911 18680 11941 1896 2354 4991 148
9070 3177 8835 14739 10341 5357 13253 11488 4702 5008 19406 10916 11983 1943 9271 3968 4241 15375 9811 707 9334 4515 15864 5063 113 15687 9066 2237 15547 1722 18180 497 10227 16240 6778 13167 17985 208 9428 682 6125 1811 6155 13728 12095 4054 2725 2385 6337 14286 8874 4290 10154 17231 804 5125 11302 9981 8811 7620 9158 16568 2236 12399 684 7480 19421 17324 2519 16246 7160 15539 19145 7724 3928 11413 13986 9794 1828 1682 2684 6287 12723 5356 402 10343 19763 2036 15241 18209 18795 4493 14905 12504 10606 2094 9246 12272 12878
8969 18584 3385 5032 19789 18133 12946 9356 10043 5975 18631 14855 9847 8163 14534 2070 16633 534 1315 19033 15115 6691 7367 17629 505 6259 2543 18199 1483 14019 5974 18602 12674 12455 6504 5499 16391 3400 4060 15178 2317 5441 17235 10795 12687 1233 16665 5066 14522 19653 14597 7439 9610 17732 504 19491 13300 9776 18611 7995 2991 2261 16963 12295 5315 13740 17380 12121 13682 11830 12849 3406 11763 3708 10784 7871 1140 231 2243 5480 9649 9768 12777 17904 1793 9859 16579 1521 4143 12918 16146 12748 6020 3387 14771 14138 9680 364 5938
17301 7682 15671 13455 3178 16809 1144 16095 9757 2494 7061 17020 12216 10846 17142 18205 6694 4278 513 11203 13202 5009 19386 3213 2965 12715 2227 8991 7152 17496 1393 2848 7673 2599 16856 2866 11574 1867 12494 19584 12130 7308 13020 155 16057 16200 16243 11557 19458 8129 3322 3706 7908 17949 12367 5267 13162 11055 2940 8105 5398 1420 11171 18296 11761 16316 1447 19772 3043 3087 4441 14911 11810 8153 11194 10861 10723 9807 4571 8538 2740 7946 12078 3203 8162 5078 3987 15121 2911 15972 5024 17164 214 5539 5057 4918 17099 1021 2487
11033 9119 6717 16894 12797 2531 5790 3654 13965 262 2132 13797 16418 2523 10972 13112 1595 10748 17582 12675 1496 14788 3844 13651 5632 3975 18485 3771 19108 17437 6014 8917 15003 10988 9618 2252 10335 6751 17296 6470 6773 4492 8978 19831 9165 19368 6285 2426 9011 7157 587 15926 13962 3837 18761 16286 6720 8076 2729 7563 9995 6798 7062 15241 18555 11475 12857 19731 19674 9240 9638 7472 9992 13787 5176 13250 255 9196 8079 5324 11006 4817 474 16254 15047 1221 7443 516 4026 10937 7284 11743 16240 10373 6482 17115 8619 6380 17979
6306 6436 14495 8214 11751 1461 1854 19078 2623 6840 18180 8402 9709 11454 7948 10291 12638 17285 11561 9739 19811 6421 2787 17657 9522 18486 5934 2457 17858 18368 14409 2164 16963 5752 13309 1734 9825 9329 14949 4383 14509 75 2893 13624 5052 18957 12453 19432 1134 9637 10890 16007 16285 8166 18076 8183 11902 4146 7518 19285 1203 10555 15794 16027 12088 2492 11857 5584 6161 1601 10333 523 4789 9201 6788 6263 11305 10273 18852 13896 16914 823 1351 16681 1843 9680 11172 10070 11806 6031 15549 13783 13003 17100 11414 14407 14615 10809 16231
11197 15094 15085 1185 12550 8059 10957 5439 8720 13737 7843 19130 6903 9512 5650 6088 17260 18861 12109 13032 10511 1403 4672 3673 7616 18732 12811 15243 12953 17330 25 6564 18304 10739 12325 6774 16336 3225 1155 840 1672 2106 6625 9468 17059 4378 10550 15295 14888 5019 16963 783 8368 10448 1201 10235 3406 16633 18503 3347 9112 13546 15937 4543 1474 19327 11363 11153 13479 14626 10924 16801 17263 17400 17782 18555 16289 10994 11138 3635 7042 12752 11733 5982 10212 5400 12665 11344 861 11901 16670 12786 10100 11810 7487 11532 12321 13235 682
7440 549 18883 11566 8535 16231 14334 13409 136 2154 7398 15556 14528 1464 4616 6409 18217 189 11735 1563 16053 15187 5583 10565 15776 1677 6260 1239 6116 7334 11790 16084 8778 16376 15020 12388 15903 9284 872 3698 5149 16716 6481 18238 8502 6529 12491 15739 5323 7139 3144 13819 6943 3924 16316 16832 10302 19832 9455 1831 10170 8207 13835 16096 19797 18318 14746 16587 13842 19876 12141 18652 2062 10332 12683 9387 18909 17552 14098 5638 3113 1799 4045 11265 5005 6034 13707 8728 9618 93 1106 19423 184 5460 13794 14286 8872 11128 16858
9777 15573 4262 10959 13580 3609 2430 18841 6474 5753 3424 19694 18916 12473 14898 715 15302 3676 16588 19053 99 13338 1043 2294 8882 874 9918 19822 19238 5764 7834 11792 9275 8805 19431 7931 11108 9279 8485 14548 10570 7538 6509 10940 8877 4025 13661 15031 1845 15938 3015 18128 3890 13190 5744 18591 19249 18440 5405 15865 15469 18863 2125 12232 13161 4151 12385 9529 8563 14840 19849 4570 15112 1572 1782 3502 19081 3043 7617 9149 1424 8189 17871 16505 8635 7140 16844 4140 18779 18808 8095 6075 1915 5418 17111 15985 13531 4093 16067
15639 11178 2139 3158 15917 9673 18409 1927 19526 16063 15916 5256 7856 13756 5456 13501 18570 13630 10191 8409 11259 19723 13922 2502 11444 1508 6127 8032 17912 1826 17869 10303 9593 1427 7944 16576 4182 13768 11673 14048 18099 13235 15295 9058 3449 6680 5907 10664 8651 17660 15341 769 9285 17131 17847 9258 638 12945 11018 16953 12147 9475 6027 5204 14073 15579 10894 13524 3358 9129 17890 19852 8678 14611 5913 12489 10118 10087 1963 17339 14131 405 18116 10246 150 381 8523 7672 11782 9735 5123 7339 662 16936 4700 1189 13596 15294 14655
15592 17275 146 10964 15920 6078 16991 8504 550 17252 16119 923 17723 14992 6831 9189 5755 8029 16054 12714 1420 16594 3422 5581 495 13425 3225 10300 4792 9101 7591 9766 579 12888 5798 17435 5826 19151 19094 4699 3971 12466 6083 2172 4735 19802 11353 18765 3293 1070 10355 14760 7546 19950 6465 17543 7434 7866 6589 1167 3927 5545 10174 18894 225 1106 13217 18034 13513 8658 8914 1695 11477 8059 593 19456 14798 2122 7897 17700 17409 3479 18058 19969 996 13746 15577 3897 4535 497 14910 18546 8825 11827 1887 16348 1004 9552 14856
16230 2950 14200 12369 12357 8619 4710 11026 16417 8284 19676 2005 5982 1789 17207 4647 8471 18754 15495 10212 15671 15599 10220 16810 13065 7733 12642 2757 2686 14147 3239 3798 11754 4870 3713 4098 17597 1923 5393 8555 9688 14013 10493 14368 19206 14895 6858 7119 2713 12779 82 11402 16 15372 19623 14403 6289 14864 14532 6863 19642 15326 16505 13956 16020 17324 17539 6134 10151 5473 19118 12533 9251 2908 10896 4896 6559 12293 18473 12549 6346 108 6561 9765 18299 7276 3171 16235 8802 1366 13074 4644 17893 4722 10811 12837 9337 2186 16133
11773 18863 17677 19844 17219 11814 19485 12765 5637 1318 3392 8604 7183 13196 9655 1607 4844 16906 17468 3532 18859 16641 17685 12483 4446 16368 12921 4047 3061 3008 2734 12803 3359 12582 14167 12973 15776 15286 12185 13635 7188 11727 16150 391 12428 5164 14317 11455 5313 834 8021 3741 17608 11201 9317 4153 16809 13430 9434 15335 19245 4142 18967 14132 1733 11043 13398 5173 12497 5737 5293 3380 11211 5958 8948 16035 10722 13114 2752 1170 16068 1812 2637 7417 17117 14893 654 19889 18373 1730 6092 13099 7228 1041 10195 12552 7997 5275 13259
11375 17808 19154 14200 5067 12419 1423 2570 12870 12247 17942 10784 15244 7986 19290 601 12417 6590 5011 7303 17219 17029 314 9529 14665 10183 6751 10244 11270 2201 16881 4533 7720 12810 17645 18434 111 19167 3663 6485 16265 8897 4998 14999 13947 3644 6970 6117 2721 2806 15359 15195 18636 9113 4203 1790 13851 3266 7398 3759 7159 8798 6146 4310 13839 15169 341 14681 17528 10026 10689 19710 15991 11509 6752 5390 12732 6396 18114 11806 291 17167 18016 8220 5984 6192 1746 15036 9896 5840 6734 1098 8344 16359 17250 15754 14542 606 10564
7307 10539 1506 293 10309 19536 1357 14831 89 19136 14400 2466 18061 1394 4115 13568 7080 16161 19060 1517 11369 10277 10063 3828 4657 3179 1050 19287 14928 3521 4077 7162 16534 17446 12767 10543 15085 18486 2663 6576 7117 941 4399 10460 4290 19235 10924 7125 9361 14872 8897 5625 4441 7048 12007 4263 15622 652 3497 3540 4425 12406 15702 11557 20 11089 19753 13185 18428 9523 15384 1090 10825 16886 3317 1140 1386 4978 13220 685 10450 6316 12974 720 12478 4608 5449 2631 4916 15800 16940 15939 5053 7037 5949 16026 19289 19120 10053
12120 13463 5860 1011 8868 15632 19707 19558 11427 12121 6959 18433 1181 8356 1403 435 5213 7322 10610 10733 18248 14807 2217 173 7750 12537 10673 3277 13645 2454 11689 2005 10910 2718 18728 5162 13119 10525 1200 16249 2445 13828 794 894 374 14932 19613 6390 14127 8490 9085 12722 9343 16961 15828 2722 466 4611 11029 14749 17351 7156 1965 17004 845 3423 16079 4514 5874 6576 19052 12919 17953 15333 2922 1327 15236 18868 16326 12155 13732 6436 4080 4184 3714 18990 19018 6169 4002 10243 2121 14936 9037 11598 9348 14532 9915 19911 5283
7399 577 9270 10104 13446 3053 7116 15068 7332 3669 3098 6516 13304 13309 16854 15369 5270 13681 4686 16508 19713 6955 15963 1508 2936 13849 2384 15047 13358 2723 3770 15632 4600 14911 13349 18433 1014 8544 2478 5535 13121 13065 4674 16046 14136 1223 14150 3751 7612 2178 10087 14552 7738 4467 6953 3097 16498 12950 11749 14172 11276 13262 1597 19294 15809 10842 5719 12603 19364 6285 3324 12146 19150 14471 1639 8205 8646 9396 8841 282 3487 762 19947 10375 18588 5984 5817 18637 19635 14325 1372 17446 10227 16385 6378 10594 8724 7373 13136
6061 16580 16173 17223 2759 10364 17765 7380 12006 5807 17624 17915 14728 8111 17813 19186 3684 1015 19882 12792 8076 2431 1508 18076 9579 1844 9796 5753 11703 18200 5723 1815 17844 12035 9075 12381 18301 11013 13542 18362 18812 2329 9388 3144 14759 19911 968 13713 4312 12342 5257 8831 11839 16474 12334 13595 10129 2709 17889 10832 8033 8291 3681 8458 2524 11448 9073 5037 13263 14648 4898 10434 15306 346 2664 16442 15628 11238 14804 4577 1843 18108 2248 11789 19936 10260 17074 19623 12140 13050 8705 14067 16124 10163 8475 5280 11621 9483 3371
4283 14495 11563 8680 18455 6570 3737 19786 2384 16112 17173 8673 5415 6790 18883 9214 9773 14565 15685 3059 19280 7842 12571 3584 8394 2990 19424 8757 18485 15522 5836 8956 5421 11507 16580 3866 4248 4676 1228 6220 5893 16111 11151 6031 11160 16044 1274 12564 13967 4013 13250 3836 13424 7896 1837 3238 4508 7721 15802 18048 1656 11591 6376 4877 12049 2296 3353 9701 6745 17136 12958 19128 8400 16093 206 4702 16125 19089 8346 4779 3041 12766 15481 8855 19665 14030 651 14810 3957 18282 15984 12022 7611 17140 10287 13766 14886 14785 15183
12479 5304 6646 3016 11555 19837 13531 18575 14515 12288 16265 17033 350 3406 12390 15487 5300 10978 311 6817 13732 17622 10502 8216 8233 5072 2671 5442 17010 82 3843 4846 18308 4705 16668 19943 9271 6945 14930 16606 8258 8871 7423 17670 1053 16538 14945 8642 15279 17555 2440 11543 10043 2752 17697 9223 11466 18009 15075 6788 13725 3449 16195 17323 6250 3574 6725 2196 13529 1432 3840 2406 19293 4644 3153 10587 4348 15245 6894 7360 9283 6334 5679 11922 10738 19039 8954 13790 15985 2142 16956 12315 12994 3133 16899 17217 1910 16012 2931
19584 4789 14538 1834 17842 14067 13526 14599 13993 1670 14848 4019 3891 904 15481 8577 10893 3179 12226 7195 7983 6773 7833 17702 11007 2895 6691 10219 19176 9652 12517 6131 2709 18935 12101 16417 18689 8973 5996 12631 15934 1597 8235 2628 12094 3443 8879 5290 12641 10039 19960 5766 10522 9012 18830 11960 15920 14440 1721 8217 3760 5816 1603 5895 7968 836 12734 18139 6104 19652 14245 14573 10169 9293 4541 16800 8823 11330 19854 18928 6826 5561 14966 17645 15085 4386 695 2060 7358 19849 6171 17526 17852 14674 8950 3976 2557 15126 6439
19714 410 13622 14564 17026 15338 11815 667 2147 11217 8899 9333 10551 5913 6576 15927 8993 12054 18525 18358 8646 6037 13542 16834 8783 8302 19865 10174 6435 2392 12137 6776 4549 13418 2518 12672 11675 2881 5491 17129 9254 1282 2438 5674 6786 19989 19973 10317 4862 18019 2888 2632 19959 12634 9049 11092 15108 7410 19296 1890 8448 10668 7705 256 4595 11357 2961 3982 6717 1392 1161 3120 16421 4437 17720 740 19480 15567 13881 2677 11240 4099 12721 1003 2878 13263 13460 18600 18811 99 13621 7327 11121 3885 2592 18998 16097 17098 14322
7908 13719 13876 8804 11771 4270 18185 19045 12149 12177 12926 5159 19887 6580 17058 11966 16530 12551 12640 15888 13026 19979 7040 4013 3133 16003 3920 19276 12450 4111 115 5168 5141 8663 7810 69 14081 10955 13532 12163 14466 4409 14935 19745 3165 594 14473 8408 13181 6417 12581 11842 158 12386 9973 15510 1273 854 8528 14550 2858 17388 5498 11157 12489 19883 923 13781 2730 15584 1094 4380 8366 167 15396 18256 1960 6499 14433 11534 13104 6152 13582 5608 1264 18406 10444 2367 10971 13918 10630 860 6596 8469 11509 17946 13692 13470 10073
1174 19262 4039 18884 15273 11275 3736 18804 4678 18291 16193 18733 9982 17701 15956 3894 8779 3892 12729 4893 12600 5361 17127 8231 13729 11316 5649 7724 18913 4792 16999 18797 14756 13606 1154 9634 6417 19292 9564 14130 10224 3486 7380 10717 2818 8175 15937 12222 10121 8605 14148 3241 3501 17554 15111 6914 9345 16873 4669 3407 2211 11345 4187 18051 412 4383 12963 19007 10209 1974 8995 7733 2385 9185 16069 614 9432 16420 3102 2757 12149 16783 11389 3699 1387 7504 12232 9238 8394 15381 14068 17953 10060 1209 14427 9947 2411 434 19473
8940 2047 5118 16405 10392 12195 8587 43 17558 12122 9291 9682 12331 3719 871 6824 17235 1838 9662 3241 353 1906 13766 10715 12212 17008 3349 18461 18045 18110 7806 7535 19589 2268 18637 6563 5436 10447 8266 14459 4058 10664 9427 16475 1488 5732 590 13270 19591 17342 13158 1029 5423 18578 6860 9901 655 1579 16606 17493 14022 12140 5560 4360 1993 16311 6711 7720 15353 12342 5095 11910 3413 5767 13466 15135 12354 17653 16316 10546 573 1149 1529 6813 15136 2846 9356 13817 5363 966 18539 12809 11735 9854 13833 12447 15096 16317 308
12837 239 5753 19327 13660 18628 12126 19293 17323 15734 12341 8091 13453 19438 2178 1618 953 13702 10021 4248 1454 9624 17807 12030 11661 8972 9518 9739 18897 2830 8582 11354 10314 296 2949 16107 8814 14446 19653 5600 12167 10160 12180 3947 15850 9086 13171 13126 6473 14979 13191 12843 16580 11712 18027 4910 16241 3372 18790 16534 9788 10660 13822 14249 13955 5531 18297 3232 12323 2724 1429 7294 16251 4734 13450 2201 12819 12201 1248 5114 6913 11621 10565 4877 1141 1352 15444 7227 9320 7593 13455 11957 15884 10295 13732 1726 2453 17964 16812
8441 1344 4461 3143 221 15561 1587 4891 11261 3193 1563 12202 2341 13556 19404 14769 16636 4145 6369 19874 4157 10208 8614 1736 3531 5588 1012 18284 14438 12059 11007 7947 3403 12091 19018 6539 154 7271 13880 5635 6221 16964 14811 10900 13788 17961 11064 13922 14072 12320 3907 10677 14784 14785 13085 15936 12212 6565 17569 7641 14701 18576 5366 10828 7071 3394 12664 7361 3778 6805 16480 15855 14437 19030 692 15706 6432 11174 484 4919 7568 3119 15220 15686 19209 273 5481 5118 4810 16200 11094 11777 9975 14349 19317 10979 5983 6368 5443
10885 4459 19923 12646 4119 16025 920 8896 16573 15069 19536 13727 19706 325 7462 11082 11714 3142 18545 6037 15482 5264 19695 16792 18514 14930 10985 17431 7895 14774 521 18002 746 11904 5990 19213 2436 13516 9008 8710 5942 11885 17586 13548 17167 7963 1809 12565 18410 18071 10957 1989 15623 7721 11254 3336 19406 11808 12125 12116 9105 7865 13214 12561 19251 3277 13158 1713 1721 13655 1202 8517 17674 10347 19898 5566 12140 743 19996 6094 15072 8621 18253 4895 15354 4012 15936 16353 2848 2444 15829 8493 8129 1529 8385 11175 12413 7220 16205
9913 19752 7811 11961 2307 6949 15415 19561 3817 49 13124 7723 12450 16900 19805 713 11212 605 18152 10255 6908 13120 6692 7870 14809 9132 1783 5827 6806 4386 5620 16991 7700 16371 18454 13283 3043 6112 15528 11049 17994 7982 899 13841 12878 8738 13807 1211 18602 10184 8300 12808 3561 17239 11284 3356 3129 18653 16119 2069 12960 4586 5560 4867 8146 7364 18763 1921 16999 18334 14078 3948 4715 12335 16684 13040 12989 9904 3278 10905 17042 2634 1535 14890 6370 7828 2525 19021 8497 17900 17751 1358 7539 4601 6849 9262 862 12821 5997
15005 12848 4752 6623 12066 14832 10792 11568 12647 1585 3679 7301 11771 17767 11268 4371 12327 4633 5018 19953 14968 5593 17236 10958 4935 17526 14309 2621 16067 6885 9066 15569 609 16728 10406 13180 6983 10280 596 664 16492 14966 1632 1446 6621 19597 10308 19057 261 14621 38 5805 11843 3352 1873 19967 13497 3282 15724 6354 10761 15762 15532 19713 4031 2573 1255 7077 12157 19071 8240 18280 2558 18092 10914 3359 14354 17402 1897 14111 4890 12130 4546 3753 3002 14779 11097 5435 19626 2809 2736 6329 6583 5238 4291 11010 4112 12490 10458
6619 4129 2942 8576 2407 13472 16182 1889 3009 13065 19124 15524 3428 3858 13217 10380 606 12051 3418 428 17346 5989 47 3969 1025 5939 13499 10370 4727 7342 13685 16523 3756 2138 19982 552 14313 15660 7317 3933 9059 6446 19954 1436 5076 9625 18476 18347 18509 9761 2410 2588 18281 14113 18871 5743 11380 9932 16510 10981 8585 14708 2499 19606 15048 1779 5834 9511 16809 15775 4542 11790 8049 4458 16716 9104 5191 14700 6406 17501 4051 13993 11860 11161 14249 12742 217 12221 3630 15761 2324 19950 17962 7429 6997 265 2136 6746 16551
3584 6008 18219 7879 772 17387 1173 10126 17795 12761 15430 11209 10687 2401 15690 2675 7482 10449 13078 19929 18344 17500 7671 6664 4156 17690 16776 4404 16730 8500 162 1740 13567 7841 8198 2514 14116 8168 3543 19958 17110 15129 4391 17241 11257 11604 13352 1700 16371 19171 5840 11294 15819 9718 16219 19780 1453 10652 1412 17842 7642 11096 1054 4455 3089 9846 6300 15824 19040 6805 14524 14068 7835 19388 14958 15959 15385 1792 16757 11176 19467 732 17838 12401 5329 15432 3489 4819 9324 4931 1935 15625 16828 17026 13819 8851 15825 17779 17223
4884 18396 15556 9082 12070 1410 7920 10442 7699 19217 9123 11372 9554 11305 2553 15320 16449 2635 5240 12772 16388 5536 6731 13011 10894 16208 9348 18171 7042 17801 8609 7542 17412 6153 2352 3929 216 17018 13157 11079 13073 11569 16925 18805 13349 951 730 12889 9316 12268 14917 13532 5079 3287 14395 11182 5821 9956 3385 6718 16815 6216 18980 6949 18607 5787 2967 16791 7556 10782 15813 2571 1158 9219 7916 19158 3423 17301 16200 5972 19113 12345 11124 16424 15500 18326 11411 7355 2640 7087 13661 4144 10170 19572 19203 1871 5678 5946 5917
8997 17820 19912 6987 693 18311 9522 6016 15852 18068 2123 286 5027 7476 3321 3333 8681 11231 16422 13355 17048 19724 8159 32 8572 3537 4725 2374 3598 16709 4713 12745 13257 16407 15080 8857 4104 12690 7047 7719 14649 9377 7757 2254 6299 6910 1148 4365 6045 5422 7388 6422 2138 5570 18558 6231 6485 10576 7493 8250 2497 5618 8092 3511 4924 12203 19855 3009 4219 16937 13410 560 19611 7853 19008 9058 3940 5687 16597 8520 4228 321 17721 6296 5082 8178 9433 8695 14949 17504 15853 14029 3338 16460 18937 5736 1006 5547 1627
3172 12427 15617 17234 3431 7254 38 5726 19357 4366 18678 18163 12857 6602 8656 13080 16608 475 1811 11100 8387 18055 10087 7300 11779 8050 9972 11654 1098 10858 11893 15857 11590 3242 19449 13996 2067 14369 17869 15368 6300 4021 82 18502 13516 7763 4936 84 14956 7955 1036 16089 15341 12085 19599 5486 8418 16638 3809 17427 3459 18564 17056 9338 12948 175 3904 6773 708 10106 8199 11240 7882 11019 18481 11577 1540 8319 8256 3200 4701 5355 16112 5381 15604 5342 17518 8591 2189 17081 16871 9570 6132 639 4550 4827 8018 2643 15806
12668 16701 4482 16534 19073 4713 19249 14813 534 5225 15302 10036 14251 15082 19950 9014 10173 7741 6711 17637 397 1847 2940 15667 15070 4785 7844 4248 10823 10534 2195 2798 458 18669 17889 13201 18831 7836 12186 1017 5229 3873 2745 16667 4116 11213 7100 17599 2506 13108 1220 16062 2899 15594 96 9185 6003 17088 19015 934 5699 8916 7236 16512 2490 18047 1461 6692 15438 12394 8266 6951 9428 7038 12320 603 5209 5320 1835 14563 5704 19256 6828 6967 14933 4113 3674 5788 3664 6100 1804 2654 16749 19677 5202 16022 13795 6485 7923
684 412 1322 14347 5712 6281 13058 11313 7948 17340 19410 19508 17028 1943 16902 6101 16231 11898 18440 4548 6994 13705 18678 918 9853 3993 6407 608 17090 1965 11925 12515 13304 7015 1162 15163 15291 10356 4657 17812 41 11227 13148 3202 13353 12549 19061 6625 15930 11406 9644 13198 10552 262 18474 6449 2731 230 15833 5553 15871 19687 12271 2606 18806 5581 1671 17088 4191 13238 7871 19541 624 1994 16348 16387 2065 17377 6348 4688 19542 11045 18186 16868 12704 7441 11102 17190 10757 11278 13250 13512 12467 13794 12930 7939 3588 8439 4188
13925 10818 12392 15067 2945 19518 10065 13976 7976 852 6220 18123 11729 571 8676 12535 4258 12027 3067 13210 1300 18940 9197 19361 8101 14641 17126 6237 4168 15077 8649 4303 2518 12879 15894 999 17021 18588 18923 4413 6945 12121 18138 3215 1326 10720 9381 16121 15459 5202 8417 14722 7991 16016 11247 10118 10095 15292 10457 3954 2615 13813 14148 16057 13969 6708 3082 9363 18399 17441 9039 4779 11804 3852 16786 8183 9693 18941 14599 7056 1729 1542 14463 10797 10600 11661 1377 19606 3279 13410 1019 9890 19755 5833 5404 6876 582 9727 11329
17321 2350 9171 17843 6489 10935 7051 10016 11028 16245 5356 14367 5377 19889 5776 6708 18139 14205 1128 15259 19086 5243 17314 4264 12213 1762 16538 12974 10901 8144 3021 14634 19800 8317 6340 16397 14805 13984 18545 2508 1436 11954 8048 16608 3419 17495 11623 7655 18663 9251 13568 13511 2723 13741 14613 13283 16580 12593 11414 14854 11393 7864 6837 16647 8224 8154 3786 11421 4541 5450 4039 11777 5538 14765 13341 8936 4824 11084 13742 18666 86 13560 17297 9629 11670 3489 257 15135 8811 6566 5639 8339 17189 10739 5028 589 6767 11441 9787
7159 2265 7673 5903 18774 11489 17683 16598 7230 2663 1118 5847 4848 15124 7107 8269 5933 10507 10269 11227 12502 13866 14484 4796 8688 5612 18747 6749 8241 6410 3884 9029 4637 2446 11363 16949 13745 1314 2047 14503 14948 8624 15953 19385 9437 1219 9505 13184 8980 1012 11738 1296 951 15030 3774 17082 10940 1651 13394 9922 19075 4994 17889 11984 7661 9574 13631 8783 8383 19002 1424 15730 4719 4007 19878 16118 5630 7647 11991 14771 4640 10742 7180 11873 10392 10291 14267 16619 14987 18900 9878 6841 3386 11564 10924 17720 5681 14674 176
7458 429 547 320 10404 3301 5844 6927 18199 9910 8397 7016 1034 12635 14394 3408 5060 9229 16688 12897 17162 9563 4173 14030 14586 4026 7837 3728 16870 15676 19110 12819 17898 5011 14528 10492 7012 18820 18638 13237 1024 11837 3163 2218 11202 1656 7609 3394 19218 1355 14078 12207 8497 2333 3000 6379 5976 10113 12255 8560 11206 17090 11101 8880 3347 3285 2917 8217 17547 3252 8441 3959 13232 13806 1586 4374 9576 15453 11030 11492 5468 7653 9087 17988 12251 19668 1870 2885 3994 3972 8785 5042 15775 2953 8318 805 5043 342 1976
19472 13750 1041 7601 10199 10882 14943 17438 12443 4883 15694 5293 14664 257 12371 9026 18392 14969 18804 7183 19886 503 9332 13 16837 16061 17175 17119 18376 8765 14260 1807 18175 16296 17168 7438 16959 7651 17576 3133 11763 3603 4311 2687 6334 7943 9150 9197 1716 11019 18127 15968 1805 13624 8863 5234 16196 10942 17766 13292 297 5874 17521 3535 16992 14268 15601 13629 19969 3100 1675 1501 9378 10370 1430 19224 1837 12090 9602 5670 12714 13508 18151 9654 1370 8358 7710 11766 17601 2577 17062 7025 11479 8538 13793 3514 11665 2669 14754
8263 5866 7492 7934 6252 16704 3837 11402 18703 13 18316 3930 9191 13488 1864 6095 5858 10440 18071 8671 18207 18842 11562 1463 14344 2181 6795 15951 13856 11280 12683 19868 9531 12707 12480 17370 11346 15477 8133 8380 856 3489 5340 6450 2736 759 3186 10763 7890 8870 14262 12362 14716 8 15631 12458 6125 14288 3379 9982 16989 2808 6138 4681 212 19749 14683 11266 5319 12864 11255 8455 17408 14100 2210 13094 10547 10595 14348 16126 13123 19 17549 19237 8885 12772 9009 14269 12440 3350 19542 504 16548 5454 10725 8259 11768 1153 9647
8776 885 10123 14452 18240 2827 3444 19481 15902 18448 8842 5988 19297 8732 4159 17576 2500 2162 7210 17070 15076 14005 11316 4942 11789 13509 7746 7624 17754 14664 939 12759 14303 11432 985 11755 9471 4808 7732 7629 9036 3681 8525 16992 779 4961 3590 7925 4735 7860 16670 3890 3237 3525 9853 14927 7804 4579 15361 13855 11019 16741 1596 13493 3862 11360 1665 10138 9278 10635 9233 7264 19139 8333 5724 6808 876 8130 13613 7298 11711 14536 11109 10266 15343 1768 4707 3654 2286 6800 15934 4829 3660 9978 10413 1005 11252 13314 17237
11448 17796 6655 14689 1409 11178 8543 12372 6967 8713 14386 16077 17870 15153 15799 18032 10856 16369 19755 13157 15392 8901 5655 15275 11700 15580 9732 10600 15300 16049 7894 15340 8595 18718 14008 10318 13817 8871 17601 623 12960 5057 17914 2722 4945 16910 7451 7201 2401 15064 11789 2377 4782 18988 7086 16127 5284 1286 16091 174 16691 8338 18583 1849 8791 6682 4654 191 16443 5758 1491 33 9889 10992 1916 16644 7809 2063 8820 8051 3243 10495 4052 8361 13275 17427 5099 3530 7022 13478 7410 14436 3210 2832 6384 16952 14536 5875 5135
6250 11986 14424 8740 749 9201 6433 14502 8784 10536 15442 8881 15390 15906 7036 14249 18413 11302 9381 10596 16169 2111 284 18644 16244 5917 11370 12128 346 3511 15419 17261 3537 522 1487 16674 2763 7568 18465 4924 4382 11327 10141 3313 14925 18547 17611 2115 11528 2935 11023 13597 18922 12773 1584 16185 13150 8347 12504 4169 611 12055 6140 17479 3586 1880 19720 1988 17476 11185 17119 10022 8928 14365 15199 127 5854 5906 15896 8161 16651 19849 17928 8621 13928 9426 19787 18143 6668 3761 7290 5607 9885 5145 15107 4433 14256 2254 11589
5742 1695 9649 17768 11772 849 4786 19202 11521 13009 19045 1908 769 19669 9859 13851 353 14277 11959 7776 11140 6031 16639 7555 15814 14465 13730 18943 6297 3441 11183 19297 17799 9475 13389 9759 3274 2367 12870 5437 19058 15811 4550 6256 5425 4943 7609 19385 11536 11443 9025 11267 16862 1701 17224 15925 12865 15711 2418 8790 259 18550 13270 10234 9196 7920 10924 13087 15938 7823 14614 17166 14515 14991 9995 10961 9583 13504 3817 9123 7797 4478 354 215 2991 15324 18438 15179 6439 2173 17338 2429 7538 8014 11471 17206 9809 3431 6399
12403 14041 3064 6173 1471 18138 15468 11142 15550 15078 5520 7303 19118 16447 10278 18685 17017 19196 4306 13711 14901 9305 2662 7108 9316 19077 2950 18214 3186 12223 19317 2029 4863 15441 12544 9119 11535 11164 4886 1249 5528 12205 16939 1223 4837 13881 403 8660 15566 14157 11445 3383 8848 5833 8316 4593 11334 5430 19550 3162 15168 16547 2000 18029 14454 18047 11977 16810 3707 17700 18235 9279 514 18754 15386 10046 6126 12825 60 1714 15443 6994 14563 16941 19626 5670 8705 11734 17278 2322 4587 16304 3735 16018 7542 15644 16287 14381 14574
15524 14265 5945 19434 4023 17062 13040 2416 5610 1168 16740 12451 15630 15844 12165 2915 1370 9475 12996 1395 15383 17141 8386 3073 2340 3361 17667 10316 15646 4311 6330 8454 808 606 1845 4928 8169 2216 19778 3697 12992 460 3672 6070 6514 10625 4651 15959 713 2078 18665 1738 19816 9027 18312 18513 10865 19082 18557 6841 11619 11571 4153 11331 12677 1902 14803 15491 12251 3055 5698 6489 12666 5606 17478 8264 2766 8651 10573 16731 14412 4292 19659 7224 19031 15974 5877 19697 17236 17674 3244 17775 10002 19038 14829 1499 14998 7579 12605
17241 13081 15165 17509 18711 12571 18606 5019 15126 9928 16053 19183 3617 17519 4096 6342 13209 5662 13005 16451 3108 10649 10013 11640 8739 7494 774 7573 17306 18993 7502 19418 12011 13772 5225 13281 2463 17169 2983 16119 6424 7703 3514 5711 2839 4083 8030 12178 8422 7781 8366 2254 19220 5707 12579 10395 7081 16722 17639 9475 2627 19203 3523 14908 6477 3050 8685 12098 19118 13921 1455 12878 2462 6534 18955 1181 2966 16305 11702 10041 14401 10624 5999 6100 10865 9832 9284 14447 3773 6499 1447 3016 10572 9282 16069 8587 11035 8244 14347
12104 7728 19796 7232 5865 12055 336 5111 9440 1346 15601 9275 8584 10523 2384 4492 7012 3090 11454 7036 12577 14712 12164 17585 5583 10275 2063 2695 1737 2825 6202 15056 12529 10142 19663 17096 16375 19195 12021 4750 8819 19090 7229 8667 5630 4607 13105 3287 16783 11199 7534 11122 1813 18470 396 15958 18277 4064 16142 7487 8612 9726 13743 4564 15003 6146 10405 17472 6057 11564 8218 5652 12222 11529 8217 321 1756 13078 5543 12868 14563 19262 18753 13559 4478 16141 2951 5309 2252 19793 7046 8821 18186 6422 13456 15999 13331 17466 11152
11218 6314 4924 4313 6560 4919 3558 954 4862 2593 5476 16407 17054 14178 14045 15323 10468 6022 8899 308 16579 7794 8988 5273 7749 5674 13951 2137 3091 1223 17183 9693 14623 9229 12231 6522 534 8484 12228 10137 7600 4671 5961 16767 14549 12528 1101 6812 13236 19744 3522 12921 16663 16874 13547 14657 9743 17509 15474 18695 19835 17830 13238 13050 6726 15216 5857 8290 3498 12028 12900 8713 1488 250 6208 18683 10836 15292 5814 18961 3613 8163 6458 7114 12693 5554 16758 13699 1842 15872 3330 19246 18215 2609 16654 18229 16395 6054 8893
19080 11844 18842 5873 13608 13932 4963 5762 17303 7420 4597 12598 17641 6271 10307 2644 5128 11758 19825 207 14351 17028 956 15291 606 6194 16783 10969 5054 8138 853 5196 19845 8507 6992 14627 964 4455 4123 4120 5191 19394 9876 7525 9486 17639 19127 7847 9518 17131 9965 11296 16151 584 18270 1819 19308 685 7907 16559 5030 12926 17852 12398 6363 17941 268 16247 10197 2382 17713 3960 13970 17251 8433 14423 6647 14634 9803 2845 2134 18923 8948 15750 6702 7394 9696 16936 8017 18781 12660 3439 15567 17984 3006 9245 5461 14020 4343
13209 8571 6438 7851 18764 8223 10698 14820 16772 11734 3378 19695 18757 14424 17819 15365 11933 716 6176 10328 4606 1642 9554 17352 11859 16357 4361 13859 15636 15293 10768 6035 13693 17764 11552 15033 18171 6052 4182 11651 10447 10188 9257 2649 5069 2620 16225 18399 9278 16649 3641 12518 11465 1381 1825 9493 8831 13514 10946 18349 12170 2316 12727 8943 4937 14329 5536 9075 15740 16188 1564 3935 6397 13874 11461 16250 12269 19675 18435 6522 3843 5229 11556 5591 6390 10268 13665 10132 2543 4547 10032 17842 3966 3333 1651 11546 11298 15387 15982
7097 1902 9404 17928 11683 12309 12453 15307 16529 19210 11552 14908 4298 1716 1010 4393 7256 5134 10122 899 15028 19895 12862 180 17706 18111 6506 2242 711 12614 8273 6333 3319 16824 14856 6773 7272 16875 19606 15970 6589 18040 3528 2130 4581 3935 11376 7707 10596 8520 2703 18441 18394 11154 635 9858 12050 15084 12500 192 642 5144 6895 1066 17221 5087 17838 12748 10930 18203 2134 12380 10648 18210 3596 15205 1648 6058 3076 5724 13491 7545 17536 11424 16051 1608 18056 15596 306 3676 19134 11415 14578 5693 18159 13317 2399 10341 2960
8076 18680 8217 7264 14936 19471 10532 5972 12826 15103 5657 19161 1818 16415 2394 19096 2281 11219 7063 12065 6738 9502 6912 4508 19856 1518 18415 7326 3157 14941 4324 12883 18100 12374 11264 2596 3103 17752 804 13267 4583 15900 16222 9833 4303 1105 1665 9624 12417 7775 2166 7333 19168 17915 9253 11624 3982 7872 7831 9245 19542 9747 6101 15422 121 14625 3057 801 11616 1223 6317 17080 17027 4416 16168 3852 17106 13863 10743 5290 15230 17894 10078 14484 15293 4427 12221 453 5740 10658 13973 5727 2630 18511 19519 3413 5382 8154 19221
11064 3456 11657 11802 13597 1308 13996 17175 7040 7467 2217 13258 10243 3250 17510 8001 17397 3163 16735 4206 4994 2637 6552 3939 13289 17334 18863 8135 4855 3206 11548 4523 8858 15804 19256 10262 1749 2070 13992 12637 10010 14994 3008 4021 2685 17973 10053 10751 485 16978 19748 11864 424 5116 2362 13632 10413 15634 11915 11440 16534 17322 8464 6959 11570 8217 13514 702 3123 19146 1969 7368 12822 7950 8457 17285 529 12664 9386 19384 18126 8245 3158 1447 7400 11401 2178 11849 14436 1523 18523 14544 18898 19077 5181 18191 10104 15038 6939
143 6130 14948 5079 17232 811 17655 5287 19417 14454 18222 17879 10439 9411 5778 1783 7598 9449 10838 4783 9451 16549 6680 1801 12945 754 18609 925 1704 15064 15001 10429 13884 9815 13622 5676 8157 5002 6446 14360 13429 19825 3715 14123 19658 17590 2834 18787 3735 362 10226 4126 12730 3585 134 6114 13133 13771 4250 16514 9855 9315 13745 1640 9018 5413 8644 8671 8773 5173 11395 15871 5001 4792 15060 8048 4959 18212 8332 2226 5821 2268 1051 18756 19500 10600 2479 7290 5096 19406 2291 14127 13158 5755 7667 12826 1551 9557 10911
8150 12414 15503 13288 18614 11797 9442 1817 13173 7813 10693 4901 17055 2037 14764 12893 10839 14124 13270 14793 17842 5680 3540 9768 15569 10109 13195 16779 2748 6 12158 4532 4344 17354 9652 2180 16058 17040 17360 6351 16412 16979 16249 2864 10362 8409 9651 18412 2850 18534 6388 3972 18048 8745 2201 5988 15875 18854 8147 12479 173 17754 8082 10379 18757 11709 2506 1591 752 15534 18294 19021 3543 4661 16990 17174 10492 18948 10602 17518 18373 3434 14046 16913 6309 8291 705 17147 861 13139 9715 12795 5794 18690 18202 8363 10455 19330 13368
19017 1573 10638 19497 16666 5666 9798 8163 3154 18116 15227 17606 8618 18377 10707 5573 13894 8324 939 17019 5746 309 1395 4733 10331 11199 14792 14888 7351 9105 8485 4889 8662 7741 19928 19966 19117 17658 11195 15260 10120 17868 13841 6350 10864 11967 10087 1399 5239 11575 12701 17502 18288 2860 14274 9722 16617 14930 17915 2818 14217 6411 10717 12546 5667 10641 12909 12467 1451 15353 11545 3041 1709 3771 17002 5012 10789 9187 2726 2787 14160 15723 16040 3820 6482 11571 1954 14553 6322 14395 19396 4431 8697 2338 6112 9355 5297 11119 2832
12087 17303 3622 17923 18985 11810 3828 12773 10837 16066 16785 17337 6882 8198 7218 2499 4295 15647 13695 8775 16451 5804 15047 13104 2726 4904 8386 9889 17973 406 2142 16683 13724 12600 10887 16494 10914 17139 6142 4263 7588 16367 4516 9661 15075 8432 12371 11553 18691 11100 892 15792 13030 9198 16680 7952 6812 19593 15013 2266 5314 4707 4190 7808 2569 19443 19025 10790 6979 9684 5762 15110 5793 5535 18274 12100 13579 15535 4435 19535 19519 5222 3161 19626 2326 4589 7066 19690 19969 17854 541 2635 11132 786 275 10321 17545 9577 774
8765 11175 2649 4358 2772 13039 12637 13592 5172 13734 4687 9967 4584 12487 11255 3624 7141 408 8596 4432 9996 3270 1650 7180 6514 13372 8798 10252 1065 5439 13506 18116 14211 5186 16714 6218 19635 13963 18737 6009 13887 4302 3390 11960 3203 19354 13083 10837 12895 4998 697 8495 7792 7346 15709 9633 3708 11813 3201 7415 6431 17429 18961 10943 5020 345 15617 16724 12162 16127 17670 4737 760 2940 859 7017 14840 877 15870 13974 3030 8549 18955 3486 13319 9707 2840 3582 5704 16417 14327 8430 3561 6345 11493 638 5998 8733 17848
8236 12911 17245 2351 579 17468 16907 15091 14394 12802 17418 18014 400 15577 2522 1243 1799 17753 12336 17591 5935 3110 10212 9683 7611 18225 2654 11562 18977 3250 1104 9909 13737 13826 2661 16623 18689 6808 17128 9737 4524 11359 7763 15821 10621 5431 3592 13332 13329 5008 6831 15824 14697 8046 1125 8228 9895 13655 19702 15235 8192 14275 2931 11260 5108 9850 10103 9885 5564 11043 15973 18955 16833 8616 5529 332 368 19343 12986 11105 18943 1172 5145 16064 4688 3789 14561 14771 262 4933 5883 13024 14860 4139 10421 13366 6746 18554 345
5417 16745 812 11838 17164 14897 10595 17129 12952 19370 10656 9794 4147 1835 10746 7833 14119 1464 584 14170 6102 11259 17253 1270 11665 4901 13395 17232 16025 14082 10414 1908 2380 8691 4170 16055 430 13279 17560 9747 18978 3883 14294 1436 11839 8650 16910 8331 5088 11172 16493 15630 13336 11961 3510 14369 10449 1470 16145 2233 13534 13131 3114 19512 4689 4801 16441 17667 1539 13197 2569 18024 13000 10166 17818 11057 15048 18579 14814 10286 969 17961 3901 2027 5138 5853 755 14883 10879 18820 14505 13665 614 13718 14248 4936 6245 887 13613
1885 8198 18065 2338 13491 17093 17373 10297 17576 8946 9618 5183 7659 19009 10524 6496 7627 3729 16006 14951 17127 10439 2251 8252 1635 11044 7386 11063 8807 12793 5513 5742 8751 16997 11339 10739 4618 19170 19796 17122 3740 5440 14301 6214 18420 10434 11467 3852 4096 16649 10161 13801 8843 12945 788 13594 824 16209 1235 14384 14242 13016 12950 19807 17417 17688 14825 11936 9306 13095 9208 13087 1859 7925 8905 15767 3129 2927 7308 15426 4885 16806 7612 19204 4486 4012 4022 18558 775 19732 13787 12167 12200 2543 3198 3283 5655 3089 15161
6691 7026 9236 11566 18141 10082 188 7322 123 12313 19668 19849 3783 4228 14978 11256 12842 8364 16334 7552 7097 11610 7664 5993 19376 17017 920 8253 10650 16737 9110 19286 18209 19065 5592 17771 7422 10213 9222 7388 8203 4614 13391 11628 9095 17507 12678 5294 6902 13721 15915 12196 14818 10973 6881 6950 14295 10783 11032 11426 9653 17410 19125 16794 13977 5662 13672 18396 997 6812 10883 13910 14603 7176 12709 6501 10139 17317 2408 8037 10121 12950 10332 14429 19110 12100 14880 556 8324 768 15169 12070 10789 5307 374 8357 10269 12903 15657
15695 8647 4637 9744 9560 19491 607 18415 8467 4181 4168 7710 3064 15690 12047 10318 8138 19474 6532 6492 10126 5404 5044 17402 16551 12928 3947 6272 6374 11796 4349 8708 18212 10065 6300 15650 2814 11350 11802 11613 1668 1761 16836 12049 552 3262 2707 19266 19479 15783 11416 7021 6946 15987 11284 5503 12952 12434 9222 12475 5734 13341 19232 16906 2088 6112 14554 653 6375 14316 17639 2428 19443 18005 3218 5067 12596 17876 8906 9043 376 5663 6037 18182 14763 7956 4858 16233 14005 6540 12400 10114 5007 5076 370 6998 1461 18171 11655
6712 8320 5396 19416 16212 9029 826 12240 10765 7177 1519 14675 6251 904 14002 11387 14763 17834 1682 5888 9459 1781 8089 6158 5634 9918 14300 1977 2504 10453 8863 17269 11611 13673 575 16411 17272 16495 11927 5977 14743 9371 10310 5409 11910 16152 2588 5383 1746 1641 12437 15336 1750 12555 17349 2986 18586 3101 19960 2114 11336 11490 17277 3837 15702 1029 8485 12024 1265 13669 6365 8235 12723 17287 18267 1197 5325 5237 19357 10701 18242 7965 13782 10808 4369 8029 11276 19729 618 2119 18525 15089 5372 6932 9259 14907 15996 15421 9683
7784 8972 18440 14865 12388 6480 6432 12605 18873 8046 9255 8344 689 17179 7650 10935 10119 9861 16236 9577 7886 11285 10615 19904 14799 17868 9044 14310 18984 6943 9764 903 5780 12702 880 11125 4488 3933 5904 2790 5859 10436 5483 3465 14380 4508 17017 672 14568 18622 7813 3743 18340 14214 7752 1137 520 18552 2224 3128 17126 2934 16866 8719 16568 4592 18174 10600 8563 11442 1353 18554 3134 3784 3399 14123 3262 12086 17645 10488 7671 171 8522 7994 1641 448 15224 7876 17423 3489 8608 10263 5175 8614 8148 9224 1940 19620 7460
13740 16849 4498 13449 7978 15207 13981 11568 18764 8535 6088 18623 12865 443 7286 4071 1589 1856 15616 14904 124 17592 1987 1359 8035 348 6372 2191 9741 10671 1788 7703 6812 15340 4223 4839 6955 4968 5726 7794 7125 18836 18260 6934 2699 7010 59 8004 12823 15379 643 11401 472 18886 16161 15386 14743 13630 8446 19389 10942 4189 19392 4313 18500 17534 14710 2109 398 5068 948 12990 3162 12636 16075 19382 10043 8279 16889 5895 13660 6972 4998 15154 6165 9776 14870 5044 3524 5476 7725 3419 17983 4305 13670 3017 17359 6473 19819
3734 10915 6128 13817 13655 11287 17097 3574 17010 15369 5648 18847 11061 7387 3434 18743 15286 17635 88 10107 1612 7582 13476 15636 9311 7700 19607 98 6349 17972 13024 7446 4740 1956 5590 4575 18335 15022 5664 19389 9842 3811 4402 8448 6406 17957 1662 3508 3705 12074 1454 3129 404 14829 1 12101 6131 7356 444 3609 12250 2426 614 13952 11451 14267 11393 5896 8239 4992 10482 9408 4170 1935 6164 10783 4376 16983 9990 18052 12118 14516 18980 5009 12224 12904 5892 5022 19626 17845 4603 15679 6341 2821 4933 11033 7924 8371 188
13075 19947 18390 6132 19007 17640 7585 12164 3163 14584 8572 18845 6160 16522 12282 13685 19400 10310 10737 2832 2940 14904 12543 6826 5501 8356 13777 4282 11903 8835 16604 2248 11891 10146 19488 11954 14678 17622 18866 19042 8376 3486 14494 8217 19865 944 10394 12647 14948 18482 9972 1565 19413 10029 8781 19553 10077 10648 15971 16747 5273 10764 2805 18593 10609 18221 7982 7552 11889 1401 14915 5464 1112 11075 10048 13056 1179 15053 4886 10882 12833 768 15518 2381 8314 18835 7828 8360 16663 12285 14417 9727 15451 3139 12889 630 10125 5001 8342
107 2665 9572 6512 5933 19274 14617 11391 1049 18380 14561 18078 18002 11442 3306 17248 2547 8229 5779 17590 11952 343 7763 3987 17536 13266 982 7810 16280 5711 11693 66 14739 5648 6441 7648 5791 10317 16958 19463 1221 16506 14155 10703 10067 14656 13143 268 12361 2544 11185 16904 5838 14512 2109 679 12347 17587 15144 1028 6070 1160 11224 2530 16637 10660 11365 15791 10989 16654 781 8205 6471 17629 5323 127 19027 15877 9266 4144 6493 9272 15413 8474 3442 13729 538 17917 16059 17516 8573 3959 9717 17553 7990 18000 17596 12685 8067
8267 11792 531 13968 16246 10925 18417 14384 1966 18202 3420 6484 8840 17979 7841 3318 3619 6126 11334 12254 7670 2794 5257 8484 16460 11054 9303 9157 5765 15856 14713 17077 621 71 16408 11488 1436 9418 17188 12596 13384 10081 11685 13962 2003 6634 15155 11521 11906 2869 3563 3842 6496 9046 13987 10520 4801 15153 1727 6217 14485 17025 7136 53 15469 12787 6734 16012 19744 4936 10404 15304 7628 5210 6202 8310 15889 17372 435 888 19934 18294 10434 8809 13393 13814 2004 421 9743 8044 8589 10206 12805 16088 1367 13620 14420 7204 11103
12969 6356 17804 17533 9926 4920 7317 16397 6939 10493 15386 779 15196 1689 11954 7218 14816 7911 3105 9496 2691 19173 5873 5607 5180 1439 6983 18987 2076 10100 8815 6096 15997 19852 18984 1851 9345 290 16105 16735 15542 18813 15670 2684 544 7373 1000 4792 4991 14963 10639 788 15921 1704 8469 12916 7006 59 14323 16032 618 2963 13039 13980 1533 14173 903 10587 10815 15523 15025 18187 18576 5027 350 8162 16107 5857 11845 18470 11801 3160 8239 10313 1236 12246 18628 4671 9124 14637 1100 10915 9845 1085 16833 9728 18060 5622 657
6831 13819 5546 19687 18079 14960 4623 17308 19978 13022 19168 16285 7374 14613 15156 9717 5923 5647 10437 19783 6917 2447 14322 3039 15918 7731 6821 5755 9643 11323 4643 19585 10340 4861 2808 18013 4097 9082 16824 14985 15211 1018 15803 8166 7848 15478 7852 17749 10461 15170 19577 14202 16818 15290 13162 10225 17387 11946 12865 3392 17812 6225 17076 5241 4042 6126 5033 9958 17998 18833 19915 4228 19554 11062 18582 8535 15692 4820 7878 19018 3754 13753 6823 16788 3844 13557 17816 8711 4578 3618 12587 16186 5999 9253 9398 13003 13244 3045 12196
13070 18706 106 479 3604 2179 629 10179 5349 7143 13606 12019 19929 18508 15137 10632 2967 10779 10365 1104 10269 6087 507 8994 18904 10503 5481 4682 12014 17163 9393 13024 19681 18872 6053 10366 8732 16954 13865 6548 14215 10665 17350 773 7989 12602 19688 9641 12794 4207 11096 5981 1381 16833 215 10906 3261 19614 8564 13421 7064 4773 10722 14610 2283 1073 15936 19117 9246 11908 6071 14986 5766 11002 17768 10859 220 11957 18137 10474 3430 12275 10129 2322 16023 2449 9217 4215 18005 17527 13810 16136 1773 379 9475 6164 11832 15882 15960
16075 6468 6520 11746 12503 6174 9539 4109 19075 16162 18079 6109 1011 19152 16423 19682 15843 6986 3205 12442 8579 769 16060 8319 15478 9300 11493 13932 14245 8538 14399 9788 5197 18947 15168 8239 7238 15995 16136 16523 14227 10774 13263 589 492 1203 15239 2583 17682 458 15720 2068 7068 12391 7925 17609 4972 13815 11137 2222 10716 9747 3957 19154 5456 10085 2570 7257 6460 2213 3900 17232 1372 19797 7109 13352 5102 17270 16546 11994 8157 14263 12449 9596 13763 1291 4611 6435 8155 4597 15096 12452 17824 5217 14479 7585 16278 15350 10797
10005 7560 17981 18122 2554 2429 10344 16322 1671 14513 10626 33 3322 8230 10829 18474 10643 18396 6229 15341 17846 6308 9170 2301 18029 7608 18478 5839 10985 5905 3302 9996 19118 11026 87 6892 7942 17620 3178 8228 108 7616 3172 13877 15492 14390 19429 3364 6290 2399 4259 1913 18233 10919 14570 4880 16783 13023 10419 15374 12123 427 16190 6718 13809 4047 2995 11919 826 14967 3463 7667 13408 17580 16125 359 17358 660 12680 1259 7508 15042 7799 5421 18853 12201 2172 6525 18360 13905 4179 464 15295 16440 6323 3993 13960 389 15688
12627 19488 13303 13147 12804 16194 3387 12407 4249 17850 10496 8228 2077 11258 2387 11902 6490 6027 5463 10119 18493 3188 14672 1103 11338 14397 15979 4201 11911 8780 13435 11815 10981 19189 11110 15420 9854 17775 11634 2393 10208 15189 6667 19048 6392 616 13035 9943 12622 13104 18758 2156 12248 12765 10053 19191 16225 2805 18963 17209 7871 7186 2841 10265 3735 9354 8244 1226 667 2481 6547 2976 5507 6877 18949 8044 10193 15378 19643 4682 5687 3201 14123 16093 4580 1694 11498 3580 12451 18710 343 10091 14707 11013 884 16547 13848 14301 9133
200 6557 12846 5281 17175 3458 7151 5161 319 2114 17753 10433 19833 2471 1499 18780 15850 12160 18885 10010 18605 6244 16837 4253 17605 1408 16476 8505 16749 61 6569 12603 12908 16570 1086 10409 13664 5284 9379 1093 10731 6025 3537 19962 18191 10996 753 6893 1394 12324 18540 8478 10320 15316 1571 11462 11556 9140 18993 8101 14254 13739 11299 8170 14012 14495 18977 3991 5941 2818 19714 17873 15039 9433 3927 12998 5120 5924 18489 10637 4177 4883 16849 4984 2561 4299 10585 3653 4337 16653 13088 8433 12001 11131 17691 4410 5849 18974 14032
19716 19196 3861 4681 16041 3072 16829 1883 9359 17652 17018 2976 14018 5611 16499 6742 10597 17890 8577 12399 14947 16684 9680 13644 11206 19520 3242 6999 19448 1623 3571 17830 19600 19569 10490 204 13253 17765 13496 7122 10620 19144 4686 4839 9707 370 10231 11268 8393 17795 16976 513 4385 996 17340 6831 19249 18813 292 2469 6121 4595 3262 747 10882 14941 14052 4339 13479 19885 15061 13577 1885 17724 6338 13782 6994 19399 3989 4249 4922 1954 643 19854 11043 5693 18124 831 7463 4752 3990 10525 13498 390 3218 7370 5085 11646 1537
6485 16096 13434 19578 8766 9471 362 18518 3176 4159 677 14977 3008 12563 2289 4066 3877 18466 19180 1526 17009 9752 2560 11000 15964 19536 4447 19966 5275 15577 2537 2892 14632 7184 9699 14940 1212 11123 18610 8370 6332 17591 9197 1174 16430 5785 13129 15922 14271 17447 5356 2651 6484 17874 7754 14152 646 11114 4287 4228 17968 2373 3384 14779 17878 15215 3223 19599 10422 10382 2039 2936 3582 14264 19841 3143 9851 3395 8112 18909 8624 16237 18840 13014 17842 15002 12847 3406 11161 1412 18497 16209 17844 4794 4635 15762 4006 12754 8904
3895 14164 1233 11583 14473 9232 19091 12817 9997 11440 1751 15713 7890 11118 19523 2683 15113 5905 7137 10412 17450 11711 4336 17196 2163 10509 11410 869 16028 15211 3941 13283 7989 190 1959 2848 7263 16437 13104 2840 10980 11877 15497 11738 76 62 7197 8417 6605 8786 16341 18419 6110 18408 13121 17487 3405 1419 11039 12708 19593 817 6933 9343 2056 16274 12380 15536 1093 27 14226 8512 8388 193 470 15869 4901 13203 19526 5266 13688 4938 17370 18542 15374 10576 17543 800 13347 13130 10740 14443 5870 12400 6720 11136 3779 10843 14859
6627 5155 2049 15592 12648 2251 7019 10571 662 12246 5621 5474 5467 14499 18969 9087 45 9785 14967 11250 10264 5756 13936 5814 11414 11553 7158 17317 3529 3989 19657 10182 19094 7861 16470 9157 11004 15242 16300 15188 3763 3465 5303 1059 2279 4235 2662 16533 12546 11916 4814 10180 15489 7746 8751 17032 10540 12353 16280 17650 10975 714 14014 5256 2793 8729 5224 15971 758 7129 7531 9594 18343 11738 16347 8688 4013 1660 17404 124 13756 17928 15716 5181 5608 19109 11732 14551 15605 14879 5031 6585 7225 6068 18027 2430 12427 9926 16752
14782 6011 14551 14876 488 1546 16563 9886 17793 2704 15626 4663 19996 3721 14253 10643 6149 2103 5025 5540 10231 7818 7217 14452 4515 7659 2612 9630 817 15169 1632 1496 13520 2925 5422 12941 3117 5883 12006 17241 7598 5662 5945 12886 9822 12404 13266 18807 503 17872 4014 5953 13567 10840 12107 17637 19237 12079 2050 16662 182 18098 1918 4092 3150 18827 18351 17765 11228 1445 875 18423 18385 19676 19003 12748 16862 4300 1538 19521 1880 2593 14560 16968 4678 16542 7163 3306 7238 12561 19512 5906 3585 18861 1936 5059 13672 19126 19089
8676 1332 1932 15462 554 10698 11839 3720 15805 7966 8955 7851 8098 9554 12283 19237 13970 17532 6081 7176 9796 11924 8702 9529 8497 7960 12464 1476 10873 14269 13235 12470 19263 9739 3369 18427 10478 16178 8242 10103 851 11362 8303 5544 3584 1087 18519 4978 11409 2293 16356 7447 13278 18170 13988 13389 9347 3455 5099 6908 5279 7823 745 13093 3402 13110 8866 19721 727 9946 5579 4942 19434 19929 2791 2101 13998 10638 12497 8417 16966 14645 1644 13336 12880 6837 2477 9314 5838 16549 19620 6717 10940 10120 1219 7257 8639 12204 3562
10379 688 18848 18351 1670 5592 841 3093 17640 12869 17753 7469 16083 16486 7100 19772 12530 14920 14367 19335 2789 9040 15035 14844 16005 8585 6673 14369 4184 13582 15548 564 1970 3933 3677 2071 15759 14694 1709 5436 9284 2030 15613 2803 1456 10485 2908 13356 4914 16003 9944 11588 3799 16741 6493 2265 16985 11305 14463 4150 2047 18294 8356 11853 19990 10528 17531 13323 7115 8609 18104 935 7023 13158 11602 11908 9129 7843 4538 17116 12929 13780 20000 17057 2022 11945 11141 15969 8701 403 11939 3303 2049 14679 2275 17434 18211 16668 6454
10626 17548 10073 7593 11213 19133 19066 6384 12746 1603 8500 18212 11577 3407 1021 3450 15750 6180 11308 19475 7444 5927 2250 6616 2179 13953 9622 15979 6561 1568 6617 13251 15446 15692 8489 18327 1376 16661 18502 2930 19368 15946 15156 6623 19422 16577 3479 1427 11596 5696 9465 3437 8377 9409 8520 15567 4910 19 18623 3112 16511 5989 7056 18147 5894 1349 19392 6782 10982 14972 17505 16016 4347 16201 15451 4670 3125 15425 17314 18718 16720 1614 5400 11915 7883 15409 9986 3767 5565 15119 623 15996 11343 15969 15348 2155 19630 11255 16630
19327 4951 19679 13585 19279 18300 13841 7324 7122 13703 12000 4732 15355 16122 14725 9212 11246 16201 3538 8801 19202 14234 4869 15546 13370 13104 8160 4078 13380 7183 14900 13178 188 4927 18091 16775 4783 8678 6110 14062 15015 13729 3320 2386 14684 4949 13412 19852 13505 802 3825 9529 8505 17596 17956 3902 4683 15079 7011 7102 1025 10644 15411 3846 6619 19892 55 3438 14477 4143 17556 19009 12601 16211 13839 8938 10622 12860 5228 10349 8973 6687 13567 12550 2183 16374 246 4040 16724 13445 11475 10740 5314 8605 2465 5526 2906 12956 13139
2453 325 6464 18277 17824 18030 17606 1505 3518 12600 8103 12898 11498 5815 865 19897 19047 12595 16506 16629 18777 2905 6484 12357 8816 2635 16914 8716 4731 3104 5127 19664 14159 13700 19267 14533 6212 9394 11808 15839 8106 17290 11285 5462 17232 734 535 13626 19405 3213 2134 17002 1452 1844 1059 1405 159 18082 3928 9453 13666 6050 7927 1467 12097 512 2355 5858 3021 17156 3521 10247 8596 8115 12843 11973 1911 18911 458 3198 15529 13372 6201 5773 13308 1565 11227 15489 13175 17688 13276 9694 12850 3875 17015 2816 149 12259 1813
4371 10208 4345 4773 4404 17554 759 9051 4535 11081 16083 16812 6845 9995 6589 12516 3210 19414 11516 15063 15393 16405 13207 13161 2315 15969 3105 17617 4123 17811 12901 1397 10597 14348 12015 16940 11273 755 16778 18056 11596 9395 14420 17353 10351 17209 15859 19686 12325 3862 4583 14233 15530 13458 18073 7648 2287 9075 5269 13984 9303 15656 2569 2059 7066 14258 8092 6635 6273 6187 17211 536 17497 19255 15375 14759 3954 4593 16225 1997 15302 2468 6427 5508 13768 2985 8082 5123 2158 1964 16660 12337 6309 14921 11431 7407 19098 2121 4064
19039 13754 7146 17903 13569 3370 6298 11273 11780 18152 7957 2124 16293 10932 11606 14383 14069 17768 18624 8799 14234 5665 921 6409 13650 2418 16684 14289 6752 12821 14621 992 352 8751 10068 14191 7548 14226 17447 5121 3925 13623 7359 8686 16592 12373 14688 3158 6383 12535 14197 16380 4187 14811 9894 13983 304 2621 1199 3285 10105 6603 11405 16985 4778 14566 5088 2424 10980 4382 13653 13350 17588 14711 10924 17996 12756 5691 1222 542 19454 5987 7024 19712 12798 9308 824 13848 6647 3563 9929 19550 12340 13363 3306 6817 11180 15833 10337
19720 11884 10129 9562 5020 14185 9539 566 13290 1164 11651 13185 19158 19374 9225 3035 7405 6227 8151 9462 7030 6804 8226 6110 14207 7900 13954 7359 18667 2140 2532 5393 6821 11126 14459 18022 18973 1702 18219 1158 6042 12414 6907 1291 12665 4016 10873 14506 11095 4975 19728 12530 5231 11397 15531 5491 12870 1649 14741 8772 17105 5445 2138 10717 16352 9889 6518 13883 19706 3537 11793 1415 9472 4759 11753 18897 18724 12268 14900 16683 10518 5160 9038 159 12810 1633 4187 17893 6571 1114 9855 11827 3362 68 14448 14268 10587 18833 4017
2933 11120 15605 19558 6132 1452 2017 19244 5375 9139 16873 206 16239 17151 5082 6954 3248 7152 4179 5097 6934 10239 14570 10613 458 1556 1005 15323 15461 12888 8563 10468 19887 5176 415 14783 8272 14187 2836 1398 8914 13825 1768 7175 2826 11599 1217 16872 10530 13602 15053 17283 952 16591 9362 19054 9735 7324 19850 2575 14978 9354 15299 12789 243 20 8202 9344 4649 10929 19022 436 17530 14280 16385 15241 3973 6854 18574 19657 2156 8040 8570 13067 13914 10877 8123 5745 10993 710 692 11161 877 17574 501 15128 9593 12911 14099
4541 11428 3614 2473 6843 392 13457 4788 18312 3611 818 10435 5426 13790 18819 18152 13555 7383 15809 12052 1342 9307 1391 9219 8162 12624 9357 17284 17445 744 17131 11183 999 6079 15995 16982 11208 241 19062 9298 17192 9676 18997 2622 7555 4364 19151 9180 8793 9738 19640 9942 11638 12528 14613 19871 18473 1427 19929 16529 6888 14862 2917 3251 13025 11357 9361 16609 7499 12522 19252 11256 18965 2481 9745 12268 7230 7059 5487 5161 13402 10266 9948 8072 19596 277 16388 16073 1541 1356 17730 18792 6933 16823 5090 10293 7439 2055 3661
14341 9738 8197 11626 16893 19767 9700 9952 3978 5950 6808 17384 3489 587 1782 15583 1719 2061 11523 15658 7040 13383 6376 4507 2461 9843 15377 16423 6571 14732 8135 15608 729 4145 10826 16086 6976 10035 15515 8099 3643 11615 15928 8432 9713 5327 15652 3716 16773 10666 7854 18212 7978 16571 5679 12986 14152 19686 19729 15855 2117 10930 2818 8310 15813 18185 11448 491 9011 351 14779 13428 12903 11540 6145 19168 4373 11684 14987 14785 8294 15126 14945 9575 8863 16108 10199 16933 12305 1095 5206 11194 2285 1242 12035 18074 6483 8613 521
5650 11508 3106 18953 8043 3651 9891 5780 3235 11262 4472 1650 7794 13214 15141 13845 13886 9835 11461 6214 4108 3192 6396 6126 3029 14173 2638 3646 16910 5572 13999 7711 4088 5944 3361 11591 19089 8579 7131 12886 17590 7279 7533 5138 8842 14657 6956 1370 11602 10465 14080 6837 6705 7733 6506 16770 2232 12293 8754 8127 1778 11253 15557 14448 19093 14085 1197 1822 6582 16251 1658 19899 11025 9156 2091 12154 19162 3185 2860 9121 9023 14943 19149 13260 11820 10491 12201 4457 16964 12279 12915 2477 5671 1828 19601 7302 2758 18696 3363
10323 13829 16269 14250 12469 18212 13822 15667 16580 17173 1726 10077 1326 2085 14446 2769 10758 8782 11947 13618 9561 17550 6701 15967 9476 19230 14673 6628 19197 5176 7915 5136 12202 11105 18074 8854 334 16928 17894 5054 7067 5882 11248 3554 8315 16432 18587 6678 915 6885 2549 11467 15053 4915 5274 5498 6521 17077 14663 10318 1215 8540 16478 13975 12304 8069 4075 3844 14482 14702 8697 8962 6105 19446 15239 12027 8911 11681 1217 19498 5605 10161 15819 13259 10846 11121 5325 9293 683 13253 13286 18640 4830 13474 14239 8324 19546 8214 2861
19707 15225 16159 6470 4206 15772 10556 14495 16538 14507 19135 1953 10745 16616 9926 17743 13082 5090 5 12430 14444 14972 4457 13217 18386 52 14774 17880 6052 18159 17296 2342 5788 7604 14037 3821 16737 13925 1778 10202 11134 11061 307 7840 17069 6940 18961 4513 14245 19851 2863 6778 19426 2326 10643 18668 19480 12934 15450 5196 17562 6085 19084 19676 5993 8910 300 3922 3828 18322 11213 16679 17238 2826 4713 1303 6945 16930 4765 7774 3911 13894 8144 3106 18073 730 8651 915 2209 12338 13266 2386 19157 17217 215 7103 11157 11946 1072
12294 13921 12016 18288 15011 2381 8654 1402 13173 9688 14655 9862 1730 19357 2098 6994 5260 10345 16402 7906 11384 14131 3305 9939 18959 15311 6547 13831 7527 17552 2536 15358 8835 8805 16774 3813 15171 8793 9924 11739 3655 7673 9304 7311 6060 9090 4125 7827 17194 18330 10101 9082 12896 5535 8462 4506 15704 1506 9864 18481 4095 17616 5691 8749 10609 13721 12262 15068 11545 12319 19584 3776 6570 2715 16242 4665 14198 18369 4898 16515 2562 3074 17812 17209 17422 17306 8310 9825 10199 17760 18217 15615 4211 8300 1043 6518 2233 957 13561
2544 12632 5310 13935 15034 721 8498 8178 11698 6645 19312 7639 6465 17790 6522 6530 16142 7913 4910 9278 8589 9603 5703 2548 5826 16345 17814 8646 14650 18577 19731 11033 8934 2072 12950 3029 12972 19238 11882 6310 2588 17209 6912 17057 14150 5459 19257 6699 1445 1874 11546 7538 14655 12782 3511 2288 13012 10293 10423 16303 7236 1033 17700 939 11025 17239 13121 15049 2890 10266 3929 11889 2107 10238 442 3597 11491 1233 16143 12909 13425 18797 14358 12411 679 14515 8787 8067 2885 17531 4093 3566 7928 18394 9291 11999 8778 16432 1198
714 2519 17817 16638 17601 16068 2666 1783 13107 15020 13275 16587 7129 17978 4884 13421 7475 8861 8679 9176 7448 3616 13472 4851 10683 12749 8731 3364 19235 2934 15721 17378 4432 13072 18144 4426 12839 14772 2681 6503 12582 8979 12112 6621 7387 12670 11261 6296 12888 10035 19107 3896 3350 8818 2927 8663 12177 17983 9404 19538 15630 1127 13562 269 11616 4241 1486 18204 15821 10542 2822 13074 5524 16017 11088 7999 12498 19835 16674 7124 18429 3901 19643 4575 2757 5 132 7625 6013 18649 8220 10937 12103 12800 6017 12115 18971 2261 2407
11266 19794 12855 249 15115 5518 16391 17890 6832 4921 14489 14399 11891 4026 10115 12306 13553 10336 18297 16887 3067 14529 12659 12166 8010 5936 13302 8214 8429 2905 14133 1333 16246 2754 16584 4490 14914 16398 12657 5626 3356 1411 6100 9148 16943 12972 2148 4656 1837 12394 11605 12615 8457 10129 11392 2537 7546 941 16438 1450 14044 13500 13964 311 10938 14296 14095 2089 5456 10122 12097 17710 2223 12238 19464 12520 629 18416 9441 8160 19489 5009 10397 5261 3260 17069 17125 15052 19053 16561 6902 19701 7329 15720 1842 8470 6508 17017 2094
1189 18827 14296 3742 16996 12041 8726 6178 17590 14129 333 17939 8436 19159 1651 7206 17260 10182 12996 13169 17109 17210 16619 6874 11778 19984 9636 15792 1113 11956 17518 4573 7531 10621 486 5157 17337 8860 12622 4261 5047 11035 880 6813 12860 2245 7516 1737 14219 16123 16524 7574 15677 5419 3298 5645 17133 12223 17461 19726 3496 4907 393 17486 18958 7960 11803 9190 5688 17903 4493 15713 19504 1373 11782 4566 8874 4058 7170 4380 8693 3387 8374 13650 17416 16041 8434 11343 10798 16419 15022 15712 5706 17844 3164 1202 11066 11003 3963
4525 16529 14494 15074 5249 15058 11991 7442 5631 11015 8726 14584 4261 14550 5945 539 12053 12097 6299 9952 14662 10277 5326 3025 10488 12038 10102 8951 19803 18268 12173 2834 13253 13132 3922 15684 15037 10472 16614 3721 19042 18451 14716 4062 8808 19897 9919 1064 16293 18714 11026 1798 13270 4130 13762 12428 19563 12291 10230 18391 9856 10098 11950 2028 6002 16 12074 8249 6654 4198 19240 2127 10997 18784 11616 3912 7239 8443 18013 10897 3891 2920 16416 10116 12212 18780 7203 13843 17981 2453 8468 9177 7420 2998 13739 2164 10364 12603 9073
19188 19909 17528 12409 16807 5204 16245 17699 6746 9231 19740 10528 5118 11182 13574 1592 17174 7797 3967 15709 497 19506 4115 5416 10020 11869 1363 6981 2649 16260 19891 5157 9175 8473 5678 6782 15079 449 17008 13065 6410 18839 4087 8198 12060 5748 8611 7984 685 12716 18484 17880 18155 5502 9260 1122 11971 15012 19148 12151 12603 3427 14308 18890 9435 5515 14235 3 17190 6667 2719 1453 8641 4941 17029 11518 17539 2889 15382 13137 325 16066 18098 17322 18280 1607 10642 16788 1649 15799 10530 8065 19213 16642 19849 10457 4779 5867 9060
19566 2037 15385 11844 9409 9852 18971 4893 6396 11929 1865 17932 4058 16573 13507 7438 1485 12796 7091 13344 10291 4944 11640 6606 12076 10434 8832 16466 2576 9258 5960 7603 19263 2589 14928 17880 11770 11239 629 17580 6233 17924 6603 12717 8760 3169 7453 13670 18367 9698 7781 9239 13552 16111 16155 18456 6709 6553 8893 11333 3019 11101 4381 6648 2685 335 16115 9751 15291 5615 9063 4828 4955 11528 8680 4023 4110 17856 15550 8528 308 17626 5897 865 11400 2882 10803 5364 12680 7615 4001 3359 5478 14427 17154 10042 13535 2594 1034
13593 14680 17229 17680 2414 8507 19510 4967 14823 15093 2992 14205 168 12629 7918 11514 4066 15985 11073 8643 15435 13549 8454 19948 7881 4599 5495 11024 10695 7673 9496 19422 10548 13653 13376 13867 1922 1956 12886 14302 13477 18677 7815 13040 8414 675 5100 19077 8480 17267 19298 13890 12204 19939 10357 6430 9706 8886 11915 9537 1687 18172 6166 288 11298 1327 1723 3846 16050 17483 7814 17319 8990 19248 17531 16335 11653 6777 3194 16206 17904 1085 5283 8760 10402 5709 17963 4063 9964 12781 12295 9939 12624 18207 12843 3929 18104 4502 8130
7813 8295 10388 6118 6694 8496 12076 16808 15179 17173 12256 4439 9450 4456 19115 14648 5604 15998 16022 415 5396 766 9293 5166 15263 15320 1811 11574 18131 7064 2048 10584 7196 8124 6501 18163 3914 11796 17484 3693 10702 1839 657 13714 7252 9819 7137 1765 9464 10503 11952 6308 1425 9837 19704 3623 7370 5614 15418 13940 13355 7394 13507 9323 14406 8898 15976 4045 8745 12471 4682 10011 2757 7066 1868 6648 17191 10062 3170 18143 14383 10740 11803 12306 13207 9091 2038 1499 628 18567 14218 739 5739 18660 19552 5455 4588 848 17352
13655 7919 8758 17331 4843 6784 13241 19709 15182 9286 428 17754 6350 17624 4206 17547 6655 14058 18951 1890 7593 10719 14335 37 17812 11733 8489 18794 14312 19613 10306 10759 12193 1812 12487 25 10319 13125 11309 1018 9383 1440 5599 16770 3224 5022 14753 16559 10863 17969 7966 18798 11994 2622 16984 6504 8403 13541 17220 5935 18292 9948 14306 9778 2309 19412 10341 2203 10163 7762 643 5482 14097 10555 2631 1537 2167 14468 16702 5747 377 19554 10373 19881 18383 51 19524 17575 4054 7093 9608 9629 17619 4613 7777 12211 4769 11904 6595
7076 6430 7262 10772 11948 5795 16933 2001 587 936 18192 12286 13109 18621 2754 14737 7341 11264 10178 19130 10432 9643 6962 5700 1759 3865 12838 15538 56 3788 2897 11913 7994 3180 4999 6574 3720 19660 2035 12214 4320 6874 14507 12479 10942 17624 15311 11150 18719 20 5548 7251 4573 2364 6898 19764 5998 16611 1710 3001 14880 2971 6846 3384 12149 12683 254 14059 1233 1956 10659 18530 4390 12362 10687 1028 17443 19873 11360 13624 8699 2604 6099 2798 9077 5061 833 1489 18832 13179 17148 5277 8544 8385 8339 8604 11369 15132 4451
4643 12344 12407 2169 7049 15546 17062 652 9941 9898 19842 14382 3315 19492 7797 1532 2586 3367 585 4713 12439 13382 12581 16976 14371 13644 17869 2393 10235 920 11214 10400 5380 17961 3790 4511 17038 1123 15580 1995 13830 5534 16074 13586 17886 15034 987 14774 14587 735 6899 6149 2384 11792 19544 16925 4066 15905 16781 9768 16810 4291 5464 17668 424 15013 17618 1853 490 3178 12172 19311 16714 6255 3780 11657 8148 5504 15886 10066 2038 4080 11287 4202 19064 10196 14300 419 16695 1769 9161 9706 15426 10422 8194 11426 17013 9800 523
3388 3370 7028 15234 10808 17881 12027 737 14551 15526 8929 17835 16143 19482 16611 17810 15962 10618 9286 17269 12811 6970 19507 12311 7001 11524 16483 1726 4939 9561 6675 6804 16180 2192 143 18484 1497 19821 15312 17626 19336 2035 16046 857 2883 2786 4395 14733 18576 8684 11654 11711 6543 16847 10743 16792 8260 6107 13906 4722 4840 7329 16911 9191 12444 3142 16542 16513 5048 11353 8856 1528 8228 15091 7349 19973 17063 9343 8267 15076 5988 9862 5064 5364 7847 11768 888 3591 19228 13281 17964 17491 15798 2320 13590 8636 16206 3477 6215
11049 2846 19778 19662 11516 10571 10945 1558 10174 13632 19260 13596 4379 4142 16661 13818 13380 4305 13121 14250 5338 852 5199 6704 19749 14179 5238 9833 19049 2456 4633 17259 11089 285 355 7649 6689 8704 9120 646 15830 595 14678 19394 7460 907 2056 11705 7335 15793 14224 15358 8918 8853 3625 11896 8990 10346 12552 7363 4782 1741 13307 19473 4148 1404 18978 8118 16531 9626 16298 1315 2916 4145 2475 13013 12950 16056 7420 3436 6591 5809 5647 11594 10712 16606 17476 13140 4466 7242 924 14246 15757 6792 9857 12385 6267 19750 9987
4907 14301 13369 3213 10597 1139 7704 15301 18087 6099 11516 16449 17525 17733 2611 7836 14055 14563 13614 13931 9077 8135 6143 7789 6166 3926 3161 10031 8654 220 12165 3156 7716 19863 5097 14952 991 5906 14329 224 4445 18639 12739 18471 17420 16729 4659 8112 15511 307 12116 1242 15502 16674 19824 105 11349 17971 14385 15473 15344 16487 16560 15152 17528 13972 510 15304 9615 3587 5392 10914 2481 13322 7913 10623 971 6184 4139 15555 3493 9989 14021 11184 5819 1366 521 9512 4707 6636 1926 3128 19973 12666 10899 11729 10507 4883 19252
18396 19525 19924 9340 19148 17551 14743 4630 18172 9276 18669 17122 479 7488 11977 3237 7324 15466 10679 435 17291 11016 851 9594 12099 2863 6633 5788 7844 168 7566 17181 8458 3984 12719 16171 10858 17178 6111 16247 5497 13507 12556 10761 4054 11849 9082 3167 8633 18079 6165 19868 2594 7808 18109 14026 8215 7468 8843 14780 14841 5229 11557 1103 7081 2852 5861 3535 11749 7129 4609 1825 8202 10208 218 10774 8164 18845 10380 10537 12960 18638 7293 19798 16172 3918 4820 7158 8079 16329 11953 781 14792 6163 18326 19793 1263 7082 18610
5316 18605 9678 14752 272 8535 11005 16181 17176 12268 18147 812 2333 14163 4913 12448 11420 132 9810 4629 2520 17311 14436 17546 4474 16117 18062 10052 7932 12689 357 17569 5347 19487 4742 17003 12236 9666 19651 16139 17192 14103 16946 10703 19586 17793 18881 17358 9127 8971 8671 1889 17531 19152 19084 8067 1128 5962 16916 2075 19565 10615 333 17694 15100 17369 9749 6116 7900 3082 18470 6186 1632 11737 14519 355 15284 1138 18915 12843 17902 13761 17315 10721 7510 3284 7283 16466 7781 16749 5984 17121 14803 12588 2823 6275 1963 6756 13925
2898 2303 2238 2301 11741 8865 1953 4133 7907 3600 13338 17765 18389 15588 3660 13206 19571 13054 9771 19411 1240 3052 17646 2851 2751 1585 13800 16396 14834 1334 3955 11483 1973 11731 749 18721 75 439 7682 4913 5322 7403 12240 15469 16260 8645 2257 14998 10096 13257 13828 4458 11391 5551 2687 6695 13355 10100 2738 5687 11308 594 6919 3653 15411 1329 17721 9909 12460 7957 7324 12983 4070 8869 8372 8480 8848 2906 16555 17077 3314 13012 4011 6097 8870 15620 19431 5257 13717 1592 7801 9775 10652 4753 121 15370 13462 711 15864
7634 6681 13229 2123 394 8085 8840 14613 14855 19206 3326 5369 8356 3593 17562 9690 875 13177 8895 13504 11519 569 17650 15039 16964 5005 15128 11282 7032 772 1688 3514 5622 10389 15803 15328 11563 2857 15570 5990 8193 5328 11958 18161 1892 15267 13602 6640 10756 2295 16718 13143 14101 7287 8309 17466 11055 2585 8551 17766 4491 12368 7897 17027 3123 8243 10871 19184 12359 18266 15344 13404 16802 12249 5145 14712 19279 1896 18753 18760 17081 15297 4957 8642 8252 2093 6053 5461 17582 13642 15088 16220 8376 18446 311 15589 7086 19258 15550
491 1253 5381 15699 15547 8702 18809 16239 7690 16428 11850 3010 3964 8123 12375 7760 7975 19981 6455 17350 6006 15588 7572 9338 4213 10076 15556 2255 84 15202 1175 10871 15024 6361 467 5363 7640 19721 13904 10459 15462 9783 6110 18774 6828 9592 4545 7822 809 6756 6122 17714 17506 19724 3285 14769 2827 18307 12493 8809 14616 3164 15400 12952 20 2595 8976 6599 15442 11302 1087 5160 12885 1291 15341 11511 13705 16980 10411 17475 16210 5203 6810 1481 5288 119 5734 19267 2319 7707 10660 10700 14360 7344 18929 7612 5825 13387 1959
867 17399 7353 15120 3348 15340 6073 4648 15416 14317 10991 18999 3566 9480 1959 2959 9929 15928 9819 12516 19288 19506 19585 2109 1576 14749 2710 12276 12834 18088 3808 7198 19808 5305 12024 8665 12743 12536 10922 6528 6459 15374 18146 484 527 18341 12494 6269 15825 13383 16649 12753 9548 9165 13433 5879 2152 2297 7887 16050 13498 10731 11666 3543 10076 12228 8731 9297 997 928 4742 5380 16310 16313 19212 14528 1861 9255 7596 5379 18204 7519 1504 18220 13224 4063 8434 16749 7499 5771 16949 419 436 7710 9668 19001 9552 4612 3957
8420 7612 6824 16710 5292 6447 11821 13062 6043 3760 13661 12084 12040 2859 9744 1389 2030 589 6590 2847 15146 11078 15392 18541 7753 8335 16060 7689 10913 10163 7230 13193 12795 702 14755 12428 13656 7176 14080 16991 11370 2209 2565 18244 9169 2358 11191 12664 19260 5077 17287 7181 19020 18586 13793 17939 13306 634 18375 258 10210 16730 19312 4477 9256 2736 9326 1624 18263 11075 18107 13880 1712 11460 19711 11155 13692 15574 15730 3926 8908 7620 320 13169 11236 4513 14039 16356 8909 11065 16608 7585 16247 19859 13514 12620 13764 1714 12146
12757 3936 16331 9308 2369 1413 514 8658 3381 14601 1245 13804 331 14508 3752 6936 7194 3326 11875 257 16702 5814 18067 13571 14915 2388 17588 8390 8755 1855 12957 6645 7733 19473 7741 12851 5644 17359 4006 6177 4205 10363 8092 3310 10535 12958 10067 10541 7602 7563 8751 7337 14559 14122 5791 13461 18585 17416 18983 19189 10718 15476 9698 5276 16624 5387 15513 17677 3925 11967 390 15285 18442 14881 11512 14536 7989 1339 2991 10337 13678 11847 15845 15106 127 16349 12216 19302 550 17034 13504 13293 5416 14416 14873 8756 16122 2154 6647
18788 2174 4258 927 10402 17991 4367 6159 8839 4644 5803 4042 17516 10136 5582 6076 15814 18967 3169 10724 7805 14497 16295 18927 14401 17939 12743 153 15078 12724 10605 8849 1557 8255 4392 15774 17926 1533 15030 12528 6059 7826 12082 10285 18411 3364 19444 9514 2563 14737 5768 8101 6373 17768 12619 11695 746 18290 17565 17017 5563 15213 5762 12066 6649 665 7152 5755 19447 9486 12317 1216 12064 16946 15984 1138 13980 12945 14730 19711 5853 12151 5145 7905 1120 14440 11014 15961 689 17517 10448 8761 17947 13986 19682 2272 19087 3031 11116
11269 12483 14483 2429 8173 6463 5674 15217 11023 16260 3526 6698 14419 9590 4394 2778 1589 9843 5799 18037 17607 10834 19802 1681 7457 7616 16528 14399 19353 2037 6574 7844 9055 7802 4052 7917 11842 4386 11502 16094 4517 963 2250 4824 14804 10163 14635 9629 12568 18950 15885 4557 17736 263 13398 7026 19641 6578 7025 6841 14836 5029 3295 10705 8840 16620 19087 3039 13853 3003 7176 19269 317 9321 1344 17813 19673 11886 18082 15191 2755 9933 18970 4640 9812 8217 14225 15916 9551 19259 2065 17525 3265 2369 17367 16786 9059 6374 8888
16943 15565 457 4480 16346 11441 4368 10338 19161 4028 16845 6759 8006 9221 14741 17672 15266 4660 19548 14752 4076 1713 19481 7283 14052 7044 19919 2122 18900 2273 14467 2310 13319 17701 7988 16612 5443 11357 10088 3605 12147 18469 9952 4632 7266 16053 8251 1738 3358 5690 8382 14001 7702 13676 19089 7864 17543 9325 1906 5262 4742 3661 12469 19837 13337 11514 19511 1474 15522 6698 179 7655 934 4533 11510 16368 14128 2350 5809 9187 66 15612 8325 13312 5040 3200 6733 2326 18455 8902 19898 15215 12871 19367 3676 18666 26 2685 6411
19927 9521 4404 5243 16634 1441 9585 7624 2459 8208 19031 5093 5955 15829 1592 16999 15987 5253 9438 2581 10537 18198 438 18842 6767 10885 11548 19958 15482 8934 3564 17728 17689 12531 5814 6959 3075 9319 7786 4769 12296 4312 182 5247 8753 4963 13005 16263 1093 19865 2687 148 10667 10669 15918 15220 3740 16300 13431 15192 7288 9838 17336 13347 1989 14605 9054 17385 16239 13196 16579 9968 19798 6389 6021 10374 3048 16288 14744 1405 13514 12542 2387 11599 6846 13056 16858 13194 2778 2290 19000 14759 15914 13789 9798 17842 18749 4666 18610
8208 8616 66 14178 10900 16402 3101 11831 18030 15789 4237 11937 12090 7355 4285 6047 2245 2542 7198 10463 15942 11550 15390 7744 5335 3004 11552 8122 17672 17645 12508 6198 11497 5366 6152 19680 13663 7780 1494 8254 2192 11319 4264 9694 10734 16676 1431 1492 6374 258 9941 15941 8488 12167 5048 11165 13374 27 6543 16716 2918 19952 10012 19270 2967 17992 11045 10445 8934 11452 16997 4204 15851 14774 5616 18315 1826 9573 10781 14897 3739 12710 18768 17941 14535 1523 5295 19703 19797 13686 14490 6378 6980 5437 19045 8540 17255 953 19783
400 3831 12759 16353 15003 16302 6309 19627 13329 15665 8301 16340 8213 11812 7857 12434 12404 7786 15525 4128 17259 4746 18042 5779 13622 14511 7428 13026 12271 9078 5960 624 9544 14466 7395 13871 17471 13670 2778 15264 12441 14147 3135 9882 15281 15706 17054 15530 2923 2001 19756 18095 12188 469 5849 17302 2733 10292 243 3065 11557 1412 2286 8371 6904 16299 19402 6887 3310 11506 17001 2876 13792 15741 52 6555 16546 8835 18547 17569 8097 18958 5671 13998 3573 1399 5207 19864 1323 5762 3220 6281 2215 1541 1712 13971 16460 6863 3660
7359 13280 14215 15390 858 5664 17948 11192 443 13251 18103 986 10597 16610 5448 10796 3465 8920 10005 19216 17919 17447 7805 18658 4321 6951 10898 402 12947 14408 6467 2039 4718 4691 12311 14342 17149 6978 18950 12808 18971 10838 16122 11080 13913 2223 19635 16092 19364 13075 8987 8598 16380 7411 3715 11844 4937 14350 16849 8850 18585 4019 17661 17456 3950 17738 18326 12936 19078 281 10658 1046 15034 4235 15296 13307 14089 14998 4011 9580 12718 17780 18144 12306 5529 3687 4424 3589 19836 16740 13409 8721 12267 9860 973 2077 10268 2755 5450
14293 14459 12419 18351 11303 5174 5162 14760 18843 2988 12075 12761 10829 3985 14878 12514 171 3171 12772 15002 435 17295 4558 1535 11598 19397 965 2096 2807 405 7805 17705 8615 11699 11265 11802 5011 11606 10703 8540 6356 18599 1883 14527 6686 8296 12317 9018 19789 18299 9968 18049 17529 14579 17411 936 2993 9546 18374 17970 17876 1849 343 3346 7188 7001 15780 14568 4711 8293 5504 16627 12959 7184 4506 8244 12962 8491 6492 9425 68 4772 12839 11767 19420 18174 9104 15553 6414 15122 4265 3426 16886 2244 18697 15898 13050 13711 6405
15893 17491 10196 13266 3744 1829 7025 15005 9560 19027 2868 11926 18972 19003 16527 18924 9914 13888 14881 1457 14919 7278 16673 18550 12395 6919 16384 11039 18065 3068 10128 16986 18743 8795 949 5700 1449 8465 3772 5163 340 3735 2601 16921 10324 5339 7932 16074 17514 12910 2430 5243 4132 5811 3245 18204 18479 18759 4171 2646 5755 4635 1470 19203 15269 9527 16219 6023 3263 6610 2207 2731 2663 8754 4685 19219 16962 10460 5763 14847 6314 15045 15647 13703 16809 9104 4572 15160 9257 12473 9834 11999 10787 15717 474 14305 14423 10315 9122
8202 15567 9517 1774 9980 1802 12772 15949 3193 9033 17283 2172 14584 986 5749 15101 16078 12722 14398 16980 3809 13446 11112 19587 11107 5828 6450 19980 7158 7366 19547 3614 10205 15680 2871 16748 1537 5920 19443 8140 4389 7355 1194 15982 8460 11018 5711 10307 18998 7586 14632 15894 6835 19173 6734 10053 16389 19271 4838 2089 19172 9074 18059 10373 13328 18246 18565 19411 5298 1681 1600 10473 12950 9111 19296 14555 13013 14089 1283 8958 765 14637 6569 14970 2687 3635 3637 6414 2998 15725 15327 2429 9351 10675 19789 7278 5683 14945 17802
15330 15334 10942 14821 13330 4957 14386 19301 2119 17512 11278 17364 4259 2199 3919 1573 4608 16427 18844 19771 4341 7728 10368 6474 9575 10330 3806 1602 8662 13055 17795 3062 14905 10022 7534 12767 15597 7152 18364 6286 17585 12403 7948 18611 12790 16212 19491 8258 10992 13539 12053 16603 3928 13855 19217 3167 12055 8257 2755 17727 8009 11755 5611 12747 2159 6145 2201 11661 12657 7786 11160 19438 13275 8672 16710 14259 8724 14560 7958 19612 13370 2671 1948 10259 10404 9486 5146 3506 5198 8301 19402 18552 6916 4542 9900 1895 9239 19741 19085
12766 8991 6318 3850 17409 11511 8603 3940 13448 7729 12828 11373 19206 815 16227 16711 4076 6464 5805 12606 7797 2056 13257 17912 11755 10826 12031 15550 9667 11498 12440 19536 8138 11712 19895 9490 3017 6206 3933 4797 6325 18609 14877 12713 19452 11884 14770 11986 19159 1029 9588 2523 11203 2586 19363 2141 11138 96 19458 16698 8840 5061 639 10739 6484 4059 16079 11952 14026 18931 14193 2868 546 707 9796 11916 11928 745 397 14284 19338 412 788 18848 8150 5463 9987 6578 5174 17715 9845 6577 10517 4512 3897 14145 3674 9934 9724
13901 18289 10558 18940 6871 12111 16030 7098 3266 5379 9679 5796 492 7214 9898 12761 19094 2371 14991 7667 18079 5538 2124 17857 9696 7685 18711 9086 8278 18366 14660 14657 14474 9309 267 5608 19508 6853 11035 16608 3148 1040 8725 19175 3251 14785 19118 3528 6383 17462 1668 13832 8179 13269 13022 19911 18126 16661 7971 16682 7769 1309 4240 6650 4206 11729 7755 10461 5100 18222 10769 5337 5990 8493 12297 6221 18718 14361 3286 11722 6538 10244 12874 158 1958 2318 1874 12741 330 4470 546 19912 3247 15200 4900 13425 13659 306 7658
6445 13213 4720 13819 598 6093 5516 17596 16581 18804 10494 6990 9995 2648 7599 12937 17868 18745 6856 7325 10732 4424 5462 13880 18878 1176 2092 9204 86 11794 11863 12580 16089 8756 1853 3606 10711 19110 11103 14453 9167 16869 15137 17276 16154 6891 8190 5911 1871 13719 5259 13920 5904 7870 10289 3960 19319 3249 11193 15092 19362 11802 17770 15582 10023 7454 15947 3590 10087 19590 822 19280 11915 19482 16560 791 18653 4087 7045 8525 16122 15683 19641 11317 4901 11056 5506 4632 13218 9922 1273 13307 1810 19775 7468 8064 2373 5930 3188
11599 4880 2651 10521 3654 11230 9296 15444 3994 8397 12422 2946 2948 12478 7866 11699 11709 2917 6453 7403 8046 6557 7474 5394 2971 2171 12691 8374 19761 7089 4400 169 15566 18088 9382 3882 475 13453 9915 2489 19179 12283 12747 8205 18816 13346 16435 19933 9528 1412 11383 10450 681 17535 7875 10129 17116 768 19667 14718 17790 9992 4076 8738 18332 15553 1887 1758 7345 15 7155 6034 7563 9636 17075 10514 14432 8464 8026 13123 864 18810 7324 16378 4435 9724 18426 9426 2132 18659 1118 16140 17630 518 12600 6675 10357 12912 2802
18052 13387 8777 9127 10842 8279 5897 1862 11214 3802 6016 2343 18799 1505 1227 18432 7995 10992 4158 14242 1306 4913 14440 15678 789 7688 1236 11379 6005 848 14992 19265 10840 18736 16442 12365 13987 12331 3816 14990 6749 17413 16646 7262 5488 14216 19955 17641 19031 14766 1834 2651 4899 19980 14269 8368 7745 5362 18196 18665 6445 16181 4015 5079 16416 19591 11470 5646 4289 8084 1713 3375 15430 18892 6398 4284 7189 864 12345 5496 2866 5790 958 16064 13404 2092 1384 16838 3959 1666 4423 9314 2349 4059 12084 3322 7477 10717 8246
5785 5252 9926 8813 14860 3539 1114 9213 14426 16102 874 19417 8451 5031 5709 18138 4138 9687 12153 17707 1403 4229 16276 3636 15622 7854 13527 1591 12505 16131 9668 9345 7055 18384 6318 404 17233 1892 12213 17369 6490 918 5599 17942 10519 11158 8629 12776 18768 15479 4416 5749 9619 17062 7467 12813 6937 14171 4808 9151 11673 1770 14701 2693 7749 5083 16035 17550 15446 88 17472 19423 18898 11013 15770 2478 3990 920 14430 185 2218 7955 19989 1420 12950 17372 15058 1912 3608 933 16558 4425 6022 13008 3518 108 18369 1064 10511
8525 11203 852 11329 8246 14360 11121 17156 13228 2291 18886 3674 12860 9520 9554 7554 11431 18048 9273 11342 4566 2555 13947 5281 7218 4073 15940 8873 19265 13777 13240 19858 7697 15746 3642 13445 14569 8613 2988 7949 10722 19462 7118 15558 190 8453 393 3488 18792 6495 12279 3470 17833 10565 17108 9536 9938 13170 8958 12806 19413 10148 11838 16844 2621 6192 2767 13081 5989 4512 12716 11520 13541 17317 5859 6579 12185 14246 3562 16223 5188 11820 11756 11647 17225 17088 9977 15355 17306 3748 9150 13999 5714 17076 18208 8592 16813 203 133
15320 12248 713 5831 5643 8983 18262 18621 4754 6751 3139 17108 11264 12513 2841 2045 1329 5569 15186 5883 17679 15548 1783 8065 19571 948 11061 1614 8909 16807 19435 18131 17963 14794 291 2732 12561 3968 6930 8151 9990 16610 13675 2592 2448 15673 14693 12740 12727 6801 8000 10125 15501 11215 5915 15105 5453 12958 733 19242 16924 12297 11682 2552 18723 16047 3107 427 14379 503 5912 16439 7632 19985 2214 15950 11522 5064 5268 17281 5797 4038 3013 7920 19956 2860 8086 13165 16493 14318 2922 5407 19315 1686 12941 11037 11772 17911 3778
17086 3067 9160 14269 4597 7646 5878 13107 19769 12302 1810 3234 18358 14104 17691 410 19298 19832 10273 1071 8898 13027 738 10208 12390 6936 13598 14265 18466 17453 8459 8747 19475 7330 14396 9607 4627 3220 14053 3070 6435 17726 2123 3383 11889 17469 1355 4963 10154 14012 16027 2826 19072 15864 1350 12206 15948 17964 2090 12823 1652 15318 2813 5215 3890 4318 15793 5602 13771 4027 14220 11202 10729 15611 5967 6353 16144 19744 12817 11127 942 11365 18463 19449 3511 1548 10871 13323 10681 6184 17568 14370 2952 18335 10974 4136 14936 5689 11830
3803 3736 10680 3193 3669 10003 18213 14224 12999 19693 17214 14562 15832 7181 6533 9806 2441 13015 16426 3823 3909 8122 18872 16702 7120 19289 5120 3069 17025 6283 3342 8555 561 8352 6217 218 2951 10700 12905 18205 6839 16716 6588 7677 3230 12298 3569 12440 8443 12336 19144 361 3219 10338 66 13263 13907 10855 4443 3849 360 13434 7590 10578 6519 8957 2341 8938 12816 18726 18924 6594 10953 8882 4200 17140 4839 8509 17657 15458 9937 16352 5733 6800 6236 15436 16931 15082 19347 14115 3844 17078 16629 13620 10160 18078 19695 10139 1023
3758 18883 14671 3063 4941 12995 13923 3904 10894 5707 18919 11665 12630 11957 15278 6203 9312 14226 13818 11393 8356 12423 18177 17581 6673 7980 7867 16117 18610 14352 10873 2586 11447 2627 14624 4711 10196 5618 2857 7378 19187 12559 18732 397 6104 8930 4883 4838 4614 17376 19177 17518 10456 279 19307 5231 1916 16968 5408 10131 59 4383 6140 9068 17770 6443 18185 15266 4860 17055 5049 862 16172 15572 11058 12983 531 15324 15064 16613 18993 1500 15431 8253 2356 2398 19778 5825 10545 1277 17767 43 10400 9859 6209 17606 12158 14990 12228
1272 5835 5664 1757 5844 17483 16526 13946 14234 8718 19010 3575 10265 11999 15444 14535 16243 7996 5847 5418 9173 2469 150 5705 1452 114 10141 1592 16796 11002 2506 2256 9483 17315 148 12931 1079 4152 10376 475 3537 19596 1471 17489 9148 1747 14055 18640 16071 9685 5113 12749 18026 12357 2019 7345 9555 18013 9033 3378 15146 5128 2701 517 2538 2861 11543 15831 18342 8563 522 10364 12032 7467 822 3062 3429 5579 16010 18358 17288 12894 12967 4229 19080 5459 12772 10139 855 3411 14477 17462 128 11348 9356 1276 8337 4804 12839
6240 7832 2113 15108 4094 5988 7241 8481 17684 7337 14092 4565 1112 10683 15976 16424 14460 6728 11651 17884 14929 8850 10381 15959 12267 1747 9246 19081 19950 17163 15878 6765 7760 8709 14019 435 4568 4844 1549 5144 15187 14588 16390 18166 19846 9118 2300 2808 19828 8803 14506 9595 1876 8080 3209 6100 10245 6634 14858 9061 6182 8681 9673 19555 5817 10921 4010 4666 17406 19690 19597 10886 17581 2547 15353 17318 208 12159 2822 16733 13256 700 3064 5459 350 10180 8280 3809 6680 4571 7785 689 18539 15701 17882 579 4396 9768 2023
793 4490 3310 5731 9954 6046 1361 1929 12296 8490 17472 16770 4846 5519 8572 17561 16069 15866 15895 1586 1091 10976 3647 6274 19384 8602 18991 5222 11728 11753 19208 16926 19079 14340 6969 9248 16490 6884 8571 11184 11057 1351 9273 19695 6934 1056 10089 16604 10743 15173 15990 6931 18846 19671 17854 10093 5102 543 12848 8941 19992 4200 15690 10071 12413 13409 3002 18084 15448 6897 11226 1811 1471 2830 11575 11093 19059 8803 634 19339 139 2628 9210 2104 11035 14510 17518 7109 5126 19735 12191 19022 7212 13128 4740 13693 10446 14425 1258
19483 10906 16342 3365 17034 12995 10931 6725 10196 16410 7828 4745 6533 2648 16475 9013 16209 7758 11281 11492 19866 17457 16961 2141 14995 8943 2018 4668 3121 16257 6716 12547 8090 6063 5281 18537 8724 742 3364 17719 6033 16453 9255 1038 49 1860 3251 2375 367 15284 18463 6485 19321 18340 4795 7565 3745 4884 1686 3109 17000 1239 1033 18596 17362 1533 6024 15292 12606 2879 8084 10700 10905 10518 17203 12176 9472 12294 11649 7230 9463 6746 16545 4524 6563 11628 7226 18996 305 2185 9478 15481 8002 16201 7453 14389 3437 13300 4237
3590 9243 8745 18477 12914 6268 2738 12196 11303 10158 17286 7381 7700 1883 8239 9817 15552 12275 8108 1985 9326 5601 9598 993 2200 15290 8052 2896 4889 6365 14073 17906 4433 14584 13126 10470 17737 6068 18437 6622 16855 14336 4723 7035 7239 7418 19241 6613 1403 18110 6968 10149 13009 15455 14672 14309 19085 14156 1886 13227 10491 3071 6176 8566 9293 6625 13354 4549 6876 18520 13051 16190 19579 17252 5850 15388 4794 16425 8252 16882 19995 10750 16077 1580 17902 9765 17633 15431 9704 8600 13364 13059 14050 10076 19620 7691 14947 17217 15260
1269 16237 15021 3475 4454 3353 17199 3609 5981 14991 988 19335 16821 2559 142 11445 3955 2878 5312 9885 10348 11913 14639 289 14717 12123 12412 10379 16449 15257 5940 3227 14976 9399 2837 11363 13511 19514 3485 19800 11527 8057 18112 1217 5950 9377 428 13630 3625 12432 12216 7312 17621 18527 6327 17546 11753 10118 10461 18839 18395 778 256 15551 3894 6221 10946 16839 7798 19149 18811 17562 1304 465 943 16199 15816 9753 13803 3235 3270 7773 11403 12676 9618 6374 7647 6508 14318 11872 11199 9956 3247 14311 15703 19256 4537 5537 7797
409 7489 12498 6208 9412 3999 1355 19143 7443 16438 9697 15017 11160 6997 3928 10441 4650 7353 11259 13069 17390 15627 10572 13545 644 6918 14873 10671 768 16802 9316 8520 1759 6527 4444 11412 17896 12516 9389 8106 8443 14154 5554 11993 19222 7204 6402 16598 9982 8634 5586 12333 11158 1163 19696 9983 19571 3174 4957 14867 3675 12886 19479 9856 7901 10303 12362 18613 7007 14718 8511 4614 8263 5465 16904 18514 13861 14196 8186 2628 13489 1314 8462 12822 12411 2261 7338 18570 11821 4669 19135 15415 6589 17495 1060 2716 16905 5433 5147
3892 5488 17547 10035 16358 9707 11835 9561 11938 17494 9243 13646 13224 6980 179 6120 17574 4526 15224 10644 13565 15494 16119 17218 5342 8625 5939 1870 17327 15971 15497 10686 13551 6507 41 1826 16931 18072 5213 1764 840 19472 14431 305 10849 7574 4858 3097 3934 6606 11278 18138 17265 4706 9063 13030 3324 718 15681 6662 3443 5834 19578 2610 4778 15724 14858 2367 15853 4742 15067 10241 17238 17978 10110 6805 17532 5325 9520 14377 17896 16848 14606 19329 3897 15881 16971 18394 1672 16617 18492 1436 13780 324 984 14361 6422 19354 5735
12241 11666 7701 11837 11002 15816 9490 10505 3174 12200 13261 2946 4223 17444 3098 18148 18607 222 4801 1366 5709 9939 2115 14031 7879 5823 19248 8990 9126 2609 19255 19009 19791 6606 13952 3278 9018 5355 10906 18450 1192 16412 715 3272 8075 6282 15846 3186 450 13264 1064 2122 16289 609 2623 17850 2070 15186 1266 9174 1263 9986 5358 14978 3444 3908 15526 2133 19557 19576 1912 12816 7439 7268 14870 4279 12806 1735 558 10782 9420 17856 5297 14538 2636 14882 4884 19493 12434 14182 2984 12038 2127 9471 10140 6677 10839 13818 4788
14250 2437 6263 9468 1701 13702 8807 1204 4985 18107 3382 11669 19338 11858 1320 13477 16149 4044 18037 13269 19519 11032 11597 17045 15565 12402 7270 19686 12141 6057 3877 6304 2597 7352 15030 17225 975 12574 7530 14659 8706 4274 4656 5993 14316 880 1141 4854 16586 10850 4418 19096 2607 9029 14363 1718 17477 19105 17301 4200 757 14982 17000 14709 6375 8453 7764 6443 15042 4154 18389 4373 18803 17544 8270 11908 3167 9037 2232 2650 17101 10296 17285 4935 19816 16197 16774 19350 13706 9387 8748 1732 3619 6693 19566 19551 12719 6759 521
2707 16853 16037 19696 18971 7619 10504 17808 2375 11496 5590 18451 15986 9236 16129 3574 16833 8266 338 590 12366 15713 5987 14100 4469 5679 5543 17703 8361 8826 2657 11779 9243 16932 17829 8873 9703 10569 9520 11035 648 19545 10482 14060 18124 19600 12829 16223 13486 5591 18609 9756 10555 3658 10688 14087 5940 18502 14509 18028 17632 3697 19330 19327 11674 6753 2252 31 4034 17407 6255 12461 19520 6744 18565 18204 603 17452 6253 4615 13840 9301 14183 1466 18382 19692 5175 7291 12984 16082 18066 19915 101 1648 6791 568 6028 16279 17369
926 18823 5463 13303 1689 8925 13796 17587 17069 16234 18933 14358 3082 12722 18420 3470 10575 17113 7647 19659 6440 19767 17112 5318 17809 4459 3084 5642 15579 7866 15481 17662 8516 5428 2550 19578 16378 19490 18601 4840 11819 363 10826 16909 5881 4957 15245 7746 11326 7583 5519 2851 6855 9598 8743 9360 19259 3929 14385 246 12487 1880 1236 1282 12036 18594 527 1091 14820 5329 12824 13845 5510 3452 7521 8294 6715 19859 5906 17501 297 10812 7083 14824 16956 904 3108 19074 19888 19844 19868 11776 19379 19944 16756 10740 2549 12370 15795
937 8561 7994 18320 4333 12854 8075 15793 1459 530 10039 16156 14065 14884 4153 10874 19083 8288 17011 9596 10339 12619 14147 13273 8793 10499 15106 9142 16632 12189 15223 7163 15458 18575 10854 16141 7020 6917 1320 13639 15018 8921 9761 7024 5735 13962 2359 11685 8870 18432 6910 19331 10396 4432 8246 15006 14163 4079 11597 9407 16393 13709 4028 2151 13952 8117 13569 18507 16007 11042 4666 18134 10297 138 7925 1475 15607 8524 1036 1017 19227 18062 9052 10899 1044 3924 19525 3765 163 3442 2432 18614 12554 10783 5343 15441 6028 6798 5518
11602 9329 6892 7636 2465 13804 9519 18554 10496 17052 4180 3599 13278 3786 10390 10760 14882 9986 18786 2012 15554 19967 18224 4279 17115 6748 7508 9724 16897 18105 13106 19490 14909 8120 19724 16443 2247 14689 6514 16566 5433 3044 12695 5744 14579 2009 14570 14451 62 4166 10625 13117 4541 16021 18528 13385 6303 4898 6494 792 9522 10490 13632 16737 11868 13510 8588 16050 7724 13429 11487 12683 19508 17882 5167 9502 4920 8459 19538 10767 5779 344 5234 1607 5013 14313 5216 15972 17210 14862 11447 14391 11346 2656 635 18830 4282 15785 12511
18918 5055 5421 9501 9637 4070 14794 10614 4389 14052 9607 11801 16230 8098 17837 19000 3671 1317 4577 10634 14195 11734 17782 5479 19995 1395 12884 16664 17995 16352 5043 1763 10519 3607 19899 19830 16346 18979 12314 13604 13498 19624 16507 19055 7361 13474 568 6479 18660 19600 14975 6771 5113 8118 13342 857 18510 7179 14372 7656 16634 1334 5104 3011 569 13963 5383 12921 10978 13350 2017 18921 11062 1407 13588 15567 8712 17475 15530 17374 2445 14610 10637 16562 15323 8725 13936 9313 4437 17075 1690 3551 14941 17058 9887 18150 7893 4606 787
2978 19764 7261 16957 10856 14024 12624 3399 11180 17278 785 15967 6894 4171 2764 10758 18244 1417 18636 18328 4294 5384 15781 18111 18804 9461 6831 12279 14778 15719 7178 1058 7490 4592 16177 13696 12654 9745 14458 5412 4439 10344 3043 4292 10765 1663 11943 8147 15408 13539 18707 9687 19157 12217 8659 9471 19942 12781 14181 11476 3876 10028 10088 1759 13226 11332 19579 6799 11038 9283 19707 9934 19271 6154 19500 6121 7885 16490 4631 127 19197 431 7194 446 2069 12521 15780 14013 16008 11747 14956 9862 14363 11238 1232 4014 3749 15064 3236
13465 11296 18077 10044 11069 13169 6811 17807 11400 6889 2624 16085 17716 15133 2372 11104 1255 14277 18040 15229 6818 2167 17059 13274 5033 16347 135 16786 735 6640 18473 10077 11890 8419 8284 5679 18107 4992 6486 4080 14367 4063 3191 10791 8078 14052 11722 19054 13141 14378 4627 14252 14916 19116 14551 19530 9563 2463 7136 7015 12083 8911 3287 4226 15924 4061 14421 4240 2857 17929 5038 3163 10118 13500 698 10446 11030 13093 17963 2365 6280 6808 14002 7350 16620 12021 14390 15055 10519 323 5470 8496 896 15522 6815 7343 2774 5412 13013
9125 15177 6753 4986 18910 176 9636 19718 9852 3547 17339 2353 12297 5660 19139 12149 129 8687 9718 2779 19089 6373 16326 19751 13272 9593 1181 16726 1868 10947 18686 17777 13514 2642 1577 16382 18925 15617 853 7810 637 93 14955 12673 13329 1322 2440 11904 19508 10278 2280 2528 10430 13802 4568 6047 1930 1033 12047 4996 1691 7427 17362 7943 4572 19494 3003 18022 19346 19029 3475 19856 3411 13240 18601 5784 11784 4650 1814 11431 6590 7190 14366 1193 19018 5361 10810 2112 2794 17105 18510 14510 19525 17654 8215 13745 17371 18242 7041
8757 9861 7270 7940 18667 2992 17555 3999 9366 3751 7242 14867 1758 5289 19103 18301 15312 7443 17185 8458 6720 16263 6089 9244 16202 832 5835 12609 9469 4169 7935 13558 2100 10364 8509 5870 8627 14493 15701 14199 12918 1092 10230 7620 17681 11836 4084 16875 16793 14578 16700 12019 13893 7496 8212 12188 19367 7947 2558 5879 3944 8527 341 3872 4151 6372 2772 5919 12704 19696 8984 16904 16755 19374 14097 16414 13869 10748 10215 838 4200 1870 14666 18219 11342 11193 14447 17697 17018 6253 1367 13628 10110 4542 18995 3187 13853 14610 8592
8206 4408 8419 15149 10413 6960 11400 2886 12761 2035 8320 2981 7135 8776 845 5009 13092 7363 12177 16640 11198 17729 16699 18588 6121 10845 3331 4613 4425 10617 8453 1576 8200 18524 2379 4151 3101 6799 10677 13690 11199 17305 2583 18461 7874 5438 7886 5826 621 17561 4334 805 18626 4979 11464 6018 1221 4123 19968 4144 8499 19948 328 11482 11418 12418 11219 16458 16868 10368 8459 2929 3376 16401 18195 15954 3027 7625 8457 470 17494 15956 17176 11907 13884 5224 5014 6287 35 14992 16668 9379 2127 16100 8154 10751 14701 2914 7681
728 7688 3408 7264 19185 12646 14841 14653 3733 4288 6240 6018 6495 8269 14411 1379 14852 20 6846 1715 17408 18635 4243 9879 3707 7639 12165 14577 18616 3177 12892 13819 1068 5137 17220 11551 15593 13305 5934 6877 7825 3628 18174 16343 8102 18179 11124 16439 182 1475 5305 16751 13420 6688 19993 14885 10580 19493 14827 6446 18139 6870 7026 2525 209 12267 5102 11140 19356 285 6107 9719 9991 9597 14395 691 18237 16005 12404 8024 2372 8535 1289 6719 17339 10694 8027 10682 13600 4213 10593 13905 15696 13041 6247 16517 13675 8450 18864
15899 5239 19446 12765 10348 997 18010 1510 6542 10795 11429 1545 5600 17842 13789 18787 11152 14246 106 2732 5350 10049 1739 18127 739 16673 1289 11803 15727 10633 9826 6386 10741 7586 15172 6403 1523 5478 15658 5917 10643 9223 4642 6554 8280 5421 14835 18000 19104 3097 10682 7994 7499 16179 17828 2634 5135 2966 8890 9621 566 11468 17532 13574 17707 15482 1937 7968 15344 18978 14695 18285 6132 5416 8759 8445 14235 16269 19558 3964 16866 1187 15914 9198 5156 18219 4438 2139 10665 11035 11229 2012 11550 12233 18994 4220 7375 3515 5727
9809 2403 15938 6206 13090 6109 997 9617 186 510 12013 18968 4343 9734 18100 12631 18639 9232 10100 2481 19339 10694 394 5810 16360 9677 503 19797 1934 9128 773 5848 13580 13811 7066 18184 12774 8921 2909 838 13566 1415 10568 11918 6779 10664 13425 17574 3804 19505 11903 3398 16651 19579 1890 9023 12618 14325 14034 11126 881 14457 5441 18270 211 9323 14501 5991 10489 11357 9255 256 5031 13714 13064 15605 5744 555 9801 14476 12856 3746 17910 15518 16069 10938 19345 1950 7416 18277 16202 12873 10610 15467 2799 2841 13810 9643 18416
