1 17
2 10
3 10
4 6
5 1 7
6 18
7 5
8 19
9 6
10 27
11 23
12 1
13 5
14 23
15 1
16 10
17 27
18 4
19 5
20 1
21 1
22 1 16
23 22
24 1
25 10
26 27
27 5
28 1
29 6
30 5
31 36
32 1
33 18
34 1
35 36
36 10
37 0
38 23
39 1
40 23
41 23
42 10
43 13
44 22
45 8
46 13
47 23
48 8
49 22
50 22
51 6
52 5
53 23
54 5
55 13
56 5
57 27
58 5
59 1
60 13
61 5
62 5
63 6
64 10
65 13
66 19
67 1
68 13
69 13
70 1
71 1
72 5
73 1
74 19
75 13
76 11
77 1
78 5
79 34
80 1
81 5
82 1
83 18
84 8
85 5
86 1
87 36
88 15
89 13
90 1
91 1
92 18
93 5
94 23
95 10
96 23
97 1
98 1
99 5
100 18
101 27
102 10
103 1
104 10
105 13
106 34
107 3
108 1
109 27
110 13
111 8
112 5
113 8
114 4
115 13
116 13
117 22
118 1
119 13
120 27
121 5
122 1
123 13
124 4
125 4
126 1
127 32
128 6
129 29
130 41
131 8
132 1
133 1
134 1
135 23
136 18
137 36
138 5
139 8
140 5
141 18
142 8
143 5
144 22
145 10
146 8
147 5
148 1
149 5
150 33
151 1
152 5
153 5
154 5
155 1
156 1
157 1
158 18
159 10
160 8
161 8
162 18
163 1
164 19
165 1
166 1
167 38
168 13
169 1
170 1
171 25
172 5
173 29
174 23
175 5
176 23
177 1
178 1
179 1
180 1
181 1
182 18
183 30
184 18
185 5
186 6
187 1
188 8 9
189 8
190 13
191 27
192 33
193 8
194 18
195 13
196 1
197 18
198 1
199 34
200 1
201 8
202 10
203 1
204 8
205 1
206 13
207 1
208 23
209 8
210 1
211 1
212 13
213 23
214 1
215 13
216 1
217 1
218 14 15
219 1
220 10
221 5
222 10
223 5
224 8
225 5
226 27
227 27
228 1
229 27
230 8
231 1
232 1
233 1
234 1
235 1
236 1
237 18
238 1
239 1
240 27
241 27
242 4
243 13
244 5
245 17
246 9 33
247 10
248 27
249 27
250 1
251 36
252 5
253 20
254 22
255 23
256 27
257 1
258 10
259 13
260 5
261 5
262 1
263 1
264 1
265 1
266 5
267 19
268 30
269 20
270 27
271 20
272 27
273 1
274 27
275 27
276 8
277 13
278 22
279 23
280 10
281 39
282 1
283 27
284 8
285 1
286 36
287 30
288 1
289 1
290 27
291 29
292 36
293 13
294 10
295 10
296 27
297 5
298 22
299 5
300 27
301 15
302 1
303 1
304 13
305 10 24 40
306 1
307 21
308 13
309 36
310 4
311 10
312 3
313 5
314 23
315 4
316 5
317 8
318 37
319 1
320 23
321 10
322 8
323 27
324 1
325 3
326 27
327 13
328 13
329 41
330 8
331 39
332 1
333 36
334 1
335 27
336 21
337 11
338 1
339 36
340 1 16
341 10
342 13
343 1
344 23 40
345 15
346 15
347 38
348 27
349 36
350 21
351 20
352 31
353 27
354 5
355 1
356 18
357 4
358 5
359 5
360 5
361 23
362 1
363 1
364 29
365 1
366 19
367 1
368 15
369 30
370 27
371 1
372 28
373 37
374 1
375 18
376 18
377 13
378 27
379 1 16
380 20
381 1
382 27
383 27
384 13
385 10
386 15
387 8
388 10
389 1
390 27
391 22
392 1
393 5
394 5
395 27
396 17
397 27
398 13
399 27
400 27
401 22
402 10
403 1
404 27
405 4
406 1
407 15
408 1
409 27
410 41
411 25
412 4
413 27
414 4
415 1
416 23
417 1
418 39
419 5
420 13
421 8
422 5
423 23
424 15
425 8
426 10
427 5
428 2
429 1 16
430 23
431 10
432 1
433 1
434 15
435 8
436 13
437 1
438 1
439 18
440 11
441 3
442 5
443 1
444 5
445 5
446 25
447 27
448 27
449 1 7
450 5
451 1
452 5
453 5
454 4
455 10
456 36
457 1
458 36
459 5
460 4
461 8
462 27
463 36
464 5
465 1
466 5
467 27
468 1
469 27
470 18
471 5
472 5
473 22
474 13
475 20
476 27
477 10
478 5
479 13
480 25
481 23
482 27
483 1
484 27
485 1
486 1
487 8
488 34
489 5
490 32
491 5
492 27
493 1
494 1
495 27
496 1
497 1 16
498 1
499 13
500 1
501 39
502 5
503 25
504 38
505 8
506 27
507 1
508 1
509 18
510 8
511 23
512 13
513 3
514 27
515 1
516 36
517 1
518 1
519 10
520 5
521 15
522 27
523 13
524 1
525 39
526 5
527 13
528 21
529 1
530 36
531 27
532 1
533 5
534 1
535 18
536 6
537 10
538 10
539 5
540 15
541 1
542 12
543 11
544 27
545 38
546 1
547 27
548 10
549 27
550 27
551 4
552 27
553 1
554 23
555 4
556 5
557 41
558 1
559 1
560 21
561 1
562 1
563 1
564 27
565 4
566 3
567 3
568 18
569 13
570 22
571 15
572 27
573 15
574 18
575 27
576 1
577 1
578 8
579 1
580 18
581 4
582 20
583 1 16
584 1
585 5
586 10
587 1
588 27
589 1
590 3
591 1
592 1
593 6
594 1
595 6
596 21
597 27
598 1
599 23
600 5
601 13
602 1 16
603 27
604 31
605 32
606 27
607 5
608 5
609 8
610 20
611 41
612 13 19
613 29
614 27
615 23
616 27
617 10
618 1
619 27
620 23
621 1
622 10
623 27
624 15
625 8
626 19
627 2
628 27
629 4
630 22
631 13
632 25
633 27
634 13
635 28
636 5
637 1
638 8
639 11
640 1
641 4
642 10
643 1
644 20
645 5
646 1
647 10
648 22
649 1
650 23
651 27
652 35
653 1 16
654 19 24
655 3
656 1
657 1
658 23
659 1
660 1
661 1
662 1
663 31
664 21
665 13
666 1
667 4
668 27
669 36
670 27
671 1
672 1
673 27
674 10
675 27
676 23
677 8
678 25
679 5
680 5
681 10
682 19
683 27
684 27
685 15
686 27
687 27
688 4
689 8
690 1 16
691 1
692 25
693 13
694 17
695 27
696 27
697 1
698 1
699 1
700 5
701 1
702 1
703 10
704 10
705 27
706 27
707 23
708 23
709 5
710 6 25
711 1
712 36
713 23
714 5
715 36
716 37
717 8
718 27
719 10
720 23
721 33
722 36
723 22
724 10
725 4 40
726 18
727 18
728 18
729 1
730 5
731 23
732 27
733 33
734 1
735 5
736 13
737 1
738 1
739 29
740 27
741 13
742 25
743 27
744 27
745 5
746 5
747 10
748 23
749 27
750 37
751 38
752 27
753 8
754 27
755 38
756 23
757 37
758 13
759 20
760 1 16
761 11 14
762 8
763 6
764 33
765 1
766 18
767 1
768 17
769 18
770 1
771 1
772 19
773 1
774 32
775 22
776 1
777 27
778 23
779 38
780 37
781 39
782 5
783 1
784 22
785 10
786 13
787 36
788 6
789 36
790 5
791 4
792 1
793 13
794 27
795 27
796 22
797 19
798 1
799 1
800 6
801 37
802 1
803 5
804 36
805 18
806 8
807 4
808 5
809 27
810 4
811 27
812 22
813 36
814 1
815 5
816 1
817 11
818 11
819 13
820 1
821 1
822 10
823 5 36
824 1
825 10
826 22
827 5
828 4
829 23
830 18
831 33
832 10
833 35
834 27
835 23
836 8
837 6
838 27
839 27
840 5
841 37
842 37
843 4
844 22
845 36
846 20
847 27
848 6
849 6
850 27
851 27
852 5
853 15
854 12
855 27
856 27
857 5
858 1
859 5
860 5
861 5
862 13
863 1
864 4
865 1
866 5
867 1
868 36
869 5
870 32
871 5
872 23
873 1
874 5
875 19 23
876 36
877 27
878 5
879 13
880 27
881 37
882 10
883 22
884 5
885 13
886 1
887 20
888 18
889 1
890 13
891 10
892 22
893 27
894 23
895 1
896 1
897 27
898 6
899 19
900 1
901 27
902 1
903 15
904 5
905 1
906 27
907 27
908 10
909 1
910 1
911 5
912 27
913 25
914 32
915 1
916 27
917 27
918 10
919 17
920 27
921 22
922 0
923 36
924 23
925 27
926 1
927 1
928 18
929 13
930 41
931 27
932 5
933 1
934 41
935 36
936 8
937 22
938 37
939 27
940 10
941 27
942 23
943 17
944 37
945 13
946 5
947 27
948 37
949 25
950 6
951 4
952 23
953 41
954 10
955 19
956 1 16
957 1 16
958 13
959 10
960 13
961 27
962 38
963 5
964 11
965 23
966 10
967 1 16
968 27
969 4
970 18
971 13
972 5
973 27
974 38
975 23
976 20
977 23
978 27
979 27
980 27
981 13
982 8
983 8
984 5
985 36
986 27
987 18
988 41
989 13
990 25
991 27
992 1
993 1
994 1
995 1
996 15
997 10
998 27
999 23
1000 23
1001 13
1002 5
1003 34
1004 1
1005 6
1006 5
1007 1
1008 1
1009 10
1010 27
1011 32
1012 36
1013 1
1014 27
1015 27
1016 1
1017 1
1018 1 16
1019 27
1020 37
1021 36
1022 27
1023 17
1024 27
1025 5
1026 18
1027 5
1028 5
1029 1
1030 22
1031 33
1032 27
1033 10
1034 23
1035 23
1036 23
1037 27
1038 27
1039 23
1040 34
1041 27
1042 19
1043 1
1044 15
1045 5
1046 30
1047 1
1048 10
1049 15
1050 5
1051 13
1052 27
1053 1
1054 20
1055 4
1056 10
1057 33
1058 27
1059 30
1060 23
1061 29
1062 1
1063 10
1064 10
1065 13
1066 1
1067 1
1068 1
1069 27
1070 2
1071 1
1072 27
1073 13
1074 27
1075 18
1076 18
1077 10
1078 5
1079 37
1080 20
1081 5
1082 18
1083 10
1084 27
1085 1 7
1086 31
1087 18
1088 27
1089 13
1090 5
1091 27
1092 13
1093 5
1094 1
1095 4
1096 1
1097 22
1098 1
1099 37
1100 20
1101 15
1102 1
1103 22
1104 3
1105 5
1106 36
1107 38
1108 18
1109 27
1110 10
1111 8
1112 1
1113 27
1114 1
1115 8
1116 5
1117 1
1118 4
1119 13
1120 13
1121 27
1122 19
1123 20
1124 37
1125 23
1126 13
1127 17
1128 1
1129 10
1130 5
1131 27
1132 27
1133 5
1134 13
1135 4
1136 37
1137 1
1138 5
1139 1
1140 10
1141 23
1142 5
1143 37
1144 5
1145 23
1146 2
1147 1
1148 1 7
1149 10
1150 6
1151 23
1152 18
1153 36
1154 27
1155 27
1156 27
1157 27
1158 27
1159 5
1160 5
1161 27
1162 39
1163 23
1164 1
1165 4
1166 33
1167 13
1168 1
1169 1
1170 6
1171 18
1172 5
1173 1
1174 13
1175 1
1176 27
1177 1
1178 5
1179 1
1180 23
1181 22
1182 1
1183 4
1184 21
1185 1
1186 27
1187 32
1188 39
1189 15
1190 6
1191 27
1192 1
1193 15
1194 10
1195 10
1196 21
1197 10
1198 10
1199 27
1200 5
1201 36
1202 1
1203 23
1204 8
1205 5
1206 8
1207 18
1208 27
1209 27
1210 5
1211 23
1212 1
1213 19
1214 10
1215 20
1216 13
1217 8
1218 27
1219 27
1220 18
1221 18
1222 33
1223 27
1224 27
1225 37
1226 27
1227 32
1228 8
1229 27
1230 13
1231 34
1232 1
1233 27
1234 1
1235 15
1236 1
1237 38
1238 10
1239 1
1240 1
1241 1
1242 32
1243 8
1244 23
1245 1
1246 1
1247 10
1248 4
1249 1
1250 23
1251 36
1252 17
1253 18
1254 1
1255 27
1256 5
1257 5
1258 1
1259 18
1260 10
1261 27
1262 27
1263 1
1264 32
1265 11
1266 13
1267 23
1268 22
1269 27
1270 1
1271 1
1272 5
1273 13
1274 27
1275 27
1276 27
1277 27
1278 10
1279 1
1280 10
1281 5
1282 3
1283 6
1284 41
1285 27
1286 5
1287 1
1288 10
1289 2
1290 27
1291 18
1292 1
1293 1
1294 13
1295 27
1296 27
1297 5
1298 27
1299 27
1300 13
1301 5
1302 27
1303 1
1304 17
1305 27
1306 13
1307 4
1308 2
1309 38
1310 13
1311 1
1312 27
1313 23
1314 13
1315 5
1316 1
1317 1
1318 27
1319 22
1320 8
1321 27
1322 6
1323 5
1324 17
1325 13
1326 36
1327 5
1328 27
1329 10
1330 27
1331 10
1332 30
1333 10
1334 1
1335 23
1336 36
1337 15
1338 37
1339 1
1340 8
1341 17
1342 22
1343 8
1344 5
1345 18
1346 5
1347 32
1348 27
1349 1
1350 1
1351 41
1352 5
1353 21
1354 27
1355 10
1356 27
1357 15
1358 1
1359 34
1360 25
1361 1
1362 33
1363 6
1364 1
1365 1
1366 27
1367 28
1368 27
1369 1
1370 27
1371 1
1372 27
1373 13
1374 1
1375 19
1376 13
1377 29
1378 5
1379 10 24
1380 5
1381 4
1382 27
1383 17
1384 13
1385 22
1386 1
1387 13
1388 27
1389 27
1390 1
1391 1
1392 18
1393 3
1394 27
1395 5
1396 34
1397 22
1398 19
1399 5
1400 27
1401 23 37
1402 1
1403 10
1404 3
1405 0
1406 27
1407 27
1408 1
1409 1
1410 1
1411 1 7
1412 20
1413 10
1414 4
1415 13
1416 19
1417 1
1418 5
1419 1
1420 27
1421 13
1422 1
1423 1
1424 6
1425 36
1426 35
1427 36
1428 4
1429 18
1430 27
1431 5
1432 13
1433 1
1434 36
1435 1
1436 5
1437 5
1438 0
1439 27
1440 5
1441 36
1442 1 16
1443 36
1444 36
1445 27
1446 8
1447 36
1448 5
1449 27
1450 1
1451 1
1452 19
1453 13
1454 17
1455 11
1456 20
1457 27
1458 23
1459 10
1460 8
1461 27
1462 1
1463 1
1464 36
1465 23
1466 5
1467 13
1468 1
1469 23 37
1470 38
1471 41
1472 22
1473 25
1474 36
1475 23
1476 1
1477 23
1478 27
1479 36
1480 1
1481 27
1482 5
1483 1
1484 25
1485 27
1486 3
1487 23
1488 11
1489 17
1490 22
1491 15
1492 1
1493 27
1494 1
1495 10
1496 13
1497 34
1498 41
1499 20
1500 19
1501 1
1502 5
1503 1
1504 1
1505 1
1506 37
1507 27
1508 1
1509 27
1510 27
1511 1
1512 27
1513 1
1514 20
1515 36
1516 1
1517 1
1518 1
1519 27
1520 10
1521 1
1522 27
1523 18
1524 10
1525 1 16
1526 10
1527 1
1528 19
1529 29
1530 1
1531 15
1532 20
1533 27
1534 32
1535 0
1536 27
1537 5
1538 5
1539 3
1540 13
1541 19
1542 13
1543 8
1544 1 16
1545 4
1546 27
1547 2
1548 5
1549 10
1550 23
1551 13
1552 13
1553 8
1554 1
1555 41
1556 27
1557 1
1558 19
1559 1
1560 32
1561 5
1562 5
1563 36
1564 1
1565 22
1566 27
1567 27
1568 23
1569 5
1570 1
1571 4
1572 1
1573 36
1574 13
1575 27
1576 1
1577 27
1578 10
1579 1
1580 27
1581 5
1582 13
1583 20
1584 20
1585 8
1586 23
1587 1
1588 27
1589 10 24
1590 41
1591 13
1592 5
1593 27
1594 1
1595 23
1596 10
1597 3
1598 1
1599 19
1600 5
1601 28
1602 27
1603 27
1604 1
1605 10
1606 1
1607 5
1608 13
1609 22
1610 1
1611 36
1612 10
1613 13
1614 1
1615 22
1616 8
1617 18
1618 5
1619 5
1620 6
1621 1
1622 23
1623 6 7
1624 10
1625 1
1626 1
1627 27
1628 29
1629 32
1630 23
1631 5
1632 13
1633 36
1634 5
1635 1
1636 27
1637 10
1638 27
1639 1
1640 23
1641 36
1642 15
1643 27
1644 39
1645 5
1646 5
1647 38
1648 13
1649 41
1650 27
1651 1
1652 1
1653 1
1654 27
1655 8
1656 23
1657 8
1658 20
1659 10
1660 27
1661 1
1662 27
1663 1
1664 8
1665 27
1666 17
1667 27
1668 1
1669 1
1670 33
1671 1
1672 27
1673 19
1674 6
1675 11
1676 27
1677 10
1678 1
1679 1
1680 23
1681 25
1682 34 41
1683 27
1684 5
1685 4
1686 10
1687 27
1688 3
1689 8
1690 27
1691 1
1692 27
1693 8 9
1694 32
1695 27
1696 32
1697 37
1698 10
1699 23
1700 1
1701 1 16
1702 1
1703 4
1704 8
1705 5
1706 1
1707 8
1708 18
1709 23
1710 1 16
1711 25
1712 5
1713 13
1714 8
1715 27
1716 1
1717 13
1718 27
1719 23
1720 13
1721 4
1722 5
1723 17
1724 2
1725 18
1726 1
1727 5
1728 8
1729 27
1730 10
1731 1
1732 1
1733 1
1734 5
1735 27
1736 13
1737 27
1738 1
1739 5
1740 1
1741 17
1742 27
1743 28
1744 37
1745 37
1746 22
1747 3
1748 8
1749 23
1750 5
1751 41
1752 1
1753 27
1754 1
1755 4
1756 1
1757 1
1758 27
1759 1
1760 25
1761 1
1762 27
1763 27
1764 27
1765 18
1766 36
1767 27
1768 27
1769 8
1770 8
1771 23
1772 5
1773 27
1774 27
1775 10
1776 6
1777 10
1778 27
1779 13
1780 5
1781 11
1782 27
1783 27
1784 20
1785 5
1786 36
1787 27
1788 4
1789 1
1790 1
1791 18
1792 27
1793 30
1794 13
1795 10
1796 23
1797 1
1798 23
1799 32
1800 27
1801 1
1802 1
1803 20
1804 1
1805 4
1806 6
1807 5
1808 5
1809 4
1810 1
1811 10
1812 5
1813 37
1814 1
1815 8
1816 0
1817 13
1818 1
1819 10
1820 1
1821 4
1822 1
1823 5
1824 37
1825 13
1826 18
1827 27
1828 1 16
1829 10
1830 1
1831 1
1832 18
1833 1
1834 27
1835 17
1836 11
1837 1
1838 25
1839 33
1840 5
1841 10
1842 1
1843 27
1844 1
1845 15
1846 1
1847 6
1848 1
1849 23
1850 10
1851 5
1852 23
1853 1
1854 1
1855 1
1856 10
1857 5
1858 8
1859 37
1860 6
1861 13
1862 27
1863 1
1864 23
1865 0
1866 23
1867 23
1868 25
1869 1
1870 15
1871 27
1872 18
1873 13
1874 9 33
1875 1
1876 27
1877 13
1878 27
1879 1
1880 10
1881 13
1882 13
1883 1
1884 10
1885 33
1886 27
1887 13
1888 10
1889 23
1890 1
1891 27
1892 27
1893 8
1894 27
1895 10
1896 27
1897 27
1898 27
1899 22
1900 10
1901 13
1902 5
1903 18
1904 36
1905 5
1906 27
1907 6
1908 36
1909 27
1910 5
1911 10
1912 21
1913 10
1914 1
1915 5
1916 13
1917 20
1918 27
1919 27
1920 22
1921 1 7
1922 27
1923 5
1924 27
1925 6
1926 27
1927 5
1928 13
1929 10
1930 37
1931 1
1932 5
1933 23
1934 8
1935 5
1936 10
1937 23
1938 2
1939 20
1940 8
1941 19
1942 1
1943 17
1944 22
1945 22
1946 17
1947 27
1948 8
1949 37
1950 27
1951 5
1952 20
1953 5
1954 5
1955 5
1956 20
1957 34
1958 1
1959 10
1960 1
1961 10
1962 1
1963 20
1964 5
1965 18
1966 27
1967 5
1968 27
1969 13
1970 27
1971 27
1972 1
1973 5
1974 37
1975 13
1976 2
1977 36
1978 10 32
1979 41
1980 1
1981 1
1982 4
1983 11
1984 21 40
1985 8
1986 10
1987 13
1988 4
1989 36
1990 1 7
1991 23
1992 19
1993 1
1994 23
1995 23
1996 5
1997 5
1998 23
1999 12
2000 32
2001 5
2002 1
2003 1
2004 5
2005 5
2006 1
2007 27
2008 1
2009 23 37
2010 21
2011 6
2012 33
2013 36
2014 13
2015 27
2016 32
2017 27
2018 1
2019 28
2020 27
2021 1
2022 36
2023 0
2024 1
2025 5
2026 19
2027 25
2028 1
2029 11
2030 36
2031 27
2032 41
2033 4
2034 25
2035 10
2036 38
2037 10
2038 38
2039 1
2040 1
2041 2
2042 1
2043 19
2044 5
2045 1
2046 27
2047 23
2048 23
2049 27
2050 27
2051 17
2052 1
2053 22
2054 27
2055 26
2056 1 16
2057 27
2058 1
2059 5
2060 1
2061 5
2062 1
2063 8
2064 27
2065 4
2066 1
2067 18
2068 21
2069 1
2070 4
2071 1
2072 1
2073 1
2074 5
2075 1
2076 18
2077 13
2078 10
2079 1
2080 10
2081 27
2082 22
2083 6
2084 5
2085 8
2086 27
2087 1
2088 1
2089 5
2090 1
2091 18
2092 33
2093 32
2094 1
2095 27
2096 1
2097 1
2098 23
2099 11
2100 19
2101 36
2102 1
2103 13
2104 10
2105 1
2106 1
2107 17
2108 1
2109 8
2110 27
2111 38
2112 27
2113 17
2114 1
2115 10
2116 37
2117 10
2118 36
2119 29
2120 13
2121 27
2122 21
2123 15
2124 18
2125 22
2126 4
2127 38
2128 27
2129 8
2130 10
2131 13
2132 20
2133 13
2134 23
2135 4
2136 8
2137 6
2138 10
2139 4
2140 27
2141 22
2142 10
2143 22
2144 10
2145 11
2146 1
2147 4
2148 13
2149 5
2150 13
2151 5
2152 1
2153 27
2154 1
2155 18
2156 1
2157 10
2158 11
2159 22
2160 1
2161 1
2162 13
2163 1
2164 1
2165 1
2166 13
2167 1
2168 1
2169 27
2170 41
2171 39
2172 1
2173 13
2174 10
2175 36
2176 1
2177 22
2178 23
2179 1
2180 0
2181 13
2182 1
2183 13
2184 8
2185 8
2186 27
2187 8
2188 18
2189 5
2190 1
2191 1
2192 1 7
2193 5
2194 8
2195 17
2196 35
2197 27
2198 5
2199 5
2200 36
2201 27
2202 38
2203 1
2204 5
2205 27
2206 8
2207 1
2208 17
2209 27
2210 1 7
2211 18
2212 27
2213 27
2214 33
2215 1
2216 8
2217 27
2218 20
2219 1
2220 6
2221 13
2222 8
2223 28
2224 1
2225 20
2226 22
2227 10
2228 5
2229 23
2230 13
2231 13
2232 27
2233 27
2234 5
2235 10
2236 20
2237 2
2238 10
2239 27
2240 11
2241 1
2242 8
2243 1
2244 13
2245 10
2246 33
2247 5
2248 10
2249 15 40
2250 10
2251 13
2252 27
2253 27
2254 27
2255 13
2256 13
2257 21
2258 36
2259 1
2260 18
2261 1
2262 27
2263 27
2264 8 9
2265 5
2266 27
2267 13
2268 27
2269 10
2270 8
2271 27
2272 11
2273 5
2274 27
2275 27
2276 27
2277 27
2278 1
2279 27
2280 23
2281 1
2282 27
2283 1
2284 11
2285 35
2286 23
2287 23
2288 22
2289 10
2290 1
2291 1
2292 2
2293 1
2294 10
2295 1
2296 1
2297 5
2298 27
2299 0
2300 23
2301 23
2302 11
2303 1
2304 5
2305 1 7
2306 27
2307 1
2308 13
2309 5
2310 6
2311 20
2312 13
2313 9 15
2314 1
2315 1
2316 17
2317 27
2318 21
2319 13
2320 23
2321 1
2322 4
2323 5
2324 10
2325 1
2326 23
2327 21
2328 1
2329 13
2330 1
2331 13
2332 13
2333 23
2334 6
2335 23
2336 27
2337 5
2338 18
2339 15
2340 1
2341 5
2342 10
2343 10
2344 27
2345 5
2346 1
2347 36
2348 10
2349 41
2350 20
2351 1
2352 1
2353 27
2354 17
2355 8
2356 2
2357 23
2358 1
2359 5
2360 1
2361 1 7
2362 1
2363 5
2364 15
2365 10
2366 27
2367 10
2368 27
2369 27
2370 5
2371 27
2372 10
2373 33
2374 13
2375 11
2376 6
2377 13
2378 5
2379 5
2380 5
2381 13
2382 1
2383 1
2384 5
2385 1
2386 1
2387 6
2388 5
2389 1
2390 1
2391 34
2392 10
2393 1
2394 8 9
2395 39
2396 8
2397 8
2398 8
2399 1
2400 27
2401 5
2402 23
2403 13
2404 1
2405 5
2406 13
2407 23
2408 4
2409 22
2410 19
2411 27
2412 5
2413 27
2414 8
2415 36
2416 5
2417 1
2418 11
2419 27
2420 41
2421 15
2422 5
2423 8
2424 8
2425 23
2426 31
2427 1
2428 4
2429 25
2430 38
2431 27
2432 1
2433 8
2434 1
2435 5
2436 5
2437 18
2438 6
2439 23
2440 5
2441 36
2442 23
2443 5
2444 18
2445 8
2446 13
2447 1
2448 27
2449 5
2450 2
2451 5
2452 1 16
2453 10
2454 27
2455 5
2456 1
2457 27
2458 13
2459 27
2460 13
2461 10
2462 41
2463 38
2464 23
2465 27
2466 1
2467 5
2468 1
2469 22
2470 1
2471 32
2472 1
2473 1
2474 37
2475 1 16
2476 1
2477 1
2478 8
2479 17
2480 10
2481 30
2482 1
2483 1
2484 13
2485 1
2486 27
2487 27
2488 27
2489 27
2490 27
2491 19
2492 5
2493 18
2494 27
2495 5
2496 6
2497 1
2498 38
2499 38
2500 1 7
2501 5
2502 27
2503 1
2504 36
2505 1
2506 5
2507 8
2508 13
2509 5
2510 5
2511 18
2512 10
2513 13
2514 36
2515 1
2516 13
2517 23
2518 1
2519 22
2520 18
2521 13
2522 5
2523 41
2524 5
2525 13
2526 27
2527 23
2528 41
2529 10
2530 29
2531 8
2532 23
2533 5
2534 27
2535 27
2536 6
2537 1
2538 23
2539 13
2540 26
2541 2
2542 4
2543 1
2544 13
2545 1
2546 5
2547 27
2548 27
2549 27
2550 5
2551 4
2552 8
2553 21
2554 13
2555 1
2556 4
2557 10
2558 5
2559 27
2560 32
2561 1
2562 23
2563 1
2564 38
2565 10
2566 1
2567 1
2568 27
2569 39
2570 27
2571 27
2572 27
2573 39
2574 13
2575 10
2576 27
2577 25
2578 37
2579 10
2580 10
2581 27
2582 27
2583 6
2584 1
2585 23
2586 22
2587 29
2588 27
2589 5
2590 15
2591 5
2592 27
2593 4
2594 0
2595 27
2596 13
2597 10
2598 1 16
2599 15
2600 33
2601 1
2602 11
2603 36
2604 5
2605 22
2606 8
2607 25
2608 13
2609 23
2610 19
2611 15
2612 27
2613 1
2614 27
2615 23
2616 39
2617 27
2618 1
2619 27
2620 5
2621 1
2622 23
2623 1
2624 1
2625 5
2626 36
2627 27
2628 0
2629 23
2630 1
2631 8
2632 13
2633 18
2634 11
2635 22
2636 1
2637 32
2638 29
2639 13
2640 13
2641 13
2642 8
2643 1
2644 25
2645 1
2646 27
2647 27
2648 34
2649 1
2650 1
2651 27
2652 36
2653 27
2654 27
2655 27
2656 19
2657 27
2658 13
2659 27
2660 18
2661 1
2662 36
2663 5
2664 13
2665 5
2666 1
2667 22
2668 27
2669 19
2670 27
2671 17
2672 5
2673 15
2674 41
2675 1
2676 27
2677 35
2678 6
2679 27
2680 1
2681 5
2682 27
2683 27
2684 33 40
2685 5
2686 35
2687 5
2688 27
2689 5
2690 5
2691 13
2692 27
2693 27
2694 13
2695 13
2696 1
2697 6
2698 13
2699 13
2700 8
2701 8
2702 1
2703 5
2704 37
2705 4
2706 5
2707 23
2708 32
2709 27
2710 5
2711 27
2712 2
2713 23
2714 38
2715 23
2716 10
2717 32
2718 1
2719 25
2720 18
2721 27
2722 27
2723 1
2724 5
2725 1
2726 27
2727 5
2728 13
2729 27
2730 10
2731 1
2732 13
2733 27
2734 22
2735 5
2736 13
2737 8
2738 27
2739 27
2740 3
2741 5
2742 25
2743 5
2744 1
2745 5
2746 1
2747 27
2748 13
2749 25
2750 22
2751 13
2752 27
2753 27
2754 5
2755 13
2756 5
2757 1
2758 27
2759 23
2760 27
2761 23
2762 1
2763 1
2764 27
2765 34
2766 27
2767 1
2768 33
2769 10
2770 27
2771 27
2772 6
2773 27
2774 1
2775 15
2776 1
2777 27
2778 5
2779 27
2780 27
2781 27
2782 36
2783 9 15
2784 27
2785 1
2786 27
2787 1
2788 1
2789 27
2790 27
2791 1
2792 13
2793 1
2794 27
2795 8
2796 13
2797 10
2798 2
2799 27
2800 22
2801 1
2802 6
2803 27
2804 1
2805 5 13
2806 18
2807 18
2808 18
2809 1
2810 27
2811 23
2812 27
2813 23
2814 4
2815 25
2816 23
2817 27
2818 23
2819 1
2820 5
2821 3
2822 27
2823 10
2824 1
2825 27
2826 1
2827 27
2828 1
2829 0
2830 2
2831 27
2832 38
2833 1
2834 4
2835 23
2836 27
2837 1 16
2838 23
2839 23
2840 32
2841 27
2842 38
2843 1
2844 27
2845 27
2846 19
2847 1 16
2848 22
2849 27
2850 11
2851 13
2852 1
2853 5
2854 1
2855 27
2856 1
2857 4
2858 1
2859 1
2860 13
2861 5
2862 1
2863 10
2864 8
2865 18
2866 1
2867 8
2868 27
2869 23
2870 13
2871 1
2872 8
2873 27
2874 23
2875 11
2876 13
2877 1
2878 27
2879 5
2880 22
2881 27
2882 5
2883 27
2884 27
2885 4
2886 32
2887 1
2888 23
2889 41
2890 1
2891 27
2892 5
2893 1
2894 18
2895 27
2896 1
2897 4
2898 2
2899 4
2900 1 7
2901 1
2902 25
2903 41
2904 36
2905 0
2906 18
2907 5
2908 5
2909 13
2910 1
2911 22
2912 36
2913 20 32
2914 8
2915 27
2916 27
2917 13
2918 1
2919 1
2920 1
2921 10
2922 27
2923 27
2924 27
2925 1
2926 5
2927 13
2928 37
2929 25
2930 5
2931 1
2932 5
2933 13
2934 10
2935 27
2936 11
2937 5
2938 5
2939 1
2940 27
2941 27
2942 1
2943 13
2944 1
2945 4
2946 27
2947 13
2948 1
2949 27
2950 27
2951 5
2952 27
2953 1
2954 32
2955 1
2956 18
2957 1
2958 27
2959 27
2960 18
2961 20
2962 13
2963 8
2964 1
2965 6
2966 1 16
2967 1
2968 8
2969 5
2970 27
2971 1
2972 5
2973 10
2974 13
2975 8
2976 8
2977 1
2978 13
2979 5
2980 41
2981 27
2982 27
2983 8
2984 23
2985 10
2986 18
2987 23
2988 34
2989 5
2990 10
2991 6
2992 5
2993 6
2994 27
2995 36
2996 8
2997 27
2998 10
2999 27
3000 10
3001 39
3002 10
3003 1
3004 27
3005 5
3006 10
3007 1
3008 23
3009 27
3010 23
3011 5
3012 8
3013 27
3014 8
3015 1
3016 27
3017 10
3018 1
3019 36
3020 8
3021 1
3022 8
3023 18
3024 37
3025 1
3026 4
3027 43
3028 27
3029 36
3030 1
3031 19
3032 27
3033 18
3034 23
3035 27
3036 1
3037 1
3038 1
3039 13
3040 13
3041 37
3042 11
3043 36
3044 13
3045 1
3046 27
3047 27
3048 27
3049 10
3050 27
3051 27
3052 10
3053 1
3054 25
3055 5
3056 23
3057 38
3058 8
3059 15
3060 39
3061 5
3062 1
3063 10
3064 1 16
3065 1
3066 27
3067 1 7
3068 6
3069 1
3070 13
3071 5
3072 27 41
3073 17
3074 17
3075 5
3076 1
3077 18
3078 10
3079 13
3080 13
3081 6
3082 13
3083 23
3084 1
3085 36
3086 27
3087 10
3088 27
3089 4
3090 27
3091 1
3092 1
3093 5
3094 27
3095 41
3096 29
3097 1
3098 5
3099 27
3100 10
3101 13
3102 10
3103 8
3104 13
3105 8
3106 1
3107 36
3108 37
3109 25
3110 10
3111 13
3112 1
3113 10
3114 5
3115 0
3116 23
3117 19
3118 27
3119 23
3120 30
3121 1
3122 27
3123 19
3124 1
3125 18
3126 1
3127 1
3128 5
3129 1 16
3130 27
3131 27
3132 4
3133 27
3134 10
3135 15
3136 10
3137 27
3138 25
3139 15
3140 1
3141 1
3142 8
3143 18
3144 1
3145 1
3146 27
3147 8
3148 5
3149 1
3150 36
3151 27
3152 1
3153 1
3154 15
3155 27
3156 23
3157 13
3158 1
3159 1
3160 1
3161 13
3162 1
3163 27
3164 27
3165 25
3166 27
3167 4
3168 13
3169 4
3170 36
3171 1
3172 27
3173 1
3174 4
3175 23
3176 27
3177 8
3178 17
3179 4
3180 5
3181 15
3182 27
3183 10
3184 27
3185 1
3186 8
3187 1
3188 4
3189 5
3190 8
3191 10
3192 15
3193 4
3194 27
3195 28
3196 27
3197 5
3198 27
3199 25
3200 10
3201 10
3202 27
3203 8
3204 23
3205 27
3206 32
3207 1
3208 1
3209 34
3210 8
3211 1
3212 36
3213 1
3214 5
3215 19
3216 5
3217 23
3218 38
3219 27
3220 1
3221 27
3222 10
3223 41
3224 30
3225 10
3226 8
3227 6
3228 19
3229 23
3230 4
3231 15
3232 8
3233 4
3234 8
3235 8
3236 27
3237 5
3238 39
3239 23
3240 13
3241 8
3242 38
3243 22
3244 27
3245 5
3246 15
3247 6
3248 1
3249 1
3250 5
3251 1
3252 13
3253 21
3254 8
3255 1
3256 1
3257 5
3258 1
3259 1
3260 23
3261 34
3262 10
3263 1
3264 21
3265 27
3266 5
3267 29
3268 23
3269 13
3270 18
3271 27
3272 10
3273 18
3274 36
3275 41
3276 27
3277 1
3278 27
3279 3
3280 27
3281 13
3282 27
3283 1
3284 21
3285 10
3286 8
3287 1
3288 29
3289 27
3290 1
3291 13
3292 1 7
3293 27
3294 37
3295 32
3296 1
3297 13
3298 1
3299 33
3300 33
3301 20
3302 22
3303 13
3304 27
3305 1
3306 5
3307 5
3308 36
3309 22
3310 1
3311 1
3312 27
3313 1
3314 1
3315 33
3316 1
3317 1
3318 1
3319 4
3320 10
3321 13
3322 13
3323 27
3324 1
3325 5
3326 27
3327 25
3328 13
3329 13
3330 15
3331 8
3332 33
3333 1
3334 1
3335 18
3336 18
3337 37
3338 13
3339 10
3340 1
3341 36
3342 27
3343 27
3344 10
3345 5
3346 27
3347 6
3348 27
3349 27
3350 33
3351 19
3352 1
3353 5
3354 13
3355 5
3356 1
3357 10
3358 10
3359 27
3360 23
3361 17
3362 1
3363 5
3364 36
3365 27
3366 13
3367 23
3368 25
3369 27
3370 23
3371 6
3372 13
3373 1
3374 20
3375 23
3376 1
3377 1
3378 11
3379 10
3380 1
3381 10
3382 1
3383 36
3384 19
3385 27
3386 6
3387 1
3388 1
3389 1
3390 1
3391 10
3392 10
3393 36
3394 4
3395 27
3396 41
3397 5
3398 1
3399 13
3400 23
3401 10
3402 22
3403 5
3404 10
3405 27
3406 1
3407 10
3408 5
3409 5
3410 6
3411 13
3412 1
3413 27
3414 5
3415 26
3416 10
3417 8
3418 1
3419 1
3420 10
3421 27
3422 5
3423 2
3424 13
3425 39
3426 1
3427 1
3428 22
3429 8
3430 27
3431 23
3432 23
3433 4
3434 38
3435 1
3436 27
3437 5
3438 27
3439 27
3440 8
3441 36
3442 19
3443 27
3444 11
3445 1
3446 5
3447 23
3448 1
3449 27
3450 27
3451 13
3452 23
3453 22
3454 1
3455 1
3456 4
3457 18
3458 31
3459 27
3460 27
3461 10
3462 1
3463 10
3464 6
3465 1
3466 4
3467 1
3468 1 7
3469 28
3470 23
3471 1
3472 1
3473 8
3474 5
3475 1
3476 27
3477 4
3478 27
3479 36
3480 27
3481 11
3482 27
3483 5
3484 2
3485 5
3486 8
3487 36
3488 41
3489 27
3490 34
3491 15
3492 4
3493 15
3494 1
3495 13
3496 27
3497 4
3498 10
3499 8
3500 1
3501 13
3502 25
3503 26
3504 27
3505 10
3506 10
3507 5
3508 38
3509 13
3510 21
3511 21
3512 27
3513 1
3514 13
3515 1
3516 1
3517 27
3518 27
3519 15
3520 4
3521 39
3522 6
3523 8
3524 27
3525 25
3526 17
3527 27
3528 5
3529 1
3530 5
3531 27
3532 1
3533 19
3534 27
3535 1
3536 1
3537 1
3538 27
3539 27
3540 5
3541 22
3542 10
3543 36
3544 13
3545 5
3546 13
3547 5
3548 22
3549 27
3550 10
3551 3
3552 1
3553 18
3554 15
3555 18
3556 1
3557 32
3558 19
3559 13
3560 13
3561 5
3562 25
3563 1
3564 10
3565 4
3566 13
3567 1
3568 1
3569 1
3570 23
3571 4
3572 36
3573 10
3574 10
3575 1
3576 10
3577 1
3578 27
3579 1
3580 29
3581 5
3582 28
3583 1
3584 27
3585 27
3586 36
3587 1
3588 36
3589 27
3590 22
3591 1
3592 3
3593 27
3594 8
3595 22
3596 27
3597 1
3598 22
3599 36
3600 27
3601 5
3602 1
3603 27
3604 22
3605 17
3606 5
3607 5
3608 5
3609 1
3610 23
3611 8
3612 0
3613 23
3614 36
3615 20
3616 23 37
3617 27
3618 1
3619 18
3620 13
3621 1
3622 13
3623 10
3624 34
3625 1
3626 13
3627 1
3628 18
3629 1
3630 8
3631 5
3632 0
3633 5
3634 25
3635 13
3636 13
3637 1
3638 27
3639 23
3640 4
3641 8
3642 13
3643 5
3644 10
3645 3
3646 5
3647 4
3648 36
3649 20
3650 36
3651 34
3652 6
3653 1
3654 0
3655 1
3656 12
3657 4
3658 22
3659 10
3660 8
3661 1
3662 18
3663 27
3664 5
3665 34
3666 27
3667 36
3668 13
3669 6
3670 1
3671 5
3672 23
3673 1
3674 1
3675 8
3676 27
3677 8
3678 5
3679 34
3680 15
3681 1 7
3682 13
3683 13
3684 5
3685 10
3686 5
3687 13
3688 27
3689 25
3690 4
3691 5
3692 5
3693 1 42
3694 10
3695 8
3696 13
3697 27
3698 8
3699 8
3700 23
3701 1
3702 36
3703 1
3704 23
3705 27
3706 27
3707 5
3708 5
3709 5
3710 27
3711 10
3712 8
3713 5 27
3714 5
3715 1
3716 5
3717 19
3718 27
3719 0
3720 21
3721 1
3722 38
3723 5
3724 0
3725 5
3726 5
3727 5
3728 5
3729 27
3730 15
3731 27
3732 1
3733 36
3734 37
3735 19
3736 5
3737 27
3738 17
3739 4
3740 6
3741 18
3742 5
3743 23
3744 1
3745 4
3746 23
3747 1
3748 15
3749 27
3750 27
3751 5
3752 23
3753 5
3754 23
3755 5
3756 27
3757 1
3758 27
3759 17
3760 1
3761 13
3762 23
3763 27
3764 15
3765 13
3766 1
3767 6
3768 23
3769 37
3770 1
3771 27
3772 8
3773 36
3774 18
3775 23
3776 29
3777 1
3778 41
3779 33
3780 1
3781 27
3782 34
3783 5
3784 13
3785 1
3786 10
3787 4
3788 27
3789 5
3790 27
3791 22
3792 1
3793 27
3794 23
3795 13
3796 27
3797 13
3798 6
3799 25
3800 8
3801 1
3802 27
3803 11
3804 15
3805 10
3806 21
3807 1
3808 27
3809 3
3810 13
3811 25
3812 27
3813 13
3814 10
3815 1
3816 1
3817 32
3818 36
3819 1
3820 1
3821 34
3822 23
3823 23
3824 5
3825 27
3826 36
3827 27
3828 1
3829 36
3830 15
3831 0
3832 13
3833 21
3834 8
3835 1 7
3836 10
3837 5
3838 15
3839 25
3840 29
3841 27
3842 5
3843 37
3844 8
3845 3
3846 1
3847 5
3848 1
3849 5
3850 36
3851 0
3852 1
3853 1 16
3854 1
3855 27
3856 1
3857 41
3858 37
3859 34
3860 10
3861 1
3862 25
3863 5
3864 5
3865 23
3866 27
3867 22
3868 22
3869 27
3870 5
3871 5
3872 39
3873 15
3874 2
3875 38
3876 5
3877 1
3878 1
3879 27
3880 10
3881 8
3882 4
3883 1
3884 27
3885 38
3886 8
3887 36
3888 1
3889 8
3890 13
3891 13
3892 23
3893 22
3894 1
3895 1
3896 1
3897 27
3898 10
3899 27
3900 27
3901 4
3902 5
3903 22
3904 38
3905 18
3906 1
3907 38
3908 27
3909 18
3910 1
3911 4
3912 15
3913 23
3914 13
3915 5
3916 39
3917 10
3918 1
3919 5
3920 1
3921 27
3922 22
3923 22
3924 6
3925 18
3926 38
3927 27
3928 41
3929 34
3930 38
3931 23
3932 33
3933 5
3934 10
3935 13
3936 27
3937 27
3938 1
3939 18
3940 27
3941 19
3942 4
3943 17
3944 27
3945 23
3946 27
3947 27
3948 8
3949 1
3950 27
3951 1
3952 27
3953 10
3954 22
3955 27
3956 35
3957 23
3958 22
3959 27
3960 34
3961 41
3962 1
3963 18
3964 5
3965 27
3966 22
3967 27
3968 8
3969 27
3970 38
3971 27
3972 2
3973 1 16
3974 13
3975 38
3976 1
3977 1
3978 10
3979 5
3980 1
3981 10
3982 1
3983 27
3984 20
3985 4
3986 1
3987 4
3988 1 7
3989 19
3990 27
3991 10
3992 27
3993 3
3994 10
3995 1
3996 2
3997 4
3998 10
3999 6
4000 13
4001 10
4002 5
4003 21
4004 4
4005 27
4006 19
4007 13
4008 13
4009 8
4010 5
4011 10
4012 1
4013 8
4014 27
4015 27
4016 10
4017 5
4018 33
4019 1
4020 1
4021 8
4022 13
4023 5
4024 23
4025 10
4026 1
4027 5
4028 8
4029 18
4030 18
4031 1
4032 27
4033 36
4034 37
4035 27
4036 1
4037 5
4038 27
4039 39
4040 1 7
4041 1
4042 5
4043 27
4044 34
4045 39
4046 11
4047 1
4048 23
4049 34
4050 5
4051 27
4052 1
4053 8
4054 27
4055 20
4056 25
4057 27
4058 2
4059 4
4060 5
4061 13
4062 18
4063 18
4064 1
4065 5
4066 27
4067 5
4068 27
4069 10
4070 27
4071 28
4072 18
4073 5
4074 18
4075 27
4076 27
4077 5
4078 6
4079 1
4080 38
4081 3
4082 8
4083 22
4084 1 16
4085 27
4086 22
4087 13
4088 5
4089 3
4090 13
4091 4
4092 8
4093 18
4094 27
4095 36
4096 8
4097 10
4098 1
4099 8
4100 5
4101 6
4102 8
4103 15
4104 37
4105 9 10
4106 27
4107 18
4108 30
4109 1
4110 1
4111 23
4112 13
4113 5
4114 1
4115 8
4116 37
4117 1
4118 5
4119 10
4120 27
4121 27
4122 33
4123 27
4124 27
4125 1
4126 1
4127 1
4128 18
4129 27
4130 18
4131 1
4132 39
4133 8
4134 36
4135 10
4136 13
4137 12
4138 5
4139 30
4140 10
4141 5
4142 1
4143 1 7
4144 13
4145 38
4146 13
4147 27
4148 19
4149 10
4150 25
4151 27
4152 29
4153 39
4154 23
4155 1
4156 1 16
4157 11
4158 41
4159 1
4160 4
4161 13
4162 35
4163 3
4164 27
4165 1
4166 18
4167 6
4168 38
4169 13
4170 8
4171 13
4172 1
4173 8
4174 1
4175 18
4176 4
4177 1
4178 23
4179 1
4180 27
4181 27
4182 19
4183 5
4184 4
4185 10
4186 1
4187 13
4188 5
4189 8
4190 5
4191 13
4192 5
4193 13
4194 33 40
4195 27
4196 1 22
4197 17
4198 11
4199 27
4200 27
4201 13
4202 22
4203 1
4204 17
4205 36
4206 15
4207 27
4208 1
4209 37
4210 5
4211 1
4212 27
4213 38
4214 27
4215 18
4216 15
4217 27
4218 1
4219 5
4220 5
4221 22
4222 36
4223 4
4224 1 16
4225 27
4226 27
4227 27
4228 41
4229 4
4230 1
4231 20
4232 35
4233 5
4234 27
4235 8
4236 23
4237 5
4238 32
4239 11
4240 23
4241 18
4242 36
4243 27
4244 1
4245 1
4246 5
4247 8
4248 1
4249 27
4250 1
4251 23
4252 18
4253 1
4254 27
4255 5
4256 13
4257 23 37
4258 6
4259 23
4260 22
4261 5
4262 8
4263 5
4264 1
4265 22
4266 1
4267 5
4268 20
4269 27
4270 13
4271 1
4272 10
4273 15
4274 8
4275 0
4276 23
4277 22
4278 1 16
4279 1
4280 10
4281 10
4282 41
4283 11
4284 36
4285 10
4286 23
4287 27
4288 27
4289 1
4290 5
4291 13
4292 3
4293 27
4294 4
4295 21
4296 13
4297 5
4298 1
4299 18
4300 1
4301 13
4302 19
4303 18
4304 1
4305 27
4306 13
4307 36
4308 1
4309 36
4310 30
4311 27
4312 18
4313 5
4314 1
4315 1
4316 11
4317 22
4318 13
4319 27
4320 27
4321 27
4322 27
4323 23
4324 15
4325 27
4326 27
4327 3
4328 13
4329 38
4330 27
4331 1
4332 27
4333 2
4334 6
4335 1
4336 32
4337 5
4338 0
4339 5
4340 18
4341 25
4342 27
4343 25
4344 1
4345 6
4346 1
4347 5
4348 8
4349 5
4350 1 16
4351 27
4352 6
4353 23
4354 41
4355 23
4356 8
4357 20
4358 29
4359 6
4360 5
4361 27
4362 0
4363 23
4364 8
4365 22
4366 5
4367 27
4368 5
4369 36
4370 8
4371 8
4372 1
4373 10
4374 27
4375 8
4376 13
4377 5
4378 27
4379 22
4380 2
4381 1
4382 27
4383 33
4384 1
4385 38
4386 13
4387 37
4388 5
4389 11
4390 1
4391 20
4392 5
4393 4
4394 1
4395 27
4396 18
4397 19
4398 27
4399 1
4400 10
4401 1
4402 1
4403 1
4404 1
4405 27
4406 36
4407 15
4408 21
4409 27
4410 4
4411 9 19
4412 36
4413 13
4414 4
4415 1
4416 27
4417 22
4418 1
4419 1
4420 18
4421 27
4422 1
4423 35
4424 27
4425 1
4426 1
4427 1
4428 36
4429 20
4430 5
4431 5
4432 5
4433 41
4434 3
4435 1
4436 27
4437 27
4438 13
4439 19
4440 1
4441 1
4442 24 29
4443 27
4444 27
4445 27
4446 36
4447 13
4448 6
4449 1
4450 15
4451 27
4452 4
4453 1
4454 36
4455 27
4456 27
4457 21
4458 8
4459 1
4460 27
4461 0
4462 23
4463 1
4464 19
4465 6
4466 23
4467 17
4468 18
4469 27
4470 1
4471 27
4472 27
4473 1
4474 5
4475 35
4476 17
4477 6
4478 27
4479 41
4480 1
4481 13
4482 27
4483 36
4484 27
4485 22
4486 1
4487 10
4488 27
4489 20
4490 10
4491 1
4492 15
4493 8
4494 4
4495 15
4496 1
4497 1
4498 41
4499 3
4500 1
4501 5
4502 15
4503 17
4504 1
4505 27
4506 22
4507 10
4508 1
4509 32
4510 13
4511 22
4512 4
4513 1
4514 11
4515 1
4516 27
4517 5
4518 5
4519 23
4520 27
4521 1
4522 17
4523 31
4524 23
4525 5
4526 22
4527 23
4528 23
4529 27
4530 4
4531 1
4532 32
4533 4
4534 27
4535 27
4536 5
4537 18
4538 5
4539 27
4540 22
4541 37
4542 8
4543 10
4544 27
4545 5
4546 19
4547 13
4548 8
4549 34
4550 38
4551 13
4552 27
4553 27
4554 1
4555 1
4556 27
4557 23
4558 10
4559 27
4560 1
4561 25
4562 23
4563 13
4564 2
4565 6
4566 5
4567 27
4568 1
4569 6
4570 38
4571 10
4572 10
4573 27
4574 1
4575 27
4576 5
4577 1
4578 5
4579 6
4580 23
4581 13
4582 4
4583 8
4584 5
4585 27
4586 27
4587 1
4588 23
4589 5
4590 18
4591 1
4592 5
4593 3
4594 1
4595 27
4596 1
4597 8
4598 4
4599 22
4600 10
4601 27
4602 27
4603 10
4604 4
4605 27
4606 31
4607 27
4608 27
4609 27
4610 1
4611 11
4612 1
4613 18
4614 5
4615 4
4616 36
4617 5
4618 1
4619 29
4620 18
4621 4
4622 8
4623 15
4624 27
4625 1
4626 1
4627 3
4628 10
4629 1
4630 27
4631 4
4632 22
4633 1
4634 27
4635 8
4636 27
4637 18
4638 20
4639 38
4640 6
4641 1
4642 30
4643 37
4644 2
4645 5
4646 5
4647 10
4648 27
4649 20
4650 23
4651 32
4652 33
4653 36
4654 1
4655 38
4656 19
4657 1
4658 4
4659 22
4660 5
4661 22
4662 27
4663 27
4664 5
4665 1
4666 10
4667 27
4668 36
4669 27
4670 23
4671 1
4672 35
4673 19
4674 5
4675 18
4676 35
4677 1
4678 27
4679 5
4680 22
4681 22
4682 18
4683 5
4684 27
4685 1
4686 27
4687 23
4688 5
4689 27
4690 10
4691 5
4692 1
4693 1
4694 6
4695 5
4696 23
4697 23
4698 1
4699 27
4700 5
4701 6
4702 13
4703 38
4704 8
4705 18
4706 27
4707 5
4708 1 16
4709 32
4710 27
4711 37
4712 27
4713 13
4714 23
4715 23
4716 23
4717 18
4718 1
4719 1
4720 9 10
4721 27
4722 5
4723 1
4724 5
4725 5
4726 27
4727 35
4728 2
4729 27
4730 1
4731 1
4732 27
4733 38
4734 1
4735 5
4736 2
4737 27
4738 5
4739 15
4740 8
4741 20
4742 1
4743 6
4744 15
4745 27
4746 4
4747 13
4748 41
4749 10
4750 17
4751 1
4752 36
4753 13
4754 8
4755 13
4756 10
4757 1
4758 27
4759 10
4760 5
4761 10
4762 5 10
4763 13
4764 10
4765 5
4766 36
4767 6
4768 1
4769 38
4770 27
4771 10
4772 18
4773 10
4774 36
4775 27
4776 19
4777 1
4778 5
4779 10
4780 1
4781 10
4782 4
4783 2
4784 1
4785 22
4786 1
4787 6
4788 10
4789 1
4790 23
4791 1
4792 10
4793 18
4794 5
4795 27
4796 13
4797 5
4798 23
4799 5
4800 33
4801 13
4802 1
4803 6
4804 27
4805 29
4806 36
4807 36
4808 1
4809 8
4810 4
4811 27
4812 38
4813 27
4814 6
4815 1
4816 13
4817 36
4818 5
4819 4
4820 18
4821 30
4822 5
4823 6
4824 5
4825 5
4826 23
4827 27
4828 27
4829 27
4830 1
4831 8 9
4832 23
4833 1
4834 13
4835 23
4836 17
4837 1
4838 27
4839 13
4840 13
4841 5
4842 10
4843 8
4844 1
4845 1
4846 18
4847 4
4848 5
4849 5
4850 29
4851 1
4852 10
4853 1
4854 1
4855 27
4856 36
4857 1
4858 23
4859 32
4860 5
4861 11
4862 20
4863 1
4864 27
4865 27
4866 13
4867 6
4868 27
4869 1
4870 19
4871 27
4872 23
4873 1
4874 8
4875 18
4876 22
4877 10
4878 23
4879 5
4880 27
4881 10
4882 0
4883 15
4884 13
4885 1
4886 23
4887 23
4888 25
4889 27
4890 10
4891 5
4892 1
4893 5
4894 25
4895 8
4896 27
4897 27
4898 1
4899 39
4900 1
4901 1
4902 1
4903 37
4904 1
4905 1
4906 27
4907 27
4908 25
4909 1
4910 13
4911 22
4912 27
4913 27
4914 15
4915 27
4916 25
4917 15
4918 20
4919 27
4920 0
4921 3
4922 36
4923 27
4924 11
4925 13
4926 13
4927 1
4928 22
4929 6
4930 23
4931 13
4932 1
4933 23
4934 27
4935 27
4936 1
4937 1 16
4938 13
4939 4
4940 23
4941 5
4942 36
4943 1
4944 27
4945 1
4946 13
4947 1
4948 27
4949 27
4950 27
4951 8
4952 39
4953 1
4954 10
4955 35
4956 27
4957 4
4958 1
4959 6
4960 5
4961 1
4962 10
4963 4
4964 8
4965 1
4966 1
4967 2
4968 1
4969 27
4970 27
4971 1
4972 13
4973 22
4974 1
4975 23
4976 27
4977 27
4978 5
4979 41
4980 5
4981 41
4982 13
4983 1 16
4984 13
4985 23
4986 23
4987 27
4988 36
4989 8
4990 4
4991 23
4992 36
4993 19
4994 13
4995 29
4996 1
4997 10
4998 33
4999 33
5000 27
5001 29
5002 1
5003 3
5004 27
5005 1 16
5006 4
5007 18
5008 6
5009 10
5010 25
5011 23
5012 13
5013 22
5014 3
5015 10
5016 13
5017 38
5018 10
5019 19
5020 38
5021 10
5022 5
5023 5
5024 1
5025 1
5026 6
5027 1
5028 1
5029 22
5030 23
5031 0
5032 5
5033 6
5034 13
5035 1
5036 38
5037 23
5038 1
5039 8
5040 29
5041 18
5042 3
5043 18
5044 36
5045 1
5046 39
5047 8
5048 8
5049 10
5050 5
5051 39
5052 23
5053 33
5054 32
5055 1
5056 3
5057 36
5058 25
5059 37
5060 1
5061 27
5062 2
5063 27
5064 1
5065 20
5066 5
5067 19
5068 36
5069 8
5070 23
5071 36
5072 22
5073 5
5074 3
5075 27
5076 5
5077 13
5078 10
5079 1
5080 34
5081 17
5082 23
5083 18
5084 27
5085 11
5086 1
5087 21
5088 8
5089 10
5090 20
5091 27
5092 18
5093 27
5094 5
5095 5
5096 27
5097 8
5098 8
5099 8
5100 3
5101 23
5102 1
5103 22
5104 1 16
5105 21
5106 15
5107 36
5108 5
5109 8
5110 19
5111 1
5112 5
5113 1
5114 5
5115 5
5116 0
5117 1
5118 1
5119 1
5120 27
5121 8
5122 15
5123 23
5124 20
5125 5
5126 27
5127 10
5128 25
5129 5
5130 10
5131 17
5132 36
5133 39
5134 5
5135 27
5136 1
5137 1
5138 38
5139 23
5140 27
5141 18
5142 1
5143 1
5144 1
5145 6
5146 39
5147 5
5148 34
5149 1
5150 5
5151 23
5152 5
5153 17
5154 1
5155 1 16
5156 19
5157 5
5158 14 15
5159 1
5160 4
5161 20
5162 10
5163 36
5164 1 16
5165 13
5166 12
5167 37
5168 36
5169 27
5170 4
5171 1
5172 1
5173 5
5174 6
5175 1
5176 15
5177 33
5178 10
5179 5
5180 10
5181 1
5182 1
5183 19
5184 27
5185 13
5186 8
5187 5
5188 27
5189 5
5190 27
5191 1
5192 18
5193 27
5194 22
5195 27
5196 8
5197 23
5198 13
5199 5
5200 32
5201 38
5202 27
5203 29
5204 36
5205 5
5206 23
5207 18
5208 1
5209 27
5210 1
5211 5
5212 5
5213 10
5214 27
5215 27
5216 5
5217 10
5218 22
5219 27
5220 5
5221 10
5222 13
5223 36
5224 13
5225 5
5226 27
5227 41
5228 8
5229 15
5230 38
5231 11
5232 23
5233 38
5234 1
5235 23
5236 1
5237 10
5238 8
5239 1
5240 8
5241 27
5242 5
5243 5
5244 9 15
5245 1
5246 5
5247 4
5248 1
5249 27
5250 1
5251 36
5252 8
5253 1
5254 5
5255 1
5256 10
5257 5
5258 10
5259 1
5260 11
5261 1
5262 6
5263 27
5264 13
5265 5
5266 23
5267 23
5268 36
5269 1
5270 10
5271 13
5272 1
5273 10
5274 27
5275 1
5276 1
5277 27
5278 1
5279 19
5280 5
5281 27
5282 27
5283 23
5284 27
5285 6
5286 1
5287 1
5288 29
5289 27
5290 1
5291 5
5292 1
5293 27
5294 18
5295 10
5296 5
5297 5
5298 27
5299 24 29
5300 23
5301 20
5302 27
5303 17
5304 27
5305 1
5306 13
5307 27
5308 27
5309 5
5310 5
5311 0
5312 36
5313 18
5314 15
5315 23
5316 1
5317 13
5318 8
5319 23
5320 5
5321 41
5322 1
5323 4
5324 1
5325 1
5326 6 16
5327 1
5328 27
5329 39
5330 8
5331 5
5332 22
5333 1
5334 22
5335 5
5336 27
5337 5
5338 4
5339 25
5340 27
5341 6
5342 41
5343 10
5344 27
5345 18
5346 13
5347 5
5348 2
5349 39
5350 1 5
5351 18
5352 37
5353 1
5354 8
5355 1
5356 1
5357 18
5358 1
5359 5
5360 1
5361 29
5362 11 40
5363 1
5364 23
5365 4
5366 41
5367 10
5368 22
5369 13
5370 4
5371 10
5372 1
5373 38
5374 10
5375 13
5376 23
5377 36
5378 5
5379 23
5380 29
5381 1
5382 1
5383 27
5384 5
5385 4
5386 1
5387 1
5388 33
5389 1
5390 27
5391 6
5392 27
5393 22
5394 1
5395 27
5396 27
5397 36
5398 1
5399 1 7
5400 19
5401 1
5402 27
5403 18
5404 1 16
5405 27
5406 1
5407 36
5408 10
5409 27
5410 10
5411 27
5412 13
5413 27
5414 10
5415 1
5416 17
5417 2
5418 27
5419 1
5420 27
5421 27
5422 3
5423 27
5424 23
5425 8
5426 5 13
5427 23
5428 1
5429 37
5430 1
5431 8
5432 5
5433 21
5434 8
5435 23
5436 5
5437 1
5438 1
5439 6
5440 27
5441 8
5442 1
5443 6
5444 3
5445 5
5446 18
5447 1
5448 5
5449 22
5450 13
5451 27
5452 1
5453 18
5454 13
5455 31
5456 36
5457 15
5458 1
5459 27
5460 27
5461 1
5462 1
5463 36
5464 0
5465 1
5466 1
5467 18
5468 10
5469 10
5470 6
5471 25
5472 1
5473 23
5474 38
5475 38
5476 4
5477 20
5478 27
5479 1
5480 18
5481 27
5482 1
5483 8
5484 18
5485 5
5486 29
5487 5
5488 15
5489 1
5490 36
5491 27
5492 8
5493 6
5494 33
5495 6
5496 1
5497 5
5498 25
5499 1
5500 1
5501 19
5502 1
5503 10
5504 1
5505 10
5506 5
5507 10
5508 10
5509 39
5510 27
5511 19
5512 13
5513 23
5514 35
5515 36
5516 6
5517 4
5518 5
5519 23
5520 10
5521 1
5522 1
5523 5
5524 22
5525 1
5526 36
5527 0
5528 22
5529 1
5530 5
5531 8
5532 23
5533 27
5534 27
5535 6
5536 19
5537 0
5538 27
5539 27
5540 13
5541 10
5542 8
5543 41
5544 23
5545 10 40
5546 27
5547 27
5548 27
5549 27
5550 10
5551 5
5552 25
5553 34
5554 27
5555 10
5556 1
5557 1
5558 1
5559 10
5560 5
5561 1
5562 4
5563 10
5564 10
5565 36
5566 1
5567 27
5568 27
5569 27
5570 30
5571 5
5572 5
5573 5
5574 27
5575 1
5576 4
5577 37
5578 37
5579 19
5580 27
5581 5
5582 1
5583 22
5584 27
5585 1
5586 2
5587 18
5588 8
5589 25
5590 36
5591 23 40
5592 5
5593 10
5594 36
5595 27
5596 18
5597 8
5598 8
5599 1
5600 15
5601 23
5602 10
5603 5
5604 17
5605 27
5606 6
5607 18
5608 5
5609 37
5610 11
5611 8
5612 10
5613 27
5614 27
5615 13
5616 5
5617 5
5618 5
5619 23
5620 1
5621 27
5622 10
5623 5
5624 23
5625 22
5626 1
5627 1
5628 19
5629 5
5630 5
5631 1
5632 1
5633 1
5634 27
5635 4
5636 21
5637 15
5638 41
5639 36
5640 27
5641 22
5642 4
5643 10
5644 20
5645 23
5646 10
5647 10
5648 27
5649 13
5650 5
5651 10
5652 5
5653 2
5654 8
5655 5
5656 27
5657 2
5658 1 16
5659 27
5660 6
5661 1
5662 5
5663 15
5664 5
5665 1
5666 1
5667 28
5668 23
5669 18
5670 10
5671 1
5672 8
5673 22
5674 1 16
5675 1
5676 10
5677 1
5678 2
5679 23
5680 22
5681 1
5682 36
5683 1
5684 22
5685 13
5686 1 16
5687 27
5688 6
5689 36
5690 5
5691 41
5692 29
5693 13
5694 2
5695 10
5696 23
5697 1
5698 1
5699 1
5700 22
5701 1
5702 1
5703 1
5704 6
5705 5
5706 27
5707 1
5708 20
5709 1
5710 13
5711 27
5712 5
5713 1
5714 37
5715 25
5716 33
5717 5
5718 5
5719 27
5720 1
5721 11
5722 5
5723 27
5724 13
5725 5
5726 5
5727 1
5728 5
5729 23
5730 8
5731 23 40
5732 36
5733 1
5734 10
5735 5
5736 1
5737 10
5738 3
5739 8
5740 5
5741 5
5742 8
5743 41
5744 36
5745 1
5746 27
5747 34
5748 36
5749 1
5750 27
5751 10
5752 5
5753 36
5754 20
5755 3
5756 27
5757 1
5758 34
5759 1
5760 4
5761 5
5762 1
5763 27
5764 27
5765 27
5766 1
5767 4
5768 27
5769 0
5770 1
5771 23
5772 27
5773 13
5774 20
5775 4
5776 1
5777 27
5778 5
5779 23
5780 18
5781 27
5782 27
5783 5
5784 1
5785 5
5786 5
5787 8
5788 1
5789 1
5790 8
5791 1
5792 3
5793 22
5794 1
5795 5
5796 4
5797 20
5798 1
5799 1
5800 1
5801 17
5802 1
5803 4
5804 17
5805 36
5806 1
5807 1
5808 27
5809 13
5810 36
5811 5
5812 13
5813 1
5814 3
5815 22
5816 13
5817 13
5818 21
5819 4
5820 6
5821 23 40
5822 23
5823 4
5824 39
5825 1
5826 23
5827 15
5828 4
5829 22
5830 5
5831 18
5832 10
5833 8
5834 4
5835 13
5836 27
5837 5
5838 8
5839 5
5840 17
5841 1
5842 6
5843 37
5844 36
5845 6
5846 1
5847 8
5848 1
5849 1
5850 5
5851 27
5852 5
5853 0
5854 5
5855 27
5856 10
5857 41
5858 1
5859 27
5860 27
5861 37
5862 27
5863 1
5864 1
5865 5
5866 1
5867 8
5868 10
5869 13
5870 1
5871 4
5872 5
5873 1
5874 27
5875 1
5876 39
5877 36
5878 15
5879 1
5880 8
5881 1 42
5882 11
5883 11
5884 37
5885 27
5886 10
5887 1
5888 13
5889 1
5890 37
5891 23
5892 1
5893 1
5894 1
5895 5
5896 5
5897 18
5898 27
5899 13
5900 15
5901 13
5902 36
5903 17
5904 25
5905 8
5906 27
5907 5
5908 27
5909 13
5910 18
5911 39
5912 17
5913 6
5914 5
5915 5
5916 34
5917 5
5918 13
5919 17
5920 33
5921 17
5922 5
5923 19
5924 8
5925 27
5926 5
5927 1
5928 25
5929 3
5930 10
5931 13
5932 1
5933 13
5934 1
5935 1
5936 27
5937 27
5938 1
5939 27
5940 30
5941 27
5942 1
5943 23
5944 3
5945 27
5946 27
5947 10
5948 8
5949 2
5950 5
5951 5
5952 27
5953 5
5954 4
5955 8 9
5956 4
5957 1
5958 27
5959 1
5960 3
5961 36
5962 1
5963 1
5964 8
5965 8
5966 38
5967 8
5968 1
5969 25
5970 23
5971 27
5972 10
5973 8
5974 1
5975 19
5976 4
5977 5
5978 5
5979 1
5980 13
5981 27
5982 4
5983 5
5984 0
5985 1
5986 1 7
5987 1
5988 4
5989 27
5990 8
5991 27
5992 1
5993 1
5994 36
5995 5 6
5996 5
5997 23
5998 5
5999 17
6000 27
6001 1
6002 41
6003 8
6004 5
6005 1
6006 36
6007 6
6008 11
6009 22
6010 1
6011 5
6012 5
6013 8
6014 27
6015 1
6016 19
6017 36
6018 27
6019 18
6020 1
6021 1
6022 5
6023 37
6024 13
6025 36
6026 12
6027 27
6028 27
6029 27
6030 8
6031 1
6032 10
6033 5
6034 10
6035 4
6036 5
6037 1
6038 1
6039 8
6040 8
6041 5
6042 1
6043 11
6044 1
6045 5
6046 25
6047 1
6048 23
6049 8
6050 27
6051 3
6052 11
6053 3
6054 4
6055 3
6056 1
6057 13
6058 1
6059 23
6060 22
6061 5
6062 27
6063 27
6064 27
6065 27
6066 27
6067 36
6068 6
6069 27
6070 1
6071 29
6072 27
6073 27
6074 1
6075 13
6076 1
6077 1
6078 10
6079 8
6080 1
6081 10
6082 2
6083 1
6084 11
6085 23
6086 27
6087 27
6088 5
6089 20
6090 36
6091 5
6092 20
6093 13
6094 27
6095 8
6096 1
6097 23
6098 27
6099 23
6100 13
6101 23
6102 1
6103 34
6104 13
6105 23
6106 5
6107 13
6108 39
6109 27
6110 13
6111 25
6112 21
6113 1
6114 13
6115 1
6116 27
6117 5
6118 34
6119 22
6120 3
6121 4
6122 23
6123 27
6124 1
6125 18
6126 5
6127 13
6128 36
6129 13
6130 6
6131 23
6132 5
6133 27
6134 4
6135 25
6136 32
6137 1
6138 8
6139 5
6140 27
6141 23
6142 18
6143 1
6144 10
6145 29
6146 1
6147 27
6148 8
6149 13
6150 10
6151 18
6152 5
6153 13
6154 27
6155 10
6156 1 16
6157 4
6158 36
6159 13
6160 1
6161 37
6162 23
6163 35
6164 22
6165 1
6166 39
6167 13
6168 1
6169 1
6170 5
6171 19
6172 23
6173 27
6174 32
6175 4
6176 1
6177 8
6178 5
6179 1
6180 13
6181 5
6182 1 7
6183 10
6184 27
6185 5
6186 1
6187 6
6188 5
6189 27
6190 3
6191 19
6192 3
6193 27
6194 8
6195 23
6196 25
6197 27
6198 1
6199 18
6200 27
6201 1
6202 10
6203 5
6204 22
6205 39
6206 10
6207 23
6208 1
6209 10
6210 8
6211 15
6212 1
6213 1
6214 8
6215 10
6216 1
6217 27
6218 27
6219 10
6220 1
6221 1
6222 1
6223 23
6224 36
6225 5
6226 27
6227 27
6228 5
6229 10
6230 33
6231 1
6232 30
6233 18
6234 1
6235 20
6236 23
6237 38
6238 18
6239 4
6240 1
6241 5
6242 23
6243 1
6244 3
6245 13
6246 27
6247 5
6248 34
6249 23
6250 33
6251 37
6252 10
6253 1
6254 5
6255 5
6256 8
6257 5
6258 36
6259 13
6260 1
6261 10
6262 27
6263 27
6264 8
6265 6
6266 1
6267 1
6268 1
6269 5
6270 5
6271 27
6272 13
6273 27
6274 1
6275 27
6276 4
6277 1
6278 37
6279 38
6280 17
6281 27
6282 27
6283 11
6284 1
6285 13
6286 27
6287 27
6288 37
6289 8
6290 1
6291 5
6292 27
6293 27
6294 27
6295 5
6296 2
6297 23
6298 19
6299 25
6300 27
6301 37
6302 27
6303 10
6304 1
6305 4
6306 15
6307 6
6308 1
6309 34
6310 1
6311 27
6312 36
6313 1
6314 1
6315 23
6316 5
6317 8
6318 23
6319 2
6320 10
6321 27
6322 5
6323 34
6324 13
6325 5
6326 27
6327 27
6328 19
6329 3
6330 6
6331 1 16
6332 18
6333 15
6334 1
6335 27
6336 5
6337 1
6338 10
6339 1
6340 1
6341 36
6342 5
6343 5
6344 25
6345 13
6346 5
6347 4
6348 5
6349 36
6350 36
6351 1
6352 1
6353 23
6354 21
6355 1
6356 17
6357 1
6358 1
6359 27
6360 11
6361 5
6362 3
6363 10
6364 1
6365 5
6366 1
6367 5
6368 1
6369 17
6370 27
6371 13
6372 13
6373 5
6374 8
6375 1
6376 0
6377 27
6378 1
6379 5
6380 23
6381 10
6382 13
6383 5
6384 33
6385 1
6386 5
6387 23
6388 1
6389 27
6390 33
6391 1
6392 27
6393 23
6394 10
6395 27
6396 27
6397 5
6398 18
6399 36
6400 10 24
6401 27
6402 6
6403 5
6404 5
6405 5
6406 1
6407 1
6408 18
6409 13
6410 1
6411 13 23
6412 1
6413 1
6414 18
6415 41
6416 10
6417 18
6418 27
6419 6
6420 1
6421 1 7
6422 34
6423 1
6424 13
6425 18
6426 5
6427 10
6428 1
6429 1
6430 8
6431 1
6432 10
6433 27
6434 1
6435 33
6436 1
6437 13
6438 10
6439 27
6440 27
6441 1
6442 13
6443 13
6444 6
6445 23
6446 32
6447 22
6448 27
6449 35
6450 1
6451 13
6452 27
6453 4
6454 21
6455 13
6456 13
6457 27
6458 1
6459 1
6460 1
6461 27
6462 1
6463 27
6464 27
6465 27
6466 27
6467 8
6468 27
6469 23
6470 39
6471 10
6472 8
6473 1
6474 27
6475 27
6476 5
6477 5
6478 5
6479 4
6480 38
6481 1
6482 13
6483 20
6484 8
6485 11
6486 1
6487 27
6488 1
6489 27
6490 5
6491 5
6492 39
6493 5
6494 1
6495 27
6496 23
6497 27
6498 5
6499 10
6500 22
6501 41
6502 27
6503 18
6504 1
6505 13
6506 4
6507 1
6508 5
6509 10
6510 13
6511 18
6512 27
6513 11
6514 27
6515 27
6516 1
6517 1
6518 5
6519 8
6520 18
6521 27
6522 13
6523 13
6524 27
6525 36
6526 8
6527 27
6528 5
6529 6
6530 18
6531 27
6532 23
6533 38
6534 5
6535 39
6536 17
6537 8
6538 27
6539 25
6540 5
6541 27
6542 27
6543 27
6544 23
6545 18
6546 27
6547 6
6548 5
6549 5
6550 1
6551 27
6552 27
6553 23
6554 39
6555 18
6556 1
6557 1
6558 13
6559 27
6560 15
6561 6
6562 15
6563 1
6564 6
6565 5
6566 2
6567 18
6568 3
6569 27
6570 2
6571 23
6572 1
6573 23
6574 27
6575 1
6576 18
6577 5
6578 18
6579 8
6580 5
6581 27
6582 1
6583 11
6584 22
6585 27
6586 38
6587 5
6588 36
6589 8
6590 4
6591 2
6592 13
6593 1
6594 27
6595 5
6596 15
6597 13
6598 29
6599 41
6600 6
6601 27
6602 6
6603 8
6604 5
6605 27
6606 8
6607 41
6608 18
6609 4
6610 20
6611 1
6612 8
6613 27
6614 27
6615 13
6616 10
6617 5
6618 27
6619 5
6620 5
6621 5
6622 1
6623 1 16
6624 1
6625 20
6626 5
6627 5
6628 1
6629 39
6630 27
6631 10
6632 6
6633 1
6634 33
6635 27
6636 13
6637 1
6638 27
6639 21
6640 23
6641 36
6642 23
6643 27
6644 38
6645 18
6646 4
6647 36
6648 1
6649 1
6650 1
6651 13
6652 8
6653 36
6654 5
6655 19
6656 1
6657 10
6658 27
6659 23
6660 1
6661 5
6662 27
6663 6
6664 27
6665 22
6666 27
6667 8
6668 18
6669 1
6670 5
6671 1
6672 1
6673 1
6674 5
6675 20
6676 36
6677 27
6678 27
6679 5
6680 4
6681 27
6682 5
6683 1
6684 27
6685 41
6686 1
6687 0
6688 27
6689 19
6690 1
6691 1
6692 10
6693 5
6694 1
6695 27
6696 18
6697 18
6698 29
6699 1
6700 8
6701 1
6702 25
6703 1
6704 5
6705 23
6706 36
6707 23
6708 4
6709 27
6710 27
6711 13
6712 8
6713 5
6714 27
6715 10
6716 10
6717 1 16
6718 22
6719 1
6720 5
6721 20
6722 3
6723 29
6724 27
6725 13
6726 27
6727 6
6728 1
6729 19
6730 36
6731 5
6732 27
6733 5
6734 13
6735 11
6736 5
6737 27
6738 6
6739 37
6740 1
6741 36
6742 20
6743 10
6744 5
6745 28
6746 3
6747 18
6748 1
6749 5
6750 27
6751 15
6752 27
6753 1
6754 10 24 40
6755 5
6756 5
6757 2
6758 27
6759 23
6760 15
6761 10
6762 23
6763 23
6764 8
6765 18
6766 27
6767 15
6768 1
6769 27
6770 27
6771 23
6772 13
6773 1
6774 1
6775 13
6776 5
6777 23
6778 17
6779 18
6780 1
6781 38
6782 27
6783 25
6784 25
6785 36
6786 4
6787 21
6788 27
6789 5
6790 27
6791 36
6792 6
6793 27
6794 13
6795 1
6796 38
6797 11
6798 5
6799 1
6800 23
6801 1
6802 36
6803 1 15
6804 10
6805 15
6806 22
6807 36
6808 23
6809 39
6810 23
6811 22
6812 5
6813 13
6814 23
6815 5
6816 13
6817 13
6818 10
6819 1
6820 5
6821 5
6822 1
6823 1
6824 1
6825 27
6826 10
6827 17 40
6828 23
6829 38
6830 6
6831 4
6832 5
6833 5
6834 41
6835 6
6836 36
6837 20
6838 13
6839 1
6840 1
6841 27
6842 41
6843 23
6844 1
6845 1
6846 5
6847 22
6848 1
6849 25
6850 27
6851 37
6852 5
6853 36
6854 27
6855 1
6856 4
6857 5
6858 5
6859 27
6860 1
6861 4
6862 18
6863 23
6864 27
6865 36
6866 22
6867 27
6868 0
6869 23
6870 10
6871 1
6872 11
6873 23
6874 8
6875 5
6876 10
6877 5
6878 5
6879 0
6880 13
6881 6
6882 1
6883 13
6884 6
6885 5
6886 8
6887 39
6888 5
6889 23
6890 5
6891 5
6892 1
6893 4
6894 23
6895 20
6896 21
6897 27
6898 1
6899 5
6900 1
6901 5
6902 10
6903 13
6904 1
6905 8
6906 22
6907 10
6908 18
6909 1
6910 10
6911 27
6912 1
6913 5
6914 1
6915 1
6916 8
6917 27
6918 13
6919 22
6920 27
6921 13
6922 13
6923 27
6924 6
6925 1 16
6926 20
6927 5
6928 1
6929 13
6930 27
6931 1
6932 1
6933 18
6934 8
6935 13
6936 5
6937 10
6938 36
6939 5
6940 1
6941 1 7
6942 27
6943 8
6944 27
6945 32
6946 4
6947 27
6948 1
6949 29
6950 27
6951 13
6952 1
6953 20
6954 11
6955 8
6956 10
6957 15
6958 36
6959 1
6960 23
6961 19
6962 13
6963 32
6964 18
6965 10
6966 13
6967 36
6968 27
6969 27
6970 1
6971 36
6972 8
6973 5
6974 23 29
6975 13
6976 6
6977 8
6978 20
6979 1
6980 5
6981 8
6982 20
6983 5
6984 10
6985 15
6986 27
6987 13
6988 27
6989 1 5
6990 27
6991 1
6992 27
6993 1
6994 27
6995 10
6996 1
6997 1
6998 1
6999 13
7000 1
7001 13
7002 1
7003 1
7004 1
7005 8
7006 27
7007 41
7008 27
7009 32
7010 13
7011 27
7012 19
7013 1 16
7014 1
7015 5
7016 27
7017 5
7018 27
7019 20
7020 6
7021 25
7022 6
7023 8
7024 36
7025 2
7026 1
7027 27
7028 10
7029 27
7030 36
7031 1
7032 25
7033 3
7034 27
7035 1
7036 1
7037 5
7038 1
7039 27
7040 10 40
7041 27
7042 36
7043 5
7044 11
7045 3
7046 36
7047 27
7048 5
7049 36
7050 1
7051 13
7052 1
7053 27
7054 5
7055 13
7056 8
7057 23
7058 27
7059 18
7060 39
7061 27
7062 10
7063 5
7064 17
7065 10
7066 27
7067 1
7068 13
7069 27
7070 23
7071 10
7072 1
7073 1
7074 43
7075 25
7076 13
7077 17
7078 1
7079 27
7080 19
7081 13
7082 27
7083 23
7084 22
7085 37
7086 22
7087 10
7088 27
7089 5
7090 1
7091 27
7092 5
7093 23
7094 23
7095 5
7096 23
7097 2
7098 1
7099 5
7100 17
7101 5
7102 23
7103 25
7104 10
7105 27
7106 41
7107 10
7108 19
7109 1
7110 13
7111 32
7112 5
7113 23
7114 1
7115 27
7116 27
7117 1
7118 5
7119 27
7120 5
7121 1
7122 38
7123 5
7124 21
7125 1
7126 4
7127 23
7128 5
7129 1
7130 2
7131 15
7132 1
7133 23
7134 23
7135 1
7136 27
7137 27
7138 1
7139 5
7140 39
7141 1
7142 23
7143 32
7144 27
7145 1
7146 5
7147 36
7148 1
7149 27
7150 25
7151 22
7152 22
7153 1
7154 36
7155 36
7156 34
7157 6
7158 27
7159 13
7160 27
7161 8
7162 25
7163 6
7164 26
7165 1
7166 21
7167 10
7168 5
7169 1
7170 27
7171 1
7172 25
7173 27
7174 1
7175 27
7176 1
7177 10
7178 1
7179 36
7180 5
7181 1
7182 13
7183 5
7184 18
7185 10
7186 1
7187 1
7188 13
7189 5
7190 10
7191 10
7192 36
7193 5
7194 36
7195 4
7196 1 7
7197 1
7198 1
7199 6
7200 27
7201 27
7202 10
7203 8
7204 27
7205 41
7206 1
7207 23
7208 36
7209 1
7210 13
7211 18
7212 12
7213 5
7214 34
7215 5
7216 27
7217 27
7218 3
7219 20
7220 39
7221 1
7222 17
7223 23
7224 37
7225 1
7226 5
7227 22
7228 27
7229 8
7230 4
7231 13
7232 10
7233 5
7234 5
7235 23
7236 5
7237 1
7238 13
7239 36
7240 18
7241 32
7242 1
7243 5
7244 11
7245 15
7246 11
7247 27
7248 22
7249 8
7250 5
7251 43
7252 1
7253 1
7254 8
7255 8
7256 1 16
7257 13
7258 38
7259 10 24
7260 6
7261 10
7262 27
7263 20
7264 1
7265 1
7266 36
7267 1
7268 27
7269 13
7270 3
7271 13
7272 6
7273 10
7274 1
7275 6
7276 1
7277 1
7278 20
7279 37
7280 8 9
7281 27
7282 27
7283 5
7284 36
7285 1
7286 27
7287 27
7288 27
7289 24 29
7290 5
7291 8
7292 1
7293 3
7294 13
7295 27
7296 34
7297 1
7298 33
7299 5
7300 6
7301 25
7302 3
7303 1
7304 13
7305 27
7306 10
7307 3
7308 5
7309 27
7310 19
7311 10
7312 27
7313 27
7314 5
7315 36
7316 23
7317 5
7318 1
7319 27
7320 8
7321 37
7322 19
7323 27
7324 1
7325 1
7326 23
7327 27
7328 11
7329 18
7330 27
7331 13
7332 1
7333 5
7334 10
7335 27
7336 4
7337 5
7338 10
7339 36
7340 22
7341 27
7342 27
7343 27
7344 36
7345 11
7346 1 16
7347 10
7348 1
7349 39
7350 15
7351 5
7352 36
7353 8
7354 1
7355 1
7356 13
7357 15
7358 10
7359 1
7360 5
7361 13
7362 36
7363 27
7364 37
7365 5
7366 27
7367 1
7368 1
7369 2
7370 36
7371 12
7372 8
7373 1
7374 22
7375 6
7376 3
7377 27
7378 5
7379 10
7380 29
7381 27
7382 1
7383 1
7384 5
7385 27
7386 27
7387 5
7388 27
7389 6
7390 27
7391 32
7392 1
7393 27
7394 34
7395 5
7396 23
7397 13
7398 6
7399 27
7400 5
7401 4
7402 27
7403 27
7404 5
7405 11
7406 10
7407 15
7408 5
7409 13
7410 27
7411 1
7412 4
7413 23
7414 1
7415 6
7416 33
7417 8
7418 23
7419 1
7420 27
7421 13
7422 1
7423 22
7424 27
7425 22
7426 27
7427 23
7428 15
7429 2
7430 27
7431 13
7432 27
7433 10
7434 36
7435 27
7436 11
7437 1
7438 1
7439 41
7440 39
7441 21
7442 20
7443 4
7444 10
7445 34
7446 1
7447 4
7448 8
7449 10
7450 5
7451 3
7452 5
7453 3
7454 2
7455 6
7456 1
7457 1
7458 36
7459 10
7460 10
7461 10
7462 5
7463 8
7464 5
7465 37
7466 4
7467 1
7468 5
7469 13
7470 23
7471 23
7472 22
7473 27
7474 21
7475 23
7476 27
7477 22
7478 1
7479 36
7480 25
7481 5
7482 23
7483 37
7484 23
7485 10
7486 1
7487 5
7488 18
7489 5
7490 38
7491 27
7492 22
7493 1
7494 33
7495 1
7496 6
7497 8
7498 5
7499 29
7500 20
7501 5
7502 5
7503 1
7504 8
7505 23
7506 23
7507 1
7508 1
7509 1
7510 4
7511 21
7512 27
7513 10
7514 4
7515 5
7516 1
7517 33
7518 5
7519 10
7520 36
7521 1
7522 23
7523 2
7524 23
7525 13
7526 27
7527 17
7528 23
7529 30
7530 27
7531 1
7532 27
7533 5
7534 5
7535 8
7536 4
7537 8
7538 1
7539 38
7540 1
7541 13
7542 10
7543 17
7544 6
7545 19
7546 22
7547 19
7548 8
7549 1
7550 1
7551 35
7552 32
7553 6
7554 27
7555 10
7556 36
7557 27
7558 27
7559 5
7560 4
7561 10
7562 5
7563 6
7564 3
7565 36
7566 1
7567 10 24
7568 3
7569 1
7570 36
7571 1
7572 10
7573 1
7574 5
7575 1 7
7576 27
7577 1
7578 27
7579 1
7580 1 16
7581 1
7582 5
7583 36
7584 27
7585 5
7586 1 7
7587 4
7588 23
7589 27
7590 27
7591 10
7592 13
7593 1
7594 5
7595 8
7596 11
7597 39
7598 27
7599 13
7600 11
7601 18
7602 27 41
7603 1
7604 3
7605 18
7606 11
7607 8
7608 27
7609 1
7610 1
7611 13
7612 23
7613 18
7614 1
7615 13
7616 4
7617 1 7
7618 23
7619 1
7620 19
7621 27
7622 13
7623 5
7624 23
7625 30
7626 27
7627 39
7628 23
7629 22
7630 17
7631 37
7632 41
7633 6
7634 13
7635 2
7636 10
7637 5
7638 10
7639 1
7640 27
7641 10
7642 27
7643 10
7644 1
7645 0
7646 17
7647 1
7648 5
7649 1
7650 20
7651 23
7652 27
7653 36
7654 1
7655 5
7656 13
7657 23
7658 1
7659 1
7660 8
7661 27
7662 18
7663 17
7664 15
7665 1
7666 25
7667 18
7668 18
7669 4
7670 1
7671 1
7672 6
7673 11
7674 25
7675 27
7676 1
7677 5
7678 10
7679 27
7680 8
7681 27
7682 5
7683 18
7684 1
7685 22
7686 33
7687 4
7688 27
7689 20
7690 10
7691 27
7692 8
7693 0
7694 8
7695 6
7696 27
7697 5
7698 36
7699 1
7700 8
7701 41
7702 27
7703 1 7
7704 1
7705 27
7706 4
7707 13
7708 1
7709 27
7710 36
7711 1
7712 13
7713 36
7714 5
7715 1
7716 5
7717 10
7718 10
7719 36
7720 1
7721 1
7722 1
7723 4
7724 3
7725 27
7726 10
7727 27
7728 13
7729 23
7730 21
7731 26
7732 27
7733 4
7734 36
7735 27
7736 8
7737 27
7738 1
7739 27
7740 27
7741 27
7742 18
7743 8
7744 1
7745 23
7746 27
7747 27
7748 8
7749 1
7750 1
7751 13
7752 1
7753 5
7754 10
7755 19
7756 5
7757 5
7758 1
7759 1
7760 18
7761 25
7762 10
7763 17
7764 1
7765 36
7766 28
7767 27
7768 23
7769 1
7770 10
7771 1 7
7772 5
7773 22
7774 10
7775 27
7776 27
7777 10
7778 39
7779 1 7
7780 17
7781 22
7782 10
7783 10
7784 1 7
7785 32
7786 5
7787 1
7788 25
7789 5
7790 13
7791 11
7792 13
7793 10
7794 1
7795 27
7796 27
7797 5
7798 11
7799 6
7800 10 40
7801 27
7802 5
7803 1
7804 41
7805 6
7806 27
7807 5
7808 1
7809 37
7810 18
7811 36
7812 4
7813 1
7814 5
7815 20
7816 4
7817 1
7818 1
7819 37
7820 5
7821 41
7822 1
7823 4
7824 13
7825 27
7826 27
7827 15
7828 13
7829 1
7830 5
7831 27
7832 1
7833 27
7834 18
7835 19
7836 1
7837 1
7838 5
7839 1
7840 8
7841 1
7842 5
7843 25
7844 10
7845 1
7846 1
7847 27
7848 27
7849 5
7850 19
7851 27
7852 4
7853 1
7854 15
7855 1
7856 13
7857 27
7858 33
7859 22
7860 13
7861 27
7862 22
7863 1
7864 1
7865 22
7866 23
7867 10
7868 27
7869 33
7870 1
7871 3
7872 27
7873 1
7874 36
7875 1
7876 10
7877 4
7878 18
7879 18
7880 1
7881 39
7882 13
7883 36
7884 27
7885 5
7886 27
7887 27
7888 1
7889 27
7890 27
7891 27
7892 1
7893 23
7894 4
7895 37
7896 1
7897 32
7898 10
7899 8
7900 22
7901 13
7902 27
7903 20
7904 5
7905 27
7906 13
7907 18
7908 27
7909 11
7910 19
7911 23
7912 22
7913 1
7914 20
7915 1
7916 1
7917 39
7918 34
7919 27
7920 27
7921 19
7922 1
7923 9 19
7924 22
7925 18
7926 5
7927 26
7928 20
7929 13
7930 1
7931 1
7932 13
7933 1
7934 5
7935 18
7936 23
7937 22
7938 37
7939 8 9
7940 19
7941 4
7942 27
7943 23
7944 1
7945 1
7946 41
7947 6
7948 10
7949 13
7950 33 40
7951 27
7952 32
7953 27
7954 36
7955 27
7956 13
7957 10
7958 27
7959 5
7960 10
7961 27
7962 22
7963 5
7964 5
7965 27
7966 10
7967 15
7968 23
7969 37
7970 11
7971 27
7972 22
7973 1
7974 27
7975 1
7976 5
7977 22
7978 27
7979 4
7980 5
7981 39
7982 4
7983 27
7984 6
7985 34
7986 6
7987 23
7988 20
7989 23
7990 5
7991 33
7992 38
7993 18
7994 1
7995 27
7996 27
7997 27
7998 1 7
7999 5
8000 38
8001 27
8002 1
8003 8
8004 4
8005 36
8006 4
8007 5
8008 10
8009 18
8010 10
8011 18
8012 18
8013 6
8014 10
8015 27
8016 1
8017 5
8018 5
8019 27
8020 13
8021 5
8022 11
8023 1
8024 29
8025 13
8026 23
8027 13
8028 36
8029 38
8030 1 7
8031 27
8032 27
8033 27
8034 5
8035 27
8036 11
8037 1
8038 8
8039 8
8040 17
8041 27
8042 10
8043 18
8044 27
8045 19
8046 27
8047 36
8048 5
8049 23
8050 1
8051 22
8052 10
8053 27
8054 36
8055 1 7
8056 1
8057 27
8058 5
8059 2
8060 27
8061 1
8062 1
8063 10
8064 13
8065 27
8066 27
8067 6
8068 1
8069 22
8070 1
8071 1
8072 20
8073 5
8074 6
8075 1 35
8076 41
8077 15
8078 18
8079 18
8080 36
8081 18
8082 27
8083 27
8084 1
8085 5
8086 18
8087 10
8088 20
8089 1
8090 38
8091 11
8092 36
8093 23
8094 1
8095 6 16
8096 36
8097 6
8098 34
8099 1
8100 6
8101 1
8102 27
8103 1
8104 13
8105 1
8106 13
8107 1
8108 23 36
8109 1
8110 27
8111 4
8112 8
8113 27
8114 28
8115 23
8116 23
8117 3
8118 5
8119 1
8120 27
8121 6
8122 12
8123 13
8124 1
8125 11
8126 5
8127 22
8128 29
8129 27
8130 5
8131 1
8132 1
8133 43
8134 36
8135 22
8136 5
8137 37
8138 1
8139 13
8140 27
8141 22
8142 13
8143 27
8144 1
8145 3
8146 5
8147 37
8148 31
8149 13
8150 1
8151 13
8152 13
8153 5
8154 13
8155 8
8156 38
8157 1
8158 10
8159 5
8160 27
8161 41
8162 8
8163 1
8164 27
8165 11
8166 5
8167 6
8168 36
8169 41
8170 8
8171 22
8172 6
8173 5
8174 18
8175 27
8176 6
8177 10
8178 5
8179 4
8180 36
8181 10
8182 27
8183 1
8184 1
8185 27
8186 1
8187 38
8188 13
8189 1
8190 5
8191 15
8192 5
8193 5
8194 11
8195 1
8196 13
8197 23
8198 1
8199 5
8200 5
8201 22
8202 34
8203 17
8204 18
8205 27
8206 3
8207 1
8208 19
8209 27
8210 1
8211 10
8212 5
8213 1
8214 1
8215 5
8216 27
8217 27
8218 27
8219 19
8220 8
8221 27
8222 10
8223 36
8224 27
8225 13
8226 12
8227 13
8228 36
8229 39
8230 33
8231 5
8232 2
8233 1
8234 3
8235 6
8236 4
8237 10
8238 5
8239 10
8240 27
8241 23
8242 5
8243 10
8244 19
8245 38
8246 36
8247 23
8248 1
8249 8
8250 13
8251 15
8252 10
8253 5
8254 23
8255 23
8256 1
8257 1
8258 1
8259 19
8260 2
8261 36
8262 23
8263 36
8264 23
8265 1
8266 27
8267 4
8268 25
8269 22
8270 15
8271 1 16
8272 27
8273 17
8274 1
8275 1
8276 8
8277 18
8278 5
8279 1
8280 27
8281 37
8282 27
8283 8
8284 10
8285 0
8286 27
8287 13
8288 1
8289 5
8290 27
8291 23
8292 12
8293 8
8294 20
8295 23
8296 10
8297 1
8298 1
8299 20
8300 27
8301 27
8302 11
8303 8
8304 18
8305 25
8306 13
8307 25
8308 27
8309 13
8310 10
8311 10
8312 1
8313 8
8314 1
8315 23
8316 18
8317 41
8318 15
8319 25
8320 8
8321 1
8322 13
8323 11
8324 35
8325 25
8326 27
8327 1
8328 8
8329 1
8330 1
8331 3
8332 38
8333 13
8334 1
8335 27
8336 20
8337 15
8338 5
8339 1
8340 21
8341 13
8342 23
8343 5
8344 1
8345 1 7
8346 27
8347 10
8348 5
8349 27
8350 41
8351 1
8352 13
8353 5
8354 27
8355 1
8356 23
8357 22
8358 31
8359 18
8360 27
8361 25
8362 8
8363 27
8364 1
8365 23
8366 10
8367 5
8368 37
8369 1
8370 21
8371 5
8372 13
8373 4
8374 5
8375 1
8376 6
8377 27
8378 5
8379 23
8380 38
8381 27
8382 2
8383 27
8384 13
8385 6
8386 1
8387 10
8388 8
8389 27
8390 1
8391 1
8392 21
8393 27
8394 27
8395 22
8396 5
8397 41
8398 22
8399 22
8400 32
8401 36
8402 31
8403 23
8404 1
8405 10
8406 5
8407 25
8408 4
8409 19
8410 11
8411 32
8412 28
8413 5
8414 1
8415 10
8416 5
8417 27
8418 1
8419 13
8420 6
8421 13
8422 27
8423 39
8424 27
8425 5
8426 6
8427 27
8428 32
8429 17
8430 8
8431 5
8432 1
8433 1
8434 18
8435 27
8436 1
8437 20
8438 1
8439 27
8440 8
8441 10
8442 6
8443 29
8444 4
8445 10
8446 1
8447 10
8448 10
8449 5
8450 5
8451 27
8452 5
8453 27
8454 10
8455 10
8456 34
8457 1
8458 27
8459 5
8460 22
8461 27
8462 20
8463 27
8464 37
8465 5
8466 23 37
8467 35
8468 27
8469 3
8470 25
8471 8
8472 1
8473 25
8474 23
8475 22
8476 27
8477 6
8478 27
8479 1
8480 0
8481 13
8482 33
8483 25
8484 27
8485 17
8486 17
8487 1
8488 27
8489 13
8490 4
8491 25
8492 13
8493 5
8494 10
8495 13
8496 18
8497 5
8498 10 40
8499 31
8500 10
8501 10
8502 23
8503 2
8504 37
8505 8
8506 32
8507 10
8508 27
8509 13
8510 27
8511 8
8512 1
8513 2
8514 27
8515 1
8516 5
8517 5
8518 1
8519 31
8520 5
8521 33
8522 13
8523 1
8524 1
8525 23
8526 34
8527 4
8528 1
8529 36
8530 27
8531 5
8532 23
8533 27
8534 10
8535 4
8536 27
8537 22
8538 39
8539 27
8540 15
8541 1
8542 0
8543 39
8544 1
8545 5
8546 22
8547 41
8548 36
8549 1
8550 5
8551 27
8552 23
8553 1
8554 11
8555 5
8556 20
8557 5
8558 5
8559 1
8560 13
8561 19
8562 36
8563 11
8564 27
8565 10
8566 27
8567 27
8568 1
8569 27
8570 23
8571 1
8572 13
8573 27
8574 1
8575 1
8576 23
8577 11
8578 1
8579 33
8580 5
8581 3
8582 1
8583 15
8584 1
8585 36
8586 39
8587 5
8588 27
8589 27
8590 25
8591 23
8592 13
8593 1 7
8594 1 16
8595 1 16
8596 19
8597 8
8598 6
8599 5
8600 5
8601 4
8602 1 16
8603 19
8604 23
8605 23
8606 33
8607 27
8608 1
8609 37
8610 27
8611 27
8612 27
8613 4
8614 23
8615 1
8616 5
8617 13
8618 23
8619 13
8620 17
8621 1
8622 4
8623 23
8624 1
8625 10
8626 5
8627 1
8628 27
8629 5
8630 39
8631 5
8632 6
8633 4
8634 5
8635 1
8636 1
8637 23
8638 23
8639 8
8640 1
8641 1
8642 8
8643 27
8644 27
8645 38
8646 27
8647 1
8648 10
8649 27
8650 25
8651 18
8652 8
8653 23
8654 1
8655 13
8656 5
8657 5
8658 1
8659 27
8660 27
8661 13
8662 0
8663 1 16
8664 1
8665 32
8666 19
8667 5
8668 39
8669 1
8670 1
8671 23
8672 11
8673 41
8674 27
8675 29
8676 27
8677 10
8678 1
8679 23
8680 1
8681 1
8682 23
8683 3
8684 27
8685 22
8686 1
8687 23
8688 10
8689 15
8690 4
8691 5
8692 27
8693 1
8694 10
8695 13
8696 1
8697 13
8698 27
8699 8
8700 1
8701 1
8702 13
8703 1 16
8704 1
8705 5
8706 36
8707 27
8708 4
8709 27
8710 22
8711 19
8712 1
8713 27
8714 5
8715 25
8716 8
8717 13
8718 37
8719 5
8720 5
8721 27
8722 20
8723 11
8724 13
8725 36
8726 23
8727 3
8728 5
8729 10
8730 10
8731 4
8732 4
8733 39
8734 1
8735 19
8736 1
8737 1
8738 5
8739 27
8740 13
8741 13
8742 5
8743 13
8744 39
8745 6
8746 27
8747 6
8748 1
8749 3
8750 1 16
8751 1
8752 27
8753 1
8754 34
8755 8
8756 1
8757 10
8758 13
8759 1
8760 13
8761 6
8762 5
8763 13
8764 5
8765 13
8766 18
8767 1
8768 36
8769 5
8770 27
8771 1
8772 5
8773 5
8774 32
8775 5
8776 27
8777 20
8778 15
8779 27
8780 8
8781 5
8782 1
8783 27
8784 1
8785 41
8786 18
8787 27
8788 15
8789 1
8790 27
8791 27
8792 23
8793 13
8794 10
8795 18
8796 10
8797 33
8798 10
8799 23
8800 38
8801 13
8802 13
8803 35
8804 1
8805 23
8806 13
8807 23
8808 27
8809 27
8810 36
8811 5
8812 27
8813 15
8814 6
8815 22
8816 10
8817 35
8818 18
8819 27
8820 36
8821 27
8822 5
8823 27
8824 33
8825 20
8826 1
8827 4
8828 10
8829 27
8830 3
8831 27
8832 19
8833 5
8834 19
8835 13
8836 27
8837 27
8838 1
8839 27
8840 5
8841 15
8842 10
8843 18
8844 1 7
8845 27
8846 23
8847 5
8848 23
8849 29
8850 1
8851 3
8852 2
8853 10
8854 1
8855 15
8856 10
8857 27
8858 17
8859 5
8860 1
8861 10
8862 27
8863 34
8864 25
8865 3
8866 1
8867 1
8868 13
8869 4
8870 1
8871 1
8872 27
8873 23
8874 38
8875 17
8876 10
8877 1
8878 36
8879 1
8880 22
8881 10
8882 5
8883 36
8884 5
8885 13
8886 1
8887 23
8888 8
8889 13
8890 27
8891 36
8892 27
8893 1
8894 18
8895 27
8896 18
8897 13
8898 10
8899 1
8900 27
8901 36
8902 37
8903 1
8904 10
8905 27
8906 1
8907 1
8908 23
8909 25
8910 6
8911 1
8912 27
8913 38
8914 18
8915 1 42
8916 13
8917 15
8918 27
8919 4
8920 10
8921 1
8922 15
8923 1
8924 5
8925 21
8926 38
8927 36
8928 18
8929 5
8930 1
8931 1
8932 27
8933 4
8934 36
8935 18
8936 5
8937 27
8938 25
8939 27
8940 19
8941 8
8942 1
8943 1
8944 1
8945 23
8946 4
8947 1
8948 5
8949 1
8950 10
8951 23
8952 36
8953 27
8954 27
8955 10
8956 27
8957 27
8958 1
8959 1
8960 23
8961 13
8962 23
8963 5
8964 13
8965 27
8966 1
8967 36
8968 13
8969 27
8970 11
8971 5
8972 27
8973 27
8974 6
8975 10
8976 1
8977 5
8978 32
8979 5
8980 27
8981 27
8982 13
8983 27
8984 1
8985 21
8986 18
8987 1
8988 32
8989 8
8990 5
8991 5
8992 27
8993 0
8994 27
8995 1
8996 4
8997 21
8998 1
8999 8
9000 8
9001 23
9002 27
9003 27
9004 27
9005 18
9006 39
9007 4
9008 8
9009 8
9010 36
9011 13
9012 6
9013 6
9014 13
9015 27
9016 27
9017 34
9018 5
9019 1
9020 17
9021 29
9022 10
9023 8
9024 17
9025 30
9026 18
9027 27
9028 27
9029 1
9030 36
9031 8
9032 29
9033 13
9034 27
9035 5
9036 22
9037 27
9038 5
9039 5
9040 25
9041 21
9042 8
9043 27
9044 36
9045 13
9046 27
9047 36
9048 18
9049 10
9050 33
9051 27
9052 10
9053 23
9054 1
9055 1 16
9056 27
9057 1
9058 36
9059 5
9060 19
9061 5
9062 10
9063 13
9064 1
9065 18
9066 5
9067 34
9068 1
9069 27
9070 19
9071 27
9072 1
9073 27
9074 27
9075 27
9076 5
9077 5
9078 27
9079 34
9080 5
9081 36
9082 23
9083 5
9084 41
9085 1
9086 23
9087 23
9088 15
9089 5
9090 5
9091 1
9092 1
9093 21
9094 18
9095 10
9096 19
9097 1
9098 1
9099 23
9100 17
9101 1
9102 36
9103 0
9104 27
9105 10
9106 27
9107 8
9108 27
9109 23
9110 27
9111 2
9112 27
9113 5
9114 1
9115 37
9116 27
9117 1
9118 23
9119 5
9120 23
9121 27
9122 29
9123 18
9124 10
9125 27
9126 27
9127 36
9128 6
9129 27
9130 13
9131 13
9132 1
9133 8
9134 27
9135 5
9136 23
9137 5
9138 10
9139 1
9140 37
9141 5
9142 10
9143 27
9144 22
9145 5
9146 6
9147 10
9148 27
9149 27
9150 27
9151 1
9152 22
9153 5
9154 4
9155 4
9156 25
9157 27
9158 27
9159 1
9160 5
9161 23
9162 1
9163 36
9164 5
9165 6
9166 27
9167 8
9168 1
9169 1
9170 5 6
9171 27
9172 8
9173 1
9174 15
9175 27
9176 27
9177 27
9178 4
9179 27
9180 1
9181 5
9182 27
9183 1
9184 1
9185 13
9186 27
9187 35
9188 1 7
9189 1
9190 1
9191 25
9192 36
9193 10
9194 0
9195 1
9196 1
9197 11
9198 27
9199 1
9200 5
9201 1
9202 1
9203 27
9204 1
9205 27
9206 27
9207 9 21
9208 5
9209 18
9210 1 16
9211 1
9212 10
9213 19
9214 8
9215 8
9216 1
9217 1
9218 1
9219 1
9220 1
9221 8
9222 27
9223 10
9224 5
9225 1
9226 15
9227 5
9228 13
9229 5
9230 5
9231 5
9232 15
9233 29
9234 11
9235 8
9236 27
9237 27
9238 34
9239 11
9240 5
9241 25
9242 1
9243 41
9244 17
9245 5
9246 13
9247 1
9248 27
9249 27
9250 1
9251 23
9252 32
9253 13
9254 1
9255 1
9256 5
9257 27
9258 5
9259 6
9260 27
9261 6
9262 15
9263 27
9264 13
9265 1
9266 23
9267 22
9268 38
9269 1
9270 1
9271 36
9272 5
9273 1
9274 27
9275 8
9276 27
9277 19
9278 27
9279 29
9280 3
9281 15
9282 1
9283 10
9284 5
9285 1
9286 23
9287 13
9288 5
9289 15
9290 5
9291 1
9292 5
9293 1
9294 1
9295 3
9296 5
9297 5
9298 36
9299 27
9300 20
9301 10
9302 23
9303 33
9304 36
9305 8
9306 32
9307 27
9308 13
9309 1
9310 18
9311 10
9312 27
9313 1
9314 1
9315 1
9316 1
9317 10
9318 8
9319 22
9320 23
9321 10 36
9322 23
9323 5
9324 13
9325 27
9326 13
9327 8
9328 23
9329 27
9330 8 9
9331 5
9332 27
9333 1
9334 8
9335 13
9336 1
9337 10
9338 5
9339 18
9340 1
9341 5
9342 1
9343 0
9344 5
9345 1
9346 13
9347 1
9348 1
9349 5
9350 27
9351 13
9352 32
9353 38
9354 15
9355 1
9356 2
9357 5
9358 20
9359 1
9360 23
9361 11
9362 13
9363 5
9364 15
9365 8
9366 1
9367 1
9368 5
9369 27
9370 25
9371 23
9372 27
9373 39
9374 5
9375 10
9376 27
9377 23
9378 27
9379 9 10
9380 18
9381 27
9382 20
9383 27
9384 27
9385 13
9386 27
9387 22
9388 27
9389 27
9390 1
9391 1
9392 1 7
9393 10
9394 27
9395 1
9396 2
9397 1
9398 23
9399 32
9400 15
9401 36
9402 10
9403 1
9404 8
9405 23
9406 27
9407 23
9408 4
9409 10 40
9410 27
9411 18
9412 13
9413 36
9414 15
9415 10
9416 5
9417 10
9418 37
9419 36
9420 17
9421 8
9422 39
9423 6
9424 27
9425 1
9426 33
9427 4
9428 13
9429 11
9430 27
9431 27
9432 1 7
9433 25
9434 13
9435 5
9436 36
9437 22
9438 5
9439 27
9440 8
9441 6
9442 38
9443 15
9444 10
9445 2
9446 11
9447 18
9448 13
9449 10
9450 10
9451 27
9452 27
9453 27
9454 27
9455 1
9456 1
9457 1
9458 1
9459 1
9460 27
9461 5
9462 8
9463 1
9464 27
9465 25
9466 27
9467 13
9468 19
9469 1
9470 23
9471 27
9472 5
9473 27
9474 5
9475 5
9476 9 39
9477 19
9478 8
9479 8
9480 4
9481 43
9482 4
9483 5
9484 1
9485 5
9486 34
9487 25
9488 5
9489 13
9490 18
9491 27
9492 23
9493 8
9494 1 16
9495 23
9496 1
9497 23
9498 33
9499 5
9500 1
9501 1
9502 30
9503 27
9504 23
9505 17
9506 19
9507 8
9508 23
9509 27
9510 10
9511 5
9512 1
9513 22
9514 0
9515 13
9516 1
9517 27
9518 5
9519 18
9520 1
9521 32
9522 8
9523 8
9524 27
9525 23
9526 0
9527 23
9528 22
9529 8
9530 19
9531 1
9532 4
9533 8
9534 22
9535 1
9536 21
9537 22
9538 27
9539 5
9540 37
9541 8
9542 27
9543 5
9544 1
9545 1
9546 27
9547 1
9548 27
9549 22
9550 5
9551 5
9552 36
9553 37
9554 6
9555 36
9556 1
9557 23
9558 10
9559 36 40
9560 17
9561 27
9562 27
9563 1
9564 25
9565 1
9566 23
9567 5
9568 23
9569 10
9570 1
9571 36
9572 13
9573 27
9574 4
9575 13
9576 6
9577 38
9578 18
9579 27
9580 23
9581 1
9582 27
9583 27
9584 5
9585 1
9586 33
9587 1
9588 17
9589 1
9590 23
9591 23
9592 27
9593 5
9594 8
9595 11
9596 13
9597 5
9598 27
9599 0
9600 27
9601 27
9602 4
9603 1 16
9604 2
9605 1
9606 1
9607 41
9608 32
9609 38
9610 1
9611 10
9612 5
9613 36
9614 8
9615 13
9616 20
9617 27
9618 10
9619 10
9620 10
9621 23
9622 1
9623 8
9624 1
9625 8
9626 1
9627 39
9628 5
9629 1
9630 11
9631 13
9632 1
9633 36
9634 1
9635 1
9636 15
9637 36
9638 23
9639 0
9640 32
9641 1 7
9642 32
9643 29
9644 1
9645 13
9646 1
9647 5
9648 10
9649 29
9650 4
9651 23
9652 17
9653 1
9654 27
9655 10
9656 8
9657 5
9658 27
9659 1
9660 1
9661 10
9662 8
9663 1
9664 27
9665 1
9666 1
9667 23
9668 1
9669 27
9670 1
9671 27
9672 27
9673 8
9674 5
9675 27
9676 2
9677 23
9678 37
9679 13
9680 10
9681 5
9682 27
9683 1
9684 5
9685 34
9686 8
9687 27
9688 1
9689 8
9690 36
9691 13
9692 36
9693 13
9694 13
9695 18
9696 23
9697 27
9698 21
9699 5
9700 5
9701 10
9702 17
9703 1
9704 1 7
9705 32
9706 37
9707 5
9708 1
9709 21
9710 39
9711 10
9712 1
9713 5
9714 27
9715 5
9716 38
9717 6
9718 36
9719 13
9720 17
9721 27
9722 11
9723 5
9724 8
9725 20
9726 21
9727 20
9728 13
9729 36
9730 5
9731 23
9732 18
9733 27
9734 27
9735 1
9736 5
9737 27
9738 27
9739 1
9740 10
9741 27
9742 27
9743 5
9744 4
9745 5
9746 13
9747 5
9748 18
9749 13
9750 13
9751 8
9752 4
9753 1
9754 1
9755 27
9756 22
9757 36
9758 0
9759 27
9760 27
9761 5
9762 23
9763 1
9764 27
9765 27
9766 4
9767 27
9768 5
9769 8
9770 13
9771 13
9772 8
9773 36
9774 22
9775 8
9776 18
9777 1
9778 27
9779 39
9780 5
9781 18
9782 27
9783 23
9784 1
9785 1
9786 29
9787 1
9788 1
9789 13
9790 31
9791 4
9792 27
9793 18
9794 15
9795 3
9796 5
9797 41
9798 1
9799 27
9800 5
9801 10
9802 8
9803 21
9804 5
9805 11
9806 1
9807 21
9808 27
9809 32
9810 27
9811 38
9812 10
9813 4
9814 5
9815 1 16
9816 4
9817 27
9818 1
9819 1
9820 27
9821 27
9822 23
9823 19
9824 1 7
9825 20
9826 5
9827 1
9828 1
9829 5
9830 1
9831 6
9832 6
9833 10
9834 1
9835 13
9836 8 9
9837 38
9838 5
9839 38
9840 19
9841 23
9842 11 37
9843 17
9844 10
9845 10
9846 27
9847 13
9848 23
9849 10
9850 5
9851 37
9852 5
9853 1
9854 10
9855 4
9856 1
9857 22
9858 33
9859 5
9860 5
9861 4
9862 33
9863 27
9864 4
9865 27
9866 5
9867 6
9868 37
9869 3
9870 13
9871 22
9872 1
9873 27
9874 4
9875 36
9876 15
9877 1
9878 27
9879 27
9880 1 16
9881 10
9882 20
9883 1 16
9884 37
9885 15
9886 17
9887 1 16
9888 27
9889 15
9890 5
9891 13
9892 13
9893 30
9894 13
9895 27
9896 27
9897 5
9898 5
9899 23
9900 39
9901 36
9902 18
9903 17
9904 5
9905 10
9906 39
9907 5
9908 1
9909 27
9910 27
9911 17 23
9912 32
9913 27
9914 18
9915 5
9916 37
9917 27
9918 1
9919 27
9920 3
9921 13
9922 27
9923 6
9924 5
9925 1
9926 8
9927 13
9928 5
9929 27
9930 10
9931 1
9932 5
9933 1
9934 1
9935 1
9936 12
9937 1
9938 27
9939 22
9940 36
9941 18
9942 27
9943 8
9944 27
9945 5
9946 36
9947 5
9948 17
9949 13
9950 23
9951 20
9952 23
9953 1
9954 23
9955 1
9956 1
9957 1
9958 27
9959 27
9960 36
9961 1
9962 13
9963 22
9964 5
9965 8
9966 17
9967 20
9968 4
9969 20
9970 1
9971 13
9972 22
9973 18
9974 0
9975 4
9976 10
9977 8
9978 6
9979 17
9980 36
9981 1 16
9982 1 16
9983 8
9984 1
9985 18
9986 10
9987 5
9988 22
9989 6
9990 23
9991 13
9992 27
9993 17
9994 1
9995 13
9996 19
9997 1
9998 36
9999 27
10000 17
10001 5
10002 4
10003 32
10004 6
10005 0
10006 6
10007 1
10008 6
10009 32
10010 27
10011 11
10012 27
10013 13
10014 10
10015 1
10016 23 37
10017 30
10018 27
10019 1
10020 27
10021 17
10022 23
10023 39
10024 1
10025 10
10026 5
10027 23
10028 2
10029 4
10030 5
10031 27
10032 33
10033 10
10034 1
10035 6
10036 22
10037 13
10038 1
10039 1
10040 1
10041 4
10042 27
10043 4
10044 5
10045 13
10046 36
10047 15
10048 12
10049 10
10050 2
10051 22
10052 1
10053 13
10054 23
10055 32
10056 1
10057 8
10058 27
10059 27
10060 22
10061 6
10062 6
10063 10
10064 13
10065 8
10066 27
10067 1
10068 4
10069 34
10070 5
10071 5
10072 1
10073 27
10074 3
10075 1
10076 25
10077 6
10078 13
10079 1
10080 27
10081 36
10082 27
10083 1
10084 15
10085 1
10086 36
10087 10
10088 27
10089 36
10090 22
10091 43
10092 10
10093 27
10094 27
10095 5
10096 23
10097 4 40
10098 1
10099 5
10100 5
10101 10
10102 27
10103 2
10104 23
10105 27
10106 27
10107 1
10108 3
10109 23
10110 18
10111 6
10112 1
10113 29
10114 8
10115 6
10116 36
10117 10
10118 5
10119 22
10120 23
10121 39
10122 8
10123 5
10124 20
10125 8
10126 1
10127 27
10128 8
10129 23
10130 37
10131 13
10132 23
10133 1 16
10134 27
10135 13
10136 1
10137 1
10138 5
10139 41
10140 5
10141 13
10142 8
10143 0
10144 4
10145 27
10146 22
10147 4 9
10148 1
10149 13
10150 34
10151 27
10152 8
10153 5
10154 20
10155 1
10156 22
10157 1
10158 4
10159 27
10160 27
10161 27
10162 27
10163 27
10164 27
10165 25
10166 1
10167 1
10168 1
10169 5
10170 2
10171 27
10172 8
10173 37
10174 21
10175 1
10176 13
10177 36
10178 1
10179 27
10180 41
10181 10
10182 4
10183 1
10184 1
10185 10
10186 1 16
10187 10
10188 27
10189 5
10190 11
10191 6
10192 23
10193 13
10194 1
10195 22
10196 2
10197 1
10198 37
10199 10
10200 27
10201 15
10202 5
10203 27
10204 1
10205 23
10206 8
10207 22
10208 20
10209 1
10210 27
10211 1
10212 21
10213 27
10214 18
10215 1
10216 8
10217 4
10218 3
10219 36
10220 27
10221 4 23
10222 33
10223 18
10224 8
10225 35
10226 1
10227 20
10228 2
10229 1
10230 27
10231 4
10232 1
10233 1
10234 1
10235 27
10236 1
10237 5
10238 22
10239 15
10240 27
10241 10
10242 5
10243 27
10244 17
10245 30
10246 10
10247 1
10248 27
10249 27
10250 37
10251 23
10252 27
10253 1
10254 10
10255 6
10256 13
10257 13
10258 37
10259 5
10260 5
10261 1
10262 19
10263 5
10264 1
10265 8
10266 5
10267 25
10268 13
10269 18
10270 6
10271 27
10272 13
10273 20
10274 25
10275 6
10276 1
10277 27
10278 27
10279 27
10280 39
10281 18
10282 1
10283 1
10284 1
10285 5
10286 5
10287 13
10288 5
10289 5
10290 5
10291 5
10292 23
10293 8
10294 10
10295 36
10296 23
10297 27
10298 27
10299 13
10300 27
10301 5
10302 27
10303 27
10304 1
10305 27
10306 23
10307 34
10308 5
10309 23
10310 13
10311 13
10312 1
10313 33
10314 27
10315 8
10316 19
10317 27
10318 5
10319 27 41
10320 27
10321 1
10322 36
10323 5
10324 13
10325 1
10326 13
10327 27
10328 27
10329 4
10330 18
10331 23
10332 1
10333 27
10334 18
10335 5
10336 1
10337 1
10338 15
10339 1
10340 1
10341 27
10342 39
10343 1
10344 27
10345 23
10346 23
10347 5
10348 10
10349 5
10350 5
10351 27
10352 32
10353 27
10354 27
10355 1
10356 1
10357 5
10358 30
10359 4
10360 1
10361 27
10362 2
10363 27
10364 27
10365 5
10366 39
10367 1
10368 27
10369 13
10370 5
10371 5
10372 23
10373 21
10374 1
10375 27
10376 13
10377 37
10378 1 7
10379 13
10380 1
10381 27
10382 41
10383 13 20
10384 5
10385 22
10386 1
10387 5
10388 1
10389 10
10390 1
10391 15
10392 19
10393 8
10394 18
10395 3
10396 27
10397 15
10398 6
10399 25
10400 5
10401 3
10402 22
10403 5
10404 37
10405 5
10406 19
10407 18
10408 0
10409 1
10410 19
10411 27
10412 13
10413 1
10414 13
10415 18
10416 1
10417 13
10418 33
10419 1
10420 23
10421 5
10422 5
10423 27
10424 32
10425 27
10426 6
10427 1
10428 1
10429 17
10430 5
10431 5
10432 1
10433 37
10434 23
10435 1
10436 5
10437 8
10438 23
10439 6
10440 18
10441 5
10442 27
10443 15
10444 5
10445 5
10446 1
10447 1
10448 1
10449 1
10450 5
10451 10
10452 27
10453 36
10454 1
10455 8
10456 1 16
10457 18
10458 17
10459 9 10
10460 27
10461 1
10462 1
10463 1
10464 13
10465 10
10466 1
10467 6
10468 27
10469 27
10470 1 7
10471 5
10472 1
10473 1
10474 27
10475 5
10476 1 16
10477 13
10478 5
10479 27
10480 27
10481 27
10482 13
10483 1
10484 27
10485 27
10486 1
10487 10
10488 1
10489 4
10490 3
10491 4
10492 27
10493 5
10494 10
10495 2
10496 4
10497 5
10498 5
10499 1
10500 4
10501 2
10502 10
10503 27
10504 5
10505 34
10506 1
10507 8
10508 1
10509 1
10510 5
10511 6
10512 17
10513 1
10514 1
10515 0
10516 20
10517 27
10518 27
10519 5
10520 17
10521 23
10522 1
10523 1
10524 1
10525 6
10526 5
10527 1
10528 27
10529 18
10530 27
10531 27
10532 10
10533 5
10534 10
10535 27
10536 20
10537 10
10538 4
10539 23
10540 8
10541 13
10542 4
10543 27
10544 1
10545 27
10546 0
10547 15
10548 27
10549 38
10550 18
10551 5
10552 5
10553 5
10554 33
10555 5
10556 5
10557 1
10558 8
10559 18
10560 39
10561 23
10562 18
10563 23
10564 1
10565 1
10566 22
10567 1
10568 27
10569 19
10570 5
10571 22
10572 1
10573 4
10574 27
10575 8
10576 1
10577 27
10578 13
10579 27
10580 32
10581 15
10582 5
10583 13
10584 1
10585 1
10586 8
10587 5
10588 27
10589 5
10590 1
10591 4
10592 23
10593 8
10594 13
10595 6
10596 1
10597 27
10598 13
10599 27
10600 1 16
10601 13
10602 1
10603 27
10604 23
10605 0
10606 1
10607 27
10608 1
10609 13
10610 27
10611 32
10612 1
10613 27
10614 4
10615 29
10616 27
10617 13
10618 27
10619 1
10620 5
10621 1
10622 2
10623 5
10624 27
10625 36
10626 18
10627 4
10628 34
10629 27
10630 34
10631 1
10632 27
10633 2
10634 27
10635 5
10636 1
10637 13
10638 27
10639 41
10640 25
10641 27
10642 27
10643 41
10644 5
10645 13
10646 27
10647 15
10648 1
10649 18
10650 10
10651 10
10652 1
10653 27
10654 23
10655 4
10656 6 7
10657 39
10658 13
10659 12
10660 1
10661 27
10662 27
10663 39
10664 1
10665 36
10666 23
10667 27
10668 1
10669 6
10670 2
10671 5
10672 27
10673 1
10674 1
10675 27
10676 4
10677 0
10678 27
10679 27
10680 27
10681 1
10682 27
10683 5
10684 27
10685 1
10686 1
10687 5
10688 13
10689 1
10690 13
10691 5
10692 1
10693 1
10694 18
10695 1
10696 1
10697 5
10698 5
10699 10
10700 39
10701 27
10702 25
10703 13
10704 36
10705 27
10706 27
10707 27
10708 18
10709 5
10710 1
10711 1
10712 23
10713 27
10714 13
10715 1
10716 0
10717 1
10718 27
10719 36
10720 5
10721 10
10722 10
10723 36
10724 17 40
10725 5
10726 8
10727 8
10728 27
10729 27
10730 8
10731 36
10732 1
10733 36
10734 1
10735 1
10736 5
10737 23
10738 1
10739 1 16
10740 1 16
10741 27
10742 5
10743 5
10744 5
10745 26
10746 1
10747 6
10748 10
10749 1
10750 27
10751 1
10752 13
10753 27
10754 13
10755 35
10756 27
10757 27
10758 27
10759 17
10760 1 7
10761 1
10762 18
10763 27
10764 5
10765 23
10766 37
10767 37
10768 38
10769 5
10770 8
10771 5
10772 1
10773 1
10774 22
10775 8
10776 8
10777 29
10778 27
10779 5
10780 1
10781 25
10782 13
10783 27
10784 1
10785 41
10786 1
10787 36
10788 1
10789 13
10790 2
10791 13
10792 18
10793 36
10794 4
10795 2
10796 5
10797 13
10798 38
10799 8
10800 5
10801 1
10802 28
10803 13
10804 31
10805 1
10806 13
10807 13
10808 1 16
10809 5
10810 5
10811 43
10812 15
10813 27
10814 13
10815 8
10816 11
10817 11
10818 27
10819 38
10820 18
10821 27
10822 19
10823 4
10824 25
10825 20
10826 1
10827 4
10828 4
10829 23
10830 1
10831 38
10832 18
10833 13
10834 9 10
10835 27
10836 5
10837 23
10838 8
10839 22
10840 6
10841 41
10842 27
10843 10
10844 41
10845 10
10846 1
10847 27
10848 5
10849 28
10850 1
10851 27
10852 10
10853 37
10854 6
10855 5
10856 27
10857 1
10858 22
10859 1 16
10860 1
10861 6
10862 8
10863 33
10864 13
10865 13
10866 27
10867 20
10868 18
10869 23
10870 27
10871 13
10872 1
10873 27
10874 1
10875 22
10876 13
10877 8
10878 1
10879 1
10880 27
10881 21
10882 1
10883 8
10884 9 10
10885 22
10886 5
10887 1
10888 32
10889 1
10890 27
10891 10
10892 5
10893 13
10894 27
10895 1
10896 27
10897 5
10898 20
10899 3
10900 25
10901 1
10902 5
10903 23
10904 37
10905 4
10906 10
10907 23
10908 8
10909 27
10910 17
10911 18
10912 27
10913 1
10914 19
10915 32
10916 1
10917 13
10918 27
10919 27
10920 6
10921 1
10922 23
10923 1
10924 1 7
10925 1
10926 27
10927 5
10928 27
10929 10
10930 20
10931 4
10932 27
10933 1
10934 1
10935 5
10936 27
10937 27
10938 18
10939 8
10940 10
10941 10
10942 36
10943 27
10944 11
10945 13
10946 27
10947 41
10948 10
10949 10
10950 36
10951 5
10952 6
10953 27
10954 33
10955 15
10956 37
10957 22
10958 1
10959 1
10960 5
10961 13
10962 34
10963 10
10964 11
10965 23
10966 27
10967 5
10968 23
10969 27
10970 22
10971 1
10972 1
10973 1 16
10974 4
10975 11
10976 27
10977 25
10978 5
10979 22
10980 1
10981 15
10982 10
10983 23
10984 5
10985 1
10986 17
10987 5
10988 27
10989 13
10990 27
10991 27
10992 19
10993 36
10994 27
10995 1
10996 8
10997 27
10998 6
10999 21
11000 39
11001 5
11002 8
11003 13
11004 27
11005 1
11006 5
11007 18
11008 4
11009 5
11010 33
11011 8
11012 15
11013 1
11014 1
11015 1
11016 5
11017 17
11018 39
11019 33
11020 23
11021 1
11022 8
11023 5
11024 4
11025 10
11026 5
11027 1
11028 27
11029 27
11030 5
11031 5
11032 15
11033 22
11034 27
11035 17
11036 5
11037 1
11038 17
11039 27
11040 10
11041 1
11042 27
11043 37
11044 27
11045 23
11046 1
11047 27
11048 5
11049 22
11050 3
11051 1
11052 27
11053 41
11054 37
11055 1
11056 20
11057 32
11058 37
11059 5
11060 5
11061 27
11062 5
11063 13
11064 1
11065 5
11066 6
11067 38
11068 6
11069 36
11070 1
11071 5
11072 32
11073 23
11074 23
11075 18
11076 27
11077 27
11078 5
11079 1
11080 27
11081 5
11082 27
11083 13
11084 27
11085 8
11086 1
11087 6
11088 8
11089 37
11090 23
11091 13
11092 22
11093 1
11094 17
11095 20
11096 38
11097 1
11098 1
11099 8
11100 1
11101 8
11102 27
11103 5
11104 17
11105 5
11106 30
11107 5
11108 17
11109 4
11110 1
11111 5
11112 10
11113 34
11114 5
11115 17
11116 5
11117 11
11118 27
11119 3
11120 1
11121 27
11122 3
11123 1
11124 22
11125 12
11126 36
11127 1
11128 4
11129 11
11130 10
11131 1
11132 17
11133 5
11134 1
11135 27
11136 27
11137 23
11138 25
11139 10
11140 10
11141 23
11142 23
11143 1
11144 27
11145 27
11146 3
11147 27
11148 1
11149 1
11150 27
11151 1
11152 5
11153 10
11154 23
11155 18
11156 10
11157 17
11158 36
11159 19
11160 36
11161 1
11162 5
11163 1
11164 13
11165 23
11166 8
11167 1
11168 13
11169 13
11170 1
11171 1
11172 11
11173 1
11174 1
11175 41
11176 13
11177 27
11178 23
11179 10
11180 1 16
11181 23
11182 41
11183 6
11184 18
11185 15
11186 1
11187 5
11188 1
11189 1
11190 19
11191 1
11192 27
11193 1
11194 27
11195 12
11196 1
11197 22
11198 5
11199 10
11200 23
11201 5
11202 13
11203 13
11204 27
11205 41
11206 1
11207 5
11208 23
11209 23
11210 39
11211 33
11212 1
11213 5
11214 6
11215 27
11216 2
11217 10
11218 27
11219 23
11220 5
11221 25
11222 3
11223 4
11224 27
11225 1
11226 23
11227 33
11228 5
11229 5
11230 1
11231 13
11232 27
11233 1
11234 1
11235 27
11236 41
11237 4
11238 8
11239 23
11240 6
11241 5
11242 1
11243 23
11244 5
11245 27
11246 23
11247 19
11248 13
11249 13
11250 5
11251 32
11252 23
11253 5
11254 15
11255 10
11256 1
11257 5
11258 13
11259 5
11260 10
11261 1
11262 25
11263 27
11264 1
11265 13
11266 27
11267 27
11268 5
11269 5
11270 1
11271 1
11272 4
11273 1
11274 1
11275 1
11276 36
11277 27
11278 15
11279 22
11280 13
11281 37
11282 5
11283 1
11284 4
11285 27
11286 38
11287 41
11288 4
11289 17
11290 23
11291 15
11292 27
11293 13
11294 1
11295 10
11296 36
11297 8
11298 36
11299 13
11300 27
11301 23
11302 8
11303 27
11304 6
11305 27
11306 6
11307 9 10
11308 27
11309 5
11310 6
11311 1
11312 31
11313 36
11314 27
11315 8
11316 1
11317 27
11318 13
11319 5
11320 8
11321 1
11322 10
11323 8
11324 5
11325 34
11326 27
11327 27
11328 17
11329 18
11330 1
11331 5
11332 17
11333 1
11334 27
11335 13
11336 27
11337 5
11338 1
11339 23
11340 27
11341 23
11342 18
11343 27
11344 5
11345 23
11346 8
11347 27
11348 4
11349 1
11350 13
11351 1
11352 13
11353 10
11354 1
11355 11
11356 8
11357 13
11358 1
11359 27
11360 6
11361 1
11362 10
11363 1
11364 5
11365 1
11366 27
11367 5
11368 18
11369 20
11370 4
11371 1
11372 1
11373 10
11374 27
11375 1
11376 1
11377 5
11378 41
11379 1
11380 18
11381 27
11382 25
11383 27
11384 36
11385 23
11386 1
11387 15
11388 1
11389 4
11390 27
11391 1
11392 25
11393 27
11394 8
11395 10
11396 1
11397 1
11398 27
11399 5
11400 6
11401 5
11402 22
11403 25
11404 27
11405 1
11406 27
11407 1 7
11408 21
11409 17
11410 1
11411 34
11412 10
11413 1
11414 27
11415 17
11416 1
11417 5
11418 41
11419 5
11420 18
11421 5
11422 27
11423 36
11424 39
11425 27
11426 6
11427 27
11428 8
11429 27
11430 8
11431 27
11432 13
11433 27
11434 3
11435 10
11436 1
11437 8
11438 20
11439 27
11440 1
11441 15
11442 10
11443 8
11444 27
11445 1
11446 8
11447 19
11448 10
11449 27
11450 5
11451 23
11452 1
11453 4
11454 1
11455 5
11456 1
11457 27
11458 23
11459 38
11460 1
11461 27
11462 15
11463 22
11464 1
11465 5
11466 1
11467 1
11468 1
11469 3
11470 1
11471 5
11472 5
11473 1
11474 5
11475 27
11476 13
11477 27
11478 27
11479 25
11480 27
11481 27
11482 15
11483 23
11484 1
11485 13
11486 27
11487 23
11488 21
11489 5
11490 8
11491 10
11492 27
11493 1
11494 15
11495 17
11496 20
11497 27
11498 17
11499 5
11500 1
11501 2
11502 6
11503 35
11504 20
11505 27
11506 13
11507 4
11508 19
11509 27
11510 27
11511 1
11512 5
11513 1
11514 27
11515 11
11516 27
11517 27
11518 23
11519 22
11520 1
11521 0
11522 27
11523 10
11524 33
11525 6
11526 1
11527 5
11528 27
11529 1
11530 13
11531 8
11532 23
11533 27
11534 10
11535 27
11536 1
11537 1
11538 5
11539 8
11540 38
11541 2
11542 36
11543 1
11544 1
11545 22
11546 1
11547 8
11548 5
11549 27
11550 5
11551 27
11552 1
11553 5
11554 5
11555 25
11556 27
11557 1
11558 20
11559 21
11560 5
11561 4
11562 27
11563 27
11564 23
11565 33
11566 36
11567 6
11568 1
11569 10
11570 10
11571 1
11572 6
11573 5
11574 4
11575 5
11576 36
11577 1
11578 13
11579 41
11580 1
11581 1
11582 37
11583 5
11584 20
11585 8
11586 27
11587 38
11588 4
11589 1
11590 8
11591 1
11592 10
11593 5
11594 23
11595 1
11596 1
11597 8
11598 41
11599 18
11600 23
11601 8
11602 27
11603 32
11604 1
11605 1 16
11606 19 40
11607 18
11608 1
11609 10
11610 1
11611 13
11612 1
11613 1
11614 5
11615 13
11616 27
11617 27
11618 39
11619 27
11620 1
11621 13
11622 5
11623 27
11624 1
11625 6
11626 5
11627 22
11628 2
11629 10
11630 18
11631 23
11632 10
11633 15
11634 1
11635 19
11636 15
11637 13
11638 15
11639 1
11640 27
11641 8
11642 1 16
11643 27
11644 1
11645 41
11646 5
11647 5
11648 5
11649 36
11650 27
11651 27
11652 1
11653 19
11654 1 16
11655 1
11656 27
11657 11
11658 5
11659 8
11660 34
11661 5
11662 22
11663 27
11664 27
11665 10
11666 39
11667 27
11668 1
11669 1
11670 27
11671 25
11672 1
11673 1
11674 22
11675 10
11676 1
11677 1
11678 13
11679 10
11680 23
11681 1
11682 13
11683 34
11684 27
11685 6
11686 1
11687 1
11688 13
11689 27
11690 1
11691 27
11692 5
11693 1
11694 17
11695 19
11696 10
11697 3
11698 32
11699 33
11700 10
11701 1
11702 1
11703 23
11704 5
11705 1
11706 8
11707 23
11708 27
11709 29
11710 13
11711 23
11712 10
11713 27
11714 1
11715 0
11716 23
11717 1
11718 8
11719 5
11720 1
11721 11
11722 27
11723 1
11724 1
11725 25
11726 33
11727 10
11728 10
11729 23
11730 1
11731 5
11732 23
11733 25
11734 27
11735 5
11736 1
11737 27
11738 1
11739 5
11740 23
11741 41
11742 27
11743 27
11744 36
11745 23
11746 10
11747 1
11748 27
11749 27
11750 1
11751 1
11752 8
11753 0
11754 1
11755 1
11756 1
11757 6
11758 13
11759 33
11760 39
11761 27
11762 19
11763 5
11764 36
11765 1
11766 13
11767 41
11768 10
11769 0
11770 5
11771 27
11772 5
11773 27
11774 22
11775 10
11776 10
11777 6
11778 8
11779 5
11780 27
11781 27
11782 0
11783 10
11784 1
11785 1
11786 1
11787 34
11788 32
11789 5
11790 6
11791 27
11792 6
11793 10 14 24
11794 1
11795 27
11796 1 7
11797 13
11798 2
11799 18
11800 36
11801 23
11802 27
11803 18
11804 27
11805 21
11806 37
11807 13
11808 27
11809 13
11810 1
11811 23
11812 8
11813 13
11814 1
11815 5
11816 1
11817 1 16
11818 1
11819 1 16
11820 5
11821 27
11822 1
11823 11
11824 17
11825 33
11826 1
11827 27
11828 1
11829 36
11830 27
11831 27
11832 10
11833 5
11834 19
11835 27
11836 1
11837 10
11838 26
11839 1
11840 1
11841 34
11842 27
11843 23
11844 23
11845 23
11846 6
11847 37
11848 1
11849 1
11850 23
11851 27
11852 41
11853 5
11854 4
11855 5
11856 35
11857 5
11858 27
11859 41
11860 8
11861 29
11862 23
11863 27
11864 1
11865 4
11866 4
11867 5
11868 36
11869 27
11870 36
11871 22
11872 5
11873 10
11874 10
11875 36
11876 5
11877 1
11878 1
11879 5
11880 41
11881 27
11882 10
11883 8
11884 1
11885 27
11886 27
11887 1
11888 41
11889 15
11890 27
11891 1
11892 41
11893 27
11894 5
11895 8
11896 10
11897 17
11898 27
11899 34
11900 27
11901 37
11902 1
11903 25
11904 13
11905 15
11906 5
11907 5
11908 10
11909 24 29
11910 2
11911 34
11912 22
11913 27
11914 1
11915 25
11916 1
11917 5
11918 18
11919 1
11920 10
11921 36
11922 15
11923 27
11924 22 23
11925 8
11926 5
11927 5 37
11928 13
11929 8
11930 1
11931 41
11932 27
11933 11
11934 27
11935 10
11936 1 16
11937 13
11938 1
11939 4
11940 5
11941 4
11942 13
11943 18
11944 13
11945 1
11946 1 7
11947 1
11948 13
11949 8
11950 6
11951 4
11952 1
11953 1
11954 27
11955 5
11956 36
11957 37
11958 27
11959 10
11960 41
11961 21
11962 10
11963 27
11964 23
11965 5
11966 1
11967 1
11968 4
11969 13
11970 20
11971 18
11972 27
11973 13
11974 27
11975 27
11976 37
11977 22
11978 1
11979 5
11980 19
11981 5
11982 18
11983 1
11984 27
11985 13
11986 1
11987 0
11988 27
11989 33
11990 15
11991 22
11992 13
11993 5
11994 2
11995 1
11996 5
11997 25
11998 27
11999 13
12000 22
12001 1
12002 12
12003 1
12004 10
12005 13
12006 41
12007 23
12008 22
12009 6
12010 1
12011 10
12012 1
12013 33
12014 32
12015 37
12016 41
12017 23
12018 5
12019 13
12020 1
12021 5
12022 1
12023 10
12024 27
12025 1
12026 15
12027 1 16
12028 19
12029 13
12030 10
12031 10
12032 32
12033 1
12034 1
12035 27
12036 1
12037 20
12038 25
12039 31
12040 13
12041 1
12042 5
12043 21
12044 20
12045 10
12046 33
12047 10
12048 1
12049 4
12050 38
12051 1
12052 1
12053 1
12054 5
12055 13
12056 8
12057 1 7
12058 13
12059 23
12060 1
12061 13
12062 22
12063 10
12064 22
12065 8
12066 36
12067 23
12068 5
12069 1
12070 3
12071 1
12072 27
12073 18
12074 2
12075 1
12076 1
12077 10
12078 5
12079 13
12080 5
12081 8
12082 18
12083 5
12084 23
12085 23
12086 4
12087 1
12088 4
12089 22
12090 22
12091 27
12092 39
12093 5
12094 13
12095 15
12096 10
12097 1
12098 15
12099 27
12100 27
12101 18
12102 23
12103 19
12104 13
12105 10
12106 1
12107 18
12108 27
12109 15
12110 4
12111 25
12112 33
12113 27
12114 5
12115 4 5
12116 13
12117 0
12118 5
12119 23
12120 19
12121 32
12122 27
12123 13
12124 1
12125 27
12126 37
12127 27
12128 8
12129 5
12130 33
12131 13
12132 27
12133 1
12134 1
12135 23
12136 15
12137 3
12138 10
12139 27
12140 39
12141 22
12142 27
12143 23
12144 1
12145 27
12146 38
12147 4
12148 13
12149 1
12150 34
12151 13
12152 27
12153 1
12154 17
12155 27
12156 13
12157 0
12158 1
12159 23
12160 8
12161 30
12162 15
12163 10
12164 13
12165 13
12166 5
12167 0
12168 5
12169 27
12170 36
12171 27
12172 19
12173 1
12174 1 16
12175 1
12176 4
12177 5
12178 27
12179 8
12180 13
12181 23
12182 1 16
12183 27
12184 13
12185 13
12186 1
12187 9 19
12188 23
12189 1
12190 13
12191 13
12192 18
12193 8
12194 41
12195 5
12196 1
12197 1
12198 33
12199 18
12200 8
12201 13
12202 1
12203 19
12204 1
12205 38
12206 1
12207 18
12208 23
12209 5
12210 18
12211 1
12212 13
12213 5
12214 17
12215 27
12216 27
12217 13
12218 32
12219 6
12220 10
12221 5
12222 36
12223 5
12224 27
12225 37
12226 1
12227 23
12228 4
12229 25
12230 19
12231 1
12232 4
12233 33
12234 10
12235 13
12236 19
12237 17
12238 20
12239 13
12240 5
12241 4
12242 5
12243 39
12244 1
12245 13
12246 13
12247 18
12248 2
12249 27
12250 10
12251 5
12252 37
12253 13
12254 13
12255 8
12256 5
12257 1
12258 1
12259 6
12260 19
12261 1
12262 27
12263 8
12264 37
12265 1
12266 8
12267 1 16
12268 5
12269 1
12270 1 7
12271 5
12272 5
12273 1
12274 22
12275 5
12276 20
12277 6
12278 27
12279 5
12280 27
12281 33
12282 19
12283 5
12284 4
12285 13
12286 27
12287 1
12288 5
12289 5
12290 17
12291 28 36
12292 27
12293 1
12294 36
12295 11
12296 1
12297 27
12298 23 37
12299 5
12300 5
12301 8
12302 38
12303 32
12304 18
12305 1
12306 10
12307 1
12308 18
12309 1
12310 27
12311 6
12312 1
12313 23
12314 13
12315 5
12316 27
12317 36
12318 1
12319 27
12320 1
12321 1
12322 5
12323 1
12324 36
12325 1 16
12326 19
12327 18
12328 5
12329 5
12330 1
12331 32
12332 1
12333 5
12334 13
12335 17
12336 13
12337 1
12338 13
12339 39
12340 27
12341 27
12342 5
12343 1
12344 27
12345 5
12346 0
12347 4
12348 1
12349 23
12350 27
12351 1
12352 10
12353 11
12354 6
12355 5
12356 39
12357 27
12358 6
12359 10
12360 13
12361 5
12362 38
12363 13
12364 37
12365 8
12366 1
12367 2
12368 1
12369 15
12370 8
12371 1
12372 5
12373 23
12374 10
12375 1
12376 1 7
12377 38
12378 39
12379 27
12380 8
12381 1
12382 10
12383 38
12384 13
12385 23
12386 37
12387 5
12388 27
12389 27
12390 22
12391 23
12392 4
12393 1
12394 27
12395 10
12396 1 16
12397 5
12398 1
12399 1
12400 27
12401 31
12402 27
12403 5
12404 41
12405 5
12406 1
12407 1 16
12408 6
12409 5
12410 27
12411 5
12412 1
12413 37
12414 37
12415 27
12416 10
12417 4
12418 2
12419 1
12420 20
12421 1
12422 27
12423 18
12424 27
12425 32
12426 1
12427 22
12428 25
12429 23
12430 27
12431 19
12432 4
12433 19
12434 5
12435 5
12436 27
12437 13
12438 6
12439 1
12440 1
12441 1
12442 23
12443 3
12444 5
12445 1
12446 40
12447 5
12448 27
12449 27
12450 6
12451 6
12452 8
12453 5
12454 34
12455 1
12456 13
12457 10
12458 33
12459 18
12460 1
12461 22
12462 27
12463 22
12464 27
12465 1
12466 27
12467 8
12468 6
12469 5
12470 5
12471 1
12472 27
12473 4
12474 22
12475 27
12476 27
12477 1
12478 10
12479 1
12480 1
12481 20
12482 5
12483 1
12484 5
12485 18
12486 5
12487 27
12488 18
12489 1
12490 5
12491 27
12492 27
12493 6
12494 5
12495 1
12496 1
12497 10
12498 1
12499 4
12500 6
12501 18
12502 5
12503 1
12504 27
12505 1
12506 27
12507 1
12508 8
12509 1
12510 5
12511 15
12512 18
12513 15
12514 1
12515 5
12516 6
12517 1
12518 18
12519 1
12520 5
12521 27
12522 1
12523 10
12524 5
12525 1
12526 1
12527 1
12528 5
12529 1
12530 13
12531 5
12532 22
12533 5
12534 10
12535 4
12536 5
12537 10
12538 23
12539 8
12540 6
12541 22
12542 1
12543 4
12544 27
12545 13
12546 36
12547 19
12548 25
12549 8
12550 36 40
12551 5
12552 10
12553 10
12554 13
12555 5
12556 27
12557 27
12558 23
12559 29
12560 8
12561 41
12562 1
12563 8
12564 36
12565 10
12566 23
12567 1
12568 1
12569 13
12570 8
12571 1
12572 8
12573 5
12574 27
12575 10
12576 23
12577 38
12578 27
12579 36
12580 8
12581 23
12582 1
12583 1
12584 27
12585 27
12586 10
12587 27
12588 23
12589 22
12590 27
12591 41
12592 41
12593 39
12594 27
12595 13
12596 1
12597 5
12598 22
12599 27
12600 1
12601 1
12602 36
12603 33
12604 27
12605 13
12606 1
12607 5
12608 17
12609 5
12610 22
12611 8
12612 27
12613 10
12614 1
12615 27
12616 8
12617 1
12618 1 16
12619 1
12620 27
12621 5
12622 27
12623 38
12624 1
12625 8
12626 13
12627 1
12628 1
12629 36
12630 27
12631 27
12632 1
12633 5
12634 5
12635 1
12636 27
12637 5
12638 23
12639 1
12640 4
12641 8
12642 8
12643 4
12644 27
12645 27
12646 1 7
12647 5
12648 5
12649 10
12650 10
12651 4
12652 27
12653 5
12654 5
12655 13
12656 4
12657 27
12658 13
12659 13
12660 2
12661 5
12662 27
12663 13
12664 1 16
12665 10
12666 27
12667 27
12668 11
12669 1
12670 5
12671 1
12672 27
12673 19
12674 41
12675 1
12676 36
12677 8
12678 27
12679 38
12680 19
12681 19
12682 26
12683 27
12684 23
12685 8
12686 1
12687 13
12688 5
12689 6
12690 5
12691 1
12692 38
12693 10
12694 5
12695 11
12696 10
12697 23
12698 5
12699 10
12700 18
12701 27
12702 8
12703 6
12704 28
12705 5
12706 41
12707 23
12708 36
12709 5
12710 23
12711 1
12712 12
12713 4
12714 25
12715 1
12716 1
12717 18
12718 1
12719 39
12720 38
12721 25
12722 4
12723 18
12724 27
12725 20
12726 11
12727 37
12728 10
12729 13
12730 27
12731 8
12732 27
12733 39
12734 1
12735 20
12736 1
12737 25
12738 27
12739 19
12740 41
12741 1 42
12742 6
12743 27
12744 3 22
12745 27
12746 36
12747 6
12748 20
12749 1
12750 5
12751 1 16
12752 10
12753 27
12754 13
12755 1
12756 23
12757 27
12758 4
12759 22
12760 27
12761 27
12762 33
12763 1
12764 13
12765 27
12766 1
12767 8
12768 5
12769 1
12770 1
12771 2
12772 5
12773 19
12774 13
12775 27
12776 5
12777 10
12778 13
12779 27
12780 1
12781 27
12782 1 16
12783 23
12784 1
12785 10
12786 5
12787 20
12788 17
12789 8
12790 5
12791 6
12792 27
12793 1
12794 18
12795 13
12796 3
12797 19
12798 38
12799 23
12800 27
12801 27
12802 0
12803 1
12804 23
12805 1
12806 36
12807 1
12808 27
12809 6
12810 36
12811 27
12812 37
12813 1
12814 25
12815 1
12816 18
12817 5
12818 5
12819 36
12820 27
12821 10
12822 5
12823 1
12824 23
12825 1
12826 27
12827 27
12828 5
12829 1
12830 18
12831 5
12832 1
12833 27
12834 10
12835 10
12836 1
12837 8
12838 27
12839 5
12840 8
12841 1
12842 5
12843 5
12844 18
12845 5
12846 1
12847 27
12848 27
12849 17
12850 5
12851 1 7
12852 27
12853 27
12854 22
12855 3
12856 22
12857 28
12858 8
12859 1
12860 1
12861 1
12862 5
12863 5
12864 23
12865 34
12866 36
12867 5
12868 1
12869 36
12870 1
12871 27
12872 22
12873 5
12874 1
12875 19
12876 4
12877 6
12878 22
12879 1
12880 21
12881 27
12882 33
12883 36
12884 19
12885 5
12886 36
12887 5
12888 41
12889 41
12890 1
12891 1
12892 37
12893 1
12894 1
12895 1
12896 10
12897 1
12898 1
12899 1
12900 1
12901 10
12902 5
12903 1 16
12904 10 24 40
12905 5
12906 1
12907 13
12908 22
12909 1
12910 1 7
12911 8
12912 5
12913 5
12914 27
12915 1
12916 27
12917 23
12918 27
12919 1
12920 15
12921 1
12922 5
12923 27
12924 15
12925 13
12926 1
12927 1
12928 41
12929 1
12930 27
12931 36
12932 27
12933 4
12934 1
12935 1
12936 5
12937 20
12938 38
12939 13
12940 1
12941 27
12942 22
12943 1
12944 1
12945 23
12946 18
12947 41
12948 27
12949 1
12950 8
12951 5
12952 27
12953 23
12954 27
12955 10
12956 1
12957 19
12958 1
12959 8
12960 15
12961 17
12962 23
12963 18
12964 2
12965 2
12966 27
12967 1
12968 27
12969 1
12970 15
12971 27
12972 1
12973 3
12974 1 16
12975 4
12976 5
12977 12
12978 5
12979 27
12980 18
12981 5
12982 27
12983 10
12984 5
12985 36
12986 36
12987 5
12988 27
12989 13
12990 17 40
12991 4
12992 5
12993 1
12994 8
12995 1 16
12996 1
12997 1
12998 33
12999 5
13000 36
13001 27
13002 23
13003 5
13004 27
13005 27
13006 5
13007 27
13008 27
13009 23
13010 1
13011 1
13012 32
13013 1
13014 18
13015 1
13016 18
13017 10
13018 11
13019 27
13020 27
13021 27
13022 19
13023 17
13024 10
13025 19
13026 5
13027 1
13028 1
13029 5
13030 27
13031 13
13032 10
13033 27
13034 38
13035 13
13036 10
13037 23
13038 5
13039 5
13040 27
13041 23
13042 1
13043 13
13044 36
13045 27
13046 22
13047 26
13048 27
13049 22
13050 10
13051 17
13052 18
13053 25
13054 1
13055 29
13056 36
13057 3
13058 36
13059 34
13060 18
13061 27
13062 36
13063 6
13064 33
13065 1
13066 8
13067 13
13068 10
13069 27
13070 1
13071 38
13072 10
13073 22
13074 5
13075 1
13076 23
13077 27
13078 8
13079 37
13080 4
13081 1
13082 23
13083 27
13084 1
13085 18
13086 2
13087 23
13088 39
13089 1
13090 10
13091 5
13092 5
13093 22
13094 41
13095 36
13096 8
13097 23
13098 1
13099 1
13100 1
13101 21
13102 27
13103 18
13104 18
13105 1
13106 39
13107 1
13108 1
13109 1
13110 2
13111 1
13112 1
13113 3
13114 5
13115 1
13116 27
13117 13
13118 13
13119 13
13120 5
13121 27
13122 5
13123 5
13124 1
13125 36
13126 27
13127 1
13128 27
13129 10
13130 1
13131 18
13132 10
13133 13
13134 10
13135 6
13136 18
13137 19
13138 23
13139 13
13140 27
13141 27
13142 1
13143 4
13144 18
13145 5
13146 1
13147 27
13148 11
13149 8
13150 5
13151 27
13152 5
13153 27
13154 1
13155 27
13156 5
13157 38
13158 1
13159 38
13160 4
13161 18
13162 5
13163 5
13164 23
13165 10
13166 5
13167 27
13168 33
13169 27
13170 15
13171 27
13172 8
13173 27
13174 41
13175 1
13176 19
13177 27
13178 1
13179 27
13180 4
13181 10
13182 1
13183 23
13184 10
13185 20
13186 1
13187 27
13188 6
13189 5
13190 1
13191 8
13192 5
13193 1
13194 39
13195 11
13196 23
13197 1
13198 22
13199 17
13200 5
13201 27
13202 1
13203 10
13204 20
13205 27
13206 22
13207 27
13208 27
13209 13
13210 18
13211 3
13212 27
13213 1
13214 23
13215 27
13216 27
13217 11
13218 10
13219 27
13220 10
13221 23
13222 5
13223 1
13224 5
13225 1
13226 1
13227 1
13228 27
13229 1
13230 1
13231 41
13232 1
13233 8
13234 1
13235 27
13236 1
13237 5
13238 6
13239 23
13240 1
13241 27
13242 27
13243 27
13244 36
13245 6
13246 18
13247 17
13248 13
13249 5
13250 1
13251 4
13252 4
13253 30
13254 13
13255 19
13256 8
13257 25
13258 5
13259 18
13260 27
13261 1
13262 23
13263 23
13264 22
13265 1
13266 5
13267 38
13268 35
13269 36
13270 27
13271 5
13272 10
13273 13
13274 27
13275 5
13276 4
13277 1
13278 5
13279 5
13280 1
13281 1 36
13282 8
13283 20
13284 28
13285 27
13286 5
13287 3
13288 5
13289 1
13290 41
13291 13
13292 3
13293 37
13294 27
13295 1
13296 27
13297 27
13298 1
13299 4
13300 27
13301 5
13302 27
13303 8
13304 41
13305 27
13306 13
13307 1
13308 13
13309 5
13310 8
13311 5
13312 27
13313 1
13314 35
13315 3
13316 5
13317 5
13318 1
13319 27
13320 1
13321 27
13322 27
13323 5
13324 6
13325 27
13326 1
13327 1 16
13328 37
13329 6
13330 1
13331 22
13332 36
13333 8
13334 1
13335 8
13336 1
13337 27
13338 32
13339 27
13340 20
13341 1
13342 9 15
13343 27
13344 1
13345 13
13346 1
13347 1
13348 27
13349 27
13350 1
13351 27
13352 5
13353 10
13354 36
13355 30
13356 5
13357 19
13358 1
13359 10 24
13360 1
13361 23
13362 15
13363 41
13364 27
13365 1
13366 4
13367 13
13368 18
13369 5
13370 27
13371 23
13372 10
13373 5
13374 23
13375 36
13376 21
13377 5
13378 5
13379 1
13380 17
13381 39
13382 1
13383 1
13384 11
13385 27
13386 21
13387 4
13388 27
13389 3
13390 1
13391 17
13392 8
13393 27
13394 23
13395 36
13396 1
13397 5
13398 28
13399 21
13400 5
13401 13
13402 13
13403 27
13404 8
13405 6
13406 13
13407 10
13408 27
13409 15
13410 10
13411 1
13412 1 7
13413 27
13414 5
13415 13
13416 1
13417 1
13418 39
13419 22
13420 1
13421 4
13422 27
13423 27
13424 27
13425 27
13426 39
13427 27
13428 13
13429 6
13430 23
13431 27
13432 8
13433 5
13434 5
13435 1 7
13436 5
13437 12
13438 27
13439 15
13440 10
13441 6
13442 27
13443 18
13444 8
13445 1
13446 1
13447 1
13448 37
13449 1
13450 10
13451 1
13452 5
13453 27
13454 23
13455 23
13456 18
13457 1
13458 17
13459 37
13460 14 15
13461 27
13462 8
13463 5
13464 13
13465 1
13466 27
13467 27
13468 4
13469 22
13470 0
13471 23
13472 1
13473 23
13474 27
13475 27
13476 5
13477 1
13478 15
13479 27
13480 15
13481 1
13482 1
13483 1
13484 10
13485 27
13486 38
13487 1
13488 25
13489 10
13490 13
13491 4
13492 19
13493 27
13494 27
13495 11
13496 1
13497 39
13498 1
13499 36
13500 18
13501 18
13502 27
13503 2
13504 4
13505 5
13506 27
13507 36
13508 20
13509 41
13510 13
13511 5
13512 1
13513 8
13514 8
13515 10
13516 36
13517 18
13518 22
13519 1
13520 5 13
13521 5
13522 22
13523 23
13524 34
13525 22
13526 8
13527 27
13528 1
13529 1
13530 23
13531 1
13532 1
13533 23
13534 4
13535 13
13536 13
13537 27
13538 1
13539 5
13540 5
13541 1
13542 13
13543 1
13544 5
13545 36
13546 35
13547 1
13548 18
13549 8
13550 13
13551 10
13552 27
13553 8
13554 13
13555 13
13556 1
13557 27
13558 8
13559 35
13560 1
13561 5
13562 27
13563 22
13564 15
13565 10
13566 27
13567 27
13568 1 7
13569 17
13570 5
13571 1
13572 23
13573 1
13574 11
13575 1
13576 19
13577 27
13578 10
13579 1
13580 1
13581 1
13582 20
13583 22
13584 11
13585 1
13586 5
13587 27
13588 1
13589 1
13590 1
13591 18
13592 27
13593 5
13594 13
13595 10
13596 11
13597 23
13598 23
13599 6
13600 1
13601 27
13602 10
13603 27
13604 10
13605 5
13606 15
13607 27
13608 23
13609 8
13610 5
13611 27
13612 27
13613 0
13614 27
13615 1
13616 1
13617 39
13618 24 29
13619 4
13620 27
13621 13
13622 8
13623 1
13624 22
13625 4
13626 18
13627 1
13628 6
13629 32
13630 13
13631 17
13632 27
13633 1 7
13634 1
13635 27
13636 20
13637 27
13638 13
13639 8
13640 1
13641 1
13642 27
13643 22
13644 23
13645 19
13646 8
13647 5
13648 27
13649 27
13650 1
13651 41
13652 22
13653 1
13654 11
13655 23
13656 27
13657 27
13658 27
13659 19
13660 23
13661 27
13662 23
13663 38
13664 1
13665 6
13666 2
13667 13
13668 27
13669 13
13670 5
13671 29
13672 13
13673 5
13674 1
13675 1
13676 5
13677 1
13678 2
13679 1
13680 13
13681 1
13682 32
13683 34
13684 1
13685 27
13686 22
13687 27
13688 23
13689 1
13690 1
13691 1
13692 10
13693 13
13694 23
13695 6
13696 27
13697 18
13698 1
13699 6
13700 26
13701 27
13702 27
13703 1
13704 36
13705 22
13706 13
13707 1
13708 27
13709 27
13710 10
13711 27
13712 5
13713 18
13714 41
13715 27
13716 10
13717 27
13718 19
13719 18
13720 8
13721 5
13722 23
13723 1
13724 33
13725 1
13726 1 5
13727 10
13728 18
13729 28
13730 1
13731 5 41
13732 1
13733 3
13734 1
13735 27
13736 1
13737 30
13738 1
13739 27
13740 4
13741 5
13742 37
13743 1
13744 36
13745 8
13746 23
13747 17
13748 5
13749 5
13750 10
13751 5
13752 1
13753 1
13754 1
13755 38
13756 4
13757 1
13758 27
13759 8
13760 18
13761 1
13762 5
13763 1
13764 17
13765 27
13766 6 7
13767 27
13768 6
13769 36
13770 1
13771 5
13772 23
13773 19
13774 1
13775 18
13776 27
13777 8
13778 32
13779 27
13780 1
13781 36
13782 10
13783 27
13784 13
13785 37
13786 25
13787 23
13788 0
13789 27
13790 1
13791 5
13792 8
13793 1
13794 35
13795 10
13796 5
13797 1
13798 1
13799 5
13800 13
13801 34 41
13802 27
13803 27
13804 27
13805 37
13806 5
13807 4
13808 20
13809 32
13810 8
13811 18
13812 22
13813 36
13814 1
13815 21
13816 27
13817 4
13818 23
13819 4
13820 18
13821 1
13822 1
13823 1 16
13824 27
13825 10
13826 19
13827 21
13828 1
13829 6
13830 10
13831 27
13832 27
13833 10
13834 38
13835 27
13836 21
13837 23
13838 3
13839 33
13840 1
13841 37
13842 27
13843 10
13844 1
13845 27
13846 18
13847 5
13848 11
13849 27
13850 5
13851 1
13852 27
13853 41
13854 1
13855 27
13856 5
13857 0
13858 6
13859 36
13860 10
13861 10
13862 27
13863 33
13864 5
13865 5
13866 10
13867 20
13868 27
13869 13
13870 22
13871 1
13872 19
13873 5
13874 27
13875 13
13876 22
13877 32
13878 6
13879 15
13880 21
13881 27
13882 1
13883 38
13884 22
13885 13
13886 1
13887 1
13888 5
13889 15
13890 27
13891 27
13892 5
13893 10
13894 8
13895 1
13896 1
13897 27
13898 5
13899 27
13900 15
13901 1
13902 27
13903 23
13904 5
13905 1
13906 8
13907 11
13908 1
13909 10
13910 28
13911 27
13912 27
13913 11
13914 1
13915 1
13916 37
13917 27
13918 1
13919 1
13920 5
13921 8
13922 1
13923 27
13924 1 16
13925 4
13926 10
13927 34
13928 23
13929 10
13930 18
13931 36
13932 1
13933 10
13934 5
13935 1
13936 21
13937 27
13938 36
13939 5
13940 27
13941 36
13942 6
13943 1
13944 1
13945 8
13946 23
13947 11
13948 15
13949 6
13950 13
13951 23
13952 27
13953 1
13954 36
13955 1
13956 23
13957 23
13958 4
13959 1
13960 5
13961 6
13962 17
13963 13
13964 5
13965 27
13966 27
13967 36
13968 4
13969 5
13970 1
13971 13
13972 27
13973 13
13974 13
13975 5
13976 10
13977 1
13978 1
13979 5
13980 36
13981 1
13982 27
13983 5
13984 5
13985 27
13986 15
13987 1
13988 13
13989 27
13990 18
13991 37
13992 27
13993 32
13994 27
13995 4
13996 1
13997 1
13998 4
13999 1 16
14000 27
14001 15
14002 8
14003 22
14004 1
14005 1
14006 5
14007 37
14008 1
14009 33
14010 4
14011 1
14012 27
14013 5
14014 19
14015 23 37
14016 27
14017 36
14018 1
14019 27
14020 27
14021 23
14022 33
14023 8
14024 27
14025 1
14026 27
14027 1
14028 27
14029 12
14030 1 16
14031 4
14032 27
14033 27
14034 27
14035 6
14036 1
14037 1 7
14038 10
14039 41
14040 15
14041 1
14042 4
14043 27
14044 1
14045 27
14046 1
14047 5
14048 1
14049 1
14050 1
14051 26
14052 5
14053 22
14054 1
14055 27
14056 27
14057 27
14058 10
14059 10
14060 1
14061 27
14062 27
14063 27
14064 5
14065 22
14066 5
14067 1 16
14068 5
14069 27
14070 1
14071 1
14072 6
14073 32
14074 1
14075 41
14076 36
14077 1
14078 5
14079 27
14080 5
14081 5
14082 36
14083 5
14084 1
14085 1
14086 23
14087 27
14088 8
14089 23
14090 39
14091 1 23
14092 17
14093 5
14094 23
14095 23
14096 18
14097 27
14098 3
14099 38
14100 13
14101 1
14102 22
14103 27
14104 23
14105 27
14106 5
14107 18
14108 1
14109 18
14110 5
14111 10
14112 23
14113 1
14114 1
14115 29
14116 27
14117 22
14118 36
14119 10
14120 27
14121 27
14122 27
14123 1
14124 27
14125 18
14126 5
14127 1
14128 27
14129 10
14130 10
14131 23
14132 27
14133 1
14134 27
14135 18
14136 4
14137 1
14138 5
14139 27
14140 25
14141 6
14142 27
14143 18
14144 1
14145 1
14146 1
14147 27
14148 22
14149 33
14150 27
14151 20
14152 27
14153 1
14154 10
14155 32
14156 27
14157 8
14158 1
14159 29
14160 1
14161 18
14162 27
14163 25
14164 8
14165 39
14166 1
14167 1
14168 13
14169 1
14170 31
14171 8
14172 1
14173 4
14174 1
14175 5
14176 27
14177 5
14178 23
14179 1 16
14180 1
14181 27
14182 6
14183 23
14184 10
14185 12
14186 1
14187 37
14188 1
14189 23
14190 3
14191 27
14192 1
14193 13
14194 8 9
14195 27
14196 18
14197 36
14198 1
14199 0
14200 1
14201 1
14202 27
14203 21
14204 31
14205 1
14206 22
14207 10
14208 5
14209 36
14210 5
14211 6
14212 36
14213 4
14214 1
14215 1 7
14216 1
14217 23
14218 20
14219 27
14220 23
14221 20
14222 4
14223 2
14224 1
14225 1
14226 27
14227 27
14228 1
14229 21
14230 18
14231 18
14232 8
14233 1
14234 15
14235 4
14236 10
14237 33
14238 11
14239 5
14240 1
14241 1
14242 38
14243 18
14244 23
14245 1
14246 30
14247 27
14248 10
14249 37
14250 27
14251 5
14252 33
14253 8
14254 13
14255 27
14256 1
14257 5
14258 23
14259 5
14260 36
14261 27
14262 27
14263 25
14264 17
14265 5
14266 1
14267 12
14268 6 16
14269 13
14270 18
14271 5
14272 8
14273 36
14274 18
14275 26
14276 38
14277 37
14278 12
14279 1
14280 19
14281 8
14282 5
14283 28
14284 10
14285 27
14286 23
14287 4
14288 18
14289 6
14290 2
14291 18
14292 23
14293 18
14294 13
14295 36
14296 1
14297 32
14298 22
14299 25
14300 1
14301 5
14302 1
14303 30
14304 23
14305 30
14306 5
14307 10
14308 1
14309 19
14310 1
14311 4
14312 23
14313 25
14314 1 7
14315 9 39
14316 15
14317 13
14318 18
14319 33
14320 23
14321 8
14322 5
14323 1
14324 1
14325 1
14326 1
14327 36
14328 5
14329 4
14330 27
14331 5
14332 1
14333 19
14334 23
14335 34
14336 1
14337 3
14338 27
14339 1
14340 23
14341 28
14342 1
14343 23
14344 27
14345 27
14346 4
14347 34
14348 19
14349 27
14350 1
14351 1 7
14352 38
14353 4
14354 17
14355 36
14356 4
14357 15
14358 1
14359 13
14360 27
14361 1
14362 3
14363 1
14364 13
14365 18
14366 33
14367 37
14368 1
14369 5
14370 1
14371 5
14372 17
14373 10
14374 27
14375 36
14376 27
14377 8
14378 27
14379 27
14380 27
14381 1
14382 1
14383 27
14384 10
14385 27
14386 27
14387 27
14388 29 34
14389 39
14390 1
14391 36
14392 6
14393 23
14394 27
14395 3
14396 5
14397 39
14398 17
14399 1 16
14400 39
14401 1
14402 8
14403 1 16
14404 1
14405 1
14406 23
14407 27
14408 1
14409 1
14410 10
14411 4
14412 13
14413 13
14414 11
14415 27
14416 23
14417 22
14418 25
14419 10
14420 1 16
14421 13
14422 29
14423 23
14424 1 16
14425 33
14426 27
14427 22
14428 6
14429 27
14430 5
14431 1
14432 18
14433 3
14434 5
14435 31
14436 27
14437 18
14438 27
14439 27
14440 36
14441 1
14442 13
14443 13
14444 27
14445 5
14446 36
14447 1
14448 23
14449 10
14450 5
14451 5
14452 1
14453 10
14454 5
14455 10
14456 18
14457 19
14458 1
14459 8
14460 18
14461 8
14462 23
14463 23
14464 19
14465 5
14466 28
14467 10
14468 3
14469 0
14470 13
14471 1
14472 20
14473 10
14474 27
14475 1
14476 4
14477 1
14478 10
14479 23
14480 27
14481 1
14482 3
14483 10
14484 1 16
14485 1
14486 27
14487 1
14488 22
14489 36
14490 3
14491 1
14492 22
14493 27
14494 27
14495 13
14496 22
14497 13
14498 10
14499 27
14500 25
14501 36
14502 5
14503 23
14504 5
14505 8
14506 6
14507 10
14508 1 16
14509 1
14510 5
14511 10
14512 1
14513 33
14514 1
14515 5
14516 27
14517 27
14518 1
14519 29
14520 1
14521 36
14522 10
14523 41
14524 22
14525 5
14526 5
14527 23
14528 1
14529 2
14530 17
14531 5
14532 27
14533 8
14534 10
14535 0
14536 18
14537 27
14538 37
14539 8
14540 6
14541 10
14542 18
14543 27
14544 23
14545 10
14546 23
14547 13
14548 10
14549 22
14550 37
14551 27
14552 27
14553 22
14554 38
14555 36
14556 23
14557 1
14558 23
14559 36
14560 1
14561 1
14562 5
14563 27
14564 1
14565 34
14566 28
14567 5
14568 15
14569 6
14570 13
14571 23
14572 1
14573 19
14574 13
14575 5
14576 18
14577 19
14578 1
14579 5
14580 1
14581 10
14582 20 23
14583 1
14584 10
14585 1
14586 13
14587 10
14588 3
14589 23
14590 1
14591 11
14592 1
14593 33
14594 33
14595 1 16
14596 27
14597 23
14598 15
14599 1
14600 5
14601 27
14602 5
14603 22
14604 33
14605 18
14606 8
14607 27
14608 13
14609 27
14610 5
14611 1
14612 10
14613 8
14614 5
14615 1
14616 34
14617 18
14618 27
14619 5
14620 5
14621 19
14622 4
14623 5
14624 37
14625 13
14626 27
14627 15
14628 20
14629 6
14630 3
14631 10
14632 23
14633 19
14634 27
14635 6
14636 38
14637 4
14638 8
14639 27
14640 20
14641 5
14642 23
14643 22
14644 1
14645 13
14646 19
14647 8
14648 41
14649 27
14650 27
14651 1
14652 8
14653 10
14654 27
14655 1
14656 1
14657 1
14658 1
14659 1
14660 4
14661 8
14662 27
14663 21
14664 36
14665 5
14666 4
14667 27
14668 1
14669 18
14670 36
14671 1
14672 23
14673 27
14674 36
14675 10
14676 1
14677 25
14678 23
14679 39
14680 5
14681 1
14682 1 7
14683 1
14684 5
14685 6
14686 10
14687 5
14688 1
14689 27
14690 27
14691 4
14692 29
14693 1
14694 27
14695 4
14696 18
14697 1
14698 1
14699 13
14700 15
14701 35
14702 4
14703 5
14704 27
14705 37
14706 13
14707 15
14708 5
14709 41
14710 29
14711 10
14712 10
14713 5
14714 8 9
14715 6
14716 39
14717 27
14718 1
14719 27
14720 15
14721 4
14722 27
14723 27
14724 10
14725 1 16
14726 22
14727 25
14728 1
14729 1
14730 5
14731 27
14732 27
14733 36
14734 27
14735 27
14736 23
14737 36
14738 5
14739 10
14740 1
14741 1
14742 10
14743 1
14744 19
14745 4
14746 1
14747 13
14748 36
14749 1
14750 23
14751 15
14752 10
14753 11
14754 33
14755 4
14756 1
14757 27
14758 1
14759 22
14760 1
14761 27
14762 10
14763 10
14764 23
14765 1
14766 27
14767 18
14768 1
14769 1
14770 1
14771 1
14772 4
14773 36
14774 1
14775 1
14776 27
14777 1
14778 4
14779 5
14780 27
14781 32
14782 1
14783 18
14784 1
14785 1
14786 13
14787 13
14788 8
14789 27
14790 22
14791 27
14792 4
14793 25
14794 10
14795 18
14796 17
14797 1
14798 9 10
14799 8
14800 27
14801 8
14802 33
14803 22
14804 25
14805 1 7
14806 13
14807 6
14808 13
14809 27
14810 23
14811 1
14812 10
14813 5
14814 23
14815 38
14816 3
14817 4
14818 27
14819 2
14820 1
14821 5
14822 5
14823 11
14824 1
14825 5
14826 27
14827 10
14828 5
14829 13
14830 27
14831 19
14832 27
14833 23
14834 27
14835 27
14836 1
14837 1
14838 13
14839 10
14840 27
14841 13
14842 1
14843 13
14844 8
14845 27
14846 1
14847 1
14848 5
14849 1
14850 10
14851 5
14852 27
14853 27
14854 25
14855 1
14856 13
14857 27
14858 27
14859 1
14860 1 5
14861 27
14862 36
14863 13
14864 5
14865 1
14866 22
14867 1
14868 5
14869 1
14870 6
14871 18
14872 1
14873 10
14874 13
14875 5
14876 5
14877 1
14878 36
14879 15
14880 6
14881 23
14882 1 16
14883 13
14884 36
14885 1
14886 1 42
14887 27
14888 22
14889 3
14890 8
14891 27
14892 1
14893 27
14894 1
14895 27
14896 27
14897 1
14898 27
14899 1
14900 36
14901 5
14902 1
14903 1
14904 1
14905 23
14906 1
14907 1
14908 27
14909 1
14910 5
14911 20
14912 5
14913 27
14914 1 16
14915 27
14916 10
14917 27
14918 35
14919 1
14920 5
14921 1
14922 1
14923 19
14924 1
14925 13
14926 13
14927 18
14928 13
14929 19
14930 27
14931 8
14932 27
14933 12
14934 1 16
14935 4
14936 27
14937 1
14938 1
14939 27
14940 27
14941 23
14942 25
14943 13
14944 1
14945 10
14946 27
14947 15
14948 13
14949 5
14950 1
14951 5
14952 1
14953 5
14954 5
14955 1
14956 27
14957 17
14958 13
14959 10
14960 1
14961 27
14962 28
14963 13
14964 27
14965 5
14966 41
14967 1
14968 27
14969 9 19
14970 21
14971 36
14972 23
14973 1
14974 1
14975 27
14976 15
14977 27
14978 39
14979 18
14980 23
14981 1
14982 5
14983 27
14984 18
14985 5
14986 23
14987 5
14988 34
14989 1
14990 1
14991 19
14992 5
14993 5
14994 22
14995 13
14996 1
14997 5
14998 4
14999 5
15000 15
15001 0
15002 1
15003 27
15004 15
15005 23
15006 23
15007 27
15008 4
15009 11
15010 5
15011 1
15012 5
15013 1
15014 34
15015 5
15016 27
15017 5
15018 10
15019 13
15020 34
15021 1
15022 27
15023 13
15024 1
15025 36
15026 1
15027 5
15028 29
15029 38
15030 5
15031 0
15032 5
15033 2
15034 27
15035 4
15036 27
15037 36
15038 27
15039 23
15040 6
15041 5
15042 3
15043 23
15044 1
15045 27
15046 6
15047 1
15048 5
15049 1
15050 27
15051 1
15052 13
15053 5
15054 1
15055 1
15056 19
15057 22
15058 10
15059 27
15060 6
15061 27
15062 25
15063 1
15064 1
15065 4
15066 1
15067 27
15068 27
15069 27
15070 8
15071 34
15072 27
15073 1
15074 10
15075 5
15076 37
15077 13
15078 27
15079 33
15080 4
15081 10
15082 22
15083 27
15084 22
15085 5
15086 8
15087 13
15088 6
15089 1
15090 5
15091 4
15092 27
15093 10
15094 15
15095 6
15096 1 16
15097 1
15098 32
15099 1
15100 1
15101 22
15102 1
15103 27
15104 33
15105 5
15106 1
15107 1
15108 0
15109 27
15110 1
15111 1 16
15112 27
15113 1
15114 22
15115 8
15116 27
15117 23
15118 25
15119 27
15120 13
15121 32
15122 26
15123 33
15124 27
15125 5
15126 27
15127 36
15128 1
15129 10
15130 1
15131 20
15132 5
15133 1
15134 1
15135 1
15136 20
15137 4
15138 34
15139 36
15140 1
15141 27
15142 1 7
15143 5
15144 25
15145 3
15146 23
15147 38
15148 11
15149 23 37
15150 8
15151 1 16
15152 37
15153 1
15154 6
15155 8
15156 19
15157 10
15158 13
15159 5
15160 36
15161 5
15162 4
15163 5
15164 23
15165 23
15166 1
15167 6
15168 1
15169 5
15170 29
15171 27
15172 10
15173 27
15174 13
15175 23
15176 13
15177 1
15178 27
15179 27
15180 23
15181 5
15182 27
15183 37
15184 4
15185 1
15186 36
15187 27
15188 33
15189 6
15190 13
15191 1 16
15192 5
15193 27
15194 19
15195 37
15196 1
15197 23
15198 1
15199 27
15200 27
15201 32
15202 11
15203 1 16
15204 6
15205 5
15206 25
15207 8
15208 23
15209 37
15210 5
15211 27
15212 1
15213 5
15214 10
15215 5
15216 27
15217 1
15218 36
15219 3
15220 5
15221 10
15222 25
15223 27
15224 36
15225 1
15226 1
15227 5
15228 1
15229 5
15230 27
15231 32
15232 13
15233 5
15234 1
15235 1
15236 2
15237 1
15238 13
15239 5
15240 1
15241 4
15242 5
15243 38
15244 20
15245 18
15246 1 16
15247 23
15248 13
15249 17 40
15250 1
15251 22
15252 5
15253 27
15254 10
15255 27
15256 27
15257 1
15258 1
15259 27
15260 17
15261 15
15262 23
15263 15
15264 23
15265 23
15266 13
15267 1
15268 21
15269 13
15270 13
15271 27
15272 27
15273 27
15274 5
15275 1
15276 27
15277 5
15278 23
15279 23
15280 17
15281 13
15282 25
15283 1
15284 1
15285 27
15286 36
15287 5
15288 17
15289 5
15290 27
15291 18
15292 20
15293 23
15294 1
15295 27
15296 3
15297 32
15298 23
15299 36
15300 8
15301 1
15302 13
15303 11
15304 18
15305 8
15306 27
15307 5
15308 15
15309 28
15310 23 24
15311 15
15312 27
15313 0
15314 21
15315 1 16
15316 23
15317 36
15318 18
15319 2
15320 5 6
15321 6
15322 29
15323 10
15324 27
15325 5
15326 27
15327 5
15328 27
15329 1
15330 22
15331 15
15332 18
15333 1 16
15334 1
15335 1
15336 8
15337 3
15338 23
15339 8
15340 27
15341 27
15342 15
15343 15
15344 5
15345 22
15346 13
15347 4
15348 36
15349 2
15350 1
15351 8
15352 5
15353 18
15354 36
15355 10
15356 1
15357 20
15358 10
15359 5
15360 1
15361 27
15362 11
15363 18
15364 11
15365 5
15366 36
15367 17
15368 1 16
15369 1
15370 5
15371 38
15372 5
15373 27
15374 0
15375 6
15376 27
15377 3
15378 27
15379 8
15380 15
15381 1
15382 4
15383 23
15384 5
15385 8
15386 8
15387 5
15388 1
15389 31
15390 27
15391 1
15392 22
15393 1
15394 10
15395 13
15396 1
15397 10
15398 38
15399 38
15400 1
15401 39
15402 1
15403 5
15404 1 7
15405 18
15406 27
15407 10
15408 10
15409 6 16
15410 27
15411 1
15412 27
15413 23
15414 23
15415 10
15416 36
15417 3
15418 1
15419 6
15420 37
15421 1
15422 1
15423 5
15424 6
15425 34
15426 17
15427 27
15428 5
15429 22
15430 5
15431 1 7
15432 27
15433 27
15434 18
15435 27
15436 22
15437 1
15438 27
15439 13
15440 5
15441 10
15442 27
15443 10
15444 1
15445 1 16
15446 1
15447 1
15448 1
15449 27
15450 20
15451 27
15452 27
15453 27
15454 1
15455 5
15456 22
15457 10
15458 35
15459 23
15460 3
15461 11
15462 1
15463 23
15464 5
15465 37
15466 34
15467 13
15468 1
15469 27
15470 5
15471 41
15472 1
15473 27
15474 41
15475 27
15476 1
15477 1
15478 1
15479 13
15480 23
15481 23
15482 1
15483 5
15484 1 7
15485 2
15486 1
15487 27
15488 5
15489 1
15490 20
15491 23
15492 11
15493 23
15494 2
15495 1 7
15496 19
15497 39
15498 23
15499 36
15500 1
15501 13
15502 13
15503 36
15504 13
15505 10
15506 23
15507 37
15508 36
15509 5
15510 1
15511 17
15512 38
15513 1 7
15514 1
15515 23
15516 1
15517 27
15518 0
15519 20
15520 27
15521 0
15522 27
15523 13
15524 27
15525 38
15526 23
15527 8
15528 27
15529 6
15530 22
15531 13
15532 36
15533 2
15534 15
15535 23
15536 10
15537 28
15538 10
15539 8
15540 4
15541 27
15542 1
15543 8
15544 27
15545 4
15546 4
15547 37
15548 1 16
15549 10
15550 10
15551 39
15552 13
15553 8
15554 19
15555 33
15556 18
15557 3
15558 1
15559 5
15560 23
15561 10
15562 10
15563 5
15564 5
15565 19
15566 1
15567 5
15568 29
15569 23
15570 13
15571 23
15572 15
15573 37
15574 5
15575 4
15576 35
15577 18
15578 27
15579 27
15580 27
15581 27
15582 13
15583 1
15584 1
15585 5
15586 5
15587 1
15588 27
15589 27
15590 10
15591 13
15592 2
15593 1
15594 6
15595 27
15596 5
15597 1
15598 22
15599 1
15600 1
15601 27
15602 1
15603 5
15604 5
15605 1
15606 15
15607 1
15608 27
15609 6
15610 1
15611 28
15612 1
15613 36
15614 13
15615 8
15616 13
15617 27
15618 17
15619 6
15620 27
15621 8
15622 36
15623 1 7
15624 38
15625 1
15626 27
15627 5
15628 18
15629 22
15630 13
15631 1
15632 32
15633 1
15634 1
15635 8
15636 27
15637 5
15638 22
15639 1 7
15640 1
15641 19
15642 4
15643 5
15644 11
15645 36
15646 27
15647 22
15648 23
15649 5
15650 1
15651 11
15652 1
15653 15
15654 8
15655 36
15656 13
15657 23
15658 27
15659 1
15660 23
15661 11
15662 39
15663 3
15664 1
15665 1
15666 2
15667 10
15668 39
15669 4
15670 4
15671 35
15672 36
15673 25
15674 41
15675 27
15676 23
15677 23
15678 41
15679 6
15680 22
15681 23
15682 22
15683 2
15684 13
15685 18
15686 6
15687 27
15688 19
15689 5
15690 23
15691 27
15692 1 16
15693 37
15694 22
15695 5
15696 1
15697 1
15698 18
15699 5
15700 1
15701 5
15702 4
15703 27
15704 18
15705 19
15706 8
15707 5
15708 1
15709 8
15710 23
15711 18
15712 10
15713 13
15714 13
15715 15
15716 5
15717 6
15718 5
15719 27
15720 5
15721 8
15722 8
15723 30
15724 1
15725 1
15726 11
15727 10
15728 13
15729 5
15730 29
15731 13
15732 4
15733 1
15734 13
15735 23
15736 5
15737 1
15738 1
15739 27
15740 15
15741 23
15742 4
15743 13
15744 36
15745 27
15746 23
15747 36
15748 27
15749 27
15750 1
15751 8
15752 1
15753 13
15754 5
15755 20
15756 1
15757 1
15758 15
15759 10
15760 2
15761 27
15762 36
15763 1
15764 1
15765 3
15766 10
15767 38
15768 27
15769 11
15770 27
15771 5
15772 1
15773 13
15774 13
15775 5
15776 5
15777 5
15778 1
15779 1
15780 6
15781 1
15782 18
15783 29
15784 1
15785 27
15786 1
15787 27
15788 1
15789 8
15790 13
15791 10
15792 1
15793 1
15794 8
15795 27
15796 1
15797 23
15798 6
15799 33
15800 1
15801 27
15802 36
15803 18
15804 4
15805 1
15806 1
15807 5
15808 27
15809 1
15810 19
15811 29
15812 13
15813 27
15814 22
15815 1
15816 27
15817 13
15818 22
15819 5
15820 23
15821 23
15822 23
15823 27
15824 22
15825 18
15826 23
15827 29
15828 39
15829 33
15830 1
15831 8
15832 5
15833 1
15834 3
15835 36
15836 3
15837 5
15838 23
15839 1
15840 3
15841 13
15842 6
15843 8
15844 13
15845 27
15846 5
15847 27
15848 19
15849 2 20
15850 39
15851 36
15852 36
15853 0
15854 27
15855 25
15856 23
15857 5
15858 27
15859 13
15860 27
15861 27
15862 1
15863 23
15864 3
15865 13
15866 39
15867 1
15868 3
15869 1
15870 15
15871 13
15872 13
15873 1
15874 15
15875 1
15876 27
15877 36
15878 10
15879 5
15880 1
15881 27
15882 22
15883 5
15884 6
15885 5
15886 1
15887 10
15888 27
15889 5
15890 37
15891 33
15892 13
15893 5
15894 13
15895 1 16
15896 19
15897 8
15898 5
15899 6
15900 5
15901 10
15902 5
15903 18
15904 6
15905 1
15906 4
15907 23
15908 15
15909 13
15910 34
15911 13
15912 1
15913 37
15914 6
15915 27
15916 27
15917 27
15918 8
15919 1
15920 23
15921 11
15922 38
15923 1 7
15924 27
15925 1
15926 28
15927 10
15928 13
15929 1
15930 1
15931 4
15932 8
15933 5
15934 1
15935 1
15936 1
15937 5
15938 1
15939 1
15940 27
15941 1
15942 13
15943 23
15944 3
15945 5
15946 22
15947 38
15948 10
15949 1
15950 1
15951 4
15952 27
15953 36
15954 27
15955 18
15956 20
15957 11
15958 17
15959 23
15960 23
15961 27
15962 6
15963 39
15964 27
15965 27
15966 1
15967 13
15968 1
15969 0
15970 11
15971 1
15972 8
15973 27
15974 4
15975 1
15976 23
15977 1
15978 13
15979 0
15980 8
15981 20
15982 19
15983 17
15984 18
15985 27
15986 27
15987 5
15988 18
15989 37
15990 27
15991 27
15992 27
15993 8
15994 27
15995 39
15996 0
15997 10
15998 11
15999 1
16000 1
16001 13
16002 36
16003 27
16004 27
16005 4
16006 5
16007 1
16008 27
16009 27
16010 36
16011 11
16012 23
16013 37
16014 8
16015 27
16016 27
16017 22
16018 22
16019 1
16020 8
16021 5
16022 1
16023 5
16024 8
16025 11
16026 13
16027 5
16028 36
16029 1
16030 27
16031 19
16032 13
16033 27
16034 17
16035 19
16036 18
16037 23
16038 1
16039 27
16040 41
16041 8
16042 5
16043 8
16044 5
16045 1
16046 1
16047 10
16048 1
16049 1
16050 37
16051 18
16052 27
16053 27
16054 27
16055 1
16056 5
16057 1
16058 5
16059 38
16060 6
16061 18
16062 5
16063 27
16064 23
16065 27
16066 15
16067 22
16068 1
16069 5
16070 1
16071 1
16072 8
16073 1
16074 13
16075 1
16076 1
16077 27
16078 1
16079 22
16080 1
16081 1
16082 1
16083 27
16084 23
16085 27
16086 1
16087 27
16088 27
16089 10
16090 13
16091 10
16092 1
16093 27
16094 10
16095 19
16096 27
16097 13
16098 1
16099 27
16100 4
16101 8
16102 1
16103 36
16104 8
16105 27
16106 10
16107 27
16108 15
16109 20
16110 1
16111 8
16112 11
16113 1
16114 1
16115 22
16116 41
16117 3
16118 5
16119 5
16120 10
16121 37
16122 27
16123 1
16124 22
16125 18
16126 19
16127 2
16128 5
16129 18
16130 10
16131 1
16132 1
16133 13
16134 8
16135 15
16136 27
16137 8 9
16138 5
16139 20
16140 5
16141 27
16142 1
16143 8
16144 6
16145 38
16146 1 7
16147 13
16148 23
16149 11
16150 10
16151 10
16152 1
16153 27
16154 1
16155 27
16156 17
16157 10
16158 1
16159 6
16160 13
16161 20
16162 3
16163 27
16164 1
16165 1
16166 13
16167 13
16168 13
16169 1
16170 17
16171 1
16172 1
16173 1
16174 5
16175 27
16176 8
16177 10
16178 1
16179 27
16180 1
16181 28
16182 23
16183 18
16184 8
16185 1
16186 13
16187 5
16188 10
16189 27
16190 19
16191 38
16192 10
16193 38
16194 27
16195 5
16196 5
16197 1
16198 15
16199 23
16200 1 16
16201 33
16202 20
16203 23
16204 3
16205 5
16206 0
16207 5
16208 5
16209 1
16210 27
16211 1
16212 38
16213 33
16214 27
16215 27
16216 5
16217 37
16218 1
16219 4
16220 5
16221 13
16222 5
16223 30
16224 1
16225 23
16226 18
16227 23
16228 15
16229 36
16230 11
16231 5
16232 1
16233 1
16234 1
16235 15
16236 5
16237 27
16238 13
16239 1 16
16240 27
16241 1
16242 10
16243 5
16244 18
16245 1
16246 36
16247 27
16248 5
16249 36
16250 5
16251 27
16252 18
16253 1 16
16254 23
16255 41
16256 37
16257 8
16258 41
16259 23
16260 13
16261 5
16262 27
16263 18
16264 27
16265 5
16266 27
16267 8
16268 1
16269 1
16270 8
16271 1
16272 1
16273 9 19
16274 27
16275 36
16276 10
16277 10
16278 27
16279 38
16280 10
16281 1
16282 15
16283 8
16284 1
16285 23
16286 1
16287 1
16288 3
16289 5
16290 27
16291 27
16292 10
16293 1
16294 1
16295 8
16296 1
16297 27
16298 1
16299 27
16300 5
16301 18
16302 23
16303 1
16304 1
16305 6
16306 10
16307 1
16308 22
16309 36
16310 10
16311 6
16312 27
16313 27
16314 10
16315 1
16316 27
16317 13
16318 1
16319 27
16320 13
16321 5
16322 1
16323 4
16324 36
16325 1
16326 27
16327 1
16328 27
16329 1
16330 13
16331 10
16332 4
16333 34
16334 4
16335 1
16336 1
16337 27
16338 41
16339 10
16340 37
16341 11
16342 13
16343 10
16344 27
16345 19
16346 5
16347 32
16348 23
16349 23
16350 5
16351 13
16352 23
16353 27
16354 1
16355 3
16356 5
16357 13
16358 11
16359 15
16360 22
16361 15
16362 10
16363 34
16364 1
16365 13
16366 22
16367 1
16368 10
16369 22
16370 27
16371 1
16372 6
16373 27
16374 1
16375 27
16376 5
16377 22
16378 27
16379 1
16380 27
16381 1
16382 5
16383 5
16384 1
16385 18
16386 23
16387 1
16388 18
16389 13
16390 1 16
16391 27
16392 10
16393 10
16394 1
16395 27
16396 1
16397 27
16398 10
16399 4
16400 27
16401 36
16402 10
16403 36
16404 23
16405 1 7
16406 27
16407 13
16408 27
16409 20
16410 1
16411 13
16412 23
16413 27
16414 1
16415 13
16416 2
16417 5
16418 1
16419 31
16420 10
16421 27
16422 1
16423 29
16424 1
16425 4
16426 8
16427 1
16428 13
16429 1
16430 1
16431 27
16432 36
16433 10
16434 5
16435 18
16436 27
16437 8
16438 1
16439 5
16440 5
16441 27
16442 27
16443 27
16444 36
16445 1
16446 13
16447 13
16448 27
16449 2
16450 13
16451 23
16452 5
16453 13
16454 36
16455 1 16
16456 4
16457 27
16458 5
16459 1
16460 36
16461 13
16462 6
16463 13
16464 32
16465 23
16466 13
16467 5
16468 8
16469 27
16470 5
16471 23
16472 1
16473 5
16474 3
16475 23
16476 1
16477 38
16478 1
16479 1
16480 1 5
16481 22
16482 27
16483 5
16484 10
16485 5
16486 18
16487 27
16488 19
16489 1
16490 18
16491 34
16492 23
16493 1
16494 22
16495 0
16496 27
16497 6
16498 4
16499 1
16500 27
16501 36
16502 15
16503 4
16504 27
16505 41
16506 5
16507 22
16508 6
16509 1
16510 10
16511 4
16512 4
16513 13
16514 1
16515 5
16516 5
16517 10
16518 5
16519 27
16520 27
16521 15
16522 1 7
16523 18
16524 1
16525 21
16526 1
16527 22
16528 8
16529 5
16530 38
16531 5
16532 22
16533 27
16534 22
16535 27
16536 1
16537 23
16538 1
16539 36
16540 8
16541 27
16542 1
16543 23
16544 15
16545 27
16546 10
16547 6
16548 3
16549 1
16550 5
16551 8
16552 6
16553 10
16554 1
16555 5
16556 27
16557 36
16558 10
16559 11
16560 18
16561 1
16562 1
16563 27
16564 1
16565 6
16566 13
16567 35
16568 5
16569 18
16570 1
16571 10
16572 17
16573 15
16574 27
16575 5
16576 3
16577 5
16578 2
16579 18
16580 5
16581 1
16582 1
16583 27
16584 1
16585 27
16586 5
16587 37
16588 23
16589 10
16590 27
16591 18
16592 1 16
16593 10
16594 6
16595 27
16596 18
16597 18
16598 1
16599 23
16600 25
16601 27
16602 5
16603 5
16604 5
16605 19
16606 27
16607 27
16608 23
16609 34
16610 1 16
16611 18
16612 36
16613 10
16614 1
16615 36
16616 23
16617 27
16618 18
16619 27
16620 13
16621 27
16622 10 24
16623 13
16624 8
16625 25
16626 25
16627 8
16628 1
16629 1
16630 1
16631 5
16632 1
16633 13
16634 19
16635 22
16636 1
16637 9 10
16638 13
16639 37
16640 11
16641 5
16642 38
16643 1
16644 33
16645 27
16646 27
16647 27
16648 27
16649 28
16650 5
16651 27
16652 5
16653 8
16654 13
16655 27
16656 27
16657 27
16658 27
16659 22
16660 36
16661 27
16662 37
16663 19
16664 5
16665 17
16666 27
16667 27
16668 1
16669 6
16670 18
16671 36
16672 19
16673 22
16674 27
16675 25
16676 29
16677 27
16678 23
16679 4
16680 27
16681 1
16682 18
16683 37
16684 1
16685 5
16686 1
16687 23
16688 13
16689 36
16690 1
16691 8
16692 1
16693 18
16694 1
16695 13
16696 15
16697 36
16698 13
16699 8
16700 11
16701 5
16702 11
16703 33
16704 15
16705 1
16706 1
16707 1
16708 10
16709 33
16710 27
16711 1
16712 11
16713 10
16714 5
16715 1
16716 15 41
16717 1
16718 27
16719 23
16720 1
16721 10
16722 8
16723 23
16724 27
16725 36
16726 5
16727 5
16728 27
16729 13
16730 36
16731 27
16732 27
16733 32
16734 13
16735 22
16736 1
16737 27
16738 37
16739 1
16740 10
16741 8
16742 1
16743 1
16744 1
16745 10
16746 5
16747 27
16748 1 16
16749 27
16750 4
16751 4
16752 1
16753 34
16754 4
16755 1
16756 10
16757 5
16758 10
16759 11
16760 13
16761 1
16762 1
16763 4
16764 13
16765 30
16766 27
16767 27
16768 1
16769 20
16770 27
16771 27
16772 22
16773 5
16774 5
16775 17
16776 15
16777 5
16778 1
16779 27
16780 13
16781 1
16782 1
16783 27
16784 27
16785 33
16786 27
16787 6
16788 1
16789 27
16790 20
16791 2
16792 36
16793 4
16794 1
16795 1
16796 27
16797 10
16798 22
16799 27
16800 13
16801 1
16802 1
16803 5
16804 37
16805 4
16806 1
16807 1
16808 23
16809 36
16810 27
16811 22
16812 32
16813 10
16814 27
16815 1
16816 13
16817 5
16818 18
16819 37
16820 18
16821 1
16822 5
16823 23
16824 27
16825 13
16826 36
16827 27
16828 5
16829 1
16830 1
16831 10
16832 1
16833 10
16834 4
16835 27
16836 1
16837 1
16838 4
16839 13
16840 19
16841 1
16842 5
16843 25
16844 1
16845 1
16846 1
16847 23
16848 23
16849 23
16850 22
16851 1
16852 1
16853 5
16854 27
16855 15
16856 5
16857 1
16858 4
16859 1
16860 27
16861 39
16862 27
16863 10
16864 41
16865 5
16866 1
16867 23
16868 10
16869 10
16870 6
16871 27
16872 23
16873 15
16874 10
16875 0
16876 27
16877 22
16878 27
16879 29
16880 5
16881 10
16882 27
16883 27
16884 8
16885 27
16886 15
16887 1
16888 10
16889 18
16890 23
16891 27
16892 6
16893 27
16894 13
16895 19
16896 23
16897 27
16898 15
16899 1 16
16900 37
16901 5
16902 1
16903 27
16904 27
16905 5
16906 5
16907 1
16908 1
16909 11
16910 27
16911 1
16912 19
16913 13
16914 8
16915 13
16916 23
16917 25
16918 13
16919 27
16920 5
16921 23 32
16922 10
16923 19
16924 5
16925 1
16926 18
16927 2
16928 27
16929 1
16930 10
16931 5
16932 27
16933 27
16934 4
16935 23
16936 4
16937 5
16938 28
16939 18
16940 1
16941 1
16942 5
16943 11 40
16944 1
16945 1
16946 4
16947 4
16948 1
16949 39
16950 5
16951 8
16952 23
16953 0
16954 1
16955 21
16956 8
16957 1
16958 39
16959 1
16960 20
16961 1
16962 27
16963 36
16964 1
16965 1
16966 27
16967 34
16968 15
16969 1
16970 5
16971 36
16972 37
16973 1
16974 18
16975 5
16976 10
16977 13
16978 1 16
16979 1
16980 38
16981 1
16982 17
16983 1
16984 10 40
16985 27
16986 18
16987 5
16988 1 7
16989 25
16990 33
16991 5
16992 5
16993 27
16994 5
16995 10
16996 10
16997 36
16998 20
16999 20
17000 17
17001 41
17002 8
17003 5
17004 18
17005 10
17006 17
17007 27
17008 6
17009 5
17010 0
17011 1
17012 18
17013 8
17014 10
17015 36
17016 41
17017 5
17018 5
17019 8
17020 13
17021 1
17022 5
17023 38
17024 27
17025 18
17026 1
17027 37
17028 15
17029 17
17030 10
17031 23
17032 1
17033 27
17034 32
17035 5
17036 13
17037 4
17038 5
17039 0
17040 33
17041 17
17042 1
17043 27
17044 18
17045 27
17046 34
17047 27
17048 1
17049 5
17050 1
17051 27
17052 5
17053 27
17054 1
17055 1
17056 3
17057 4
17058 27
17059 27
17060 27
17061 13
17062 8
17063 4
17064 13
17065 27
17066 26
17067 5
17068 27
17069 1
17070 1
17071 5
17072 8
17073 37
17074 23
17075 1
17076 11
17077 13
17078 22
17079 1
17080 27
17081 1 16
17082 5
17083 13
17084 13
17085 1
17086 23
17087 10
17088 6
17089 2
17090 1
17091 13
17092 20
17093 22
17094 15
17095 19
17096 6
17097 1
17098 36
17099 25
17100 5
17101 4
17102 1
17103 1 34
17104 23
17105 1
17106 36
17107 27
17108 5
17109 8
17110 13
17111 33
17112 8 9
17113 1
17114 19
17115 1
17116 1
17117 4
17118 27
17119 13
17120 1
17121 10
17122 27
17123 19
17124 15
17125 22
17126 27
17127 5
17128 13
17129 23
17130 23
17131 5
17132 3
17133 8
17134 19
17135 1
17136 22
17137 36
17138 8
17139 18
17140 36
17141 17
17142 1
17143 27
17144 5
17145 27 30
17146 41
17147 1
17148 1
17149 36
17150 38
17151 27
17152 1
17153 31
17154 27
17155 1
17156 5
17157 23
17158 22
17159 21
17160 5
17161 10
17162 5
17163 5
17164 1
17165 41
17166 1
17167 19
17168 1
17169 13
17170 13
17171 4
17172 36
17173 1
17174 36
17175 23
17176 18
17177 27
17178 8
17179 8
17180 27
17181 11
17182 8
17183 1
17184 10
17185 17
17186 1
17187 27
17188 23
17189 5
17190 27
17191 1
17192 27
17193 1
17194 2
17195 5
17196 23 37
17197 1
17198 9 10
17199 5
17200 4
17201 1
17202 27
17203 1
17204 27
17205 10
17206 23
17207 34
17208 27
17209 41
17210 13
17211 33
17212 1
17213 0
17214 4
17215 27
17216 36
17217 17
17218 13
17219 1
17220 10
17221 37
17222 4
17223 19
17224 13
17225 10
17226 23
17227 29
17228 8
17229 20
17230 1
17231 5
17232 1
17233 1
17234 27
17235 33
17236 10
17237 11
17238 36
17239 1
17240 23
17241 1
17242 5
17243 1
17244 5
17245 27
17246 17
17247 4
17248 18
17249 0
17250 5
17251 5
17252 5
17253 36
17254 27
17255 1
17256 27
17257 5
17258 5
17259 30
17260 5
17261 8
17262 5
17263 27
17264 23
17265 4
17266 32
17267 36
17268 1
17269 27
17270 36
17271 1
17272 33
17273 18
17274 27
17275 6
17276 27
17277 10
17278 1
17279 4
17280 22
17281 22
17282 27
17283 1
17284 5
17285 27
17286 36
17287 1
17288 1
17289 11
17290 1
17291 5
17292 5
17293 6
17294 27
17295 1
17296 6
17297 1
17298 8
17299 8
17300 10
17301 5
17302 19
17303 27
17304 38
17305 1
17306 13
17307 10
17308 1
17309 5
17310 13
17311 1
17312 33
17313 1
17314 23
17315 27
17316 27
17317 25
17318 3
17319 5
17320 25
17321 13
17322 27
17323 5
17324 36
17325 27
17326 27
17327 1
17328 5 18
17329 5
17330 27
17331 27
17332 1
17333 10
17334 1
17335 22
17336 27
17337 23
17338 0
17339 8 9
17340 13
17341 18
17342 8
17343 15
17344 6
17345 10
17346 1
17347 10
17348 27
17349 3
17350 38
17351 1
17352 1
17353 27
17354 27
17355 27
17356 5
17357 36
17358 22
17359 18
17360 20
17361 36
17362 5
17363 6
17364 10
17365 2
17366 13
17367 1
17368 23
17369 36
17370 5
17371 4
17372 1
17373 5
17374 15
17375 1
17376 10
17377 18
17378 1
17379 23
17380 5
17381 1
17382 36
17383 18
17384 5
17385 10
17386 22
17387 1 16
17388 23
17389 37
17390 27
17391 5
17392 27
17393 13
17394 1
17395 36
17396 27
17397 5
17398 10
17399 11
17400 39
17401 27
17402 5
17403 41
17404 5
17405 36
17406 23
17407 4
17408 10
17409 23
17410 25
17411 1
17412 1
17413 21
17414 5
17415 27
17416 19
17417 5
17418 5
17419 5
17420 22
17421 5
17422 27
17423 1
17424 8
17425 27
17426 23
17427 2
17428 1
17429 27
17430 23
17431 1
17432 22
17433 27
17434 8
17435 27
17436 18
17437 11
17438 27
17439 1
17440 22
17441 27
17442 27
17443 13
17444 22
17445 10
17446 23
17447 25
17448 4
17449 27
17450 27
17451 5
17452 9 10
17453 1
17454 23
17455 27
17456 1
17457 13
17458 1
17459 13
17460 1
17461 8
17462 27
17463 3
17464 1
17465 27
17466 5
17467 1
17468 0
17469 15
17470 37
17471 5
17472 25
17473 32
17474 22
17475 5
17476 27
17477 23
17478 10
17479 1
17480 5
17481 1
17482 13
17483 41
17484 10
17485 5
17486 27
17487 27
17488 1
17489 1
17490 1
17491 27
17492 1
17493 1
17494 1
17495 17
17496 5
17497 27
17498 1
17499 27
17500 5
17501 27
17502 27
17503 27
17504 25
17505 1
17506 22
17507 5
17508 4
17509 5
17510 1
17511 18
17512 27
17513 38
17514 27
17515 5
17516 22
17517 13
17518 1
17519 13
17520 10
17521 4
17522 13
17523 5
17524 27
17525 15
17526 1 7
17527 23
17528 1
17529 6
17530 1
17531 32
17532 2
17533 25
17534 19
17535 1
17536 28
17537 1
17538 22
17539 1
17540 5
17541 12
17542 1
17543 1
17544 27
17545 5
17546 1
17547 13
17548 27
17549 23
17550 13
17551 13
17552 10
17553 10
17554 27
17555 1
17556 1
17557 1
17558 27
17559 35
17560 23
17561 18
17562 1
17563 21
17564 36
17565 23
17566 10
17567 36
17568 1
17569 10
17570 27
17571 36
17572 1
17573 19
17574 10
17575 1
17576 1
17577 30
17578 1
17579 27
17580 36
17581 15
17582 8
17583 36
17584 5
17585 27
17586 1
17587 1
17588 13
17589 1
17590 27
17591 10
17592 1
17593 5
17594 23
17595 18
17596 13
17597 10
17598 11
17599 6
17600 10
17601 27
17602 20
17603 17
17604 1
17605 41
17606 1
17607 34
17608 1
17609 13
17610 27
17611 8
17612 10
17613 1 7
17614 34
17615 5
17616 5
17617 23
17618 1
17619 1
17620 27
17621 13
17622 36
17623 23
17624 6
17625 1
17626 29
17627 1
17628 25
17629 1
17630 23
17631 23
17632 10
17633 1
17634 2
17635 10
17636 3
17637 27
17638 8
17639 1 16
17640 27
17641 4
17642 27
17643 17
17644 13
17645 1
17646 41
17647 27
17648 32
17649 8
17650 27
17651 27
17652 1
17653 10
17654 27
17655 23
17656 23
17657 39
17658 27
17659 10
17660 23
17661 33
17662 27
17663 1
17664 1
17665 5
17666 17
17667 15
17668 36
17669 1
17670 1
17671 27
17672 22
17673 10
17674 10
17675 3
17676 13
17677 27 36
17678 1
17679 13
17680 38
17681 5
17682 6
17683 27
17684 1
17685 18
17686 1
17687 27
17688 27
17689 27
17690 27
17691 1
17692 4
17693 18
17694 25
17695 5
17696 27
17697 10
17698 5
17699 22
17700 27
17701 27
17702 27
17703 27
17704 19
17705 5
17706 1
17707 13
17708 23
17709 1
17710 10
17711 6
17712 36
17713 27
17714 1 42
17715 5
17716 38
17717 3
17718 13
17719 27
17720 1
17721 27
17722 27
17723 1
17724 18
17725 18
17726 28
17727 10
17728 1 16
17729 23
17730 36
17731 1
17732 22
17733 20
17734 5
17735 27
17736 27
17737 1
17738 6
17739 1 7
17740 1
17741 6
17742 11
17743 10
17744 5
17745 33
17746 39
17747 13
17748 27
17749 27
17750 22
17751 27
17752 4
17753 27
17754 1
17755 8
17756 4
17757 1
17758 10
17759 10
17760 8
17761 8
17762 6
17763 1
17764 1
17765 23
17766 34
17767 5
17768 22
17769 23
17770 34
17771 23
17772 27
17773 22
17774 1
17775 22
17776 38
17777 34
17778 27
17779 13
17780 23
17781 8
17782 36
17783 23
17784 4
17785 8
17786 5
17787 5
17788 1
17789 1
17790 27
17791 1
17792 27
17793 1
17794 1
17795 23
17796 5
17797 1
17798 22
17799 5
17800 27
17801 5
17802 36
17803 1
17804 6
17805 32
17806 5
17807 22
17808 27
17809 27
17810 5
17811 4
17812 1
17813 10
17814 10
17815 36
17816 1
17817 5
17818 27
17819 6
17820 27
17821 25
17822 20
17823 1
17824 13
17825 8
17826 5
17827 13
17828 27
17829 27
17830 13
17831 13 20
17832 36
17833 5
17834 23
17835 3
17836 1
17837 1
17838 10
17839 27
17840 27
17841 8
17842 18
17843 8
17844 4
17845 27
17846 27
17847 27
17848 23
17849 8
17850 5
17851 1
17852 23
17853 18
17854 5
17855 1
17856 18
17857 1
17858 27
17859 1
17860 23
17861 10
17862 5
17863 23
17864 1
17865 13
17866 23
17867 8
17868 36
17869 1
17870 15
17871 1
17872 1
17873 8
17874 25
17875 1
17876 27
17877 13
17878 5
17879 27
17880 5
17881 1
17882 10
17883 1
17884 10
17885 36
17886 13
17887 20
17888 1
17889 5
17890 15
17891 23
17892 23
17893 1
17894 13
17895 27
17896 10
17897 4
17898 1
17899 1
17900 1
17901 5
17902 8
17903 6
17904 8
17905 10
17906 1
17907 1
17908 15
17909 1
17910 4
17911 27
17912 1
17913 1
17914 19
17915 27
17916 23
17917 10
17918 1
17919 9 10
17920 27
17921 10
17922 1
17923 38
17924 1
17925 22
17926 1
17927 5
17928 27
17929 23
17930 10
17931 10 24
17932 10
17933 5
17934 1
17935 1
17936 23
17937 27
17938 13
17939 1
17940 6
17941 1
17942 27
17943 5
17944 18
17945 4
17946 4
17947 5
17948 17
17949 1
17950 23
17951 5
17952 5
17953 1
17954 22
17955 1
17956 27
17957 5
17958 6
17959 5
17960 36
17961 15
17962 3
17963 27
17964 27
17965 36
17966 27
17967 4
17968 5
17969 27
17970 15
17971 36
17972 27
17973 27
17974 5
17975 0
17976 10
17977 27
17978 18
17979 1
17980 27
17981 18
17982 36
17983 1
17984 1
17985 5
17986 27
17987 23
17988 13
17989 8
17990 27
17991 1
17992 8
17993 1
17994 8
17995 36
17996 22
17997 1
17998 1
17999 19
18000 13
18001 27
18002 4
18003 27
18004 4
18005 27
18006 8
18007 20
18008 5
18009 27
18010 5
18011 25
18012 1
18013 13
18014 5
18015 23
18016 4
18017 1 5
18018 23
18019 1
18020 27
18021 8 9
18022 5
18023 19
18024 36
18025 31
18026 13
18027 22
18028 1
18029 36
18030 27
18031 1
18032 27
18033 1
18034 27
18035 4
18036 10
18037 1
18038 27
18039 23
18040 21
18041 28
18042 5
18043 1
18044 10
18045 10
18046 23
18047 5
18048 1
18049 36
18050 1
18051 1
18052 10
18053 1
18054 8
18055 8
18056 25
18057 23
18058 36
18059 23
18060 28
18061 19
18062 5
18063 15
18064 1
18065 1
18066 8
18067 1
18068 5
18069 20
18070 5
18071 38
18072 6
18073 27
18074 1
18075 1
18076 25
18077 1
18078 27
18079 10
18080 10
18081 27
18082 1
18083 13
18084 1
18085 34
18086 1
18087 18
18088 1
18089 13
18090 6
18091 34
18092 28
18093 10
18094 18
18095 1
18096 5
18097 10
18098 5
18099 22
18100 1
18101 8
18102 13
18103 27
18104 1
18105 27
18106 5
18107 4
18108 1
18109 18
18110 27
18111 23
18112 19
18113 1
18114 33
18115 1 5
18116 4
18117 1
18118 21
18119 38
18120 33
18121 5
18122 5
18123 5
18124 1
18125 15
18126 6
18127 13
18128 4
18129 23
18130 23
18131 27
18132 1
18133 18
18134 36
18135 4
18136 8
18137 1
18138 5
18139 6
18140 8
18141 27
18142 8
18143 27
18144 5
18145 6
18146 41
18147 27
18148 3
18149 5
18150 22
18151 13
18152 20
18153 10
18154 27
18155 6
18156 27
18157 27
18158 27
18159 1
18160 13
18161 5
18162 18
18163 2
18164 1
18165 27
18166 1 7
18167 13
18168 27
18169 27
18170 1
18171 1
18172 10
18173 27
18174 1
18175 1
18176 36
18177 5
18178 1
18179 20
18180 10
18181 23
18182 1
18183 13
18184 27
18185 1
18186 13
18187 27
18188 1
18189 27
18190 8
18191 1
18192 27
18193 1
18194 27
18195 1
18196 27 38
18197 18
18198 23
18199 5
18200 1
18201 1
18202 1
18203 5
18204 1
18205 27
18206 1
18207 18
18208 18
18209 1
18210 27
18211 4
18212 1
18213 13
18214 1
18215 5
18216 22
18217 1
18218 32
18219 13
18220 18
18221 1
18222 37
18223 27
18224 1
18225 5
18226 22
18227 1
18228 23
18229 5
18230 1
18231 10
18232 1 16
18233 27
18234 1
18235 5
18236 4
18237 4
18238 1 7
18239 32
18240 10
18241 18
18242 13
18243 4
18244 18
18245 1
18246 27
18247 1
18248 5
18249 1
18250 22
18251 13
18252 1
18253 32
18254 27
18255 22
18256 27
18257 5
18258 1
18259 19
18260 10
18261 1
18262 4
18263 23
18264 27
18265 5
18266 1
18267 27
18268 5
18269 3 5
18270 1
18271 23
18272 8
18273 5
18274 36
18275 41
18276 5
18277 1 16
18278 8
18279 36
18280 5
18281 8
18282 18
18283 18
18284 5
18285 5
18286 35
18287 29
18288 4
18289 5
18290 1
18291 19
18292 18
18293 27
18294 2
18295 27
18296 18
18297 3
18298 27
18299 27
18300 1
18301 39
18302 27
18303 25
18304 13
18305 1
18306 36
18307 27
18308 1
18309 8
18310 8
18311 27
18312 23
18313 1
18314 5
18315 32
18316 13
18317 27
18318 5
18319 12
18320 5
18321 8 9
18322 1
18323 23
18324 27
18325 10
18326 13
18327 5
18328 22
18329 5
18330 30
18331 27
18332 5
18333 1
18334 1 7
18335 4
18336 13
18337 1
18338 1
18339 10
18340 8
18341 5
18342 27
18343 18
18344 8
18345 1
18346 3
18347 27
18348 18
18349 13
18350 1
18351 27
18352 4
18353 1
18354 25
18355 6
18356 36
18357 5
18358 13
18359 2
18360 5
18361 5
18362 13
18363 27
18364 27
18365 27
18366 23
18367 1
18368 10
18369 2
18370 19
18371 36
18372 28
18373 38
18374 27
18375 5
18376 5
18377 1
18378 27
18379 1
18380 5
18381 27
18382 8
18383 1
18384 36
18385 23
18386 1
18387 1
18388 15
18389 27
18390 5
18391 13
18392 8
18393 1
18394 8
18395 8
18396 27
18397 23
18398 18
18399 5
18400 1
18401 1
18402 1
18403 23
18404 33
18405 13
18406 27
18407 1
18408 27
18409 39
18410 13
18411 4
18412 36
18413 5
18414 5
18415 23
18416 18
18417 27
18418 1
18419 27
18420 27
18421 36
18422 13
18423 1
18424 5
18425 5
18426 6
18427 5
18428 13
18429 1
18430 36
18431 1 16
18432 15
18433 27
18434 4
18435 2
18436 11
18437 0
18438 37
18439 37
18440 1
18441 1
18442 13
18443 27
18444 3
18445 5
18446 8
18447 1 16
18448 17
18449 1
18450 5
18451 1
18452 4
18453 5
18454 17 41
18455 1 16
18456 1
18457 13
18458 1
18459 5
18460 36
18461 18
18462 34
18463 27
18464 13
18465 1
18466 1
18467 20
18468 10
18469 5
18470 27
18471 27
18472 3
18473 15
18474 34
18475 36
18476 2
18477 5
18478 23
18479 1
18480 27
18481 13
18482 1
18483 8
18484 38
18485 8
18486 5
18487 5
18488 19
18489 13
18490 5
18491 5
18492 1
18493 1
18494 8
18495 1
18496 5
18497 1
18498 5
18499 23
18500 23
18501 13
18502 37
18503 27
18504 27
18505 1
18506 1
18507 27
18508 36
18509 1
18510 27
18511 1
18512 0
18513 6
18514 6
18515 27
18516 31
18517 4
18518 19
18519 27
18520 22
18521 27
18522 0
18523 18
18524 4
18525 27
18526 6
18527 27
18528 5
18529 10
18530 32
18531 27
18532 18
18533 23
18534 1
18535 1
18536 27
18537 18
18538 3
18539 13
18540 25
18541 8
18542 1
18543 30
18544 8
18545 5
18546 8
18547 29
18548 5
18549 27
18550 1
18551 27
18552 27
18553 3
18554 5
18555 6
18556 27
18557 41
18558 27
18559 1
18560 8
18561 27
18562 4
18563 36
18564 3
18565 3
18566 27
18567 13
18568 27
18569 1 16
18570 5
18571 1
18572 10
18573 23
18574 1 7
18575 20
18576 27
18577 1
18578 27
18579 15
18580 15
18581 8
18582 5
18583 4
18584 10
18585 22
18586 10
18587 18
18588 0
18589 5
18590 1
18591 38
18592 5
18593 1
18594 10
18595 1
18596 28
18597 3
18598 10
18599 23
18600 22
18601 28
18602 1
18603 1
18604 27
18605 1
18606 23
18607 10
18608 13
18609 8
18610 6
18611 1
18612 27
18613 13
18614 1
18615 1
18616 32
18617 1
18618 13
18619 27
18620 1
18621 1
18622 1
18623 1
18624 27
18625 27
18626 1
18627 32
18628 5
18629 17
18630 38
18631 18
18632 27
18633 23
18634 27
18635 22
18636 10
18637 15
18638 10
18639 27
18640 4
18641 10
18642 1
18643 1
18644 27
18645 27
18646 22
18647 5
18648 27
18649 27
18650 27
18651 5
18652 5
18653 20
18654 19
18655 38
18656 4
18657 1
18658 26
18659 27
18660 39
18661 8
18662 34
18663 8
18664 5
18665 4
18666 27
18667 5
18668 13
18669 4
18670 23
18671 1
18672 1
18673 1
18674 22
18675 1
18676 37
18677 23
18678 15
18679 5
18680 20
18681 1
18682 1
18683 8
18684 18 23
18685 27
18686 27
18687 23
18688 13
18689 27
18690 23
18691 1
18692 23
18693 19
18694 27
18695 10
18696 19
18697 27
18698 1
18699 5
18700 22
18701 23
18702 1
18703 23
18704 1
18705 1
18706 5
18707 13
18708 27
18709 27
18710 5
18711 5
18712 1
18713 8
18714 36
18715 13
18716 15
18717 27
18718 10
18719 1
18720 20
18721 5
18722 13
18723 27
18724 13
18725 1
18726 27
18727 1
18728 4
18729 17
18730 23
18731 35
18732 6
18733 1
18734 5
18735 33
18736 23
18737 27
18738 5
18739 36
18740 34
18741 13
18742 23
18743 1
18744 1
18745 18
18746 37
18747 23
18748 17
18749 32
18750 0
18751 5
18752 15
18753 6
18754 13
18755 10
18756 18
18757 22
18758 1
18759 27
18760 27
18761 32
18762 27
18763 11
18764 8
18765 4
18766 17
18767 1
18768 33
18769 1
18770 8
18771 23
18772 27
18773 13
18774 13
18775 37
18776 27
18777 5
18778 27
18779 27
18780 27
18781 5
18782 4
18783 1
18784 27
18785 1
18786 1
18787 27
18788 18
18789 5
18790 10
18791 1
18792 27
18793 27
18794 5
18795 1
18796 5
18797 1
18798 4
18799 11
18800 1
18801 19
18802 27
18803 1
18804 36
18805 10
18806 4
18807 4
18808 5
18809 18
18810 27
18811 5
18812 2
18813 27
18814 27
18815 27
18816 2
18817 6
18818 4
18819 0
18820 5
18821 6
18822 1
18823 27
18824 23
18825 1
18826 27
18827 1
18828 4
18829 1
18830 27
18831 27
18832 23
18833 10
18834 0
18835 1
18836 3
18837 5
18838 23
18839 23
18840 23
18841 18
18842 34
18843 18
18844 10
18845 2
18846 5
18847 1
18848 27
18849 1
18850 41
18851 27
18852 1
18853 23
18854 22
18855 5
18856 27
18857 15
18858 8
18859 18
18860 1 16
18861 32
18862 27
18863 27
18864 18
18865 6
18866 10
18867 10
18868 19
18869 27
18870 27
18871 27
18872 38
18873 5
18874 38
18875 18
18876 27
18877 4
18878 32
18879 1
18880 27
18881 25
18882 27
18883 5
18884 27
18885 5
18886 27
18887 13
18888 27
18889 4
18890 5
18891 19
18892 1
18893 15 40
18894 13
18895 27
18896 13
18897 1
18898 0
18899 1
18900 23
18901 38
18902 1
18903 1
18904 27
18905 5
18906 1
18907 1
18908 1
18909 1
18910 4
18911 37
18912 17
18913 23
18914 1
18915 36
18916 2
18917 33
18918 31
18919 19
18920 18
18921 33
18922 5
18923 1
18924 5
18925 1
18926 5
18927 25
18928 5
18929 18
18930 5
18931 1
18932 27
18933 1
18934 23
18935 4
18936 18
18937 5
18938 5
18939 4
18940 38
18941 23
18942 27
18943 32
18944 13 22
18945 1
18946 1
18947 17
18948 4
18949 5
18950 23
18951 10
18952 1 16
18953 27
18954 18
18955 1
18956 19
18957 41
18958 10
18959 10
18960 18
18961 5
18962 25
18963 27
18964 1
18965 22
18966 22
18967 11
18968 5
18969 20
18970 1
18971 15
18972 1
18973 22
18974 18
18975 13
18976 8
18977 1 7
18978 36
18979 8
18980 22
18981 25
18982 1
18983 27
18984 27
18985 10
18986 27
18987 27
18988 27
18989 27
18990 27
18991 33
18992 1
18993 5
18994 13
18995 10
18996 23
18997 5
18998 27
18999 27
19000 28
19001 6
19002 23
19003 10
19004 10
19005 1
19006 23
19007 1
19008 13
19009 27
19010 1
19011 27
19012 27
19013 1
19014 23
19015 1
19016 22
19017 8
19018 8
19019 27
19020 10
19021 1
19022 27
19023 27
19024 5
19025 10
19026 41
19027 1
19028 27
19029 13
19030 1
19031 27
19032 13
19033 5
19034 6
19035 13
19036 32
19037 23
19038 10
19039 27
19040 27
19041 13
19042 18
19043 17 40
19044 6
19045 23
19046 36
19047 34
19048 27
19049 32
19050 27
19051 5
19052 27
19053 27
19054 1
19055 1 7
19056 1 7
19057 5
19058 15
19059 32
19060 13
19061 13
19062 15
19063 27
19064 1
19065 25
19066 5
19067 27
19068 5
19069 27
19070 5
19071 1
19072 27
19073 28
19074 1
19075 27
19076 1
19077 4
19078 38
19079 5
19080 18
19081 36
19082 5
19083 1
19084 27
19085 1
19086 8
19087 20
19088 17
19089 27
19090 15
19091 33
19092 27
19093 1
19094 23
19095 6
19096 1
19097 2
19098 22
19099 25
19100 19
19101 5
19102 33
19103 1
19104 1 7
19105 27
19106 27
19107 1
19108 1
19109 1
19110 19
19111 38
19112 27
19113 39
19114 34
19115 5
19116 32
19117 36
19118 11
19119 39
19120 10
19121 4
19122 13
19123 8
19124 5
19125 27
19126 23
19127 39
19128 22
19129 1
19130 33
19131 32
19132 19
19133 1
19134 5
19135 23
19136 1
19137 22
19138 41
19139 1 16
19140 1
19141 1
19142 41
19143 27
19144 1
19145 10
19146 1
19147 18
19148 27
19149 10
19150 1
19151 18
19152 5
19153 38
19154 8
19155 13
19156 8
19157 5
19158 23
19159 23
19160 36
19161 1
19162 1
19163 12
19164 10
19165 17
19166 1
19167 19
19168 13
19169 27
19170 5
19171 1
19172 32
19173 1 16
19174 13
19175 4
19176 27
19177 6
19178 1
19179 23
19180 5
19181 1
19182 13
19183 5
19184 8
19185 27
19186 11
19187 1
19188 5
19189 5
19190 27
19191 1
19192 10
19193 10
19194 23
19195 8
19196 1
19197 5
19198 18
19199 18
19200 15
19201 1
19202 30
19203 1
19204 20
19205 1
19206 1
19207 1
19208 1
19209 5
19210 2
19211 13
19212 2
19213 5
19214 4
19215 27
19216 1
19217 5
19218 18
19219 15
19220 22
19221 23
19222 27
19223 1
19224 5
19225 5
19226 27
19227 19
19228 5
19229 1
19230 10
19231 34
19232 5
19233 36
19234 5
19235 27
19236 27
19237 8
19238 1
19239 10
19240 27
19241 33
19242 4
19243 1
19244 1
19245 36
19246 1
19247 13
19248 34
19249 36
19250 1
19251 4
19252 27
19253 5
19254 20
19255 10
19256 18
19257 18
19258 34
19259 15
19260 33
19261 1
19262 1
19263 10
19264 37
19265 27
19266 22
19267 29
19268 27
19269 1
19270 1
19271 27
19272 1
19273 13
19274 27
19275 1 16
19276 1
19277 1
19278 27
19279 27
19280 23
19281 1
19282 3
19283 34 41
19284 31
19285 11
19286 10
19287 17
19288 1
19289 27
19290 27
19291 21
19292 13
19293 25
19294 1
19295 29
19296 19
19297 41
19298 3
19299 27
19300 8
19301 1
19302 27
19303 1
19304 13
19305 4
19306 15
19307 19
19308 27
19309 27
19310 38
19311 27
19312 17
19313 5
19314 13
19315 13
19316 1 16
19317 1
19318 18
19319 5
19320 1 16
19321 22
19322 22
19323 6
19324 37
19325 13
19326 5
19327 1
19328 36
19329 1
19330 1
19331 27
19332 22
19333 1
19334 2
19335 23
19336 27
19337 1
19338 1
19339 1
19340 10
19341 13
19342 5
19343 27
19344 1
19345 27
19346 33
19347 23
19348 5
19349 23
19350 41
19351 18
19352 5
19353 8
19354 1
19355 5
19356 10
19357 8
19358 6
19359 27
19360 10
19361 20
19362 5
19363 23
19364 6
19365 10
19366 8
19367 5
19368 10
19369 1
19370 5
19371 13
19372 34
19373 8
19374 23
19375 21
19376 31
19377 27
19378 8
19379 15
19380 27
19381 1
19382 25
19383 29
19384 6
19385 1
19386 27
19387 1
19388 4
19389 5
19390 8
19391 27
19392 15
19393 13
19394 13
19395 8
19396 27
19397 1
19398 38
19399 27
19400 23
19401 27
19402 5
19403 28
19404 1
19405 36
19406 1
19407 1
19408 13
19409 27
19410 38
19411 10
19412 32
19413 23
19414 27
19415 5
19416 1
19417 27
19418 8
19419 27
19420 23
19421 1
19422 4
19423 37
19424 27
19425 1
19426 13
19427 39
19428 36
19429 5
19430 1
19431 17
19432 1
19433 5
19434 13
19435 1
19436 10
19437 38
19438 5
19439 5
19440 5
19441 4
19442 10
19443 1
19444 27
19445 5 10
19446 27
19447 1
19448 1
19449 25
19450 1
19451 18
19452 6
19453 8
19454 37
19455 5
19456 8
19457 1
19458 23
19459 27
19460 8
19461 10
19462 27
19463 25
19464 27
19465 5
19466 27
19467 5
19468 10
19469 18
19470 18
19471 1
19472 1
19473 5
19474 10
19475 5
19476 8
19477 10
19478 10
19479 4
19480 1
19481 23 40
19482 27
19483 25
19484 1
19485 10
19486 27
19487 10
19488 18
19489 36
19490 8
19491 27
19492 5
19493 1 7
19494 23
19495 23
19496 1
19497 41
19498 27
19499 23
19500 1
19501 1
19502 4
19503 19
19504 17
19505 1
19506 39
19507 1 5
19508 1
19509 1
19510 1
19511 1
19512 27
19513 1
19514 1
19515 19
19516 13
19517 5
19518 1
19519 1
19520 34
19521 27
19522 32
19523 27
19524 27
19525 10
19526 27
19527 27
19528 32
19529 21
19530 36
19531 1
19532 36
19533 5
19534 23
19535 1
19536 27
19537 5
19538 3
19539 23
19540 17
19541 6
19542 27
19543 13
19544 8
19545 27
19546 22
19547 1
19548 36
19549 27
19550 6
19551 27
19552 18
19553 27
19554 1
19555 1
19556 1
19557 38
19558 20
19559 1
19560 1
19561 5
19562 1
19563 5
19564 19
19565 8
19566 13
19567 29
19568 1
19569 27
19570 0
19571 1
19572 22
19573 1
19574 22
19575 5
19576 27
19577 1
19578 13
19579 1
19580 23
19581 10
19582 36
19583 1
19584 36
19585 27
19586 6
19587 27
19588 10
19589 27
19590 38
19591 27
19592 13
19593 15
19594 23
19595 20
19596 5
19597 27
19598 2
19599 21
19600 11
19601 27
19602 20
19603 1
19604 5
19605 1
19606 41
19607 36
19608 13
19609 27
19610 15
19611 18
19612 25
19613 1
19614 13
19615 3
19616 5
19617 13
19618 1
19619 5
19620 27
19621 27
19622 22
19623 1
19624 1
19625 8
19626 19
19627 18
19628 21
19629 5
19630 10
19631 1
19632 18
19633 27
19634 27
19635 6
19636 31
19637 27
19638 5
19639 27
19640 1 16
19641 36
19642 5
19643 25
19644 19
19645 27
19646 1
19647 13
19648 1
19649 18
19650 5
19651 36
19652 8
19653 27
19654 27
19655 1
19656 1
19657 5
19658 5
19659 27
19660 23
19661 5
19662 27
19663 18
19664 22
19665 1
19666 5
19667 28
19668 27
19669 27
19670 1
19671 27
19672 27
19673 5
19674 1 16
19675 27
19676 1
19677 36
19678 27
19679 13
19680 3
19681 22
19682 1
19683 33
19684 1
19685 41
19686 18
19687 27
19688 18
19689 1
19690 11
19691 5
19692 19
19693 27
19694 27
19695 22
19696 5
19697 27
19698 1
19699 5
19700 1
19701 6
19702 1
19703 5
19704 5
19705 38
19706 5
19707 17
19708 27
19709 23
19710 1
19711 5
19712 10
19713 19
19714 6
19715 13
19716 4
19717 27
19718 4
19719 36
19720 13
19721 27
19722 1
19723 27
19724 27
19725 1
19726 27
19727 5
19728 23
19729 13
19730 27
19731 27
19732 1
19733 8
19734 10
19735 10
19736 1
19737 8
19738 5
19739 1
19740 27
19741 22
19742 6
19743 27
19744 13
19745 6
19746 13
19747 10
19748 23
19749 27
19750 27
19751 1
19752 18
19753 18
19754 1 16
19755 4
19756 1
19757 2
19758 5
19759 27
19760 6
19761 1 7
19762 36
19763 5
19764 1
19765 27
19766 5
19767 15
19768 20
19769 1
19770 13
19771 27
19772 27
19773 13
19774 1
19775 27
19776 18
19777 1
19778 27
19779 5
19780 19
19781 17
19782 36
19783 27
19784 27
19785 5
19786 23 37
19787 18
19788 34
19789 5
19790 10
19791 41
19792 10
19793 13
19794 6
19795 27
19796 15
19797 17
19798 10
19799 1
19800 10
19801 13
19802 6
19803 1
19804 27
19805 0
19806 8
19807 13
19808 13
19809 33
19810 1
19811 5
19812 15
19813 8
19814 5
19815 5
19816 1
19817 13
19818 27
19819 5
19820 20
19821 10
19822 13
19823 13
19824 1
19825 23
19826 15
19827 4
19828 27
19829 23
19830 1
19831 8
19832 5
19833 18
19834 35
19835 15
19836 9 19
19837 10
19838 10
19839 1
19840 23
19841 1
19842 13
19843 8
19844 27
19845 13
19846 23
19847 20
19848 5
19849 5
19850 27
19851 8
19852 22
19853 1
19854 5
19855 27
19856 28
19857 5
19858 34
19859 5
19860 17
19861 23
19862 5
19863 27
19864 8
19865 27
19866 6
19867 13
19868 10
19869 5
19870 3
19871 27
19872 8
19873 5
19874 27
19875 5
19876 18
19877 5
19878 1
19879 8
19880 6
19881 22
19882 8
19883 29
19884 1 7
19885 8
19886 1
19887 5
19888 1
19889 27
19890 36
19891 27
19892 8
19893 27
19894 27
19895 10
19896 27
19897 27
19898 1
19899 23
19900 5
19901 27
19902 1
19903 27
19904 8
19905 27
19906 8
19907 5
19908 13
19909 27
19910 27
19911 15
19912 13
19913 1
19914 37
19915 1
19916 1
19917 10
19918 27
19919 1
19920 15
19921 38
19922 27
19923 1
19924 8
19925 1
19926 13
19927 1
19928 23
19929 27
19930 3
19931 27
19932 8
19933 13
19934 6
19935 3
19936 22
19937 13
19938 38
19939 41
19940 19
19941 1
19942 1
19943 22
19944 5
19945 19
19946 10
19947 39
19948 22
19949 29
19950 27
19951 1
19952 1
19953 27
19954 14 15
19955 8
19956 37
19957 27
19958 1
19959 27
19960 41
19961 36
19962 5
19963 29
19964 1
19965 5
19966 4
19967 3
19968 27
19969 27
19970 1
19971 27
19972 13
19973 27
19974 8
19975 41
19976 5
19977 4
19978 1
19979 5
19980 27
19981 1
19982 1
19983 1
19984 5
19985 1
19986 8
19987 10
19988 19
19989 27
19990 21
19991 1
19992 1 16
19993 32
19994 5
19995 39
19996 29
19997 27
19998 13
19999 27
20000 13
