0 3310
1 4979
2 940
3 5890
4 4285
5 3484
6 726
7 2743
8 3428
9 4524
10 3421
11 2689
12 1159
13 6546
14 6996
15 2534
16 1329
17 69
18 4810
19 5315
20 3747
21 5960
22 3353
23 7244
24 265
25 1478
26 6137
27 794
28 6220
29 2660
30 1595
31 1050
32 7597
33 6540
34 68
35 4099
36 1425
37 3101
38 1078
39 5276
40 1752
41 6072
42 4585
43 4489
44 1065
45 6012
46 347
47 3153
48 6047
49 5471
50 5252
51 5921
52 7716
53 4072
54 2249
55 4955
56 3366
57 2640
58 6543
59 3438
60 5151
61 1337
62 6546
63 70
64 3331
65 7675
66 1194
67 1626
68 4878
69 6078
70 919
71 7681
72 2503
73 1193
74 6775
75 4238
76 1045
77 5265
78 5385
79 4666
80 1223
81 1446
82 1888
83 551
84 3602
85 2605
86 4527
87 1028
88 4033
89 1332
90 6875
91 7006
92 5037
93 495
94 183
95 2384
96 7260
97 1012
98 2802
99 6965
100 1306
101 1844
102 6853
103 1863
104 2370
105 2033
106 3514
107 921
108 1487
109 1854
110 211
111 4414
112 5056
113 2548
114 3651
115 4677
116 3583
117 6223
118 4702
119 3637
120 4451
121 3762
122 889
123 4457
124 1174
125 2904
126 3788
127 3935
128 2270
129 4583
130 6513
131 7421
132 3971
133 2625
134 6898
135 4599
136 3543
137 6046
138 6848
139 3160
140 3892
141 4809
142 7614
143 4715
144 4455
145 7008
146 7032
147 2540
148 6333
149 1803
150 6668
151 6581
152 2462
153 6120
154 2395
155 5766
156 7574
157 4407
158 7249
159 7425
160 7122
161 6929
162 5422
163 4723
164 2216
165 5761
166 3256
167 4211
168 3543
169 7053
170 2377
171 6717
172 7795
173 804
174 6638
175 28
176 5236
177 6767
178 5419
179 5691
180 1006
181 7496
182 1217
183 7627
184 1388
185 3686
186 6897
187 563
188 5480
189 3961
190 7973
191 7049
192 3143
193 7231
194 2469
195 1304
196 2980
197 641
198 3531
199 5878
200 496
201 528
202 865
203 6261
204 52
205 306
206 7627
207 2523
208 5513
209 3891
210 4116
211 6230
212 6842
213 2132
214 3159
215 632
216 1819
217 7709
218 2342
219 5509
220 4957
221 6053
222 3789
223 1339
224 1957
225 4747
226 3084
227 4540
228 2732
229 5877
230 5578
231 6234
232 3618
233 1799
234 4315
235 8006
236 3149
237 7030
238 4810
239 1505
240 6947
241 4778
242 4308
243 208
244 2587
245 2348
246 7003
247 2440
248 4569
249 7457
250 4447
251 3564
252 6964
253 4790
254 396
255 169
256 7627
257 7838
258 7418
259 990
260 3806
261 7829
262 7189
263 1276
264 315
265 4443
266 4835
267 4653
268 6610
269 1530
270 6887
271 5533
272 2364
273 5200
274 2511
275 6917
276 1983
277 4460
278 4899
279 6482
280 567
281 733
282 909
283 6147
284 3880
285 6923
286 7972
287 2662
288 5202
289 6371
290 6791
291 478
292 3033
293 2509
294 7291
295 7609
296 5687
297 7462
298 6601
299 2997
300 1868
301 4543
302 7972
303 4191
304 7051
305 4114
306 6806
307 6281
308 1101
309 1016
310 2321
311 4335
312 2256
313 2963
314 3918
315 6438
316 7330
317 4299
318 6872
319 4143
320 6572
321 1579
322 3501
323 4221
324 6751
325 4404
326 6296
327 3869
328 5913
329 5258
330 6840
331 7032
332 4368
333 7122
334 5658
335 3940
336 307
337 5131
338 5662
339 4861
340 6172
341 6792
342 2962
343 5561
344 2669
345 2334
346 2916
347 7290
348 5771
349 1834
350 3283
351 5559
352 4077
353 500
354 4298
355 7298
356 1489
357 7762
358 5016
359 7642
360 7799
361 2384
362 6438
363 7726
364 1221
365 5202
366 2662
367 149
368 4559
369 3333
370 1904
371 7117
372 6102
373 2776
374 5621
375 1325
376 1316
377 6577
378 4366
379 5185
380 3545
381 1696
382 6333
383 4180
384 3794
385 4610
386 4154
387 1138
388 406
389 2614
390 1006
391 650
392 6411
393 3167
394 3312
395 7828
396 7395
397 1371
398 2373
399 4965
400 396
401 191
402 6477
403 6477
404 4366
405 1937
406 1693
407 745
408 550
409 7287
410 5739
411 7084
412 5406
413 5857
414 5313
415 7351
416 5060
417 7499
418 1868
419 8022
420 4706
421 6841
422 4842
423 6477
424 5644
425 4687
426 4658
427 4589
428 898
429 1701
430 5370
431 6455
432 6344
433 1710
434 3155
435 7282
436 5650
437 1638
438 241
439 4450
440 3178
441 6665
442 6342
443 1399
444 1820
445 1581
446 3769
447 1251
448 7902
449 2780
450 129
451 3836
452 6928
453 7626
454 2011
455 3435
456 7032
457 61
458 6314
459 3842
460 3034
461 1293
462 4855
463 1147
464 3392
465 8061
466 3034
467 7702
468 376
469 3066
470 5353
471 7034
472 6242
473 6405
474 2123
475 1136
476 2444
477 8066
478 3243
479 1666
480 1179
481 5109
482 7594
483 4241
484 4194
485 5152
486 3969
487 7270
488 3734
489 4066
490 6101
491 382
492 2467
493 6984
494 5124
495 3313
496 4550
497 7176
498 3403
499 2128
500 7241
501 6703
502 3503
503 327
504 6177
505 3876
506 4782
507 2548
508 58
509 3610
510 2532
511 2354
512 7230
513 1590
514 1190
515 2426
516 3619
517 1486
518 5857
519 6018
520 5811
521 4443
522 5366
523 1438
524 2413
525 2025
526 4745
527 6015
528 4611
529 3414
530 3496
531 2297
532 2275
533 7603
534 2688
535 872
536 5370
537 4818
538 6281
539 1764
540 2291
541 6828
542 3735
543 7826
544 5809
545 6718
546 6653
547 1458
548 114
549 4133
550 6316
551 7689
552 7861
553 4810
554 4376
555 6855
556 2231
557 5109
558 6281
559 1240
560 7079
561 2788
562 928
563 8031
564 7362
565 5303
566 5270
567 1561
568 5694
569 1263
570 1981
571 2686
572 2065
573 7208
574 5843
575 5369
576 8032
577 6298
578 5503
579 1868
580 2788
581 923
582 655
583 1518
584 4511
585 5016
586 5445
587 2137
588 1978
589 5060
590 4616
591 8031
592 5287
593 6506
594 8031
595 2848
596 7423
597 1323
598 5795
599 6561
600 2063
601 8030
602 6281
603 3883
604 1258
605 1249
606 754
607 3953
608 5388
609 1586
610 6956
611 5889
612 6930
613 389
614 1364
615 6477
616 109
617 1524
618 1087
619 6556
620 7488
621 6652
622 6872
623 4689
624 5097
625 1524
626 2049
627 4470
628 6799
629 2049
630 881
631 1
632 4826
633 7972
634 5900
635 3141
636 4374
637 5097
638 6717
639 6462
640 664
641 5416
642 4269
643 6477
644 5000
645 4143
646 8013
647 1102
648 4825
649 7850
650 1313
651 2341
652 7417
653 4177
654 8105
655 7829
656 6600
657 5667
658 6
659 4370
660 897
661 6115
662 4289
663 5719
664 6258
665 2367
666 613
667 2292
668 2322
669 1524
670 543
671 2307
672 5891
673 6477
674 2163
675 5841
676 3594
677 4562
678 5187
679 195
680 7121
681 1019
682 7514
683 3419
684 7741
685 6281
686 7471
687 6003
688 2333
689 2294
690 6581
691 5866
692 5691
693 1006
694 4333
695 1378
696 814
697 7772
698 7263
699 628
700 671
701 6912
702 5449
703 3412
704 1695
705 6738
706 7126
707 5314
708 3377
709 2049
710 3411
711 1509
712 613
713 486
714 4091
715 6327
716 4392
717 6943
718 3291
719 4733
720 5443
721 6342
722 4370
723 5632
724 256
725 2989
726 102
727 6411
728 439
729 8082
730 6784
731 1482
732 4007
733 6718
734 4955
735 6670
736 3943
737 5396
738 6342
739 1113
740 4265
741 6097
742 4338
743 3617
744 4504
745 2304
746 7119
747 1452
748 3266
749 7057
750 2063
751 338
752 7723
753 5844
754 7120
755 1198
756 61
757 5098
758 1274
759 4077
760 6048
761 7667
762 7918
763 2367
764 2005
765 5416
766 4063
767 1502
768 5691
769 900
770 537
771 46
772 110
773 6513
774 5443
775 1952
776 3167
777 5370
778 6151
779 7914
780 1749
781 6802
782 7510
783 7571
784 7297
785 7319
786 6476
787 749
788 2225
789 41
790 5030
791 494
792 3549
793 2415
794 6569
795 730
796 5282
797 2367
798 499
799 2972
800 6140
801 5077
802 6512
803 7103
804 1641
805 7150
806 7264
807 5691
808 1160
809 2949
810 567
811 1278
812 1780
813 5162
814 5648
815 1082
816 6444
817 8054
818 4554
819 8094
820 5902
821 6054
822 5262
823 872
824 4877
825 1454
826 5081
827 3440
828 3312
829 1692
830 4244
831 6218
832 1176
833 6969
834 4218
835 1482
836 5056
837 565
838 3304
839 5109
840 7950
841 3634
842 2997
843 7978
844 8035
845 4900
846 226
847 5097
848 3616
849 8014
850 3634
851 3338
852 4555
853 3592
854 5580
855 6512
856 4559
857 5782
858 1586
859 5028
860 2312
861 4435
862 1215
863 3867
864 6915
865 5193
866 3909
867 8021
868 2056
869 2410
870 4121
871 6441
872 1187
873 4579
874 2700
875 4078
876 140
877 6636
878 7891
879 6279
880 57
881 6885
882 3831
883 8156
884 5018
885 1480
886 857
887 2415
888 4750
889 4522
890 8179
891 2760
892 3044
893 4101
894 372
895 4741
896 1114
897 6457
898 1291
899 8163
900 3515
901 8071
902 2571
903 336
904 1482
905 7052
906 4934
907 7138
908 7069
909 4496
910 6342
911 5876
912 4216
913 4310
914 5097
915 4315
916 2793
917 6004
918 4616
919 5475
920 723
921 1196
922 4415
923 6726
924 3197
925 6702
926 4838
927 4468
928 3041
929 4690
930 7235
931 971
932 2925
933 5255
934 6484
935 3980
936 139
937 1248
938 3778
939 3022
940 4577
941 1071
942 3435
943 2861
944 979
945 7208
946 3158
947 3798
948 541
949 5098
950 187
951 7284
952 8015
953 4797
954 5021
955 1328
956 3280
957 4801
958 3043
959 1172
960 1587
961 6565
962 6658
963 6016
964 3702
965 1451
966 6286
967 7828
968 3625
969 6410
970 4641
971 3182
972 2720
973 3703
974 6451
975 3385
976 7281
977 5809
978 7680
979 2445
980 3553
981 1182
982 5689
983 7284
984 5359
985 5788
986 981
987 770
988 6122
989 7626
990 2657
991 5932
992 6321
993 3099
994 7172
995 3873
996 240
997 4969
998 8086
999 3379
1000 7917
1001 8219
1002 7002
1003 4711
1004 7027
1005 1622
1006 2960
1007 6295
1008 5094
1009 5587
1010 796
1011 4713
1012 4003
1013 7349
1014 1898
1015 7335
1016 4645
1017 5822
1018 350
1019 349
1020 6906
1021 5816
1022 902
1023 544
1024 4916
1025 6878
1026 4471
1027 6824
1028 459
1029 6302
1030 3778
1031 2030
1032 7850
1033 4766
1034 6813
1035 60
1036 6688
1037 8082
1038 3737
1039 7261
1040 4280
1041 6661
1042 7468
1043 2815
1044 2601
1045 6724
1046 3692
1047 5336
1048 7459
1049 7637
1050 28
1051 5683
1052 5709
1053 4619
1054 93
1055 2679
1056 3737
1057 1971
1058 2057
1059 6277
1060 245
1061 162
1062 4843
1063 5147
1064 964
1065 7416
1066 3418
1067 3285
1068 7429
1069 1268
1070 2043
1071 5238
1072 2577
1073 1122
1074 1867
1075 2188
1076 4616
1077 7607
1078 2551
1079 4093
1080 7300
1081 3085
1082 7518
1083 3839
1084 6940
1085 2428
1086 55
1087 2731
1088 2647
1089 5582
1090 5691
1091 3745
1092 2603
1093 6797
1094 2481
1095 4746
1096 3357
1097 6216
1098 1572
1099 2336
1100 5926
1101 5069
1102 1775
1103 1907
1104 1335
1105 4061
1106 7733
1107 3547
1108 5965
1109 1407
1110 387
1111 6648
1112 3895
1113 4592
1114 7802
1115 4908
1116 4395
1117 3585
1118 8190
1119 5234
1120 3870
1121 4064
1122 4168
1123 685
1124 1507
1125 2380
1126 2242
1127 5901
1128 8230
1129 7319
1130 4955
1131 4616
1132 3140
1133 3157
1134 750
1135 1619
1136 6806
1137 5553
1138 7191
1139 6452
1140 8201
1141 7595
1142 191
1143 4515
1144 5774
1145 4710
1146 6741
1147 8278
1148 4234
1149 3944
1150 5243
1151 2939
1152 8129
1153 5680
1154 5275
1155 453
1156 2983
1157 4772
1158 6739
1159 5537
1160 1031
1161 5271
1162 6658
1163 7993
1164 6230
1165 1479
1166 4272
1167 1792
1168 2500
1169 344
1170 6591
1171 5062
1172 1901
1173 4925
1174 6798
1175 7826
1176 1977
1177 4084
1178 4830
1179 2031
1180 2605
1181 6995
1182 6688
1183 7294
1184 4704
1185 8214
1186 122
1187 5065
1188 401
1189 3540
1190 8242
1191 3328
1192 4968
1193 1339
1194 2614
1195 4719
1196 7654
1197 5534
1198 4219
1199 4053
1200 7579
1201 4251
1202 4512
1203 7149
1204 1835
1205 5691
1206 5735
1207 3206
1208 3381
1209 1392
1210 5496
1211 497
1212 5157
1213 5338
1214 4303
1215 5660
1216 3035
1217 6101
1218 1191
1219 2258
1220 8024
1221 767
1222 4173
1223 12
1224 5240
1225 6082
1226 7448
1227 59
1228 8148
1229 1547
1230 5646
1231 3123
1232 3922
1233 3610
1234 7404
1235 7995
1236 3267
1237 6942
1238 1608
1239 1036
1240 2446
1241 5888
1242 7863
1243 6761
1244 520
1245 4250
1246 3599
1247 3457
1248 1851
1249 3337
1250 236
1251 4673
1252 8203
1253 7912
1254 5287
1255 7411
1256 2851
1257 6191
1258 6010
1259 3222
1260 1197
1261 2715
1262 6505
1263 2310
1264 4786
1265 280
1266 6282
1267 1017
1268 4143
1269 3118
1270 1046
1271 2880
1272 792
1273 1225
1274 4324
1275 5708
1276 4923
1277 2683
1278 2332
1279 8074
1280 7377
1281 3278
1282 5600
1283 3255
1284 4281
1285 8282
1286 7700
1287 3111
1288 7444
1289 148
1290 1581
1291 1609
1292 4535
1293 7678
1294 263
1295 2561
1296 2295
1297 1493
1298 1914
1299 2575
1300 7201
1301 968
1302 7972
1303 1093
1304 1284
1305 4397
1306 7557
1307 2775
1308 2157
1309 5640
1310 2645
1311 1614
1312 3110
1313 90
1314 6427
1315 6399
1316 743
1317 3908
1318 4688
1319 6088
1320 8141
1321 5186
1322 2943
1323 5332
1324 2544
1325 629
1326 7415
1327 5287
1328 6025
1329 386
1330 7598
1331 5186
1332 5037
1333 6804
1334 5704
1335 4805
1336 140
1337 5930
1338 8141
1339 3817
1340 7072
1341 5587
1342 4816
1343 7422
1344 5443
1345 5857
1346 5139
1347 5202
1348 1022
1349 2294
1350 14
1351 6384
1352 8228
1353 1314
1354 2190
1355 3894
1356 15
1357 738
1358 3274
1359 4918
1360 6203
1361 5831
1362 5783
1363 7601
1364 991
1365 8265
1366 5719
1367 4805
1368 4028
1369 1785
1370 8302
1371 7319
1372 5719
1373 7828
1374 12
1375 5667
1376 3889
1377 6383
1378 6605
1379 1475
1380 1523
1381 6634
1382 5568
1383 8086
1384 1063
1385 7223
1386 7905
1387 4573
1388 968
1389 8225
1390 1436
1391 5724
1392 1974
1393 5103
1394 278
1395 2242
1396 6368
1397 1581
1398 2430
1399 8193
1400 5916
1401 1482
1402 1518
1403 7013
1404 6569
1405 1299
1406 7018
1407 7634
1408 1699
1409 1581
1410 2252
1411 4779
1412 2682
1413 6369
1414 6010
1415 4094
1416 605
1417 2946
1418 8137
1419 2090
1420 2242
1421 5699
1422 5678
1423 8026
1424 996
1425 4688
1426 2223
1427 5507
1428 4559
1429 6870
1430 7180
1431 5817
1432 2783
1433 4805
1434 5175
1435 6723
1436 3425
1437 5028
1438 5446
1439 1841
1440 8299
1441 8306
1442 6497
1443 4525
1444 2480
1445 7319
1446 3828
1447 6437
1448 6151
1449 3718
1450 1044
1451 845
1452 6427
1453 1650
1454 10
1455 231
1456 7826
1457 1311
1458 7613
1459 5848
1460 3523
1461 375
1462 1824
1463 1277
1464 2389
1465 4725
1466 5467
1467 8309
1468 5129
1469 3609
1470 7365
1471 4963
1472 2075
1473 5435
1474 7581
1475 4439
1476 910
1477 1906
1478 7482
1479 6877
1480 2166
1481 6113
1482 3344
1483 7617
1484 3719
1485 1738
1486 6863
1487 2826
1488 7336
1489 6766
1490 3533
1491 3621
1492 6152
1493 4271
1494 2973
1495 3732
1496 3407
1497 4613
1498 4041
1499 846
1500 4867
1501 842
1502 6623
1503 3601
1504 3022
1505 3081
1506 1959
1507 2635
1508 8307
1509 855
1510 3262
1511 5649
1512 5790
1513 3308
1514 1858
1515 1151
1516 1905
1517 71
1518 5319
1519 3518
1520 5796
1521 6796
1522 8274
1523 5512
1524 3189
1525 7877
1526 5058
1527 1806
1528 6759
1529 3061
1530 5947
1531 5525
1532 7320
1533 6101
1534 5221
1535 2986
1536 8296
1537 2338
1538 4115
1539 2421
1540 8276
1541 3771
1542 3871
1543 6785
1544 4831
1545 5121
1546 2242
1547 6707
1548 4879
1549 1877
1550 6780
1551 7612
1552 4297
1553 2177
1554 2360
1555 2250
1556 8204
1557 8027
1558 7652
1559 7857
1560 6224
1561 8025
1562 6075
1563 8072
1564 7502
1565 4671
1566 273
1567 1100
1568 1986
1569 4428
1570 2988
1571 3910
1572 5817
1573 781
1574 7092
1575 4337
1576 5745
1577 4988
1578 8344
1579 8307
1580 2881
1581 581
1582 6394
1583 7397
1584 6890
1585 4435
1586 5511
1587 3489
1588 8353
1589 5529
1590 8019
1591 3228
1592 1380
1593 1303
1594 2133
1595 2209
1596 7606
1597 5944
1598 2502
1599 2951
1600 5140
1601 1130
1602 8178
1603 717
1604 2314
1605 7513
1606 2606
1607 5431
1608 8120
1609 5649
1610 6272
1611 3012
1612 2662
1613 4682
1614 5629
1615 3730
1616 8349
1617 2368
1618 536
1619 6524
1620 8324
1621 1846
1622 2662
1623 5202
1624 1635
1625 7667
1626 2489
1627 4665
1628 4728
1629 5080
1630 480
1631 239
1632 5019
1633 1589
1634 1632
1635 6704
1636 8325
1637 3689
1638 3026
1639 6913
1640 5105
1641 5972
1642 2473
1643 5764
1644 6442
1645 5346
1646 5861
1647 2977
1648 6621
1649 5604
1650 5963
1651 5261
1652 4430
1653 7653
1654 326
1655 489
1656 8034
1657 6473
1658 7920
1659 1503
1660 2064
1661 1320
1662 1301
1663 2429
1664 2639
1665 5058
1666 775
1667 5202
1668 1023
1669 7623
1670 311
1671 6625
1672 4434
1673 4975
1674 7827
1675 4057
1676 2098
1677 5165
1678 5271
1679 2871
1680 8147
1681 3799
1682 4023
1683 7147
1684 8231
1685 7814
1686 3004
1687 682
1688 6481
1689 3171
1690 7066
1691 5175
1692 6230
1693 4412
1694 1432
1695 3215
1696 2280
1697 8357
1698 3124
1699 5852
1700 5382
1701 1308
1702 1067
1703 2531
1704 5618
1705 8089
1706 5719
1707 3658
1708 6961
1709 8158
1710 1620
1711 8318
1712 5693
1713 740
1714 862
1715 8065
1716 7632
1717 4629
1718 2060
1719 2083
1720 976
1721 7076
1722 168
1723 5762
1724 2740
1725 6988
1726 3393
1727 2182
1728 6058
1729 3324
1730 3300
1731 1829
1732 3447
1733 4643
1734 2712
1735 3605
1736 791
1737 6913
1738 274
1739 2024
1740 3881
1741 2275
1742 5698
1743 2552
1744 7434
1745 3808
1746 5561
1747 2120
1748 8365
1749 4256
1750 5681
1751 4865
1752 1259
1753 3948
1754 3109
1755 6355
1756 5961
1757 4148
1758 8159
1759 711
1760 8364
1761 4584
1762 5119
1763 3462
1764 8329
1765 5002
1766 4550
1767 8305
1768 3286
1769 2619
1770 5239
1771 141
1772 807
1773 7448
1774 7282
1775 8303
1776 8356
1777 6389
1778 5717
1779 7224
1780 6412
1781 5799
1782 4090
1783 2121
1784 7916
1785 1400
1786 8171
1787 4360
1788 6757
1789 8358
1790 1379
1791 3052
1792 2019
1793 6871
1794 6255
1795 1514
1796 7543
1797 6844
1798 105
1799 5103
1800 777
1801 1135
1802 4266
1803 1789
1804 7428
1805 4267
1806 5907
1807 6306
1808 7562
1809 4101
1810 6608
1811 5337
1812 1235
1813 3820
1814 2192
1815 458
1816 2244
1817 3325
1818 6423
1819 6642
1820 593
1821 493
1822 6453
1823 1509
1824 3325
1825 1168
1826 3654
1827 171
1828 5210
1829 2814
1830 4438
1831 3303
1832 445
1833 1513
1834 4022
1835 1786
1836 6681
1837 5493
1838 3715
1839 789
1840 955
1841 747
1842 5638
1843 181
1844 7466
1845 6439
1846 1988
1847 281
1848 959
1849 877
1850 327
1851 1672
1852 2406
1853 217
1854 3231
1855 2100
1856 5265
1857 7122
1858 7584
1859 1123
1860 7122
1861 6101
1862 532
1863 6689
1864 7390
1865 2399
1866 2096
1867 6007
1868 7650
1869 5102
1870 3121
1871 3865
1872 2384
1873 5553
1874 1538
1875 4300
1876 1563
1877 7091
1878 913
1879 1120
1880 5547
1881 2626
1882 3172
1883 7741
1884 3396
1885 7680
1886 5330
1887 1606
1888 680
1889 3183
1890 4571
1891 534
1892 2966
1893 288
1894 5974
1895 287
1896 810
1897 3783
1898 7065
1899 4602
1900 1893
1901 6207
1902 983
1903 132
1904 3261
1905 5192
1906 5828
1907 1160
1908 48
1909 5402
1910 2345
1911 916
1912 5960
1913 3978
1914 7424
1915 6806
1916 1162
1917 4302
1918 6469
1919 2318
1920 6476
1921 460
1922 2593
1923 3544
1924 7948
1925 595
1926 2057
1927 3431
1928 5312
1929 2662
1930 7208
1931 7759
1932 7927
1933 5641
1934 3010
1935 4863
1936 6010
1937 7030
1938 7333
1939 705
1940 6789
1941 7073
1942 5423
1943 36
1944 6230
1945 6074
1946 1416
1947 3154
1948 1308
1949 4651
1950 3951
1951 2732
1952 4225
1953 7194
1954 7696
1955 3097
1956 7327
1957 6810
1958 7247
1959 4712
1960 6310
1961 2320
1962 1368
1963 5416
1964 7266
1965 6784
1966 6400
1967 7366
1968 718
1969 4917
1970 7806
1971 7563
1972 1602
1973 6569
1974 6568
1975 3664
1976 1327
1977 6472
1978 5280
1979 2587
1980 76
1981 7144
1982 2173
1983 6342
1984 7810
1985 2018
1986 4741
1987 6156
1988 6636
1989 3119
1990 7923
1991 7491
1992 6425
1993 1142
1994 4888
1995 3715
1996 3976
1997 1058
1998 6060
1999 446
2000 583
2001 3937
2002 4391
2003 4139
2004 1655
2005 6346
2006 6148
2007 3092
2008 5691
2009 1064
2010 1417
2011 7115
2012 1520
2013 6516
2014 4678
2015 5429
2016 3473
2017 4729
2018 4765
2019 3626
2020 2168
2021 6827
2022 1437
2023 2548
2024 124
2025 2057
2026 7746
2027 194
2028 5158
2029 4043
2030 3194
2031 6189
2032 3469
2033 5842
2034 2874
2035 207
2036 4996
2037 7455
2038 6732
2039 5814
2040 7627
2041 2566
2042 7875
2043 3391
2044 7659
2045 4320
2046 6010
2047 6005
2048 2868
2049 1833
2050 7751
2051 5036
2052 5123
2053 4802
2054 4874
2055 7550
2056 5830
2057 3761
2058 7665
2059 2346
2060 4880
2061 3179
2062 1222
2063 3036
2064 2681
2065 2596
2066 4862
2067 3591
2068 7664
2069 6689
2070 2786
2071 6297
2072 3017
2073 5641
2074 953
2075 4024
2076 790
2077 7068
2078 4398
2079 1689
2080 3837
2081 7503
2082 5561
2083 52
2084 5069
2085 1808
2086 535
2087 7592
2088 6353
2089 4728
2090 5863
2091 5638
2092 2032
2093 1105
2094 2512
2095 6597
2096 5581
2097 7658
2098 5177
2099 3981
2100 7348
2101 5209
2102 6341
2103 4199
2104 2654
2105 276
2106 7504
2107 1742
2108 1524
2109 3390
2110 7039
2111 4186
2112 4794
2113 7373
2114 6031
2115 7089
2116 7016
2117 7175
2118 3622
2119 3010
2120 4904
2121 3490
2122 7450
2123 7200
2124 7836
2125 4395
2126 778
2127 3656
2128 2614
2129 2050
2130 1812
2131 2360
2132 5851
2133 4894
2134 7817
2135 4705
2136 5955
2137 7159
2138 7547
2139 5695
2140 1525
2141 616
2142 6146
2143 2749
2144 1951
2145 6696
2146 6531
2147 3879
2148 4037
2149 6991
2150 6596
2151 7305
2152 6230
2153 5109
2154 4754
2155 5707
2156 2100
2157 6595
2158 5857
2159 7781
2160 4458
2161 4248
2162 425
2163 1624
2164 3803
2165 7804
2166 2016
2167 7754
2168 8023
2169 4738
2170 2595
2171 2454
2172 2936
2173 6750
2174 7005
2175 4456
2176 4123
2177 2436
2178 1497
2179 3805
2180 379
2181 4396
2182 525
2183 6858
2184 4083
2185 6422
2186 7841
2187 3680
2188 5791
2189 3614
2190 3994
2191 5780
2192 6301
2193 6573
2194 371
2195 2330
2196 4355
2197 301
2198 2954
2199 1357
2200 1799
2201 6477
2202 4448
2203 5784
2204 5330
2205 3874
2206 2131
2207 1903
2208 3388
2209 1005
2210 3751
2211 7731
2212 4236
2213 5349
2214 3991
2215 2990
2216 3080
2217 4149
2218 7897
2219 2690
2220 5083
2221 3623
2222 6791
2223 7311
2224 1734
2225 5793
2226 7758
2227 4009
2228 3939
2229 7193
2230 7756
2231 3176
2232 7743
2233 6040
2234 2229
2235 7970
2236 7302
2237 382
2238 4086
2239 400
2240 4661
2241 295
2242 2809
2243 6737
2244 5068
2245 1541
2246 2662
2247 508
2248 5949
2249 6903
2250 2125
2251 3694
2252 7575
2253 5472
2254 5399
2255 1486
2256 5089
2257 8022
2258 2384
2259 6477
2260 1593
2261 1887
2262 4785
2263 6912
2264 1949
2265 7639
2266 7740
2267 380
2268 145
2269 3131
2270 190
2271 3768
2272 5450
2273 8034
2274 797
2275 1021
2276 1569
2277 7101
2278 4775
2279 5084
2280 5425
2281 7022
2282 7104
2283 2147
2284 4004
2285 2499
2286 4810
2287 3912
2288 2865
2289 4595
2290 7719
2291 123
2292 583
2293 6352
2294 3092
2295 5924
2296 574
2297 7603
2298 6738
2299 1051
2300 7122
2301 1127
2302 7282
2303 6636
2304 2849
2305 1967
2306 7629
2307 3775
2308 5462
2309 7417
2310 786
2311 6561
2312 6962
2313 884
2314 147
2315 2229
2316 1999
2317 5765
2318 1206
2319 296
2320 2181
2321 4755
2322 6747
2323 2040
2324 543
2325 1339
2326 5125
2327 4264
2328 1129
2329 6791
2330 7844
2331 8082
2332 5254
2333 5691
2334 7837
2335 5202
2336 7770
2337 5519
2338 2258
2339 2049
2340 555
2341 1000
2342 5615
2343 5880
2344 729
2345 6073
2346 1569
2347 6073
2348 6073
2349 5787
2350 2487
2351 3843
2352 67
2353 2285
2354 6477
2355 1095
2356 6254
2357 4894
2358 4482
2359 1809
2360 58
2361 6469
2362 766
2363 5667
2364 6513
2365 7129
2366 2143
2367 6477
2368 4320
2369 4925
2370 333
2371 2683
2372 5667
2373 3322
2374 4718
2375 104
2376 589
2377 5695
2378 6462
2379 111
2380 7946
2381 3941
2382 5967
2383 6784
2384 5101
2385 3635
2386 7572
2387 6495
2388 3633
2389 2878
2390 5932
2391 130
2392 5871
2393 872
2394 5489
2395 3
2396 4017
2397 4870
2398 1941
2399 3923
2400 6702
2401 4894
2402 4559
2403 7761
2404 5817
2405 5667
2406 4263
2407 1731
2408 304
2409 411
2410 5739
2411 7886
2412 133
2413 5175
2414 2100
2415 2356
2416 6574
2417 1084
2418 5765
2419 6477
2420 7620
2421 2364
2422 7248
2423 2212
2424 7770
2425 4025
2426 5562
2427 8038
2428 2394
2429 6251
2430 7319
2431 3541
2432 5764
2433 5571
2434 3459
2435 4227
2436 574
2437 6569
2438 2870
2439 2752
2440 813
2441 940
2442 2069
2443 5168
2444 3715
2445 5691
2446 4593
2447 1736
2448 5306
2449 277
2450 5540
2451 5886
2452 5609
2453 1339
2454 4235
2455 6342
2456 7530
2457 8045
2458 6101
2459 3509
2460 4828
2461 2737
2462 1234
2463 1638
2464 5911
2465 2193
2466 2116
2467 4518
2468 7766
2469 4143
2470 2274
2471 7131
2472 3968
2473 3292
2474 3587
2475 7319
2476 3972
2477 3597
2478 3264
2479 2902
2480 314
2481 512
2482 6969
2483 714
2484 2538
2485 4519
2486 3139
2487 3434
2488 3122
2489 2480
2490 5502
2491 1485
2492 7935
2493 7819
2494 1573
2495 4320
2496 7208
2497 6276
2498 264
2499 4734
2500 4973
2501 6281
2502 5667
2503 2480
2504 4112
2505 7937
2506 6612
2507 7792
2508 7946
2509 6513
2510 7732
2511 7591
2512 4421
2513 2124
2514 5932
2515 3198
2516 6487
2517 4939
2518 192
2519 146
2520 23
2521 12
2522 2087
2523 7996
2524 6806
2525 3704
2526 5016
2527 3361
2528 6569
2529 897
2530 6084
2531 359
2532 7585
2533 8109
2534 8194
2535 396
2536 1930
2537 2027
2538 4609
2539 3354
2540 4113
2541 915
2542 4561
2543 2115
2544 1721
2545 1086
2546 4111
2547 377
2548 6755
2549 4764
2550 8069
2551 8082
2552 4192
2553 4329
2554 1482
2555 2945
2556 7468
2557 3554
2558 7396
2559 1999
2560 1749
2561 5986
2562 4799
2563 6513
2564 5553
2565 5016
2566 8088
2567 6404
2568 8135
2569 7903
2570 6682
2571 6818
2572 1583
2573 6161
2574 5924
2575 3634
2576 5691
2577 6502
2578 6200
2579 4611
2580 1780
2581 7949
2582 4531
2583 1581
2584 6590
2585 6972
2586 4112
2587 4912
2588 2391
2589 3505
2590 5943
2591 50
2592 3218
2593 2324
2594 284
2595 8198
2596 1726
2597 6479
2598 7818
2599 5409
2600 2259
2601 3860
2602 4701
2603 3752
2604 6772
2605 932
2606 6281
2607 7725
2608 2588
2609 5371
2610 6375
2611 883
2612 1708
2613 7914
2614 5108
2615 3481
2616 2677
2617 4552
2618 7602
2619 6921
2620 787
2621 2756
2622 5619
2623 5981
2624 3878
2625 31
2626 2699
2627 3617
2628 3809
2629 7102
2630 6578
2631 6718
2632 3670
2633 2388
2634 3127
2635 6217
2636 7355
2637 1224
2638 5495
2639 6015
2640 5741
2641 1769
2642 2785
2643 4036
2644 2627
2645 7208
2646 7129
2647 8165
2648 4814
2649 7544
2650 3499
2651 2741
2652 4442
2653 4982
2654 8028
2655 7521
2656 3032
2657 2207
2658 3918
2659 1848
2660 7837
2661 1894
2662 5882
2663 595
2664 7580
2665 6619
2666 5178
2667 5671
2668 7546
2669 3726
2670 5976
2671 2273
2672 4858
2673 2545
2674 6221
2675 7972
2676 4932
2677 1519
2678 6502
2679 8200
2680 7367
2681 7274
2682 8064
2683 7625
2684 1889
2685 7081
2686 6802
2687 3253
2688 7204
2689 2325
2690 4377
2691 6196
2692 7449
2693 3838
2694 6966
2695 4605
2696 559
2697 1539
2698 7319
2699 3827
2700 7610
2701 5070
2702 2791
2703 3371
2704 4632
2705 4604
2706 6838
2707 6443
2708 5145
2709 6883
2710 7821
2711 8005
2712 2507
2713 167
2714 5193
2715 3076
2716 489
2717 973
2718 6231
2719 6364
2720 530
2721 6753
2722 365
2723 853
2724 2061
2725 8210
2726 3621
2727 6460
2728 4381
2729 3375
2730 5487
2731 7450
2732 2613
2733 7570
2734 5505
2735 5732
2736 4742
2737 7077
2738 4959
2739 311
2740 6803
2741 5764
2742 248
2743 8208
2744 2852
2745 6722
2746 4768
2747 3973
2748 7140
2749 7166
2750 6230
2751 6801
2752 8188
2753 4992
2754 3300
2755 1115
2756 1556
2757 7575
2758 1390
2759 968
2760 6586
2761 6470
2762 2740
2763 1459
2764 1038
2765 2561
2766 7180
2767 2773
2768 1926
2769 7640
2770 817
2771 4395
2772 527
2773 1473
2774 1422
2775 3463
2776 4363
2777 7711
2778 5664
2779 1322
2780 4895
2781 7431
2782 7192
2783 4596
2784 1263
2785 3519
2786 2917
2787 1560
2788 5538
2789 5193
2790 5402
2791 410
2792 107
2793 7059
2794 191
2795 3754
2796 2066
2797 6316
2798 591
2799 2746
2800 1027
2801 1874
2802 1073
2803 1994
2804 8082
2805 8070
2806 3368
2807 7931
2808 1489
2809 3629
2810 8076
2811 8215
2812 7474
2813 3929
2814 4808
2815 7095
2816 7449
2817 590
2818 2339
2819 4608
2820 2470
2821 3073
2822 5769
2823 1754
2824 8267
2825 100
2826 6891
2827 2839
2828 1288
2829 2175
2830 7788
2831 5641
2832 3707
2833 3724
2834 4621
2835 1817
2836 1464
2837 984
2838 5798
2839 2752
2840 7075
2841 1125
2842 3216
2843 4137
2844 6159
2845 7332
2846 3263
2847 776
2848 6090
2849 5284
2850 2891
2851 3787
2852 6429
2853 1418
2854 3837
2855 8097
2856 7783
2857 1897
2858 184
2859 2704
2860 5962
2861 5892
2862 7791
2863 561
2864 4903
2865 7413
2866 1868
2867 7161
2868 2844
2869 5521
2870 8007
2871 5167
2872 7316
2873 1236
2874 2101
2875 5990
2876 6376
2877 6039
2878 3748
2879 2866
2880 7807
2881 2554
2882 1463
2883 5092
2884 2375
2885 5691
2886 4622
2887 4796
2888 1653
2889 4684
2890 4491
2891 3246
2892 6622
2893 3534
2894 6695
2895 5004
2896 5370
2897 7982
2898 2365
2899 2003
2900 3163
2901 503
2902 247
2903 687
2904 3365
2905 2696
2906 1297
2907 2978
2908 7647
2909 5490
2910 5302
2911 4628
2912 4789
2913 151
2914 491
2915 2709
2916 6515
2917 968
2918 6281
2919 6182
2920 5297
2921 6868
2922 8239
2923 3232
2924 5834
2925 1460
2926 4036
2927 7887
2928 3062
2929 3104
2930 7235
2931 6575
2932 4822
2933 2498
2934 3984
2935 487
2936 1143
2937 3117
2938 8272
2939 92
2940 1623
2941 8185
2942 2544
2943 345
2944 3770
2945 6032
2946 8079
2947 161
2948 3836
2949 3818
2950 8085
2951 1747
2952 4132
2953 3735
2954 4105
2955 6004
2956 4051
2957 8162
2958 2995
2959 5219
2960 5554
2961 4141
2962 3675
2963 5599
2964 7900
2965 6110
2966 2524
2967 3028
2968 5287
2969 7688
2970 4485
2971 2693
2972 6433
2973 7082
2974 7787
2975 4231
2976 7769
2977 6104
2978 5115
2979 6387
2980 6971
2981 2714
2982 5577
2983 4416
2984 2245
2985 4413
2986 4390
2987 4331
2988 3844
2989 7033
2990 3451
2991 4756
2992 4462
2993 4942
2994 4217
2995 4744
2996 5711
2997 467
2998 515
2999 2543
3000 4661
3001 2792
3002 3504
3003 5949
3004 6660
3005 1970
3006 2979
3007 7337
3008 429
3009 1485
3010 2733
3011 471
3012 246
3013 2736
3014 7882
3015 3383
3016 3864
3017 4670
3018 8273
3019 6943
3020 4876
3021 6243
3022 5016
3023 7770
3024 5676
3025 3410
3026 6462
3027 1716
3028 6008
3029 1597
3030 1373
3031 7239
3032 8286
3033 1581
3034 6409
3035 5571
3036 2480
3037 292
3038 4572
3039 3031
3040 2029
3041 6427
3042 5224
3043 4533
3044 7319
3045 5688
3046 3113
3047 4411
3048 703
3049 6457
3050 5719
3051 5678
3052 3657
3053 6010
3054 5797
3055 4045
3056 1070
3057 1915
3058 8266
3059 2697
3060 2540
3061 6784
3062 2363
3063 7029
3064 8269
3065 5175
3066 803
3067 2964
3068 5856
3069 5063
3070 1381
3071 2104
3072 6569
3073 4727
3074 2634
3075 1341
3076 2357
3077 1374
3078 7520
3079 6784
3080 5056
3081 2451
3082 4566
3083 5634
3084 5669
3085 2242
3086 4270
3087 366
3088 6375
3089 6234
3090 428
3091 2047
3092 8177
3093 4436
3094 4578
3095 6918
3096 8085
3097 6643
3098 4096
3099 7061
3100 5056
3101 4405
3102 1475
3103 1868
3104 5443
3105 7893
3106 6318
3107 7319
3108 1438
3109 6662
3110 4477
3111 673
3112 3643
3113 6931
3114 5139
3115 2898
3116 6787
3117 812
3118 5739
3119 7741
3120 6690
3121 7489
3122 5691
3123 650
3124 4925
3125 4288
3126 5287
3127 4616
3128 2242
3129 4826
3130 4571
3131 3192
3132 5416
3133 8180
3134 655
3135 2000
3136 5339
3137 8331
3138 7473
3139 4740
3140 8142
3141 3077
3142 2119
3143 3475
3144 8043
3145 228
3146 4891
3147 6645
3148 4826
3149 3265
3150 3126
3151 4688
3152 6033
3153 1544
3154 948
3155 5230
3156 828
3157 1847
3158 4522
3159 505
3160 6485
3161 5668
3162 4526
3163 7048
3164 6239
3165 4348
3166 8307
3167 2057
3168 4479
3169 568
3170 985
3171 4769
3172 5043
3173 7685
3174 8240
3175 1661
3176 8240
3177 7860
3178 3038
3179 4616
3180 4010
3181 3395
3182 1958
3183 5932
3184 6738
3185 4269
3186 4654
3187 3411
3188 2196
3189 6230
3190 5301
3191 7615
3192 691
3193 6022
3194 6496
3195 6984
3196 259
3197 1114
3198 912
3199 5804
3200 6546
3201 6656
3202 1394
3203 4365
3204 8229
3205 5697
3206 582
3207 7393
3208 2749
3209 5850
3210 4240
3211 5695
3212 7698
3213 7639
3214 5163
3215 7080
3216 7271
3217 4657
3218 1173
3219 2554
3220 1637
3221 2458
3222 4288
3223 7258
3224 6846
3225 2466
3226 3921
3227 7041
3228 7028
3229 6366
3230 5427
3231 2242
3232 4612
3233 454
3234 7879
3235 3812
3236 2493
3237 3406
3238 2290
3239 8192
3240 7851
3241 2222
3242 6170
3243 1645
3244 956
3245 8307
3246 1307
3247 5589
3248 667
3249 1339
3250 4952
3251 6483
3252 3023
3253 1253
3254 3967
3255 6511
3256 8119
3257 2020
3258 6739
3259 1577
3260 2618
3261 296
3262 8336
3263 5343
3264 1929
3265 2495
3266 7219
3267 6136
3268 4215
3269 3070
3270 8347
3271 2366
3272 8341
3273 2863
3274 1510
3275 8213
3276 2563
3277 8304
3278 3691
3279 3766
3280 4073
3281 2242
3282 4792
3283 7162
3284 926
3285 7214
3286 7122
3287 5631
3288 6367
3289 1799
3290 6663
3291 6567
3292 7941
3293 6809
3294 4559
3295 6262
3296 5410
3297 4206
3298 7605
3299 2941
3300 1161
3301 4971
3302 6651
3303 8288
3304 5667
3305 3517
3306 2665
3307 5435
3308 6580
3309 3997
3310 7427
3311 1805
3312 600
3313 4361
3314 3516
3315 323
3316 701
3317 2478
3318 8130
3319 712
3320 4
3321 934
3322 2418
3323 2243
3324 3042
3325 7967
3326 348
3327 5370
3328 6328
3329 4109
3330 3983
3331 7014
3332 7145
3333 592
3334 4699
3335 5979
3336 5377
3337 4262
3338 6230
3339 5051
3340 1737
3341 504
3342 8124
3343 8108
3344 6230
3345 7878
3346 2976
3347 325
3348 3508
3349 230
3350 7774
3351 1347
3352 2217
3353 8036
3354 7589
3355 7376
3356 82
3357 816
3358 7433
3359 4100
3360 8082
3361 8330
3362 2921
3363 3743
3364 6766
3365 7093
3366 3955
3367 764
3368 5743
3369 6622
3370 6199
3371 6899
3372 1384
3373 1771
3374 2692
3375 421
3376 6107
3377 1433
3378 1265
3379 3757
3380 4487
3381 7933
3382 2836
3383 1207
3384 6739
3385 1238
3386 6050
3387 1697
3388 4902
3389 6131
3390 227
3391 6815
3392 97
3393 1584
3394 7573
3395 5873
3396 449
3397 2833
3398 2155
3399 3335
3400 1688
3401 1839
3402 6626
3403 5651
3404 3511
3405 3911
3406 5044
3407 1687
3408 2932
3409 297
3410 2480
3411 3069
3412 1348
3413 496
3414 1578
3415 2956
3416 3268
3417 8065
3418 5207
3419 4663
3420 2347
3421 1015
3422 2562
3423 2156
3424 4698
3425 8366
3426 7371
3427 7215
3428 1289
3429 1279
3430 7386
3431 5085
3432 6818
3433 2516
3434 4459
3435 3129
3436 1575
3437 4158
3438 1085
3439 2172
3440 1787
3441 8283
3442 822
3443 2287
3444 2234
3445 2142
3446 5781
3447 4075
3448 8319
3449 1131
3450 8212
3451 3714
3452 3900
3453 746
3454 7707
3455 1767
3456 7846
3457 1477
3458 7259
3459 3014
3460 121
3461 5342
3462 1489
3463 6211
3464 5542
3465 2853
3466 1360
3467 2315
3468 6363
3469 7191
3470 1939
3471 7684
3472 8359
3473 2144
3474 7300
3475 7537
3476 1482
3477 7825
3478 3030
3479 8333
3480 4846
3481 2948
3482 2641
3483 7672
3484 6549
3485 3127
3486 3922
3487 8250
3488 3316
3489 4837
3490 6351
3491 3576
3492 4507
3493 6771
3494 1262
3495 6867
3496 1029
3497 5371
3498 6677
3499 1160
3500 837
3501 3662
3502 215
3503 5022
3504 2957
3505 6477
3506 308
3507 37
3508 6477
3509 6208
3510 6529
3511 201
3512 5453
3513 7246
3514 1463
3515 7531
3516 2695
3517 2
3518 4019
3519 6020
3520 4991
3521 5329
3522 4521
3523 3986
3524 108
3525 6240
3526 905
3527 3977
3528 5914
3529 6362
3530 2396
3531 7058
3532 7183
3533 6476
3534 5203
3535 2725
3536 7364
3537 2
3538 7831
3539 3707
3540 4944
3541 6935
3542 5754
3543 4633
3544 3641
3545 4915
3546 4044
3547 3699
3548 2349
3549 5441
3550 2934
3551 160
3552 6001
3553 1000
3554 5688
3555 5468
3556 6097
3557 1532
3558 3699
3559 2678
3560 2455
3561 2655
3562 2992
3563 2068
3564 5524
3565 154
3566 5813
3567 209
3568 6491
3569 5243
3570 969
3571 7105
3572 5458
3573 4787
3574 5733
3575 6782
3576 1047
3577 7130
3578 3532
3579 6786
3580 4254
3581 5026
3582 1048
3583 2519
3584 3628
3585 1066
3586 2480
3587 564
3588 4118
3589 4647
3590 337
3591 7269
3592 3094
3593 456
3594 4245
3595 1199
3596 3209
3597 6071
3598 5829
3599 4404
3600 3284
3601 1208
3602 3858
3603 7501
3604 7098
3605 7315
3606 5895
3607 5561
3608 7826
3609 7834
3610 5327
3611 6606
3612 4503
3613 6458
3614 4021
3615 5695
3616 6773
3617 6006
3618 5665
3619 6249
3620 1849
3621 5649
3622 47
3623 6569
3624 4728
3625 4870
3626 5086
3627 3207
3628 2291
3629 1189
3630 5069
3631 463
3632 4531
3633 6593
3634 7276
3635 7285
3636 7872
3637 6129
3638 1788
3639 4829
3640 4506
3641 7279
3642 2103
3643 6993
3644 7542
3645 7404
3646 1674
3647 6423
3648 3142
3649 7137
3650 6806
3651 5864
3652 1566
3653 4450
3654 5098
3655 7360
3656 3562
3657 1250
3658 6155
3659 7934
3660 81
3661 4520
3662 2122
3663 1146
3664 7020
3665 5251
3666 7191
3667 191
3668 3685
3669 163
3670 371
3671 3394
3672 7137
3673 5375
3674 2721
3675 5226
3676 5985
3677 4247
3678 4841
3679 839
3680 6682
3681 1005
3682 2343
3683 854
3684 5421
3685 4746
3686 5066
3687 6477
3688 5659
3689 4229
3690 3249
3691 1275
3692 4036
3693 7470
3694 6418
3695 7331
3696 797
3697 7099
3698 4220
3699 5195
3700 6908
3701 5563
3702 5649
3703 1206
3704 5623
3705 3093
3706 4586
3707 3875
3708 10
3709 9
3710 1947
3711 6438
3712 5481
3713 204
3714 2275
3715 1707
3716 2877
3717 566
3718 235
3719 5421
3720 307
3721 3248
3722 5060
3723 7565
3724 2662
3725 5416
3726 6644
3727 1096
3728 1496
3729 2883
3730 7908
3731 4232
3732 5594
3733 3958
3734 6074
3735 3311
3736 3350
3737 6230
3738 1095
3739 7112
3740 3527
3741 5222
3742 2187
3743 890
3744 3653
3745 761
3746 2581
3747 6685
3748 3401
3749 7477
3750 4511
3751 2962
3752 1243
3753 7242
3754 5411
3755 6889
3756 2151
3757 4494
3758 5321
3759 5543
3760 1985
3761 1338
3762 1673
3763 5779
3764 4746
3765 841
3766 1872
3767 6873
3768 2887
3769 2095
3770 2458
3771 5030
3772 6477
3773 6603
3774 1868
3775 1600
3776 7447
3777 2794
3778 6230
3779 6729
3780 3127
3781 5655
3782 3063
3783 6353
3784 442
3785 4697
3786 2327
3787 2169
3788 3339
3789 1008
3790 896
3791 5006
3792 352
3793 4681
3794 5667
3795 6597
3796 7873
3797 7032
3798 5929
3799 2589
3800 2810
3801 6440
3802 7141
3803 6978
3804 5245
3805 3053
3806 4530
3807 1539
3808 3791
3809 6253
3810 5109
3811 6909
3812 8004
3813 6874
3814 1512
3815 6603
3816 4729
3817 8011
3818 696
3819 4006
3820 3807
3821 6927
3822 6376
3823 2656
3824 1272
3825 708
3826 4732
3827 6593
3828 4554
3829 6233
3830 4305
3831 6748
3832 4455
3833 6952
3834 3165
3835 1139
3836 4767
3837 7144
3838 32
3839 3587
3840 586
3841 728
3842 3168
3843 6356
3844 5416
3845 3288
3846 7972
3847 5931
3848 3151
3849 7213
3850 4640
3851 4208
3852 2136
3853 4909
3854 1186
3855 2663
3856 2958
3857 5807
3858 4166
3859 5748
3860 2025
3861 5810
3862 753
3863 7564
3864 5474
3865 808
3866 2991
3867 7970
3868 6627
3869 4461
3870 5331
3871 848
3872 6477
3873 7307
3874 7866
3875 7342
3876 6230
3877 6811
3878 3060
3879 415
3880 6274
3881 5300
3882 115
3883 8003
3884 7199
3885 2651
3886 101
3887 7616
3888 896
3889 4556
3890 3667
3891 1341
3892 597
3893 6604
3894 2941
3895 2401
3896 1362
3897 7586
3898 1237
3899 4108
3900 2910
3901 4881
3902 4167
3903 3492
3904 6912
3905 7342
3906 2649
3907 6976
3908 2965
3909 6569
3910 3866
3911 86
3912 5688
3913 3999
3914 5210
3915 1627
3916 5443
3917 8046
3918 1409
3919 4432
3920 5518
3921 7206
3922 1917
3923 39
3924 5112
3925 3974
3926 4774
3927 7812
3928 2117
3929 5710
3930 6984
3931 571
3932 4986
3933 2181
3934 7523
3935 5790
3936 7619
3937 1486
3938 5723
3939 1409
3940 4561
3941 5785
3942 2229
3943 5691
3944 3692
3945 8033
3946 6477
3947 6769
3948 6664
3949 3
3950 7946
3951 5524
3952 3854
3953 6009
3954 4718
3955 318
3956 6537
3957 2376
3958 1402
3959 5983
3960 1511
3961 5060
3962 6733
3963 5098
3964 1802
3965 208
3966 5927
3967 6498
3968 6298
3969 8031
3970 8032
3971 8033
3972 2573
3973 2766
3974 310
3975 1346
3976 2708
3977 989
3978 831
3979 4710
3980 516
3981 2309
3982 396
3983 3750
3984 6647
3985 3399
3986 7948
3987 6732
3988 7624
3989 7574
3990 7576
3991 2590
3992 7828
3993 2111
3994 5300
3995 3766
3996 2049
3997 2239
3998 5235
3999 6065
4000 2480
4001 6477
4002 6477
4003 2549
4004 4616
4005 4383
4006 7208
4007 150
4008 6956
4009 6073
4010 4076
4011 5893
4012 3973
4013 6407
4014 1369
4015 695
4016 3471
4017 6230
4018 397
4019 7282
4020 3134
4021 438
4022 6446
4023 5123
4024 2291
4025 8110
4026 7935
4027 1746
4028 5293
4029 1861
4030 5202
4031 5443
4032 6041
4033 5948
4034 4287
4035 2220
4036 5028
4037 3660
4038 661
4039 6106
4040 3387
4041 5691
4042 4985
4043 7850
4044 3323
4045 7828
4046 6281
4047 5951
4048 2276
4049 1439
4050 2057
4051 1990
4052 176
4053 4611
4054 7159
4055 966
4056 370
4057 2227
4058 7479
4059 6632
4060 7257
4061 385
4062 1074
4063 4470
4064 4385
4065 420
4066 695
4067 1950
4068 6263
4069 1309
4070 4052
4071 5112
4072 3795
4073 844
4074 5772
4075 6521
4076 2367
4077 4720
4078 3542
4079 4800
4080 5640
4081 2049
4082 5649
4083 3930
4084 4826
4085 5491
4086 6912
4087 5164
4088 6589
4089 4375
4090 5423
4091 7666
4092 5591
4093 6639
4094 2448
4095 7847
4096 6067
4097 6327
4098 3372
4099 7374
4100 1916
4101 6784
4102 6607
4103 466
4104 5561
4105 1411
4106 2294
4107 4467
4108 1330
4109 7828
4110 6316
4111 4330
4112 2601
4113 4316
4114 2561
4115 4627
4116 89
4117 5133
4118 5667
4119 988
4120 7319
4121 12
4122 5169
4123 5681
4124 2367
4125 531
4126 678
4127 5098
4128 6705
4129 4976
4130 3603
4131 6084
4132 4362
4133 5691
4134 177
4135 530
4136 6342
4137 4094
4138 7720
4139 1524
4140 7108
4141 5614
4142 6569
4143 4001
4144 3972
4145 2624
4146 5823
4147 2027
4148 3361
4149 3359
4150 1719
4151 2513
4152 6960
4153 1814
4154 4574
4155 7771
4156 6281
4157 396
4158 6876
4159 549
4160 4146
4161 5205
4162 5667
4163 1278
4164 4212
4165 178
4166 2077
4167 4987
4168 8038
4169 875
4170 5846
4171 8194
4172 117
4173 5347
4174 7279
4175 2559
4176 780
4177 6264
4178 8144
4179 8207
4180 7842
4181 1385
4182 8208
4183 5719
4184 2798
4185 2403
4186 3990
4187 34
4188 6659
4189 3446
4190 6209
4191 6834
4192 4887
4193 8047
4194 1930
4195 6383
4196 2772
4197 8226
4198 1870
4199 5649
4200 2594
4201 2257
4202 6806
4203 7015
4204 291
4205 5587
4206 1141
4207 2456
4208 1758
4209 814
4210 1001
4211 4042
4212 4050
4213 8179
4214 8098
4215 6306
4216 7767
4217 1976
4218 3137
4219 2507
4220 5719
4221 3478
4222 1206
4223 3835
4224 6688
4225 2777
4226 2415
4227 5948
4228 2127
4229 7142
4230 6342
4231 1444
4232 7629
4233 7881
4234 5444
4235 3819
4236 7811
4237 2938
4238 4652
4239 5977
4240 4721
4241 6558
4242 5016
4243 2630
4244 1148
4245 5982
4246 7067
4247 5202
4248 5223
4249 4325
4250 111
4251 604
4252 5368
4253 895
4254 1564
4255 8167
4256 7710
4257 6585
4258 3934
4259 6320
4260 6142
4261 2309
4262 2548
4263 1119
4264 4821
4265 6361
4266 4431
4267 6445
4268 4250
4269 1927
4270 5103
4271 5517
4272 5259
4273 4695
4274 2419
4275 1658
4276 567
4277 8232
4278 6754
4279 4964
4280 6655
4281 6542
4282 5691
4283 4259
4284 3054
4285 7319
4286 7727
4287 2225
4288 6307
4289 7201
4290 3535
4291 4250
4292 1069
4293 7463
4294 844
4295 3617
4296 6252
4297 5087
4298 6963
4299 2268
4300 1230
4301 2242
4302 1420
4303 5279
4304 3663
4305 538
4306 3617
4307 7925
4308 7735
4309 1426
4310 2967
4311 5942
4312 3933
4313 6342
4314 1260
4315 1049
4316 6151
4317 877
4318 2787
4319 1552
4320 5021
4321 7208
4322 1636
4323 6393
4324 6668
4325 7843
4326 416
4327 5917
4328 6672
4329 7661
4330 7265
4331 4463
4332 4440
4333 1656
4334 3472
4335 7826
4336 4679
4337 6230
4338 282
4339 5630
4340 5397
4341 6860
4342 8175
4343 4575
4344 2560
4345 4145
4346 3435
4347 4873
4348 8102
4349 5188
4350 5531
4351 3624
4352 6281
4353 5826
4354 6915
4355 2161
4356 5887
4357 6912
4358 1206
4359 3510
4360 774
4361 699
4362 2676
4363 2570
4364 2870
4365 5304
4366 3405
4367 7888
4368 335
4369 1403
4370 6525
4371 3639
4372 880
4373 698
4374 3275
4375 8111
4376 6432
4377 2537
4378 492
4379 5692
4380 2996
4381 2548
4382 8127
4383 2653
4384 2241
4385 4763
4386 7649
4387 4313
4388 6374
4389 1804
4390 8074
4391 3361
4392 4492
4393 35
4394 5528
4395 224
4396 1169
4397 1700
4398 7469
4399 4761
4400 5556
4401 651
4402 2103
4403 7603
4404 6352
4405 7154
4406 3548
4407 2205
4408 3617
4409 4369
4410 6029
4411 595
4412 5641
4413 1009
4414 1722
4415 6390
4416 562
4417 6872
4418 7545
4419 3254
4420 3841
4421 3933
4422 744
4423 7186
4424 360
4425 4958
4426 6063
4427 3861
4428 4135
4429 5501
4430 5722
4431 6029
4432 1466
4433 2049
4434 2452
4435 5355
4436 2360
4437 3998
4438 5769
4439 636
4440 5071
4441 3329
4442 4894
4443 672
4444 4892
4445 3669
4446 7201
4447 7789
4448 4571
4449 6230
4450 4641
4451 8182
4452 7426
4453 1321
4454 599
4455 1428
4456 3129
4457 2293
4458 7337
4459 332
4460 1793
4461 283
4462 1280
4463 1996
4464 8096
4465 608
4466 4143
4467 4253
4468 1902
4469 2782
4470 7461
4471 4446
4472 3318
4473 1677
4474 7034
4475 5204
4476 720
4477 5048
4478 7311
4479 7046
4480 7861
4481 5544
4482 6985
4483 6066
4484 7210
4485 8092
4486 5182
4487 2758
4488 4642
4489 6074
4490 8280
4491 5056
4492 3778
4493 7359
4494 7198
4495 7142
4496 2505
4497 3030
4498 600
4499 8104
4500 1604
4501 6043
4502 299
4503 4326
4504 6694
4505 6849
4506 2629
4507 4717
4508 5821
4509 1565
4510 6193
4511 2490
4512 2893
4513 8082
4514 1393
4515 1183
4516 6639
4517 4226
4518 5266
4519 6154
4520 4419
4521 2870
4522 3082
4523 3223
4524 1006
4525 468
4526 7483
4527 7994
4528 1387
4529 6304
4530 2703
4531 896
4532 2610
4533 4625
4534 7928
4535 960
4536 5603
4537 74
4538 3293
4539 5335
4540 6067
4541 8223
4542 7191
4543 5503
4544 1618
4545 8125
4546 6290
4547 6683
4548 6027
4549 5964
4550 8279
4551 4210
4552 5470
4553 5855
4554 7137
4555 6176
4556 2225
4557 7319
4558 3065
4559 476
4560 2282
4561 4246
4562 3211
4563 6175
4564 1882
4565 3230
4566 1468
4567 3116
4568 7522
4569 1014
4570 3729
4571 2987
4572 5691
4573 8284
4574 1355
4575 4483
4576 2109
4577 7311
4578 3644
4579 7706
4580 4708
4581 6954
4582 3655
4583 2680
4584 6267
4585 5825
4586 2728
4587 3402
4588 2840
4589 1419
4590 2529
4591 4255
4592 7525
4593 4502
4594 1118
4595 6488
4596 6093
4597 8067
4598 271
4599 1403
4600 4222
4601 5973
4602 5175
4603 2491
4604 5443
4605 7515
4606 7947
4607 6800
4608 4126
4609 1896
4610 7174
4611 5569
4612 5601
4613 7595
4614 7494
4615 7776
4616 155
4617 1414
4618 2299
4619 1679
4620 2901
4621 1574
4622 3578
4623 654
4624 15
4625 5317
4626 2933
4627 8231
4628 7989
4629 5256
4630 5277
4631 7752
4632 5286
4633 1850
4634 6806
4635 2355
4636 1982
4637 369
4638 4203
4639 5995
4640 7859
4641 1506
4642 7
4643 8016
4644 5351
4645 1233
4646 6600
4647 1410
4648 3749
4649 784
4650 1782
4651 2073
4652 5443
4653 2675
4654 980
4655 2225
4656 2753
4657 1389
4658 113
4659 5818
4660 2529
4661 3251
4662 8207
4663 7034
4664 5141
4665 2525
4666 914
4667 178
4668 7966
4669 3949
4670 1762
4671 6507
4672 7676
4673 4829
4674 4861
4675 3777
4676 3947
4677 814
4678 997
4679 428
4680 1369
4681 6350
4682 5139
4683 3019
4684 7319
4685 50
4686 422
4687 732
4688 611
4689 6068
4690 111
4691 1315
4692 6465
4693 801
4694 727
4695 5114
4696 3802
4697 4582
4698 6358
4699 8256
4700 5206
4701 7959
4702 6578
4703 6194
4704 8242
4705 3906
4706 6388
4707 6631
4708 6555
4709 6700
4710 7655
4711 4894
4712 5112
4713 3348
4714 7935
4715 4131
4716 4688
4717 4559
4718 4046
4719 5764
4720 4154
4721 5633
4722 6757
4723 2294
4724 1177
4725 1524
4726 7953
4727 1868
4728 2514
4729 2767
4730 7180
4731 1210
4732 3037
4733 8204
4734 3493
4735 125
4736 1278
4737 7485
4738 5764
4739 3010
4740 5883
4741 7728
4742 6719
4743 1123
4744 1581
4745 247
4746 788
4747 3050
4748 1120
4749 1097
4750 4633
4751 3351
4752 8196
4753 2308
4754 4672
4755 5673
4756 3299
4757 6245
4758 850
4759 6566
4760 7914
4761 3078
4762 5191
4763 6333
4764 174
4765 8298
4766 6174
4767 3582
4768 2903
4769 1080
4770 8339
4771 142
4772 2443
4773 1704
4774 6509
4775 5028
4776 6268
4777 4906
4778 3538
4779 907
4780 4306
4781 7066
4782 1993
4783 3796
4784 6226
4785 5390
4786 7738
4787 7344
4788 1396
4789 6038
4790 4425
4791 3410
4792 2190
4793 5184
4794 5309
4795 622
4796 4861
4797 2774
4798 6784
4799 2491
4800 8049
4801 8195
4802 1869
4803 5946
4804 1776
4805 6673
4806 6784
4807 5046
4808 5595
4809 2905
4810 5667
4811 3682
4812 6669
4813 2993
4814 4378
4815 319
4816 5088
4817 7234
4818 1164
4819 5113
4820 5122
4821 3186
4822 4743
4823 7405
4824 3389
4825 525
4826 357
4827 5937
4828 7708
4829 2058
4830 1911
4831 3258
4832 7412
4833 3417
4834 4501
4835 7714
4836 1367
4837 136
4838 8204
4839 6333
4840 5898
4841 6739
4842 3696
4843 5994
4844 250
4845 7216
4846 7853
4847 7011
4848 3600
4849 3244
4850 5058
4851 3814
4852 5233
4853 6427
4854 5183
4855 6069
4856 5657
4857 1543
4858 6074
4859 7094
4860 4726
4861 6776
4862 2867
4863 3038
4864 7217
4865 5712
4866 127
4867 5652
4868 4150
4869 4344
4870 3150
4871 7144
4872 8314
4873 1732
4874 5494
4875 1753
4876 3213
4877 812
4878 4309
4879 6864
4880 6553
4881 1445
4882 1644
4883 8227
4884 2975
4885 891
4886 652
4887 2492
4888 5557
4889 6958
4890 3961
4891 6721
4892 4935
4893 7183
4894 6970
4895 2494
4896 2143
4897 8261
4898 6757
4899 8041
4900 2200
4901 2238
4902 3433
4903 6594
4904 199
4905 4563
4906 4120
4907 7243
4908 1548
4909 4286
4910 5874
4911 6019
4912 7999
4913 4965
4914 2808
4915 8254
4916 7869
4917 6234
4918 2906
4919 773
4920 8311
4921 8351
4922 3021
4923 6854
4924 1543
4925 1852
4926 4634
4927 2659
4928 7343
4929 6821
4930 5558
4931 7599
4932 6230
4933 6630
4934 6083
4935 7540
4936 8345
4937 674
4938 3083
4939 3926
4940 4935
4941 3587
4942 4474
4943 7621
4944 8082
4945 7797
4946 3826
4947 5196
4948 2882
4949 252
4950 2423
4951 1765
4952 7955
4953 5412
4954 5805
4955 2781
4956 7148
4957 4387
4958 5356
4959 1807
4960 7819
4961 188
4962 3683
4963 1517
4964 3068
4965 8355
4966 2103
4967 4066
4968 3772
4969 8360
4970 2242
4971 2048
4972 513
4973 2817
4974 3512
4975 2759
4976 5978
4977 3048
4978 6281
4979 3314
4980 4559
4981 1111
4982 5944
4983 2872
4984 1833
4985 3730
4986 2110
4987 5641
4988 4494
4989 2229
4990 1859
4991 2667
4992 8113
4993 474
4994 5050
4995 6746
4996 2805
4997 8251
4998 5177
4999 221
5000 6946
5001 1033
5002 6814
5003 8008
5004 6706
5005 4143
5006 2622
5007 4481
5008 3088
5009 7636
5010 436
5011 193
5012 5463
5013 4258
5014 5776
5015 683
5016 6517
5017 2407
5018 7385
5019 8166
5020 7824
5021 6967
5022 1933
5023 3646
5024 1152
5025 7960
5026 4161
5027 7779
5028 5545
5029 8369
5030 6311
5031 8346
5032 8168
5033 2491
5034 465
5035 2185
5036 1408
5037 4184
5038 1358
5039 4685
5040 8294
5041 6509
5042 3108
5043 1471
5044 7255
5045 1319
5046 3460
5047 2088
5048 6614
5049 2397
5050 4728
5051 7552
5052 1777
5053 4276
5054 3156
5055 5023
5056 1774
5057 3443
5058 5862
5059 5202
5060 2062
5061 5153
5062 4999
5063 3497
5064 8327
5065 6257
5066 5143
5067 2230
5068 3708
5069 4798
5070 4189
5071 8107
5072 4981
5073 1134
5074 6434
5075 1570
5076 11
5077 5701
5078 427
5079 6051
5080 5386
5081 5387
5082 2620
5083 1405
5084 393
5085 6117
5086 4065
5087 4505
5088 5424
5089 8315
5090 7669
5091 4047
5092 5789
5093 7156
5094 266
5095 4019
5096 2650
5097 4388
5098 3577
5099 5760
5100 686
5101 1054
5102 7977
5103 2926
5104 329
5105 6676
5106 4707
5107 701
5108 5506
5109 1568
5110 4739
5111 3528
5112 2658
5113 2054
5114 1132
5115 2981
5116 1657
5117 7749
5118 653
5119 4147
5120 5241
5121 7865
5122 2021
5123 4852
5124 4603
5125 2855
5126 689
5127 7569
5128 8354
5129 2009
5130 3325
5131 2742
5132 5920
5133 995
5134 2483
5135 7322
5136 1795
5137 5439
5138 472
5139 3456
5140 5353
5141 7012
5142 5590
5143 7401
5144 1218
5145 7025
5146 2093
5147 2067
5148 3326
5149 648
5150 1599
5151 7373
5152 6045
5153 4489
5154 3912
5155 2929
5156 542
5157 6316
5158 6609
5159 1528
5160 3051
5161 5249
5162 2875
5163 457
5164 7129
5165 2913
5166 6682
5167 1944
5168 7381
5169 3441
5170 4088
5171 3999
5172 7134
5173 1760
5174 7501
5175 179
5176 4347
5177 1798
5178 3530
5179 223
5180 1686
5181 218
5182 5248
5183 7122
5184 6202
5185 3759
5186 3559
5187 7227
5188 390
5189 6234
5190 3369
5191 2838
5192 3045
5193 2607
5194 3257
5195 752
5196 1853
5197 5045
5198 5875
5199 6743
5200 5803
5201 5836
5202 1055
5203 798
5204 3588
5205 6124
5206 2341
5207 7280
5208 275
5209 7339
5210 6784
5211 1267
5212 1489
5213 1643
5214 7820
5215 5622
5216 4810
5217 5350
5218 6333
5219 3386
5220 3942
5221 138
5222 5112
5223 364
5224 5402
5225 5702
5226 3791
5227 6632
5228 1757
5229 2422
5230 3982
5231 6379
5232 4404
5233 6375
5234 4997
5235 6914
5236 5408
5237 7159
5238 1537
5239 7912
5240 6992
5241 4998
5242 7001
5243 5326
5244 553
5245 1018
5246 4616
5247 5642
5248 7729
5249 7627
5250 5656
5251 4859
5252 2335
5253 2105
5254 4012
5255 1425
5256 6714
5257 7097
5258 83
5259 1879
5260 5661
5261 838
5262 1855
5263 1621
5264 4568
5265 4086
5266 2400
5267 7532
5268 2475
5269 3573
5270 7845
5271 4532
5272 6945
5273 5940
5274 1264
5275 7781
5276 6049
5277 309
5278 144
5279 2662
5280 3674
5281 7509
5282 443
5283 293
5284 7790
5285 4884
5286 7660
5287 7078
5288 5561
5289 6368
5290 4345
5291 5060
5292 3430
5293 6631
5294 5626
5295 7442
5296 3804
5297 5109
5298 2071
5299 704
5300 1773
5301 4110
5302 3862
5303 4844
5304 7229
5305 6169
5306 6886
5307 4618
5308 3302
5309 941
5310 6230
5311 6905
5312 4848
5313 7406
5314 7942
5315 4928
5316 7885
5317 827
5318 6474
5319 4393
5320 3856
5321 7007
5322 3638
5323 7432
5324 2015
5325 5865
5326 6068
5327 7880
5328 284
5329 3400
5330 6538
5331 848
5332 7017
5333 625
5334 1398
5335 6096
5336 6808
5337 6032
5338 6269
5339 7304
5340 5786
5341 6618
5342 4624
5343 1984
5344 5225
5345 6535
5346 7164
5347 4882
5348 5195
5349 5663
5350 1815
5351 820
5352 7435
5353 928
5354 4759
5355 2713
5356 572
5357 4656
5358 2698
5359 3552
5360 1261
5361 3040
5362 5281
5363 7639
5364 1524
5365 6866
5366 7421
5367 6281
5368 7656
5369 6741
5370 4598
5371 1287
5372 4817
5373 885
5374 7129
5375 866
5376 7476
5377 6528
5378 7202
5379 18
5380 3957
5381 4611
5382 3058
5383 3092
5384 6583
5385 3203
5386 683
5387 5425
5388 906
5389 7577
5390 657
5391 4380
5392 1872
5393 1391
5394 4861
5395 779
5396 3928
5397 2824
5398 5638
5399 507
5400 7043
5401 12
5402 7143
5403 1526
5404 4870
5405 2858
5406 7992
5407 7548
5408 1139
5409 4924
5410 7446
5411 6922
5412 6056
5413 152
5414 6716
5415 533
5416 7642
5417 1057
5418 4553
5419 606
5420 284
5421 5470
5422 1486
5423 978
5424 2711
5425 4724
5426 4423
5427 7976
5428 5400
5429 3102
5430 7044
5431 5667
5432 6835
5433 909
5434 103
5435 2942
5436 2392
5437 6422
5438 2837
5439 7781
5440 7034
5441 2698
5442 6281
5443 6305
5444 30
5445 5159
5446 6005
5447 6564
5448 5195
5449 1290
5450 3092
5451 7734
5452 7535
5453 7754
5454 1042
5455 3498
5456 5091
5457 1761
5458 6862
5459 7440
5460 6384
5461 603
5462 7587
5463 5231
5464 1494
5465 6360
5466 7122
5467 4466
5468 2225
5469 5834
5470 5144
5471 5802
5472 2051
5473 4178
5474 4984
5475 388
5476 1885
5477 6099
5478 6121
5479 569
5480 6833
5481 2497
5482 356
5483 7822
5484 4400
5485 7970
5486 6329
5487 7438
5488 3813
5489 6492
5490 872
5491 1302
5492 7489
5493 5378
5494 4692
5495 3783
5496 6718
5497 1403
5498 7748
5499 795
5500 7962
5501 6822
5502 6932
5503 5237
5504 3236
5505 2970
5506 821
5507 7195
5508 4228
5509 1149
5510 1855
5511 4026
5512 2723
5513 6550
5514 1790
5515 6636
5516 302
5517 2231
5518 359
5519 6477
5520 6230
5521 7768
5522 63
5523 2857
5524 6488
5525 189
5526 6912
5527 2834
5528 1797
5529 2181
5530 425
5531 1871
5532 2266
5533 7670
5534 4000
5535 2501
5536 6663
5537 6663
5538 1633
5539 2077
5540 3034
5541 5425
5542 5691
5543 1791
5544 1134
5545 5622
5546 7257
5547 5353
5548 1490
5549 6508
5550 4517
5551 7056
5552 2414
5553 4086
5554 219
5555 4157
5556 7088
5557 3678
5558 6633
5559 7935
5560 8031
5561 4008
5562 373
5563 3822
5564 3523
5565 6959
5566 6010
5567 3999
5568 396
5569 5201
5570 6561
5571 4570
5572 7392
5573 4787
5574 4156
5575 4499
5576 2460
5577 4548
5578 4992
5579 1351
5580 5370
5581 6943
5582 3941
5583 84
5584 4611
5585 968
5586 6831
5587 125
5588 311
5589 1185
5590 1750
5591 5228
5592 5123
5593 2664
5594 7259
5595 4731
5596 294
5597 4890
5598 8040
5599 3924
5600 5592
5601 1999
5602 6142
5603 5101
5604 2540
5605 452
5606 1344
5607 3843
5608 3533
5609 4538
5610 7816
5611 417
5612 3647
5613 1521
5614 1438
5615 5081
5616 920
5617 2275
5618 8095
5619 6035
5620 2041
5621 5395
5622 2275
5623 1002
5624 6631
5625 3146
5626 5510
5627 2372
5628 5938
5629 6628
5630 3529
5631 4927
5632 1375
5633 2638
5634 1446
5635 4633
5636 7171
5637 2156
5638 5885
5639 6229
5640 5749
5641 8046
5642 2367
5643 6592
5644 60
5645 7497
5646 7157
5647 186
5648 3941
5649 5476
5650 5328
5651 2408
5652 3086
5653 3196
5654 5560
5655 7171
5656 4236
5657 258
5658 3440
5659 2218
5660 3529
5661 7744
5662 722
5663 7935
5664 3943
5665 1465
5666 6784
5667 6513
5668 6009
5669 16
5670 5300
5671 6912
5672 929
5673 1969
5674 2210
5675 4655
5676 6482
5677 7914
5678 6247
5679 311
5680 1025
5681 4000
5682 2069
5683 5691
5684 4359
5685 5768
5686 470
5687 345
5688 6376
5689 7830
5690 5177
5691 3064
5692 4202
5693 543
5694 1350
5695 2049
5696 3898
5697 2488
5698 5300
5699 5109
5700 2672
5701 4866
5702 1008
5703 2718
5704 60
5705 7400
5706 20
5707 7159
5708 3677
5709 3217
5710 3410
5711 7107
5712 3930
5713 1676
5714 1081
5715 7321
5716 1482
5717 3234
5718 3542
5719 2107
5720 4857
5721 2203
5722 4399
5723 272
5724 4346
5725 7536
5726 7744
5727 7943
5728 3252
5729 2778
5730 2006
5731 1534
5732 2291
5733 186
5734 7629
5735 2694
5736 6461
5737 1715
5738 7282
5739 6181
5740 3987
5741 95
5742 7138
5743 1003
5744 7775
5745 7935
5746 1808
5747 1780
5748 3664
5749 2049
5750 5220
5751 5098
5752 1605
5753 5416
5754 3649
5755 6173
5756 7319
5757 4528
5758 2865
5759 6396
5760 2706
5761 2521
5762 3440
5763 4125
5764 6237
5765 7741
5766 3857
5767 75
5768 6281
5769 4839
5770 7487
5771 8155
5772 872
5773 321
5774 776
5775 5691
5776 7913
5777 7340
5778 5300
5779 1720
5780 6058
5781 2367
5782 6264
5783 2297
5784 4362
5785 570
5786 874
5787 6770
5788 3959
5789 8184
5790 6784
5791 7000
5792 1170
5793 7744
5794 3684
5795 3409
5796 574
5797 2277
5798 2821
5799 5555
5800 8198
5801 5470
5802 1613
5803 3985
5804 6532
5805 4676
5806 6490
5807 3811
5808 3500
5809 7516
5810 4089
5811 7884
5812 3525
5813 6548
5814 8217
5815 4941
5816 4551
5817 824
5818 5691
5819 3476
5820 3159
5821 3174
5822 7831
5823 3374
5824 5935
5825 5939
5826 2077
5827 7671
5828 2765
5829 2097
5830 2646
5831 5691
5832 767
5833 4283
5834 2989
5835 1940
5836 2081
5837 3006
5838 1591
5839 5714
5840 118
5841 6615
5842 2150
5843 6198
5844 5904
5845 7399
5846 3181
5847 2076
5848 835
5849 2178
5850 5451
5851 434
5852 7492
5853 5719
5854 4977
5855 7178
5856 1779
5857 7475
5858 1104
5859 5170
5860 4544
5861 5739
5862 7524
5863 3785
5864 2197
5865 7284
5866 7286
5867 2751
5868 1567
5869 3290
5870 6994
5871 4760
5872 3359
5873 782
5874 5971
5875 7981
5876 2937
5877 748
5878 7040
5879 267
5880 3970
5881 8194
5882 818
5883 1945
5884 1116
5885 2830
5886 2702
5887 6231
5888 7630
5889 5607
5890 2806
5891 2425
5892 4404
5893 1663
5894 2022
5895 1826
5896 7940
5897 3574
5898 8082
5899 7445
5900 5075
5901 8091
5902 2147
5903 4356
5904 6241
5905 834
5906 2035
5907 7319
5908 7317
5909 6421
5910 2541
5911 5027
5912 1108
5913 7252
5914 2312
5915 4420
5916 447
5917 4157
5918 6413
5919 3276
5920 2119
5921 8073
5922 2679
5923 3030
5924 7595
5925 6742
5926 6611
5927 2710
5928 6613
5929 1200
5930 3853
5931 6011
5932 5968
5933 3560
5934 5602
5935 1300
5936 3321
5937 5289
5938 2275
5939 2013
5940 3931
5941 4850
5942 1813
5943 4275
5944 2524
5945 3902
5946 6097
5947 1010
5948 1088
5949 3774
5950 5401
5951 6164
5952 5278
5953 7309
5954 6682
5955 6819
5956 2464
5957 6639
5958 3378
5959 4523
5960 4068
5961 7345
5962 6155
5963 6380
5964 6725
5965 2576
5966 7930
5967 3455
5968 7154
5969 1954
5970 3701
5971 5291
5972 7191
5973 4252
5974 6288
5975 7267
5976 5718
5977 2616
5978 1998
5979 2609
5980 899
5981 4176
5982 7203
5983 692
5984 7651
5985 2262
5986 1744
5987 5198
5988 6491
5989 635
5990 2850
5991 7638
5992 6693
5993 2077
5994 6598
5995 2332
5996 640
5997 1712
5998 5566
5999 3095
6000 8048
6001 6569
6002 4510
6003 8134
6004 3453
6005 6784
6006 5564
6007 4311
6008 1963
6009 8234
6010 6632
6011 2057
6012 3479
6013 2546
6014 5989
6015 1989
6016 3722
6017 2601
6018 5922
6019 4063
6020 3780
6021 6468
6022 3287
6023 7398
6024 4055
6025 2255
6026 6132
6027 2517
6028 8269
6029 6158
6030 2191
6031 2828
6032 7370
6033 8236
6034 4662
6035 1256
6036 3720
6037 3120
6038 2039
6039 5290
6040 7190
6041 2288
6042 4542
6043 4406
6044 6187
6045 8258
6046 1987
6047 5567
6048 8106
6049 5779
6050 5383
6051 2884
6052 7907
6053 7937
6054 7388
6055 4320
6056 1843
6057 803
6058 8115
6059 305
6060 7483
6061 7257
6062 3728
6063 2621
6064 3107
6065 2515
6066 6336
6067 6296
6068 1524
6069 2278
6070 7159
6071 3239
6072 4182
6073 7116
6074 353
6075 2201
6076 3960
6077 3830
6078 5493
6079 925
6080 1024
6081 8000
6082 2070
6083 7245
6084 7122
6085 7478
6086 5097
6087 7899
6088 4597
6089 3548
6090 6029
6091 5117
6092 6884
6093 5710
6094 4049
6095 6212
6096 4983
6097 7793
6098 2486
6099 2108
6100 6162
6101 5099
6102 7736
6103 5728
6104 736
6105 8220
6106 1551
6107 3286
6108 1668
6109 7146
6110 543
6111 4162
6112 5308
6113 7701
6114 4820
6115 3162
6116 26
6117 5171
6118 6920
6119 5001
6120 355
6121 206
6122 8136
6123 6739
6124 6733
6125 4942
6126 3744
6127 3185
6128 1873
6129 7805
6130 3672
6131 2036
6132 1202
6133 1195
6134 957
6135 3786
6136 2671
6137 5273
6138 25
6139 548
6140 4764
6141 2727
6142 5969
6143 7929
6144 6459
6145 787
6146 98
6147 3740
6148 7125
6149 7358
6150 6794
6151 3943
6152 2066
6153 1585
6154 2091
6155 4478
6156 4070
6157 8253
6158 1229
6159 1625
6160 7050
6161 8290
6162 5028
6163 5699
6164 6757
6165 6545
6166 185
6167 282
6168 7849
6169 6622
6170 5504
6171 4341
6172 5950
6173 7462
6174 1681
6175 2233
6176 2437
6177 1705
6178 6807
6179 2685
6180 1852
6181 4571
6182 6554
6183 4630
6184 2591
6185 1770
6186 3327
6187 2554
6188 5959
6189 4349
6190 6829
6191 6938
6192 3568
6193 4000
6194 173
6195 8277
6196 7581
6197 3170
6198 1860
6199 3962
6200 4600
6201 2306
6202 5202
6203 473
6204 3279
6205 8084
6206 2284
6207 8242
6208 4317
6209 6097
6210 4264
6211 8286
6212 1763
6213 3521
6214 1558
6215 284
6216 5918
6217 6852
6218 2491
6219 5534
6220 5354
6221 3661
6222 6401
6223 7530
6224 1418
6225 8002
6226 8062
6227 330
6228 5076
6229 3630
6230 2674
6231 3738
6232 4181
6233 3287
6234 156
6235 896
6236 4668
6237 1995
6238 3735
6239 1404
6240 2607
6241 5699
6242 6281
6243 6755
6244 4372
6245 2878
6246 6733
6247 7541
6248 4081
6249 233
6250 3049
6251 3192
6252 5426
6253 787
6254 3840
6255 100
6256 1532
6257 420
6258 4930
6259 1483
6260 1546
6261 7256
6262 517
6263 7380
6264 8175
6265 430
6266 7667
6267 5112
6268 2735
6269 5361
6270 6315
6271 4694
6272 4395
6273 6256
6274 2982
6275 7770
6276 4296
6277 431
6278 511
6279 3446
6280 2242
6281 6280
6282 8068
6283 1581
6284 8160
6285 5373
6286 3259
6287 8176
6288 607
6289 6383
6290 7163
6291 6123
6292 6733
6293 4861
6294 7690
6295 7159
6296 243
6297 7528
6298 220
6299 3164
6300 4688
6301 5363
6302 4898
6303 7008
6304 5135
6305 6149
6306 6098
6307 7921
6308 3488
6309 823
6310 5431
6311 5587
6312 2841
6313 6330
6314 2539
6315 5687
6316 6395
6317 4905
6318 2748
6319 5950
6320 1875
6321 6739
6322 876
6323 5667
6324 269
6325 8308
6326 5274
6327 3242
6328 6795
6329 7042
6330 3292
6331 5702
6332 5021
6333 5738
6334 8114
6335 5380
6336 4945
6337 8199
6338 4588
6339 8017
6340 6978
6341 6916
6342 3698
6343 1865
6344 4201
6345 1278
6346 4707
6347 5879
6348 3598
6349 3920
6350 3888
6351 7590
6352 6332
6353 2149
6354 1973
6355 5061
6356 7085
6357 8238
6358 1481
6359 2180
6360 4994
6361 3829
6362 2876
6363 5394
6364 1219
6365 670
6366 2411
6367 5324
6368 4290
6369 4122
6370 2219
6371 2337
6372 1286
6373 8340
6374 7823
6375 289
6376 4257
6377 5699
6378 8103
6379 7122
6380 903
6381 7682
6382 6950
6383 765
6384 8138
6385 1768
6386 4486
6387 2008
6388 455
6389 6466
6390 3486
6391 2424
6392 6587
6393 4815
6394 5755
6395 5288
6396 6973
6397 5016
6398 2199
6399 6226
6400 1553
6401 5912
6402 8247
6403 6744
6404 1588
6405 1891
6406 7737
6407 3159
6408 8169
6409 3520
6410 5428
6411 5112
6412 4943
6413 756
6414 4284
6415 216
6416 7631
6417 1531
6418 4354
6419 5138
6420 4560
6421 7128
6422 3968
6423 4185
6424 3755
6425 1724
6426 3606
6427 6711
6428 7724
6429 2722
6430 2001
6431 5971
6432 6309
6433 8328
6434 3551
6435 7147
6436 1730
6437 180
6438 1457
6439 5779
6440 3716
6441 1581
6442 3571
6443 3907
6444 3507
6445 1899
6446 2211
6447 7963
6448 2827
6449 4946
6450 7292
6451 7144
6452 5952
6453 6616
6454 2002
6455 5770
6456 5334
6457 3490
6458 1766
6459 6640
6460 8348
6461 3477
6462 5737
6463 2764
6464 8020
6465 2179
6466 1857
6467 6230
6468 2393
6469 6787
6470 861
6471 2833
6472 7552
6473 8082
6474 3925
6475 3714
6476 5487
6477 2691
6478 8042
6479 7110
6480 1489
6481 6533
6482 3169
6483 7262
6484 7495
6485 6584
6486 6675
6487 5847
6488 6534
6489 8059
6490 5936
6491 832
6492 3247
6493 4911
6494 3589
6495 5514
6496 2434
6497 1318
6498 4757
6499 5348
6500 943
6501 1527
6502 5287
6503 2472
6504 2080
6505 2558
6506 7633
6507 2079
6508 7784
6509 7801
6510 1491
6511 2103
6512 7555
6513 3904
6514 1886
6515 3743
6516 6165
6517 2941
6518 5179
6519 6552
6520 2118
6521 7538
6522 8268
6523 8099
6524 4249
6525 7158
6526 4243
6527 2662
6528 8049
6529 4318
6530 2544
6531 8324
6532 6910
6533 5370
6534 4931
6535 6085
6536 3413
6537 6974
6538 6171
6539 5040
6540 5285
6541 8289
6542 6130
6543 6998
6544 7484
6545 2520
6546 4907
6547 2829
6548 7965
6549 7334
6550 5240
6551 4159
6552 1434
6553 7852
6554 1035
6555 4547
6556 1822
6557 3034
6558 6029
6559 1582
6560 6843
6561 8045
6562 3730
6563 2739
6564 8056
6565 1846
6566 5838
6567 7753
6568 7284
6569 7127
6570 4027
6571 5812
6572 2479
6573 2082
6574 694
6575 6144
6576 6501
6577 554
6578 8350
6579 709
6580 4174
6581 7764
6582 414
6583 5215
6584 1242
6585 6061
6586 6354
6587 8255
6588 1931
6589 918
6590 5548
6591 3581
6592 2433
6593 5137
6594 8361
6595 6014
6596 2604
6597 5150
6598 6498
6599 2666
6600 3487
6601 5175
6602 7430
6603 260
6604 6123
6605 7310
6606 7057
6607 2799
6608 1837
6609 1920
6610 1395
6611 3673
6612 1435
6613 3756
6614 3736
6615 7862
6616 17
6617 8140
6618 4686
6619 5561
6620 2911
6621 7809
6622 6042
6623 3977
6624 5956
6625 5240
6626 5814
6627 5438
6628 1204
6629 7567
6630 5370
6631 6881
6632 5292
6633 4840
6634 8157
6635 965
6636 4940
6637 683
6638 3758
6639 5857
6640 5031
6641 2633
6642 159
6643 8352
6644 1966
6645 4973
6646 153
6647 4564
6648 1892
6649 999
6650 772
6651 4616
6652 1524
6653 7119
6654 7002
6655 96
6656 693
6657 6832
6658 4422
6659 6701
6660 44
6661 6378
6662 6667
6663 4616
6664 690
6665 2067
6666 4591
6667 6931
6668 4357
6669 7169
6670 2567
6671 1706
6672 2816
6673 3850
6674 5966
6675 5074
6676 1282
6677 1431
6678 2790
6679 1706
6680 392
6681 1397
6682 5195
6683 1192
6684 7549
6685 5868
6686 461
6687 7384
6688 6894
6689 7458
6690 4334
6691 5132
6692 6301
6693 5104
6694 1349
6695 3570
6696 5643
6697 6851
6698 585
6699 5340
6700 394
6701 6672
6702 1706
6703 29
6704 4351
6705 922
6706 851
6707 3141
6708 1053
6709 2998
6710 2206
6711 7583
6712 2583
6713 3896
6714 380
6715 3345
6716 5485
6717 4117
6718 6250
6719 4637
6720 6494
6721 4558
6722 3144
6723 6238
6724 5384
6725 1554
6726 7534
6727 7179
6728 4936
6729 3363
6730 303
6731 3166
6732 5305
6733 6698
6734 2750
6735 3047
6736 2249
6737 5229
6738 5294
6739 889
6740 4626
6741 3954
6742 5699
6743 3709
6744 4433
6745 5101
6746 4795
6747 5416
6748 4319
6749 7443
6750 3919
6751 6663
6752 7083
6753 6068
6754 1133
6755 481
6756 6961
6757 7263
6758 4040
6759 3642
6760 2057
6761 5684
6762 2931
6763 5561
6764 6230
6765 523
6766 7122
6767 5649
6768 6118
6769 647
6770 4379
6771 5098
6772 331
6773 134
6774 2398
6775 4806
6776 1486
6777 1836
6778 506
6779 5214
6780 6494
6781 4635
6782 612
6783 5418
6784 2026
6785 2879
6786 6500
6787 4825
6788 1344
6789 6734
6790 1791
6791 4646
6792 7908
6793 7439
6794 7364
6795 7578
6796 5484
6797 5845
6798 4845
6799 1515
6800 522
6801 4113
6802 3877
6803 5691
6804 4056
6805 986
6806 887
6807 2042
6808 2630
6809 4995
6810 5905
6811 5246
6812 1581
6813 3996
6814 6847
6815 4854
6816 7182
6817 4516
6818 2803
6819 7763
6820 5910
6821 7926
6822 5078
6823 7308
6824 1472
6825 7561
6826 1412
6827 6215
6828 4169
6829 6731
6830 7832
6831 6978
6832 2134
6833 3427
6834 6631
6835 771
6836 5009
6837 7998
6838 3305
6839 5157
6840 1840
6841 5500
6842 713
6843 7755
6844 4580
6845 1020
6846 5123
6847 4967
6848 7868
6849 7876
6850 1112
6851 4498
6852 1382
6853 6448
6854 5015
6855 2598
6856 5895
6857 2797
6858 4452
6859 6057
6860 5958
6861 3468
6862 6343
6863 3847
6864 1919
6865 5812
6866 4730
6867 4184
6868 5702
6869 6338
6870 7122
6871 4129
6872 1443
6873 7673
6874 6462
6875 3067
6876 931
6877 574
6878 2968
6879 119
6880 6219
6881 2028
6882 2743
6883 3206
6884 3642
6885 4066
6886 1883
6887 5100
6888 4703
6889 5612
6890 762
6891 7932
6892 1139
6893 2738
6894 191
6895 3272
6896 3420
6897 5038
6898 1963
6899 5060
6900 5290
6901 3938
6902 7533
6903 7379
6904 2732
6905 5998
6906 7924
6907 6430
6908 1363
6909 2597
6910 6026
6911 6544
6912 7318
6913 3741
6914 4549
6915 5473
6916 2350
6917 1545
6918 5919
6919 198
6920 6869
6921 2135
6922 6168
6923 2269
6924 4014
6925 669
6926 4101
6927 7036
6928 6381
6929 7608
6930 5402
6931 4667
6932 7991
6933 3148
6934 7329
6935 411
6936 1429
6937 7758
6938 6749
6939 1648
6940 5833
6941 1925
6942 7891
6943 7560
6944 339
6945 5950
6946 5476
6947 519
6948 7717
6949 5801
6950 7236
6951 290
6952 5501
6953 73
6954 2611
6955 7500
6956 3856
6957 6597
6958 245
6959 793
6960 2771
6961 7980
6962 2496
6963 5177
6964 849
6965 4484
6966 5098
6967 3030
6968 3020
6969 6150
6970 6281
6971 7898
6972 3320
6973 7288
6974 6503
6975 7389
6976 1880
6977 6010
6978 1972
6979 1703
6980 1714
6981 4883
6982 3114
6983 5859
6984 7939
6985 944
6986 543
6987 6911
6988 1866
6989 3611
6990 2662
6991 1447
6992 6116
6993 6569
6994 826
6995 6282
6996 4339
6997 7867
6998 1610
6999 4803
7000 3569
7001 6986
7002 7721
7003 626
7004 6397
7005 3914
7006 6333
7007 1678
7008 7677
7009 665
7010 6902
7011 802
7012 4060
7013 2585
7014 5694
7015 178
7016 2784
7017 860
7018 6791
7019 615
7020 3034
7021 3537
7022 2055
7023 7589
7024 4261
7025 4749
7026 3668
7027 7718
7028 4859
7029 7970
7030 2961
7031 6281
7032 3524
7033 3152
7034 545
7035 4894
7036 5127
7037 316
7038 5685
7039 4332
7040 1555
7041 6105
7042 7951
7043 543
7044 4872
7045 88
7046 5758
7047 5661
7048 3872
7049 2344
7050 4960
7051 7968
7052 6980
7053 6997
7054 7508
7055 5934
7056 4823
7057 5311
7058 1345
7059 4972
7060 3241
7061 4164
7062 2726
7063 539
7064 5605
7065 5547
7066 1467
7067 6925
7068 5012
7069 4153
7070 27
7071 646
7072 7844
7073 3439
7074 7648
7075 950
7076 4777
7077 6347
7078 543
7079 1716
7080 2294
7081 34
7082 1266
7083 5984
7084 3918
7085 1239
7086 5075
7087 6281
7088 4152
7089 2780
7090 4695
7091 5483
7092 5479
7093 3523
7094 147
7095 643
7096 4373
7097 128
7098 2788
7099 4897
7100 7745
7101 5691
7102 5691
7103 6126
7104 12
7105 6977
7106 3009
7107 7629
7108 4165
7109 8030
7110 4693
7111 6736
7112 7640
7113 4653
7114 4184
7115 6230
7116 6708
7117 6433
7118 6454
7119 5059
7120 2450
7121 3141
7122 6582
7123 2301
7124 2165
7125 6576
7126 3445
7127 2294
7128 6335
7129 1749
7130 2602
7131 1800
7132 6370
7133 6227
7134 5960
7135 7662
7136 5988
7137 2371
7138 3735
7139 7135
7140 6453
7141 313
7142 2275
7143 5271
7144 901
7145 7020
7146 1962
7147 6733
7148 646
7149 7946
7150 34
7151 5565
7152 3782
7153 7629
7154 1077
7155 5098
7156 7785
7157 5691
7158 4810
7159 4664
7160 1759
7161 3315
7162 6281
7163 4761
7164 7019
7165 805
7166 4143
7167 6477
7168 165
7169 212
7170 7750
7171 4268
7172 7946
7173 4616
7174 3001
7175 659
7176 4444
7177 2533
7178 2578
7179 5107
7180 684
7181 1838
7182 203
7183 5310
7184 6639
7185 2854
7186 5376
7187 5277
7188 3821
7189 8082
7190 21
7191 404
7192 6046
7193 1171
7194 6823
7195 4205
7196 540
7197 396
7198 4999
7199 6593
7200 3915
7201 1026
7202 545
7203 7324
7204 3167
7205 285
7206 3110
7207 4482
7208 5636
7209 1495
7210 7511
7211 482
7212 1490
7213 1482
7214 7362
7215 2275
7216 7904
7217 3075
7218 3897
7219 988
7220 5300
7221 1979
7222 2509
7223 3352
7224 1934
7225 6039
7226 1353
7227 3159
7228 7530
7229 976
7230 6327
7231 5710
7232 4473
7233 80
7234 5059
7235 8152
7236 2480
7237 6990
7238 602
7239 5016
7240 1908
7241 4287
7242 8083
7243 4805
7244 5097
7245 7889
7246 1278
7247 63
7248 6270
7249 1404
7250 5608
7251 7319
7252 7319
7253 1269
7254 872
7255 4868
7256 5763
7257 6578
7258 6294
7259 4449
7260 7062
7261 6252
7262 5016
7263 2580
7264 7452
7265 4856
7266 988
7267 4737
7268 3496
7269 1818
7270 4300
7271 5719
7272 4861
7273 7975
7274 1938
7275 3980
7276 8038
7277 4476
7278 5691
7279 5903
7280 3007
7281 2947
7282 662
7283 2510
7284 247
7285 6101
7286 8172
7287 6688
7288 56
7289 5889
7290 1333
7291 7635
7292 5336
7293 1974
7294 4013
7295 6373
7296 5583
7297 3882
7298 4529
7299 7299
7300 5372
7301 6504
7302 543
7303 92
7304 72
7305 314
7306 873
7307 3412
7308 3884
7309 2247
7310 5304
7311 3963
7312 8217
7313 2463
7314 7815
7315 1343
7316 716
7317 5071
7318 328
7319 2218
7320 205
7321 312
7322 869
7323 5647
7324 6141
7325 7481
7326 1781
7327 8093
7328 624
7329 6999
7330 2240
7331 4314
7332 2242
7333 2146
7334 7714
7335 3307
7336 5334
7337 6981
7338 7850
7339 7919
7340 1334
7341 2303
7342 7086
7343 6186
7344 6588
7345 7313
7346 3365
7347 1774
7348 5575
7349 5800
7350 4680
7351 8109
7352 5991
7353 396
7354 5053
7355 6372
7356 5897
7357 4788
7358 1463
7359 6668
7360 6526
7361 2275
7362 1259
7363 6299
7364 6519
7365 6281
7366 296
7367 4522
7368 3291
7369 1292
7370 1718
7371 5953
7372 7205
7373 2340
7374 7450
7375 5691
7376 2294
7377 7456
7378 4444
7379 3091
7380 6225
7381 587
7382 1500
7383 800
7384 4864
7385 4138
7386 843
7387 1670
7388 2442
7389 1366
7390 6674
7391 8202
7392 7060
7393 3055
7394 5148
7395 4330
7396 2959
7397 5395
7398 6703
7399 5686
7400 3025
7401 7319
7402 428
7403 3687
7404 579
7405 5437
7406 7319
7407 99
7408 6926
7409 2617
7410 1372
7411 7705
7412 8173
7413 2564
7414 5466
7415 2673
7416 490
7417 7858
7418 5498
7419 5691
7420 2221
7421 5778
7422 7071
7423 1709
7424 4465
7425 594
7426 1717
7427 7232
7428 2859
7429 928
7430 639
7431 8244
7432 7449
7433 5573
7434 3568
7435 7208
7436 6349
7437 5532
7438 5759
7439 8117
7440 145
7441 1145
7442 2158
7443 4493
7444 5586
7445 2153
7446 3219
7447 1247
7448 1936
7449 5111
7450 8206
7451 8
7452 3005
7453 2687
7454 1166
7455 2253
7456 1748
7457 137
7458 4970
7459 5598
7460 2012
7461 5624
7462 2761
7463 7922
7464 7218
7465 4422
7466 1942
7467 419
7468 2112
7469 2362
7470 1201
7471 7394
7472 819
7473 7588
7474 1630
7475 126
7476 1205
7477 3483
7478 4401
7479 8100
7480 6278
7481 6777
7482 1962
7483 8206
7484 6062
7485 7985
7486 1418
7487 3773
7488 2744
7489 783
7490 4252
7491 5499
7492 210
7493 8183
7494 3432
7495 12
7496 6836
7497 7896
7498 886
7499 5352
7500 4417
7501 7628
7502 7037
7503 5391
7504 4677
7505 158
7506 6342
7507 6181
7508 7813
7509 5016
7510 7181
7511 633
7512 7057
7513 1550
7514 2086
7515 7118
7516 8252
7517 3739
7518 1647
7519 5149
7520 5029
7521 6345
7522 7070
7523 6103
7524 1756
7525 6467
7526 8139
7527 3767
7528 6008
7529 3604
7530 8241
7531 4207
7532 8368
7533 7892
7534 3595
7535 6125
7536 1098
7537 8018
7538 2057
7539 5837
7540 3016
7541 3810
7542 7906
7543 6153
7544 702
7545 7378
7546 963
7547 6436
7548 5121
7549 3024
7550 6478
7551 5854
7552 2011
7553 3034
7554 6331
7555 3365
7556 2869
7557 4301
7558 7674
7559 4395
7560 7233
7561 7326
7562 6201
7563 4638
7564 5482
7565 4015
7566 4557
7567 2769
7568 6313
7569 147
7570 4214
7571 7278
7572 1956
7573 7871
7574 2892
7575 8275
7576 1383
7577 1965
7578 1789
7579 2386
7580 1611
7581 2985
7582 1128
7583 3226
7584 7582
7585 5653
7586 2417
7587 2568
7588 6631
7589 4004
7590 5093
7591 1092
7592 7076
7593 45
7594 4112
7595 7641
7596 1488
7597 3002
7598 8271
7599 7713
7600 4937
7601 4561
7602 7539
7603 7341
7604 6057
7605 7238
7606 5522
7607 3885
7608 6570
7609 5420
7610 7460
7611 930
7612 4928
7613 3336
7614 2895
7615 1498
7616 638
7617 7646
7618 3074
7619 5113
7620 7971
7621 399
7622 3416
7623 6431
7624 2302
7625 7730
7626 6295
7627 7254
7628 469
7629 2804
7630 5323
7631 5559
7632 8112
7633 8222
7634 1257
7635 2915
7636 238
7637 1660
7638 3482
7639 3184
7640 2263
7641 8153
7642 1056
7643 6733
7644 2214
7645 2828
7646 7887
7647 7123
7648 2628
7649 3173
7650 4700
7651 6560
7652 2248
7653 1725
7654 3965
7655 6205
7656 6260
7657 1958
7658 7357
7659 6762
7660 5679
7661 7441
7662 7394
7663 1283
7664 2491
7665 1964
7666 242
7667 3436
7668 7449
7669 8287
7670 2629
7671 6951
7672 5779
7673 340
7674 2994
7675 7901
7676 8221
7677 8249
7678 5111
7679 5554
7680 5819
7681 6128
7682 2813
7683 4783
7684 113
7685 543
7686 3688
7687 4833
7688 2969
7689 4157
7690 7990
7691 7771
7692 2232
7693 7948
7694 2584
7695 2038
7696 12
7697 741
7698 8270
7699 7328
7700 3100
7701 6551
7702 430
7703 4602
7704 6426
7705 2752
7706 15
7707 2605
7708 2845
7709 7485
7710 1876
7711 1121
7712 6178
7713 617
7714 12
7715 6403
7716 5457
7717 3029
7718 7819
7719 1974
7720 4248
7721 4885
7722 2825
7723 3233
7724 2390
7725 3765
7726 2283
7727 1511
7728 2557
7729 982
7730 3019
7731 6919
7732 8218
7733 5764
7734 3735
7735 633
7736 2014
7737 6784
7738 7663
7739 7893
7740 6138
7741 4372
7742 7253
7743 6296
7744 6333
7745 847
7746 6088
7747 4020
7748 1482
7749 2129
7750 581
7751 6936
7752 6388
7753 6861
7754 2264
7755 1562
7756 1484
7757 5622
7758 660
7759 2046
7760 7030
7761 4768
7762 7122
7763 1034
7764 54
7765 578
7766 4947
7767 1988
7768 1991
7769 7472
7770 642
7771 2204
7772 881
7773 620
7774 7087
7775 5719
7776 2162
7777 6192
7778 8082
7779 5649
7780 78
7781 4978
7782 6462
7783 2427
7784 402
7785 7453
7786 5211
7787 8051
7788 5202
7789 1089
7790 2305
7791 894
7792 8115
7793 1244
7794 5056
7795 5616
7796 706
7797 3342
7798 6562
7799 6337
7800 2439
7801 3161
7802 2612
7803 3916
7804 2195
7805 4617
7806 724
7807 1455
7808 8181
7809 4038
7810 2768
7811 1377
7812 6384
7813 3271
7814 300
7815 5052
7816 5318
7817 5858
7818 7895
7819 8039
7820 5923
7821 7289
7822 3244
7823 2383
7824 5345
7825 1446
7826 1862
7827 7177
7828 5775
7829 2449
7830 4576
7831 4107
7832 1415
7833 405
7834 623
7835 1691
7836 6715
7837 7964
7838 2795
7839 2138
7840 6333
7841 6415
7842 6812
7843 3454
7844 7888
7845 4098
7846 320
7847 4136
7848 5003
7849 5547
7850 4367
7851 683
7852 7419
7853 5839
7854 1013
7855 577
7856 728
7857 5005
7858 1948
7859 8343
7860 7988
7861 3936
7862 4989
7863 6248
7864 5057
7865 4650
7866 351
7867 1955
7868 6214
7869 5840
7870 3135
7871 8082
7872 7652
7873 8187
7874 8052
7875 4011
7876 4294
7877 5999
7878 7437
7879 8139
7880 7606
7881 954
7882 4104
7883 6134
7884 6768
7885 4993
7886 1406
7887 7741
7888 244
7889 2010
7890 7430
7891 556
7892 6680
7893 4691
7894 5715
7895 6204
7896 2184
7897 5447
7898 4304
7899 760
7900 1317
7901 962
7902 767
7903 3408
7904 7420
7905 3423
7906 2873
7907 8344
7908 4780
7909 2812
7910 1281
7911 4230
7912 3397
7913 882
7914 5362
7915 2286
7916 1669
7917 7618
7918 2967
7919 3464
7920 6109
7921 3659
7922 170
7923 91
7924 5980
7925 8301
7926 7573
7927 2900
7928 5156
7929 6984
7930 5779
7931 6857
7932 6036
7933 1059
7934 5641
7935 3905
7936 7208
7937 6337
7938 5120
7939 7454
7940 8243
7941 6547
7942 8191
7943 6839
7944 2361
7945 5497
7946 1571
7947 8335
7948 2574
7949 5806
7950 1830
7951 2984
7952 4472
7953 253
7954 3115
7955 1540
7956 43
7957 5700
7958 2126
7959 5872
7960 4539
7961 6163
7962 7353
7963 2484
7964 4435
7965 2922
7966 7983
7967 4781
7968 4659
7969 3952
7970 6480
7971 4948
7972 5574
7973 116
7974 8297
7975 6499
7976 5442
7977 717
7978 4488
7979 4179
7980 4419
7981 5047
7982 3355
7983 3212
7984 1783
7985 403
7986 1061
7987 6232
7988 6385
7989 5699
7990 7064
7991 6493
7992 6657
7993 2820
7994 649
7995 8312
7996 2279
7997 4453
7998 6530
7999 710
8000 1295
8001 3450
8002 8186
8003 3027
8004 8316
8005 5705
8006 7124
8007 4886
8008 4278
8009 6758
8010 1924
8011 1079
8012 836
8013 7693
8014 1594
8015 6187
8016 3615
8017 3579
8018 2189
8019 3334
8020 4509
8021 8251
8022 6509
8023 5460
8024 5253
8025 6697
8026 6882
8027 3596
8028 5024
8029 2596
8030 4065
8031 5118
8032 3106
8033 6230
8034 1254
8035 1165
8036 423
8037 5320
8038 2757
8039 49
8040 4495
8041 7773
8042 2471
8043 2890
8044 1665
8045 374
8046 4188
8047 4748
8048 7936
8049 5216
8050 6699
8051 8362
8052 6710
8053 2099
8054 7276
8055 6417
8056 6953
8057 4709
8058 5649
8059 7415
8060 994
8061 1740
8062 6666
8063 1953
8064 5389
8065 5579
8066 6520
8067 7035
8068 6316
8069 1156
8070 2717
8071 1516
8072 5393
8073 8121
8074 5333
8075 4175
8076 5290
8077 6961
8078 6934
8079 8338
8080 3855
8081 1361
8082 3296
8083 2300
8084 3725
8085 6745
8086 1774
8087 6907
8088 768
8089 4422
8090 2800
8091 2950
8092 6160
8093 5617
8094 5891
8095 4998
8096 1702
8097 7282
8098 2174
8099 2369
8100 452
8101 3679
8102 1492
8103 7293
8104 5666
8105 7211
8106 7201
8107 2074
8108 7184
8109 656
8110 1675
8111 858
8112 5672
8113 7368
8114 2067
8115 4291
8116 6275
8117 2164
8118 5734
8119 2832
8120 1755
8121 7694
8122 1041
8123 1312
8124 3382
8125 4054
8126 3764
8127 742
8128 64
8129 1209
8130 3833
8131 3228
8132 3586
8133 4134
8134 7228
8135 3506
8136 5154
8137 6825
8138 2632
8139 4111
8140 7364
8141 6464
8142 7346
8143 4200
8144 3932
8145 1960
8146 4464
8147 4184
8148 2953
8149 3607
8150 7640
8151 2409
8152 4058
8153 3364
8154 4340
8155 5
8156 3544
8157 7910
8158 4804
8159 225
8160 7326
8161 7911
8162 4300
8163 7303
8164 7692
8165 7856
8166 2100
8167 2999
8168 4813
8169 4293
8170 6522
8171 4690
8172 7785
8173 4776
8174 6273
8175 3989
8176 1834
8177 3927
8178 2094
8179 3779
8180 618
8181 7503
8182 7695
8183 1220
8184 5423
8185 6114
8186 5756
8187 13
8188 7480
8189 7785
8190 4079
8191 6086
8192 961
8193 7486
8194 3306
8195 5060
8196 6254
8197 1684
8198 2974
8199 6820
8200 5081
8201 809
8202 614
8203 7855
8204 7282
8205 3851
8206 279
8207 229
8208 3199
8209 573
8210 4670
8211 2754
8212 7350
8213 4806
8214 3613
8215 5670
8216 1072
8217 2457
8218 1216
8219 7240
8220 6333
8221 5374
8222 2831
8223 1298
8224 7369
8225 5097
8226 2912
8227 758
8228 3852
8229 4426
8230 4914
8231 1324
8232 3650
8233 2631
8234 396
8235 731
8236 1154
8237 2716
8238 7356
8239 5187
8240 6491
8241 1188
8242 2834
8243 3429
8244 7757
8245 2246
8246 3317
8247 7414
8248 6281
8249 6145
8250 2378
8251 475
8252 5551
8253 524
8254 4066
8255 4035
8256 7221
8257 1654
8258 609
8259 7593
8260 6181
8261 6089
8262 2648
8263 734
8264 3832
8265 5213
8266 3229
8267 4029
8268 889
8269 4581
8270 2636
8271 949
8272 5365
8273 5229
8274 6289
8275 2402
8276 6271
8277 6317
8278 1910
8279 6281
8280 5740
8281 4364
8282 6013
8283 4616
8284 6563
8285 867
8286 3018
8287 6559
8288 7237
8289 7304
8290 2802
8291 84
8292 6326
8293 3555
8294 5407
8295 6375
8296 3539
8297 2261
8298 1913
8299 1735
8300 7596
8301 2553
8302 4142
8303 1968
8304 1011
8305 7654
8306 1475
8307 2745
8308 4537
8309 3945
8310 7909
8311 6230
8312 1685
8313 3887
8314 5448
8315 7782
8316 1855
8317 3245
8318 3237
8319 7208
8320 3466
8321 6976
8322 7196
8323 4499
8324 4071
8325 1212
8326 5896
8327 7974
8328 4062
8329 1227
8330 7760
8331 1453
8332 3480
8333 4059
8334 4140
8335 6079
8336 6059
8337 2822
8338 2779
8339 7185
8340 5283
8341 5645
8342 7451
8343 1310
8344 4034
8345 4860
8346 4266
8347 2801
8348 6406
8349 1273
8350 5161
8351 4395
8352 2540
8353 3147
8354 7918
8355 66
8356 631
8357 2226
8358 3727
8359 3030
8360 7207
8361 3282
8362 2642
8363 575
8364 5455
8365 3159
8366 1356
8367 2719
8368 2316
8369 7096
8370 182
8371 4323
8372 6650
8373 7268
8374 448
8375 2051
8376 1856
8377 4735
8378 3612
8379 7038
8380 1126
8381 7712
8382 1868
8383 719
8384 7870
8385 5134
8386 354
8387 6571
8388 1919
8389 1241
8390 509
8391 7498
8392 3627
8393 2385
8394 3763
8395 24
8396 5298
8397 595
8398 5142
8399 2415
8400 1476
8401 4048
8402 1772
8403 5416
8404 6477
8405 3356
8406 4506
8407 361
8408 7111
8409 8010
8410 3760
8411 1918
8412 6230
8413 3030
8414 7068
8415 806
8416 8029
8417 1683
8418 4616
8419 4144
8420 751
8421 5358
8422 1912
8423 7609
8424 5773
8425 3103
8426 6376
8427 7704
8428 342
8429 1228
8430 6435
8431 2069
8432 1076
8433 5823
8434 2385
8435 322
8436 7347
8437 2272
8438 771
8439 1336
8440 7945
8441 763
8442 7686
8443 5432
8444 1302
8445 7055
8446 4184
8447 2928
8448 6028
8449 5635
8450 6111
8451 5128
8452 2202
8453 3801
8454 3332
8455 7874
8456 5593
8457 5098
8458 5194
8459 2358
8460 5454
8461 7614
8462 3558
8463 936
8464 6912
8465 6188
8466 6077
8467 5641
8468 7968
8469 2602
8470 2885
8471 1519
8472 4849
8473 4402
8474 2550
8475 716
8476 5610
8477 7970
8478 7970
8479 5177
8480 5820
8481 5414
8482 3863
8483 5459
8484 6477
8485 8044
8486 6477
8487 1226
8488 6462
8489 5987
8490 5637
8491 4371
8492 5434
8493 3410
8494 3988
8495 7311
8496 5327
8497 6386
8498 3717
8499 1855
8500 5894
8501 7683
8502 2231
8503 6246
8504 2920
8505 5327
8506 6702
8507 799
8508 3966
8509 4418
8510 3956
8511 5654
8512 4207
8513 4273
8514 888
8515 7326
8516 6316
8517 1370
8518 6476
8519 1163
8520 5073
8521 4497
8522 5779
8523 7220
8524 1832
8525 6281
8526 6101
8527 6781
8528 4237
8529 3566
8530 7527
8531 6912
8532 4282
8533 1559
8534 721
8535 6561
8536 4910
8537 937
8538 2089
8539 4325
8540 2778
8541 2586
8542 8031
8543 998
8544 6462
8545 7387
8546 2049
8547 7314
8548 3563
8549 879
8550 3742
8551 2542
8552 4069
8553 4336
8554 6073
8555 417
8556 6429
8557 7462
8558 1314
8559 5443
8560 6281
8561 5492
8562 3367
8563 5403
8564 3575
8565 3312
8566 4442
8567 6463
8568 6108
8569 5764
8570 939
8571 383
8572 396
8573 6070
8574 2317
8575 679
8576 5667
8577 1518
8578 4490
8579 3424
8580 3474
8581 3584
8582 6333
8583 5501
8584 7745
8585 4342
8586 4409
8587 71
8588 384
8589 4762
8590 4157
8591 5720
8592 2069
8593 1006
8594 6806
8595 785
8596 4751
8597 974
8598 7004
8599 1524
8600 77
8601 7410
8602 2367
8603 7319
8604 558
8605 3703
8606 5928
8607 2955
8608 5546
8609 1376
8610 5736
8611 6784
8612 7703
8613 1651
8614 3191
8615 7954
8616 7284
8617 5975
8618 1060
8619 5682
8620 5287
8621 8078
8622 1442
8623 6461
8624 2194
8625 938
8626 5710
8627 7883
8628 749
8629 7800
8630 4184
8631 7946
8632 3496
8633 4807
8634 5767
8635 1524
8636 2592
8637 344
8638 7273
8639 1671
8640 7774
8641 1690
8642 3522
8643 6498
8644 7628
8645 1153
8646 263
8647 444
8648 6688
8649 6730
8650 795
8651 3059
8652 417
8653 8109
8654 3056
8655 8189
8656 4274
8657 7954
8658 2507
8659 3899
8660 441
8661 3523
8662 7295
8663 4611
8664 7208
8665 3145
8666 2420
8667 3485
8668 7987
8669 6569
8670 5576
8671 3645
8672 2535
8673 6477
8674 498
8675 676
8676 7986
8677 5641
8678 3899
8679 7582
8680 2311
8681 6879
8682 311
8683 6166
8684 3046
8685 6074
8686 4861
8687 1541
8688 5691
8689 4195
8690 7946
8691 5113
8692 3410
8693 7132
8694 3746
8695 135
8696 7808
8697 6805
8698 6578
8699 7319
8700 19
8701 2547
8702 6687
8703 8149
8704 6462
8705 6774
8706 7556
8707 5950
8708 970
8709 4962
8710 1365
8711 1094
8712 638
8713 4454
8714 7468
8715 3840
8716 1960
8717 5993
8718 92
8719 7680
8720 7954
8721 5116
8722 7770
8723 8209
8724 3340
8725 2326
8726 5244
8727 5908
8728 4260
8729 8081
8730 3136
8731 6125
8732 5596
8733 7250
8734 707
8735 6475
8736 992
8737 324
8738 1745
8739 6943
8740 1294
8741 6382
8742 6963
8743 4042
8744 3465
8745 2053
8746 7208
8747 3039
8748 5025
8749 7389
8750 4590
8751 8146
8752 5461
8753 4922
8754 6024
8755 4097
8756 4660
8757 3887
8758 6837
8759 1052
8760 8132
8761 4847
8762 7595
8763 1259
8764 5293
8765 2555
8766 1482
8767 1232
8768 1667
8769 7319
8770 7319
8771 7407
8772 4130
8773 2311
8774 7961
8775 5587
8776 6941
8777 175
8778 2860
8779 451
8780 5232
8781 5055
8782 576
8783 6097
8784 1068
8785 2944
8786 6449
8787 6037
8788 7539
8789 7009
8790 3470
8791 8087
8792 3834
8793 6067
8794 5341
8795 3132
8796 7180
8797 2582
8798 878
8799 6713
8800 5690
8801 2726
8802 1039
8803 924
8804 7263
8805 2637
8806 5056
8807 6895
8808 4894
8809 1649
8810 2530
8811 7054
8812 7490
8813 1463
8814 2007
8815 2807
8816 5180
8817 8037
8818 4242
8819 5691
8820 2432
8821 1158
8822 3913
8823 143
8824 3444
8825 6298
8826 1535
8827 4675
8828 7997
8829 7840
8830 6978
8831 213
8832 2351
8833 6739
8834 5691
8835 3773
8836 4752
8837 8249
8838 3205
8839 5440
8840 2705
8841 407
8842 6671
8843 5950
8844 2176
8845 2139
8846 6989
8847 7714
8848 2225
8849 2183
8850 7201
8851 2159
8852 4929
8853 2459
8854 7854
8855 2208
8856 5039
8857 4980
8858 6514
8859 4893
8860 4085
8861 2085
8862 4148
8863 5731
8864 5992
8865 6377
8866 892
8867 5824
8868 106
8869 1925
8870 6856
8871 3513
8872 6510
8873 7781
8874 6342
8875 5160
8876 5295
8877 4372
8878 4403
8879 3563
8880 8058
8881 4394
8882 3580
8883 1682
8884 3346
8885 666
8886 7403
8887 164
8888 5725
8889 2918
8890 5576
8891 6635
8892 4223
8893 7813
8894 951
8895 3384
8896 6185
8897 4095
8898 7151
8899 6284
8900 6081
8901 3590
8902 5640
8903 7611
8904 7352
8905 2952
8906 3213
8907 3502
8908 5143
8909 1461
8910 6578
8911 5649
8912 2264
8913 840
8914 1928
8915 7554
8916 7364
8917 697
8918 413
8919 5677
8920 4950
8921 483
8922 8112
8923 3079
8924 8101
8925 1825
8926 981
8927 6944
8928 4770
8929 4896
8930 3200
8931 4545
8932 7952
8933 6195
8934 637
8935 8146
8936 1206
8937 4944
8938 2843
8939 4233
8940 610
8941 3665
8942 4470
8943 8253
8944 3289
8945 1542
8946 935
8947 4832
8948 3404
8949 4318
8950 2329
8951 6617
8952 1470
8953 3187
8954 6933
8955 4437
8956 254
8957 3979
8958 7519
8959 3223
8960 6287
8961 1268
8962 71
8963 967
8964 6949
8965 2353
8966 8154
8967 5477
8968 6728
8969 409
8970 1109
8971 2896
8972 4171
8973 663
8974 4082
8975 4508
8976 3995
8977 7850
8978 1974
8979 4773
8980 2907
8981 2352
8982 1733
8983 2242
8984 5176
8985 1157
8986 8012
8987 1441
8988 3783
8989 5835
8990 5465
8991 7319
8992 251
8993 4771
8994 5736
8995 2684
8996 7159
8997 859
8998 7296
8999 6300
9000 6727
9001 7489
9002 4858
9003 6119
9004 1801
9005 5827
9006 2623
9007 2130
9008 5730
9009 7289
9010 5869
9011 5110
9012 5486
9013 2518
9014 3546
9015 7839
9016 7957
9017 4791
9018 6467
9019 8269
9020 6939
9021 5822
9022 284
9023 5627
9024 4163
9025 5436
9026 408
9027 5072
9028 3536
9029 8259
9030 5227
9031 8053
9032 4124
9033 1662
9034 2323
9035 5267
9036 4921
9037 5095
9038 2113
9039 987
9040 7780
9041 57
9042 1821
9043 1548
9044 2814
9045 1340
9046 3221
9047 6788
9048 1852
9049 3133
9050 5054
9051 8224
9052 6816
9053 8207
9054 8235
9055 8086
9056 38
9057 1456
9058 595
9059 5098
9060 6806
9061 1741
9062 5017
9063 2092
9064 2289
9065 1032
9066 5696
9067 5173
9068 6073
9069 3866
9070 5899
9071 5056
9072 6752
9073 6924
9074 7935
9075 4183
9076 6244
9077 4429
9078 6620
9079 2235
9080 917
9081 6091
9082 4441
9083 5438
9084 3783
9085 6133
9086 5042
9087 4204
9088 868
9089 7907
9090 5613
9091 6896
9092 4784
9093 6692
9094 2251
9095 424
9096 2398
9097 196
9098 1181
9099 6915
9100 3442
9101 5422
9102 7297
9103 7165
9104 3452
9105 6197
9106 4695
9107 2213
9108 2242
9109 2683
9110 1975
9111 4669
9112 870
9113 1259
9114 909
9115 5691
9116 4435
9117 7837
9118 833
9119 6080
9120 4353
9121 2652
9122 6259
9123 341
9124 4405
9125 6236
9126 7363
9127 377
9128 62
9129 6593
9130 5552
9131 1982
9132 8080
9133 8085
9134 526
9135 6184
9136 5794
9137 4594
9138 7031
9139 3269
9140 5550
9141 5264
9142 1150
9143 5097
9144 5523
9145 5744
9146 2341
9147 7251
9148 8285
9149 2160
9150 695
9151 7835
9152 368
9153 2762
9154 1852
9155 7383
9156 3467
9157 172
9158 2229
9159 1751
9160 61
9161 6339
9162 147
9163 3220
9164 7129
9165 6489
9166 8085
9167 2224
9168 2898
9169 3714
9170 2242
9171 8034
9172 1313
9173 8334
9174 8150
9175 6483
9176 7394
9177 7953
9178 359
9179 7517
9180 1043
9181 3343
9182 4213
9183 6023
9184 1252
9185 7747
9186 4279
9187 6979
9188 5932
9189 7045
9190 8326
9191 3733
9192 4465
9193 8299
9194 6228
9195 6052
9196 3890
9197 1097
9198 8260
9199 5174
9200 8116
9201 4812
9202 8263
9203 739
9204 3922
9205 2281
9206 2691
9207 1167
9208 8300
9209 3347
9210 4827
9211 7566
9212 6623
9213 2482
9214 2461
9215 4949
9216 8337
9217 200
9218 7935
9219 6688
9220 6509
9221 4065
9222 8322
9223 1974
9224 3426
9225 7894
9226 6948
9227 3012
9228 5620
9229 668
9230 1090
9231 5812
9232 514
9233 7136
9234 6818
9235 4926
9236 3087
9237 3710
9238 6846
9239 6391
9240 4913
9241 6213
9242 8321
9243 5260
9244 2600
9245 1823
9246 3721
9247 8151
9248 4961
9249 1601
9250 8264
9251 5750
9252 7644
9253 3202
9254 2707
9255 4966
9256 5535
9257 5197
9258 3105
9259 6739
9260 7794
9261 6029
9262 1543
9263 3064
9264 7558
9265 3013
9266 8170
9267 1796
9268 2923
9269 3096
9270 5716
9271 8262
9272 2415
9273 4702
9274 3177
9275 4974
9276 7954
9277 767
9278 7023
9279 1203
9280 4513
9281 7956
9282 5016
9283 518
9284 4143
9285 6322
9286 6265
9287 8197
9288 4198
9289 8001
9290 1440
9291 5202
9292 5372
9293 7074
9294 1499
9295 1160
9296 3138
9297 4469
9298 3210
9299 4688
9300 5322
9301 3843
9302 5405
9303 5478
9304 5413
9305 6391
9306 8233
9307 6830
9308 3370
9309 3868
9310 5034
9311 7153
9312 5884
9313 2044
9314 1213
9315 1814
9316 3224
9317 1680
9318 2106
9319 6398
9320 871
9321 908
9322 4080
9323 7191
9324 3208
9325 1007
9326 952
9327 3800
9328 8063
9329 2856
9330 7548
9331 2491
9332 6654
9333 3003
9334 4016
9335 178
9336 5597
9337 4919
9338 8332
9339 2313
9340 1607
9341 2379
9342 6859
9343 6348
9344 8145
9345 760
9346 1935
9347 4030
9348 4475
9349 4031
9350 2298
9351 4307
9352 3556
9353 2909
9354 5093
9355 2886
9356 5130
9357 3964
9358 2755
9359 7391
9360 5166
9361 6892
9362 1932
9363 6826
9364 5032
9365 4649
9366 4875
9367 2416
9368 5020
9369 8313
9370 7225
9371 6646
9372 311
9373 8257
9374 5909
9375 5202
9376 3087
9377 1305
9378 2215
9379 8057
9380 5344
9381 3714
9382 4005
9383 505
9384 7100
9385 4933
9386 4170
9387 2527
9388 6408
9389 5753
9390 2412
9391 6420
9392 4074
9393 3491
9394 3201
9395 1448
9396 4965
9397 2037
9398 1326
9399 1231
9400 6579
9401 7433
9402 7679
9403 1462
9404 7754
9405 1137
9406 8143
9407 7139
9408 8009
9409 3652
9410 4836
9411 2842
9412 1106
9413 8205
9414 933
9415 688
9416 4851
9417 1652
9418 2102
9419 546
9420 2897
9421 433
9422 3792
9423 1842
9424 2476
9425 5035
9426 7448
9427 2017
9428 4869
9429 1424
9430 2084
9431 6074
9432 8211
9433 4616
9434 5752
9435 8248
9436 1475
9437 2167
9438 1494
9439 4160
9440 5539
9441 2644
9442 1878
9443 5460
9444 8323
9445 4546
9446 1739
9447 2477
9448 2556
9449 2528
9450 5530
9451 7600
9452 4103
9453 4933
9454 3349
9455 3676
9456 4292
9457 7277
9458 2835
9459 7365
9460 5526
9461 645
9462 1804
9463 5190
9464 5181
9465 479
9466 7687
9467 6793
9468 8077
9469 6351
9470 3015
9471 488
9472 4154
9473 5417
9474 1270
9475 6167
9476 1723
9477 3781
9478 3071
9479 7114
9480 634
9481 1664
9482 4422
9483 3011
9484 7090
9485 1533
9486 197
9487 1828
9488 911
9489 2436
9490 7372
9491 5199
9492 6709
9493 2729
9494 7529
9495 3425
9496 7389
9497 2171
9498 218
9499 5997
9500 1040
9501 6323
9502 3992
9503 477
9504 2374
9505 4321
9506 120
9507 6790
9508 2730
9509 502
9510 6357
9511 755
9512 40
9513 6206
9514 3608
9515 3790
9516 2254
9517 3671
9518 5379
9519 5641
9520 7468
9521 1612
9522 5832
9523 1890
9524 5742
9525 5549
9526 5059
9527 3297
9528 268
9529 6593
9530 6376
9531 3448
9532 1811
9533 412
9534 666
9535 972
9536 7553
9537 759
9538 1110
9539 4889
9540 450
9541 5372
9542 1122
9543 6114
9544 1631
9545 5639
9546 6765
9547 5713
9548 3565
9549 3539
9550 2474
9551 1794
9552 889
9553 5649
9554 7021
9555 2862
9556 1592
9557 2480
9558 4312
9559 440
9560 7167
9561 5316
9562 1083
9563 6308
9564 343
9565 2504
9566 3256
9567 6682
9568 270
9569 5007
9570 5932
9571 889
9572 5445
9573 3640
9574 6471
9575 4343
9576 2152
9577 5867
9578 4861
9579 3700
9580 2894
9581 6266
9582 6784
9583 3030
9584 1246
9585 4620
9586 4639
9587 3776
9588 1638
9589 484
9590 7668
9591 4500
9592 2128
9593 4448
9594 7780
9595 5702
9596 1107
9597 584
9598 2662
9599 5516
9600 7109
9601 5996
9602 4313
9603 3550
9604 2468
9605 1490
9606 3260
9607 1810
9608 7197
9609 7168
9610 7657
9611 3098
9612 7034
9613 7282
9614 6987
9615 2734
9616 2924
9617 5836
9618 5925
9619 7526
9620 3125
9621 4410
9622 6342
9623 6180
9624 7170
9625 4990
9626 5360
9627 2260
9628 6845
9629 5464
9630 4955
9631 6764
9632 7506
9633 4224
9634 501
9635 6740
9636 363
9637 2141
9638 1743
9639 735
9640 7024
9641 6257
9642 1030
9643 4039
9644 3227
9645 5791
9646 1961
9647 6240
9648 4032
9649 7187
9650 222
9651 3975
9652 7502
9653 7451
9654 4427
9655 4295
9656 1639
9657 2265
9658 3901
9659 1605
9660 7796
9661 1127
9662 6545
9663 7645
9664 6879
9665 7306
9666 7282
9667 6281
9668 5014
9669 397
9670 3750
9671 5933
9672 3422
9673 815
9674 4106
9675 7699
9676 3753
9677 7848
9678 5561
9679 4197
9680 255
9681 5815
9682 7715
9683 396
9684 6127
9685 543
9686 1549
9687 1713
9688 85
9689 3461
9690 7908
9691 1784
9692 3886
9693 3072
9694 4674
9695 5859
9696 1255
9697 1974
9698 6641
9699 6419
9700 2384
9701 6092
9702 4128
9703 462
9704 7219
9705 621
9706 830
9707 627
9708 5536
9709 852
9710 5415
9711 5069
9712 5433
9713 7106
9714 2034
9715 5041
9716 5694
9717 1997
9718 5202
9719 737
9720 3706
9721 2947
9722 5425
9723 4761
9724 3723
9725 3193
9726 6817
9727 2140
9728 7714
9729 2888
9730 7155
9731 7263
9732 2384
9733 1999
9734 4445
9735 6541
9736 2294
9737 6334
9738 1539
9739 725
9740 2962
9741 5013
9742 6281
9743 5416
9744 5157
9745 5106
9746 6678
9747 1343
9748 5430
9749 7409
9750 2052
9751 8046
9752 864
9753 7047
9754 4951
9755 6984
9756 5069
9757 435
9758 6477
9759 3498
9760 6392
9761 3815
9762 8055
9763 5082
9764 5230
9765 1895
9766 65
9767 6982
9768 3793
9769 5792
9770 6340
9771 2587
9772 4683
9773 6527
9774 3102
9775 3695
9776 2847
9777 5870
9778 2178
9779 4277
9780 7505
9781 1386
9782 7697
9783 596
9784 5957
9785 3631
9786 6097
9787 5853
9788 112
9789 7958
9790 4372
9791 367
9792 6376
9793 5372
9794 7717
9795 4277
9796 4067
9797 346
9798 432
9799 5843
9800 7283
9801 2536
9802 3281
9803 4042
9804 3784
9805 5729
9806 2870
9807 4119
9808 1855
9809 5809
9810 1816
9811 5814
9812 6333
9813 2701
9814 7467
9815 3437
9816 7603
9817 3312
9818 7519
9819 6778
9820 4615
9821 4623
9822 5307
9823 947
9824 3774
9825 6097
9826 2447
9827 7328
9828 5625
9829 2069
9830 950
9831 3190
9832 6652
9833 3993
9834 4722
9835 1331
9836 2789
9837 6281
9838 2572
9839 5927
9840 6569
9841 7970
9842 33
9843 7387
9844 6021
9845 2069
9846 7765
9847 5257
9848 6333
9849 7389
9850 6011
9851 2778
9852 6593
9853 3735
9854 7739
9855 1557
9856 945
9857 6561
9858 6955
9859 6312
9860 396
9861 3425
9862 6073
9863 672
9864 1694
9865 1091
9866 8031
9867 2059
9868 7011
9869 6254
9870 2431
9871 5293
9872 630
9873 396
9874 958
9875 7864
9876 6862
9877 1123
9878 7493
9879 5109
9880 1864
9881 2260
9882 7324
9883 3250
9884 4374
9885 417
9886 7711
9887 2864
9888 1919
9889 5777
9890 848
9891 5016
9892 5632
9893 5008
9894 4154
9895 7745
9896 6631
9897 7151
9898 396
9899 3367
9900 1155
9901 4611
9902 4644
9903 6190
9904 4745
9905 5834
9906 3410
9907 560
9908 5515
9909 286
9910 5719
9911 3057
9912 2435
9913 3843
9914 7886
9915 6760
9916 6637
9917 2601
9918 6281
9919 1529
9920 7568
9921 1824
9922 317
9923 5357
9924 6283
9925 5606
9926 2548
9927 1127
9928 2237
9929 6720
9930 2023
9931 7629
9932 5523
9933 6010
9934 3319
9935 1178
9936 4570
9937 1430
9938 543
9939 2178
9940 1576
9941 3298
9942 975
9943 7770
9944 5247
9945 812
9946 2670
9947 993
9948 1634
9949 6937
9950 8118
9951 5300
9952 3330
9953 5398
9954 1827
9955 7361
9956 3797
9957 703
9958 2381
9959 6230
9960 426
9961 5202
9962 6094
9963 547
9964 2796
9965 6872
9966 5641
9967 4172
9968 2818
9969 6978
9970 7103
9971 2198
9972 263
9973 3398
9974 3502
9975 5691
9976 2465
9977 543
9978 7122
9979 4209
9980 4601
9981 8123
9982 700
9983 1727
9984 5759
9985 8082
9986 3712
9987 7530
9988 6739
9989 4595
9990 7351
9991 94
9992 2971
9993 7559
9994 5915
9995 7777
9996 6281
9997 437
9998 6538
9999 856
10000 7319
10001 53
10002 3269
10003 946
10004 1845
10005 4920
10006 4288
10007 464
10008 7969
10009 2599
10010 2847
10011 3175
10012 1910
10013 8216
10014 7501
10015 2919
10016 6597
10017 257
10018 1140
10019 3750
10020 7915
10021 131
10022 6900
10023 5424
10024 5849
10025 22
10026 2057
10027 4453
10028 1037
10029 8128
10030 6064
10031 4824
10032 3495
10033 5218
10034 7946
10035 7222
10036 1646
10037 6124
10038 298
10039 2072
10040 3636
10041 1111
10042 6713
10043 2861
10044 530
10045 5570
10046 2231
10047 6491
10048 7312
10049 3180
10050 4755
10051 4741
10052 3593
10053 6365
10054 4151
10055 3845
10056 3625
10057 7850
10058 811
10059 7449
10060 5299
10061 6741
10062 2753
10063 4408
10064 2271
10065 1501
10066 398
10067 529
10068 5136
10069 6532
10070 6806
10071 4190
10072 7274
10073 6682
10074 4384
10075 2382
10076 4187
10077 5212
10078 3859
10079 7063
10080 6739
10081 8161
10082 8074
10083 8133
10084 2049
10085 6865
10086 2045
10087 1855
10088 5954
10089 6904
10090 3195
10091 362
10092 8237
10093 3376
10094 5906
10095 8174
10096 4758
10097 2267
10098 6017
10099 381
10100 5585
10101 2453
10102 1852
10103 1617
10104 510
10105 1728
10106 6975
10107 51
10108 6523
10109 3294
10110 1124
10111 6756
10112 391
10113 2114
10114 1598
10115 4716
10116 2405
10117 3620
10118 6684
10119 2579
10120 7208
10121 7173
10122 2732
10123 3693
10124 6686
10125 4636
10126 6450
10127 2899
10128 4327
10129 5269
10130 202
10131 3112
10132 3225
10133 2508
10134 1359
10135 6599
10136 3341
10137 1123
10138 6359
10139 4984
10140 1881
10141 1580
10142 6076
10143 232
10144 7962
10145 991
10146 6112
10147 5881
10148 1711
10149 3632
10150 3633
10151 3301
10152 3561
10153 3362
10154 3273
10155 5527
10156 1180
10157 942
10158 6303
10159 6921
10160 1943
10161 5068
10162 7722
10163 7188
10164 1698
10165 2275
10166 675
10167 6414
10168 4614
10169 7643
10170 6968
10171 3697
10172 3731
10173 6888
10174 3092
10175 8060
10176 2207
10177 7979
10178 7375
10179 1285
10180 5079
10181 7152
10182 2661
10183 6465
10184 6717
10185 3950
10186 2328
10187 7786
10188 3240
10189 87
10190 7691
10191 6893
10192 1259
10193 4351
10194 6486
10195 8131
10196 334
10197 6957
10198 5126
10199 6629
10200 2703
10201 7626
10202 1887
10203 6187
10204 7354
10205 3713
10206 6779
10207 6293
10208 1922
10209 6424
10210 2569
10211 3090
10212 5769
10213 6734
10214 3089
10215 2004
10216 1413
10217 6333
10218 4236
10219 5547
10220 4541
10221 7512
10222 2770
10223 1175
10224 1921
10225 5392
10226 4753
10227 7212
10228 5691
10229 1508
10230 7448
10231 1992
10232 4352
10233 3681
10234 723
10235 5503
10236 5691
10237 601
10238 8207
10239 6712
10240 5381
10241 4382
10242 5090
10243 5097
10244 4648
10245 6602
10246 234
10247 1354
10248 863
10249 4155
10250 2608
10251 4696
10252 4565
10253 1342
10254 644
10255 4480
10256 485
10257 6210
10258 3145
10259 7921
10260 2078
10261 677
10262 3705
10263 4871
10264 2319
10265 5520
10266 2438
10267 5691
10268 7243
10269 3365
10270 3130
10271 6285
10272 1099
10273 8230
10274 2186
10275 5438
10276 2914
10277 4735
10278 2242
10279 5676
10280 6784
10281 3823
10282 4288
10283 7742
10284 3631
10285 5746
10286 418
10287 266
10288 1245
10289 2563
10290 1596
10291 7921
10292 7944
10293 5706
10294 4811
10295 2296
10296 4328
10297 5016
10298 977
10299 7057
10300 3893
10301 3648
10302 214
10303 557
10304 262
10305 5096
10306 3415
10307 8050
10308 7984
10309 6095
10310 2145
10311 4631
10312 6087
10313 5456
10314 1659
10315 4127
10316 5747
10317 4193
10318 2841
10319 5508
10320 6978
10321 1004
10322 7582
10323 1184
10324 4386
10325 7772
10326 4953
10327 3425
10328 396
10329 7226
10330 8082
10331 2480
10332 769
10333 7955
10334 4728
10335 3238
10336 2148
10337 785
10338 655
10339 3041
10340 4793
10341 8162
10342 5674
10343 3204
10344 8164
10345 3322
10346 5640
10347 3235
10348 8295
10349 3458
10350 4322
10351 767
10352 6536
10353 1144
10354 6713
10355 2491
10356 6034
10357 6741
10358 79
10359 7415
10360 1449
10361 1930
10362 7408
10363 7667
10364 5263
10365 2635
10366 6415
10367 1661
10368 1421
10369 4819
10370 1974
10371 3307
10372 2387
10373 1629
10374 6157
10375 927
10376 7326
10377 5296
10378 7417
10379 4018
10380 5010
10381 7323
10382 378
10383 2228
10384 7113
10385 6851
10386 7828
10387 3816
10388 100
10389 4449
10390 3917
10391 4928
10392 4714
10393 1296
10394 5588
10395 140
10396 2190
10397 3410
10398 2565
10399 358
10400 521
10401 261
10402 8292
10403 2363
10404 3946
10405 5681
10406 428
10407 1506
10408 6719
10409 7221
10410 6741
10411 5367
10412 1615
10413 4736
10414 4895
10415 5435
10416 8115
10417 552
10418 5217
10419 5118
10420 5370
10421 1427
10422 3309
10423 2935
10424 5641
10425 6337
10426 3825
10427 6222
10428 4424
10429 4092
10430 8320
10431 3711
10432 5265
10433 8291
10434 1504
10435 6823
10436 1278
10437 5064
10438 6673
10439 3775
10440 7382
10441 7798
10442 7301
10443 1214
10444 4567
10445 2526
10446 2441
10447 1640
10448 4606
10449 3360
10450 3572
10451 6030
10452 2823
10453 6179
10454 3128
10455 829
10456 6002
10457 2635
10458 6784
10459 1778
10460 8317
10461 6882
10462 6428
10463 3246
10464 904
10465 3214
10466 6631
10467 1884
10468 7275
10469 1642
10470 3557
10471 8281
10472 6783
10473 4956
10474 5945
10475 5208
10476 2404
10477 7464
10478 2615
10479 2819
10480 7133
10481 6319
10482 5726
10483 2291
10484 5172
10485 7858
10486 4918
10487 5404
10488 42
10489 5688
10490 5317
10491 943
10492 6476
10493 2170
10494 2724
10495 1352
10496 3295
10497 1401
10498 7160
10499 5469
10500 5370
10501 1117
10502 1062
10503 1909
10504 6983
10505 598
10506 5370
10507 6291
10508 6292
10509 6139
10510 4002
10511 7551
10512 5838
10513 6569
10514 1628
10515 5860
10516 3824
10517 6044
10518 5727
10519 5641
10520 2930
10521 7026
10522 6384
10523 3848
10524 8245
10525 6624
10526 1980
10527 2236
10528 5702
10529 5970
10530 3567
10531 7325
10532 5941
10533 7890
10534 4102
10535 3008
10536 4582
10537 4196
10538 5721
10539 5189
10540 825
10541 4853
10542 1474
10543 8264
10544 4938
10545 2522
10546 166
10547 6100
10548 5584
10549 6518
10550 8310
10551 3666
10552 7208
10553 4954
10554 249
10555 7402
10556 8075
10557 6763
10558 2846
10559 3846
10560 6784
10561 5751
10562 7507
10563 3188
10564 3858
10565 6539
10566 3526
10567 6447
10568 8032
10569 767
10570 6394
10571 5268
10572 6230
10573 5541
10574 4350
10575 7622
10576 893
10577 1900
10578 6735
10579 8342
10580 7299
10581 6557
10582 8122
10583 1522
10584 1601
10585 7833
10586 5146
10587 5628
10588 6000
10589 2242
10590 5067
10591 4184
10592 5364
10593 4389
10594 2747
10595 3887
10596 3903
10597 588
10598 7272
10599 4358
10600 4087
10601 2811
10602 6901
10603 2668
10604 4354
10605 6055
10606 1831
10607 1103
10608 3358
10609 3716
10610 2889
10611 658
10612 4607
10613 5838
10614 3373
10615 681
10616 3270
10617 757
10618 7938
10619 6850
10620 157
10621 5325
10622 8090
10623 1075
10624 3000
10625 2485
10626 4536
10627 1616
10628 6209
10629 7007
10630 1469
10631 4834
10632 1603
10633 2927
10634 5452
10635 6235
10636 1211
10637 5764
10638 7319
10639 6325
10640 5757
10641 2506
10642 2763
10643 4534
10644 7338
10645 5696
10646 6135
10647 634
10648 7778
10649 5675
10650 4514
10651 1946
10652 2908
10653 1536
10654 5823
10655 2643
10656 6183
10657 4239
10658 5155
10659 715
10660 619
10661 436
10662 3494
10663 5033
10664 5250
10665 4901
10666 5719
10667 6143
10668 8126
10669 1423
10670 7436
10671 1438
10672 7604
10673 2331
10674 1974
10675 3849
10676 5572
10677 6691
10678 5611
10679 3380
10680 2531
10681 2940
10682 6416
10683 3621
10684 5703
10685 6679
10686 1271
10687 3449
10688 5049
10689 5808
10690 4911
10691 3690
10692 7209
10693 2154
10694 6402
10695 5011
10696 2359
10697 4081
10698 7067
10699 6456
10700 8293
10701 8363
10702 7803
10703 6324
10704 6880
10705 4587
10706 580
10707 8367
10708 4154
10709 1923
10710 395
10711 5488
10712 1729
10713 8246
10714 7010
10715 7174
10716 6649
10717 7095
10718 1796
10719 6982
10720 5242
10721 1450
10722 3277
10723 237
10724 5272
10725 1925
10726 7605
10727 7465
